ISO-10303-21;
HEADER;
/* Generated by software containing ST-Developer
 * from STEP Tools, Inc. (www.steptools.com) 
 */
/* OPTION: using custom schema-name function */

FILE_DESCRIPTION(
/* description */ (''),
/* implementation_level */ '2;1');

FILE_NAME(
/* name */ 'ActuatorHolders',
/* time_stamp */ '2025-06-16T18:16:43+03:00',
/* author */ (''),
/* organization */ (''),
/* preprocessor_version */ 'ST-DEVELOPER v16.5',
/* originating_system */ 'Rhino 7.23',
/* authorisation */ '');

FILE_SCHEMA (('CONFIG_CONTROL_DESIGN'));
ENDSEC;

DATA;
#10=SHAPE_REPRESENTATION_RELATIONSHIP('','',#2294,#14);
#11=MANIFOLD_SOLID_BREP('brep_1',#15);
#12=MANIFOLD_SOLID_BREP('brep_2',#16);
#13=MANIFOLD_SOLID_BREP('brep_3',#17);
#14=ADVANCED_BREP_SHAPE_REPRESENTATION('brep_rep_0',(#11,#12,#13,#2390),
#2293);
#15=CLOSED_SHELL('',(#51,#52,#53,#54,#55,#56,#57,#58,#59,#60,#61,#62,#63,
#64,#65,#66,#67,#68,#69,#70,#71,#72,#73,#74,#75,#76,#77,#78,#79,#80,#81,
#82,#83,#84,#85,#86,#87,#88,#89,#90,#91,#92,#93,#94,#95,#96,#97,#98,#99,
#100,#101));
#16=CLOSED_SHELL('',(#102,#103,#104,#105,#106,#107,#108,#109,#110,#111,
#112,#113,#114,#115,#116,#117,#118,#119,#120,#121,#122,#123,#124,#125,#126,
#127,#128,#129,#130,#131,#132,#133,#134,#135,#136,#137,#138,#139,#140,#141,
#142,#143,#144,#145,#146,#147,#148,#149,#150,#151,#152));
#17=CLOSED_SHELL('',(#153,#154,#155,#156,#157,#158,#159,#160,#161,#162,
#163,#164,#165,#166,#167,#168,#169,#170,#171));
#18=FACE_BOUND('',#295,.T.);
#19=FACE_BOUND('',#300,.T.);
#20=FACE_BOUND('',#305,.T.);
#21=FACE_BOUND('',#310,.T.);
#22=FACE_BOUND('',#335,.T.);
#23=FACE_BOUND('',#336,.T.);
#24=FACE_BOUND('',#337,.T.);
#25=FACE_BOUND('',#338,.T.);
#26=FACE_BOUND('',#339,.T.);
#27=FACE_BOUND('',#353,.T.);
#28=FACE_BOUND('',#354,.T.);
#29=FACE_BOUND('',#355,.T.);
#30=FACE_BOUND('',#356,.T.);
#31=FACE_BOUND('',#357,.T.);
#32=FACE_BOUND('',#371,.T.);
#33=FACE_BOUND('',#396,.T.);
#34=FACE_BOUND('',#409,.T.);
#35=FACE_BOUND('',#410,.T.);
#36=FACE_BOUND('',#411,.T.);
#37=FACE_BOUND('',#413,.T.);
#38=FACE_BOUND('',#414,.T.);
#39=FACE_BOUND('',#415,.T.);
#40=FACE_BOUND('',#423,.T.);
#41=FACE_BOUND('',#424,.T.);
#42=FACE_BOUND('',#426,.T.);
#43=FACE_BOUND('',#427,.T.);
#44=FACE_BOUND('',#428,.T.);
#45=FACE_BOUND('',#429,.T.);
#46=FACE_BOUND('',#433,.T.);
#47=FACE_BOUND('',#434,.T.);
#48=FACE_BOUND('',#436,.T.);
#49=FACE_BOUND('',#439,.T.);
#50=FACE_BOUND('',#440,.T.);
#51=ADVANCED_FACE('',(#172),#2157,.T.);
#52=ADVANCED_FACE('',(#173,#18),#2114,.T.);
#53=ADVANCED_FACE('',(#174),#2158,.T.);
#54=ADVANCED_FACE('',(#175),#2115,.T.);
#55=ADVANCED_FACE('',(#176),#2159,.T.);
#56=ADVANCED_FACE('',(#177,#19),#2116,.T.);
#57=ADVANCED_FACE('',(#178),#2160,.F.);
#58=ADVANCED_FACE('',(#179),#2161,.T.);
#59=ADVANCED_FACE('',(#180),#2162,.F.);
#60=ADVANCED_FACE('',(#181,#20),#2117,.T.);
#61=ADVANCED_FACE('',(#182),#2163,.T.);
#62=ADVANCED_FACE('',(#183),#2118,.T.);
#63=ADVANCED_FACE('',(#184),#2164,.T.);
#64=ADVANCED_FACE('',(#185,#21),#2119,.T.);
#65=ADVANCED_FACE('',(#186),#2165,.T.);
#66=ADVANCED_FACE('',(#187),#2108,.T.);
#67=ADVANCED_FACE('',(#188),#2123,.T.);
#68=ADVANCED_FACE('',(#189),#2178,.F.);
#69=ADVANCED_FACE('',(#190),#2166,.F.);
#70=ADVANCED_FACE('',(#191),#2120,.T.);
#71=ADVANCED_FACE('',(#192),#2121,.T.);
#72=ADVANCED_FACE('',(#193),#2169,.F.);
#73=ADVANCED_FACE('',(#194),#2170,.F.);
#74=ADVANCED_FACE('',(#195),#2171,.F.);
#75=ADVANCED_FACE('',(#196),#2172,.F.);
#76=ADVANCED_FACE('',(#197),#2173,.F.);
#77=ADVANCED_FACE('',(#198),#2167,.T.);
#78=ADVANCED_FACE('',(#199),#2168,.T.);
#79=ADVANCED_FACE('',(#200),#2179,.F.);
#80=ADVANCED_FACE('',(#201),#2109,.T.);
#81=ADVANCED_FACE('',(#202),#2174,.F.);
#82=ADVANCED_FACE('',(#203),#2175,.F.);
#83=ADVANCED_FACE('',(#204),#2175,.F.);
#84=ADVANCED_FACE('',(#205),#2180,.F.);
#85=ADVANCED_FACE('',(#206),#2109,.T.);
#86=ADVANCED_FACE('',(#207),#2176,.F.);
#87=ADVANCED_FACE('',(#208),#2177,.F.);
#88=ADVANCED_FACE('',(#209,#22,#23,#24,#25,#26),#2124,.T.);
#89=ADVANCED_FACE('',(#210),#2177,.F.);
#90=ADVANCED_FACE('',(#211),#2094,.T.);
#91=ADVANCED_FACE('',(#212),#2095,.T.);
#92=ADVANCED_FACE('',(#213),#2096,.T.);
#93=ADVANCED_FACE('',(#214),#2097,.T.);
#94=ADVANCED_FACE('',(#215),#2109,.T.);
#95=ADVANCED_FACE('',(#216),#2098,.T.);
#96=ADVANCED_FACE('',(#217),#2099,.T.);
#97=ADVANCED_FACE('',(#218),#2109,.T.);
#98=ADVANCED_FACE('',(#219),#2100,.T.);
#99=ADVANCED_FACE('',(#220),#2109,.T.);
#100=ADVANCED_FACE('',(#221),#2101,.T.);
#101=ADVANCED_FACE('',(#222,#27,#28,#29,#30,#31),#2122,.T.);
#102=ADVANCED_FACE('',(#223),#2125,.T.);
#103=ADVANCED_FACE('',(#224),#2181,.T.);
#104=ADVANCED_FACE('',(#225),#2126,.T.);
#105=ADVANCED_FACE('',(#226),#2127,.T.);
#106=ADVANCED_FACE('',(#227),#2182,.F.);
#107=ADVANCED_FACE('',(#228),#2183,.T.);
#108=ADVANCED_FACE('',(#229),#2110,.T.);
#109=ADVANCED_FACE('',(#230),#2184,.F.);
#110=ADVANCED_FACE('',(#231),#2128,.T.);
#111=ADVANCED_FACE('',(#232),#2185,.T.);
#112=ADVANCED_FACE('',(#233),#2129,.T.);
#113=ADVANCED_FACE('',(#234),#2186,.T.);
#114=ADVANCED_FACE('',(#235,#32),#2130,.T.);
#115=ADVANCED_FACE('',(#236),#2187,.T.);
#116=ADVANCED_FACE('',(#237),#2188,.F.);
#117=ADVANCED_FACE('',(#238),#2131,.T.);
#118=ADVANCED_FACE('',(#239),#2189,.F.);
#119=ADVANCED_FACE('',(#240),#2190,.F.);
#120=ADVANCED_FACE('',(#241),#2111,.T.);
#121=ADVANCED_FACE('',(#242),#2102,.T.);
#122=ADVANCED_FACE('',(#243),#2132,.T.);
#123=ADVANCED_FACE('',(#244),#2103,.T.);
#124=ADVANCED_FACE('',(#245),#2133,.T.);
#125=ADVANCED_FACE('',(#246),#2104,.T.);
#126=ADVANCED_FACE('',(#247),#2134,.T.);
#127=ADVANCED_FACE('',(#248),#2191,.T.);
#128=ADVANCED_FACE('',(#249),#2135,.T.);
#129=ADVANCED_FACE('',(#250),#2136,.T.);
#130=ADVANCED_FACE('',(#251),#2192,.F.);
#131=ADVANCED_FACE('',(#252),#2193,.T.);
#132=ADVANCED_FACE('',(#253),#2112,.T.);
#133=ADVANCED_FACE('',(#254),#2194,.F.);
#134=ADVANCED_FACE('',(#255),#2137,.T.);
#135=ADVANCED_FACE('',(#256),#2195,.T.);
#136=ADVANCED_FACE('',(#257),#2138,.T.);
#137=ADVANCED_FACE('',(#258),#2196,.T.);
#138=ADVANCED_FACE('',(#259,#33),#2139,.T.);
#139=ADVANCED_FACE('',(#260),#2197,.T.);
#140=ADVANCED_FACE('',(#261),#2198,.F.);
#141=ADVANCED_FACE('',(#262),#2140,.T.);
#142=ADVANCED_FACE('',(#263),#2199,.F.);
#143=ADVANCED_FACE('',(#264),#2200,.F.);
#144=ADVANCED_FACE('',(#265),#2113,.T.);
#145=ADVANCED_FACE('',(#266),#2105,.T.);
#146=ADVANCED_FACE('',(#267),#2141,.T.);
#147=ADVANCED_FACE('',(#268),#2106,.T.);
#148=ADVANCED_FACE('',(#269),#2142,.T.);
#149=ADVANCED_FACE('',(#270),#2107,.T.);
#150=ADVANCED_FACE('',(#271,#34,#35,#36),#2143,.T.);
#151=ADVANCED_FACE('',(#272,#37,#38,#39),#2144,.T.);
#152=ADVANCED_FACE('',(#273),#2201,.F.);
#153=ADVANCED_FACE('',(#274),#2145,.T.);
#154=ADVANCED_FACE('',(#275),#2153,.T.);
#155=ADVANCED_FACE('',(#276),#2146,.T.);
#156=ADVANCED_FACE('',(#277),#2154,.T.);
#157=ADVANCED_FACE('',(#278),#2155,.T.);
#158=ADVANCED_FACE('',(#279,#40,#41),#2149,.T.);
#159=ADVANCED_FACE('',(#280,#42,#43,#44,#45),#2151,.T.);
#160=ADVANCED_FACE('',(#281),#2202,.F.);
#161=ADVANCED_FACE('',(#282),#2203,.F.);
#162=ADVANCED_FACE('',(#283,#46,#47),#2149,.T.);
#163=ADVANCED_FACE('',(#284,#48),#2148,.T.);
#164=ADVANCED_FACE('',(#285),#2150,.T.);
#165=ADVANCED_FACE('',(#286,#49,#50),#2152,.T.);
#166=ADVANCED_FACE('',(#287),#2156,.T.);
#167=ADVANCED_FACE('',(#288),#2147,.T.);
#168=ADVANCED_FACE('',(#289),#2204,.F.);
#169=ADVANCED_FACE('',(#290),#2205,.F.);
#170=ADVANCED_FACE('',(#291),#2206,.F.);
#171=ADVANCED_FACE('',(#292),#2207,.F.);
#172=FACE_OUTER_BOUND('',#293,.T.);
#173=FACE_OUTER_BOUND('',#294,.T.);
#174=FACE_OUTER_BOUND('',#296,.T.);
#175=FACE_OUTER_BOUND('',#297,.T.);
#176=FACE_OUTER_BOUND('',#298,.T.);
#177=FACE_OUTER_BOUND('',#299,.T.);
#178=FACE_OUTER_BOUND('',#301,.T.);
#179=FACE_OUTER_BOUND('',#302,.T.);
#180=FACE_OUTER_BOUND('',#303,.T.);
#181=FACE_OUTER_BOUND('',#304,.T.);
#182=FACE_OUTER_BOUND('',#306,.T.);
#183=FACE_OUTER_BOUND('',#307,.T.);
#184=FACE_OUTER_BOUND('',#308,.T.);
#185=FACE_OUTER_BOUND('',#309,.T.);
#186=FACE_OUTER_BOUND('',#311,.T.);
#187=FACE_OUTER_BOUND('',#312,.T.);
#188=FACE_OUTER_BOUND('',#313,.T.);
#189=FACE_OUTER_BOUND('',#314,.T.);
#190=FACE_OUTER_BOUND('',#315,.T.);
#191=FACE_OUTER_BOUND('',#316,.T.);
#192=FACE_OUTER_BOUND('',#317,.T.);
#193=FACE_OUTER_BOUND('',#318,.T.);
#194=FACE_OUTER_BOUND('',#319,.T.);
#195=FACE_OUTER_BOUND('',#320,.T.);
#196=FACE_OUTER_BOUND('',#321,.T.);
#197=FACE_OUTER_BOUND('',#322,.T.);
#198=FACE_OUTER_BOUND('',#323,.T.);
#199=FACE_OUTER_BOUND('',#324,.T.);
#200=FACE_OUTER_BOUND('',#325,.T.);
#201=FACE_OUTER_BOUND('',#326,.T.);
#202=FACE_OUTER_BOUND('',#327,.T.);
#203=FACE_OUTER_BOUND('',#328,.T.);
#204=FACE_OUTER_BOUND('',#329,.T.);
#205=FACE_OUTER_BOUND('',#330,.T.);
#206=FACE_OUTER_BOUND('',#331,.T.);
#207=FACE_OUTER_BOUND('',#332,.T.);
#208=FACE_OUTER_BOUND('',#333,.T.);
#209=FACE_OUTER_BOUND('',#334,.T.);
#210=FACE_OUTER_BOUND('',#340,.T.);
#211=FACE_OUTER_BOUND('',#341,.T.);
#212=FACE_OUTER_BOUND('',#342,.T.);
#213=FACE_OUTER_BOUND('',#343,.T.);
#214=FACE_OUTER_BOUND('',#344,.T.);
#215=FACE_OUTER_BOUND('',#345,.T.);
#216=FACE_OUTER_BOUND('',#346,.T.);
#217=FACE_OUTER_BOUND('',#347,.T.);
#218=FACE_OUTER_BOUND('',#348,.T.);
#219=FACE_OUTER_BOUND('',#349,.T.);
#220=FACE_OUTER_BOUND('',#350,.T.);
#221=FACE_OUTER_BOUND('',#351,.T.);
#222=FACE_OUTER_BOUND('',#352,.T.);
#223=FACE_OUTER_BOUND('',#358,.T.);
#224=FACE_OUTER_BOUND('',#359,.T.);
#225=FACE_OUTER_BOUND('',#360,.T.);
#226=FACE_OUTER_BOUND('',#361,.T.);
#227=FACE_OUTER_BOUND('',#362,.T.);
#228=FACE_OUTER_BOUND('',#363,.T.);
#229=FACE_OUTER_BOUND('',#364,.T.);
#230=FACE_OUTER_BOUND('',#365,.T.);
#231=FACE_OUTER_BOUND('',#366,.T.);
#232=FACE_OUTER_BOUND('',#367,.T.);
#233=FACE_OUTER_BOUND('',#368,.T.);
#234=FACE_OUTER_BOUND('',#369,.T.);
#235=FACE_OUTER_BOUND('',#370,.T.);
#236=FACE_OUTER_BOUND('',#372,.T.);
#237=FACE_OUTER_BOUND('',#373,.T.);
#238=FACE_OUTER_BOUND('',#374,.T.);
#239=FACE_OUTER_BOUND('',#375,.T.);
#240=FACE_OUTER_BOUND('',#376,.T.);
#241=FACE_OUTER_BOUND('',#377,.T.);
#242=FACE_OUTER_BOUND('',#378,.T.);
#243=FACE_OUTER_BOUND('',#379,.T.);
#244=FACE_OUTER_BOUND('',#380,.T.);
#245=FACE_OUTER_BOUND('',#381,.T.);
#246=FACE_OUTER_BOUND('',#382,.T.);
#247=FACE_OUTER_BOUND('',#383,.T.);
#248=FACE_OUTER_BOUND('',#384,.T.);
#249=FACE_OUTER_BOUND('',#385,.T.);
#250=FACE_OUTER_BOUND('',#386,.T.);
#251=FACE_OUTER_BOUND('',#387,.T.);
#252=FACE_OUTER_BOUND('',#388,.T.);
#253=FACE_OUTER_BOUND('',#389,.T.);
#254=FACE_OUTER_BOUND('',#390,.T.);
#255=FACE_OUTER_BOUND('',#391,.T.);
#256=FACE_OUTER_BOUND('',#392,.T.);
#257=FACE_OUTER_BOUND('',#393,.T.);
#258=FACE_OUTER_BOUND('',#394,.T.);
#259=FACE_OUTER_BOUND('',#395,.T.);
#260=FACE_OUTER_BOUND('',#397,.T.);
#261=FACE_OUTER_BOUND('',#398,.T.);
#262=FACE_OUTER_BOUND('',#399,.T.);
#263=FACE_OUTER_BOUND('',#400,.T.);
#264=FACE_OUTER_BOUND('',#401,.T.);
#265=FACE_OUTER_BOUND('',#402,.T.);
#266=FACE_OUTER_BOUND('',#403,.T.);
#267=FACE_OUTER_BOUND('',#404,.T.);
#268=FACE_OUTER_BOUND('',#405,.T.);
#269=FACE_OUTER_BOUND('',#406,.T.);
#270=FACE_OUTER_BOUND('',#407,.T.);
#271=FACE_OUTER_BOUND('',#408,.T.);
#272=FACE_OUTER_BOUND('',#412,.T.);
#273=FACE_OUTER_BOUND('',#416,.T.);
#274=FACE_OUTER_BOUND('',#417,.T.);
#275=FACE_OUTER_BOUND('',#418,.T.);
#276=FACE_OUTER_BOUND('',#419,.T.);
#277=FACE_OUTER_BOUND('',#420,.T.);
#278=FACE_OUTER_BOUND('',#421,.T.);
#279=FACE_OUTER_BOUND('',#422,.T.);
#280=FACE_OUTER_BOUND('',#425,.T.);
#281=FACE_OUTER_BOUND('',#430,.T.);
#282=FACE_OUTER_BOUND('',#431,.T.);
#283=FACE_OUTER_BOUND('',#432,.T.);
#284=FACE_OUTER_BOUND('',#435,.T.);
#285=FACE_OUTER_BOUND('',#437,.T.);
#286=FACE_OUTER_BOUND('',#438,.T.);
#287=FACE_OUTER_BOUND('',#441,.T.);
#288=FACE_OUTER_BOUND('',#442,.T.);
#289=FACE_OUTER_BOUND('',#443,.T.);
#290=FACE_OUTER_BOUND('',#444,.T.);
#291=FACE_OUTER_BOUND('',#445,.T.);
#292=FACE_OUTER_BOUND('',#446,.T.);
#293=EDGE_LOOP('',(#447,#448,#449,#450));
#294=EDGE_LOOP('',(#451,#452,#453,#454));
#295=EDGE_LOOP('',(#455));
#296=EDGE_LOOP('',(#456,#457,#458,#459));
#297=EDGE_LOOP('',(#460,#461,#462,#463));
#298=EDGE_LOOP('',(#464,#465,#466,#467));
#299=EDGE_LOOP('',(#468,#469,#470,#471));
#300=EDGE_LOOP('',(#472));
#301=EDGE_LOOP('',(#473,#474,#475,#476));
#302=EDGE_LOOP('',(#477,#478,#479,#480,#481,#482,#483,#484));
#303=EDGE_LOOP('',(#485,#486,#487,#488));
#304=EDGE_LOOP('',(#489,#490,#491,#492));
#305=EDGE_LOOP('',(#493));
#306=EDGE_LOOP('',(#494,#495,#496,#497));
#307=EDGE_LOOP('',(#498,#499,#500,#501));
#308=EDGE_LOOP('',(#502,#503,#504,#505));
#309=EDGE_LOOP('',(#506,#507,#508,#509));
#310=EDGE_LOOP('',(#510));
#311=EDGE_LOOP('',(#511,#512,#513,#514));
#312=EDGE_LOOP('',(#515,#516,#517,#518));
#313=EDGE_LOOP('',(#519,#520,#521,#522,#523,#524,#525,#526,#527,#528,#529,
#530,#531,#532,#533,#534));
#314=EDGE_LOOP('',(#535,#536,#537,#538));
#315=EDGE_LOOP('',(#539,#540,#541,#542));
#316=EDGE_LOOP('',(#543,#544,#545,#546));
#317=EDGE_LOOP('',(#547,#548,#549,#550));
#318=EDGE_LOOP('',(#551,#552,#553,#554));
#319=EDGE_LOOP('',(#555,#556,#557,#558));
#320=EDGE_LOOP('',(#559,#560,#561,#562));
#321=EDGE_LOOP('',(#563,#564,#565,#566));
#322=EDGE_LOOP('',(#567,#568,#569,#570));
#323=EDGE_LOOP('',(#571,#572,#573,#574));
#324=EDGE_LOOP('',(#575,#576,#577,#578));
#325=EDGE_LOOP('',(#579,#580,#581,#582));
#326=EDGE_LOOP('',(#583,#584,#585,#586));
#327=EDGE_LOOP('',(#587,#588,#589,#590));
#328=EDGE_LOOP('',(#591,#592,#593,#594));
#329=EDGE_LOOP('',(#595,#596,#597,#598));
#330=EDGE_LOOP('',(#599,#600,#601,#602));
#331=EDGE_LOOP('',(#603,#604,#605,#606));
#332=EDGE_LOOP('',(#607,#608,#609,#610));
#333=EDGE_LOOP('',(#611,#612,#613,#614));
#334=EDGE_LOOP('',(#615,#616,#617,#618,#619,#620,#621,#622,#623,#624,#625,
#626,#627,#628,#629,#630,#631,#632,#633,#634,#635,#636,#637,#638,#639,#640));
#335=EDGE_LOOP('',(#641));
#336=EDGE_LOOP('',(#642));
#337=EDGE_LOOP('',(#643));
#338=EDGE_LOOP('',(#644));
#339=EDGE_LOOP('',(#645));
#340=EDGE_LOOP('',(#646,#647,#648,#649));
#341=EDGE_LOOP('',(#650,#651,#652,#653));
#342=EDGE_LOOP('',(#654,#655,#656,#657));
#343=EDGE_LOOP('',(#658,#659,#660,#661));
#344=EDGE_LOOP('',(#662,#663,#664,#665));
#345=EDGE_LOOP('',(#666,#667,#668,#669));
#346=EDGE_LOOP('',(#670,#671,#672,#673));
#347=EDGE_LOOP('',(#674,#675,#676,#677));
#348=EDGE_LOOP('',(#678,#679,#680,#681));
#349=EDGE_LOOP('',(#682,#683,#684,#685));
#350=EDGE_LOOP('',(#686,#687,#688,#689));
#351=EDGE_LOOP('',(#690,#691,#692,#693));
#352=EDGE_LOOP('',(#694,#695,#696,#697,#698,#699,#700,#701,#702,#703,#704,
#705,#706,#707,#708,#709,#710,#711,#712,#713,#714,#715,#716,#717,#718,#719,
#720,#721,#722,#723,#724,#725,#726,#727,#728,#729,#730,#731,#732,#733,#734,
#735));
#353=EDGE_LOOP('',(#736));
#354=EDGE_LOOP('',(#737));
#355=EDGE_LOOP('',(#738));
#356=EDGE_LOOP('',(#739));
#357=EDGE_LOOP('',(#740));
#358=EDGE_LOOP('',(#741,#742,#743,#744));
#359=EDGE_LOOP('',(#745,#746,#747,#748));
#360=EDGE_LOOP('',(#749,#750,#751,#752));
#361=EDGE_LOOP('',(#753,#754,#755,#756));
#362=EDGE_LOOP('',(#757,#758,#759,#760));
#363=EDGE_LOOP('',(#761,#762,#763,#764));
#364=EDGE_LOOP('',(#765,#766,#767,#768));
#365=EDGE_LOOP('',(#769,#770,#771,#772,#773,#774));
#366=EDGE_LOOP('',(#775,#776,#777,#778,#779,#780,#781));
#367=EDGE_LOOP('',(#782,#783,#784,#785));
#368=EDGE_LOOP('',(#786,#787,#788,#789));
#369=EDGE_LOOP('',(#790,#791,#792,#793));
#370=EDGE_LOOP('',(#794,#795,#796,#797));
#371=EDGE_LOOP('',(#798));
#372=EDGE_LOOP('',(#799,#800,#801,#802));
#373=EDGE_LOOP('',(#803,#804,#805,#806));
#374=EDGE_LOOP('',(#807,#808,#809,#810));
#375=EDGE_LOOP('',(#811,#812,#813,#814));
#376=EDGE_LOOP('',(#815,#816,#817,#818,#819,#820));
#377=EDGE_LOOP('',(#821,#822,#823,#824));
#378=EDGE_LOOP('',(#825,#826,#827,#828));
#379=EDGE_LOOP('',(#829,#830,#831,#832));
#380=EDGE_LOOP('',(#833,#834,#835,#836));
#381=EDGE_LOOP('',(#837,#838,#839,#840));
#382=EDGE_LOOP('',(#841,#842,#843,#844));
#383=EDGE_LOOP('',(#845,#846,#847,#848));
#384=EDGE_LOOP('',(#849,#850,#851,#852));
#385=EDGE_LOOP('',(#853,#854,#855,#856));
#386=EDGE_LOOP('',(#857,#858,#859,#860));
#387=EDGE_LOOP('',(#861,#862,#863,#864));
#388=EDGE_LOOP('',(#865,#866,#867,#868));
#389=EDGE_LOOP('',(#869,#870,#871,#872));
#390=EDGE_LOOP('',(#873,#874,#875,#876,#877,#878));
#391=EDGE_LOOP('',(#879,#880,#881,#882,#883,#884,#885));
#392=EDGE_LOOP('',(#886,#887,#888,#889));
#393=EDGE_LOOP('',(#890,#891,#892,#893));
#394=EDGE_LOOP('',(#894,#895,#896,#897));
#395=EDGE_LOOP('',(#898,#899,#900,#901));
#396=EDGE_LOOP('',(#902));
#397=EDGE_LOOP('',(#903,#904,#905,#906));
#398=EDGE_LOOP('',(#907,#908,#909,#910));
#399=EDGE_LOOP('',(#911,#912,#913,#914));
#400=EDGE_LOOP('',(#915,#916,#917,#918));
#401=EDGE_LOOP('',(#919,#920,#921,#922,#923,#924));
#402=EDGE_LOOP('',(#925,#926,#927,#928));
#403=EDGE_LOOP('',(#929,#930,#931,#932));
#404=EDGE_LOOP('',(#933,#934,#935,#936));
#405=EDGE_LOOP('',(#937,#938,#939,#940));
#406=EDGE_LOOP('',(#941,#942,#943,#944));
#407=EDGE_LOOP('',(#945,#946,#947,#948));
#408=EDGE_LOOP('',(#949,#950,#951,#952,#953,#954,#955,#956,#957,#958,#959,
#960,#961,#962,#963,#964,#965,#966,#967,#968,#969,#970,#971,#972,#973,#974,
#975,#976,#977,#978,#979,#980,#981,#982,#983,#984,#985,#986,#987,#988,#989,
#990,#991,#992));
#409=EDGE_LOOP('',(#993));
#410=EDGE_LOOP('',(#994));
#411=EDGE_LOOP('',(#995));
#412=EDGE_LOOP('',(#996,#997,#998,#999,#1000,#1001,#1002,#1003,#1004,#1005,
#1006,#1007,#1008,#1009,#1010,#1011,#1012,#1013,#1014,#1015,#1016,#1017,
#1018,#1019,#1020,#1021,#1022,#1023,#1024,#1025,#1026,#1027,#1028,#1029,
#1030,#1031,#1032,#1033,#1034,#1035,#1036,#1037,#1038,#1039));
#413=EDGE_LOOP('',(#1040));
#414=EDGE_LOOP('',(#1041));
#415=EDGE_LOOP('',(#1042));
#416=EDGE_LOOP('',(#1043,#1044,#1045,#1046));
#417=EDGE_LOOP('',(#1047,#1048,#1049,#1050));
#418=EDGE_LOOP('',(#1051,#1052,#1053));
#419=EDGE_LOOP('',(#1054,#1055,#1056,#1057));
#420=EDGE_LOOP('',(#1058,#1059,#1060,#1061,#1062,#1063,#1064));
#421=EDGE_LOOP('',(#1065,#1066,#1067));
#422=EDGE_LOOP('',(#1068,#1069,#1070,#1071,#1072,#1073));
#423=EDGE_LOOP('',(#1074));
#424=EDGE_LOOP('',(#1075));
#425=EDGE_LOOP('',(#1076,#1077,#1078,#1079));
#426=EDGE_LOOP('',(#1080));
#427=EDGE_LOOP('',(#1081));
#428=EDGE_LOOP('',(#1082));
#429=EDGE_LOOP('',(#1083));
#430=EDGE_LOOP('',(#1084,#1085,#1086,#1087));
#431=EDGE_LOOP('',(#1088,#1089,#1090,#1091,#1092,#1093,#1094));
#432=EDGE_LOOP('',(#1095,#1096,#1097,#1098,#1099,#1100));
#433=EDGE_LOOP('',(#1101));
#434=EDGE_LOOP('',(#1102));
#435=EDGE_LOOP('',(#1103,#1104,#1105,#1106,#1107,#1108,#1109,#1110,#1111,
#1112));
#436=EDGE_LOOP('',(#1113));
#437=EDGE_LOOP('',(#1114,#1115,#1116,#1117,#1118,#1119));
#438=EDGE_LOOP('',(#1120,#1121,#1122,#1123));
#439=EDGE_LOOP('',(#1124));
#440=EDGE_LOOP('',(#1125));
#441=EDGE_LOOP('',(#1126,#1127,#1128,#1129,#1130,#1131,#1132));
#442=EDGE_LOOP('',(#1133,#1134,#1135,#1136));
#443=EDGE_LOOP('',(#1137,#1138,#1139,#1140));
#444=EDGE_LOOP('',(#1141,#1142,#1143,#1144));
#445=EDGE_LOOP('',(#1145,#1146,#1147,#1148));
#446=EDGE_LOOP('',(#1149,#1150,#1151,#1152));
#447=ORIENTED_EDGE('',*,*,#1153,.T.);
#448=ORIENTED_EDGE('',*,*,#1154,.T.);
#449=ORIENTED_EDGE('',*,*,#1155,.F.);
#450=ORIENTED_EDGE('',*,*,#1156,.F.);
#451=ORIENTED_EDGE('',*,*,#1157,.T.);
#452=ORIENTED_EDGE('',*,*,#1158,.T.);
#453=ORIENTED_EDGE('',*,*,#1159,.F.);
#454=ORIENTED_EDGE('',*,*,#1154,.F.);
#455=ORIENTED_EDGE('',*,*,#1200,.T.);
#456=ORIENTED_EDGE('',*,*,#1160,.T.);
#457=ORIENTED_EDGE('',*,*,#1161,.T.);
#458=ORIENTED_EDGE('',*,*,#1162,.F.);
#459=ORIENTED_EDGE('',*,*,#1158,.F.);
#460=ORIENTED_EDGE('',*,*,#1163,.T.);
#461=ORIENTED_EDGE('',*,*,#1164,.T.);
#462=ORIENTED_EDGE('',*,*,#1165,.F.);
#463=ORIENTED_EDGE('',*,*,#1161,.F.);
#464=ORIENTED_EDGE('',*,*,#1166,.T.);
#465=ORIENTED_EDGE('',*,*,#1167,.T.);
#466=ORIENTED_EDGE('',*,*,#1168,.F.);
#467=ORIENTED_EDGE('',*,*,#1164,.F.);
#468=ORIENTED_EDGE('',*,*,#1169,.T.);
#469=ORIENTED_EDGE('',*,*,#1170,.T.);
#470=ORIENTED_EDGE('',*,*,#1171,.F.);
#471=ORIENTED_EDGE('',*,*,#1167,.F.);
#472=ORIENTED_EDGE('',*,*,#1201,.T.);
#473=ORIENTED_EDGE('',*,*,#1172,.T.);
#474=ORIENTED_EDGE('',*,*,#1173,.T.);
#475=ORIENTED_EDGE('',*,*,#1174,.F.);
#476=ORIENTED_EDGE('',*,*,#1170,.F.);
#477=ORIENTED_EDGE('',*,*,#1233,.T.);
#478=ORIENTED_EDGE('',*,*,#1235,.T.);
#479=ORIENTED_EDGE('',*,*,#1234,.T.);
#480=ORIENTED_EDGE('',*,*,#1236,.T.);
#481=ORIENTED_EDGE('',*,*,#1176,.T.);
#482=ORIENTED_EDGE('',*,*,#1177,.F.);
#483=ORIENTED_EDGE('',*,*,#1173,.F.);
#484=ORIENTED_EDGE('',*,*,#1175,.T.);
#485=ORIENTED_EDGE('',*,*,#1178,.T.);
#486=ORIENTED_EDGE('',*,*,#1179,.T.);
#487=ORIENTED_EDGE('',*,*,#1180,.F.);
#488=ORIENTED_EDGE('',*,*,#1176,.F.);
#489=ORIENTED_EDGE('',*,*,#1181,.T.);
#490=ORIENTED_EDGE('',*,*,#1182,.T.);
#491=ORIENTED_EDGE('',*,*,#1183,.F.);
#492=ORIENTED_EDGE('',*,*,#1179,.F.);
#493=ORIENTED_EDGE('',*,*,#1202,.T.);
#494=ORIENTED_EDGE('',*,*,#1184,.T.);
#495=ORIENTED_EDGE('',*,*,#1185,.T.);
#496=ORIENTED_EDGE('',*,*,#1186,.F.);
#497=ORIENTED_EDGE('',*,*,#1182,.F.);
#498=ORIENTED_EDGE('',*,*,#1187,.T.);
#499=ORIENTED_EDGE('',*,*,#1188,.T.);
#500=ORIENTED_EDGE('',*,*,#1189,.F.);
#501=ORIENTED_EDGE('',*,*,#1185,.F.);
#502=ORIENTED_EDGE('',*,*,#1190,.T.);
#503=ORIENTED_EDGE('',*,*,#1191,.T.);
#504=ORIENTED_EDGE('',*,*,#1192,.F.);
#505=ORIENTED_EDGE('',*,*,#1188,.F.);
#506=ORIENTED_EDGE('',*,*,#1193,.T.);
#507=ORIENTED_EDGE('',*,*,#1194,.T.);
#508=ORIENTED_EDGE('',*,*,#1195,.F.);
#509=ORIENTED_EDGE('',*,*,#1191,.F.);
#510=ORIENTED_EDGE('',*,*,#1203,.T.);
#511=ORIENTED_EDGE('',*,*,#1196,.T.);
#512=ORIENTED_EDGE('',*,*,#1197,.T.);
#513=ORIENTED_EDGE('',*,*,#1198,.F.);
#514=ORIENTED_EDGE('',*,*,#1194,.F.);
#515=ORIENTED_EDGE('',*,*,#1156,.T.);
#516=ORIENTED_EDGE('',*,*,#1199,.F.);
#517=ORIENTED_EDGE('',*,*,#1197,.F.);
#518=ORIENTED_EDGE('',*,*,#1239,.T.);
#519=ORIENTED_EDGE('',*,*,#1155,.T.);
#520=ORIENTED_EDGE('',*,*,#1159,.T.);
#521=ORIENTED_EDGE('',*,*,#1162,.T.);
#522=ORIENTED_EDGE('',*,*,#1165,.T.);
#523=ORIENTED_EDGE('',*,*,#1168,.T.);
#524=ORIENTED_EDGE('',*,*,#1171,.T.);
#525=ORIENTED_EDGE('',*,*,#1174,.T.);
#526=ORIENTED_EDGE('',*,*,#1177,.T.);
#527=ORIENTED_EDGE('',*,*,#1180,.T.);
#528=ORIENTED_EDGE('',*,*,#1183,.T.);
#529=ORIENTED_EDGE('',*,*,#1186,.T.);
#530=ORIENTED_EDGE('',*,*,#1189,.T.);
#531=ORIENTED_EDGE('',*,*,#1192,.T.);
#532=ORIENTED_EDGE('',*,*,#1195,.T.);
#533=ORIENTED_EDGE('',*,*,#1198,.T.);
#534=ORIENTED_EDGE('',*,*,#1199,.T.);
#535=ORIENTED_EDGE('',*,*,#1205,.F.);
#536=ORIENTED_EDGE('',*,*,#1202,.F.);
#537=ORIENTED_EDGE('',*,*,#1205,.T.);
#538=ORIENTED_EDGE('',*,*,#1203,.F.);
#539=ORIENTED_EDGE('',*,*,#1204,.T.);
#540=ORIENTED_EDGE('',*,*,#1201,.F.);
#541=ORIENTED_EDGE('',*,*,#1204,.F.);
#542=ORIENTED_EDGE('',*,*,#1200,.F.);
#543=ORIENTED_EDGE('',*,*,#1207,.T.);
#544=ORIENTED_EDGE('',*,*,#1208,.T.);
#545=ORIENTED_EDGE('',*,*,#1209,.F.);
#546=ORIENTED_EDGE('',*,*,#1206,.F.);
#547=ORIENTED_EDGE('',*,*,#1213,.T.);
#548=ORIENTED_EDGE('',*,*,#1214,.T.);
#549=ORIENTED_EDGE('',*,*,#1215,.F.);
#550=ORIENTED_EDGE('',*,*,#1211,.F.);
#551=ORIENTED_EDGE('',*,*,#1218,.T.);
#552=ORIENTED_EDGE('',*,*,#1219,.T.);
#553=ORIENTED_EDGE('',*,*,#1220,.F.);
#554=ORIENTED_EDGE('',*,*,#1219,.F.);
#555=ORIENTED_EDGE('',*,*,#1221,.T.);
#556=ORIENTED_EDGE('',*,*,#1222,.T.);
#557=ORIENTED_EDGE('',*,*,#1223,.F.);
#558=ORIENTED_EDGE('',*,*,#1222,.F.);
#559=ORIENTED_EDGE('',*,*,#1224,.T.);
#560=ORIENTED_EDGE('',*,*,#1225,.T.);
#561=ORIENTED_EDGE('',*,*,#1226,.F.);
#562=ORIENTED_EDGE('',*,*,#1225,.F.);
#563=ORIENTED_EDGE('',*,*,#1227,.T.);
#564=ORIENTED_EDGE('',*,*,#1228,.T.);
#565=ORIENTED_EDGE('',*,*,#1229,.F.);
#566=ORIENTED_EDGE('',*,*,#1228,.F.);
#567=ORIENTED_EDGE('',*,*,#1230,.T.);
#568=ORIENTED_EDGE('',*,*,#1231,.T.);
#569=ORIENTED_EDGE('',*,*,#1232,.F.);
#570=ORIENTED_EDGE('',*,*,#1231,.F.);
#571=ORIENTED_EDGE('',*,*,#1237,.T.);
#572=ORIENTED_EDGE('',*,*,#1206,.T.);
#573=ORIENTED_EDGE('',*,*,#1238,.F.);
#574=ORIENTED_EDGE('',*,*,#1233,.F.);
#575=ORIENTED_EDGE('',*,*,#1217,.F.);
#576=ORIENTED_EDGE('',*,*,#1214,.F.);
#577=ORIENTED_EDGE('',*,*,#1216,.T.);
#578=ORIENTED_EDGE('',*,*,#1234,.F.);
#579=ORIENTED_EDGE('',*,*,#1241,.F.);
#580=ORIENTED_EDGE('',*,*,#1242,.F.);
#581=ORIENTED_EDGE('',*,*,#1240,.T.);
#582=ORIENTED_EDGE('',*,*,#1260,.F.);
#583=ORIENTED_EDGE('',*,*,#1266,.T.);
#584=ORIENTED_EDGE('',*,*,#1212,.F.);
#585=ORIENTED_EDGE('',*,*,#1208,.F.);
#586=ORIENTED_EDGE('',*,*,#1210,.T.);
#587=ORIENTED_EDGE('',*,*,#1264,.T.);
#588=ORIENTED_EDGE('',*,*,#1242,.T.);
#589=ORIENTED_EDGE('',*,*,#1265,.F.);
#590=ORIENTED_EDGE('',*,*,#1267,.F.);
#591=ORIENTED_EDGE('',*,*,#1288,.T.);
#592=ORIENTED_EDGE('',*,*,#1243,.F.);
#593=ORIENTED_EDGE('',*,*,#1245,.T.);
#594=ORIENTED_EDGE('',*,*,#1244,.T.);
#595=ORIENTED_EDGE('',*,*,#1297,.T.);
#596=ORIENTED_EDGE('',*,*,#1293,.T.);
#597=ORIENTED_EDGE('',*,*,#1245,.F.);
#598=ORIENTED_EDGE('',*,*,#1292,.F.);
#599=ORIENTED_EDGE('',*,*,#1247,.F.);
#600=ORIENTED_EDGE('',*,*,#1248,.F.);
#601=ORIENTED_EDGE('',*,*,#1246,.T.);
#602=ORIENTED_EDGE('',*,*,#1272,.F.);
#603=ORIENTED_EDGE('',*,*,#1261,.T.);
#604=ORIENTED_EDGE('',*,*,#1258,.T.);
#605=ORIENTED_EDGE('',*,*,#1254,.T.);
#606=ORIENTED_EDGE('',*,*,#1259,.F.);
#607=ORIENTED_EDGE('',*,*,#1252,.T.);
#608=ORIENTED_EDGE('',*,*,#1248,.T.);
#609=ORIENTED_EDGE('',*,*,#1253,.F.);
#610=ORIENTED_EDGE('',*,*,#1255,.F.);
#611=ORIENTED_EDGE('',*,*,#1284,.T.);
#612=ORIENTED_EDGE('',*,*,#1281,.T.);
#613=ORIENTED_EDGE('',*,*,#1251,.F.);
#614=ORIENTED_EDGE('',*,*,#1280,.F.);
#615=ORIENTED_EDGE('',*,*,#1295,.T.);
#616=ORIENTED_EDGE('',*,*,#1215,.T.);
#617=ORIENTED_EDGE('',*,*,#1217,.T.);
#618=ORIENTED_EDGE('',*,*,#1235,.F.);
#619=ORIENTED_EDGE('',*,*,#1238,.T.);
#620=ORIENTED_EDGE('',*,*,#1209,.T.);
#621=ORIENTED_EDGE('',*,*,#1212,.T.);
#622=ORIENTED_EDGE('',*,*,#1269,.T.);
#623=ORIENTED_EDGE('',*,*,#1265,.T.);
#624=ORIENTED_EDGE('',*,*,#1241,.T.);
#625=ORIENTED_EDGE('',*,*,#1262,.T.);
#626=ORIENTED_EDGE('',*,*,#1259,.T.);
#627=ORIENTED_EDGE('',*,*,#1257,.T.);
#628=ORIENTED_EDGE('',*,*,#1253,.T.);
#629=ORIENTED_EDGE('',*,*,#1247,.T.);
#630=ORIENTED_EDGE('',*,*,#1274,.T.);
#631=ORIENTED_EDGE('',*,*,#1271,.T.);
#632=ORIENTED_EDGE('',*,*,#1278,.T.);
#633=ORIENTED_EDGE('',*,*,#1250,.F.);
#634=ORIENTED_EDGE('',*,*,#1281,.F.);
#635=ORIENTED_EDGE('',*,*,#1287,.T.);
#636=ORIENTED_EDGE('',*,*,#1283,.T.);
#637=ORIENTED_EDGE('',*,*,#1290,.T.);
#638=ORIENTED_EDGE('',*,*,#1244,.F.);
#639=ORIENTED_EDGE('',*,*,#1293,.F.);
#640=ORIENTED_EDGE('',*,*,#1299,.T.);
#641=ORIENTED_EDGE('',*,*,#1220,.T.);
#642=ORIENTED_EDGE('',*,*,#1223,.T.);
#643=ORIENTED_EDGE('',*,*,#1226,.T.);
#644=ORIENTED_EDGE('',*,*,#1229,.T.);
#645=ORIENTED_EDGE('',*,*,#1232,.T.);
#646=ORIENTED_EDGE('',*,*,#1277,.T.);
#647=ORIENTED_EDGE('',*,*,#1249,.F.);
#648=ORIENTED_EDGE('',*,*,#1251,.T.);
#649=ORIENTED_EDGE('',*,*,#1250,.T.);
#650=ORIENTED_EDGE('',*,*,#1256,.T.);
#651=ORIENTED_EDGE('',*,*,#1255,.T.);
#652=ORIENTED_EDGE('',*,*,#1257,.F.);
#653=ORIENTED_EDGE('',*,*,#1254,.F.);
#654=ORIENTED_EDGE('',*,*,#1262,.F.);
#655=ORIENTED_EDGE('',*,*,#1260,.T.);
#656=ORIENTED_EDGE('',*,*,#1263,.T.);
#657=ORIENTED_EDGE('',*,*,#1261,.F.);
#658=ORIENTED_EDGE('',*,*,#1268,.T.);
#659=ORIENTED_EDGE('',*,*,#1267,.T.);
#660=ORIENTED_EDGE('',*,*,#1269,.F.);
#661=ORIENTED_EDGE('',*,*,#1266,.F.);
#662=ORIENTED_EDGE('',*,*,#1274,.F.);
#663=ORIENTED_EDGE('',*,*,#1272,.T.);
#664=ORIENTED_EDGE('',*,*,#1275,.T.);
#665=ORIENTED_EDGE('',*,*,#1273,.F.);
#666=ORIENTED_EDGE('',*,*,#1271,.F.);
#667=ORIENTED_EDGE('',*,*,#1273,.T.);
#668=ORIENTED_EDGE('',*,*,#1270,.T.);
#669=ORIENTED_EDGE('',*,*,#1276,.F.);
#670=ORIENTED_EDGE('',*,*,#1276,.T.);
#671=ORIENTED_EDGE('',*,*,#1279,.T.);
#672=ORIENTED_EDGE('',*,*,#1277,.F.);
#673=ORIENTED_EDGE('',*,*,#1278,.F.);
#674=ORIENTED_EDGE('',*,*,#1285,.T.);
#675=ORIENTED_EDGE('',*,*,#1287,.F.);
#676=ORIENTED_EDGE('',*,*,#1284,.F.);
#677=ORIENTED_EDGE('',*,*,#1286,.T.);
#678=ORIENTED_EDGE('',*,*,#1283,.F.);
#679=ORIENTED_EDGE('',*,*,#1285,.F.);
#680=ORIENTED_EDGE('',*,*,#1282,.T.);
#681=ORIENTED_EDGE('',*,*,#1289,.F.);
#682=ORIENTED_EDGE('',*,*,#1289,.T.);
#683=ORIENTED_EDGE('',*,*,#1291,.T.);
#684=ORIENTED_EDGE('',*,*,#1288,.F.);
#685=ORIENTED_EDGE('',*,*,#1290,.F.);
#686=ORIENTED_EDGE('',*,*,#1294,.T.);
#687=ORIENTED_EDGE('',*,*,#1211,.T.);
#688=ORIENTED_EDGE('',*,*,#1295,.F.);
#689=ORIENTED_EDGE('',*,*,#1296,.F.);
#690=ORIENTED_EDGE('',*,*,#1296,.T.);
#691=ORIENTED_EDGE('',*,*,#1299,.F.);
#692=ORIENTED_EDGE('',*,*,#1297,.F.);
#693=ORIENTED_EDGE('',*,*,#1298,.T.);
#694=ORIENTED_EDGE('',*,*,#1239,.F.);
#695=ORIENTED_EDGE('',*,*,#1196,.F.);
#696=ORIENTED_EDGE('',*,*,#1193,.F.);
#697=ORIENTED_EDGE('',*,*,#1190,.F.);
#698=ORIENTED_EDGE('',*,*,#1187,.F.);
#699=ORIENTED_EDGE('',*,*,#1184,.F.);
#700=ORIENTED_EDGE('',*,*,#1181,.F.);
#701=ORIENTED_EDGE('',*,*,#1178,.F.);
#702=ORIENTED_EDGE('',*,*,#1236,.F.);
#703=ORIENTED_EDGE('',*,*,#1216,.F.);
#704=ORIENTED_EDGE('',*,*,#1213,.F.);
#705=ORIENTED_EDGE('',*,*,#1294,.F.);
#706=ORIENTED_EDGE('',*,*,#1298,.F.);
#707=ORIENTED_EDGE('',*,*,#1292,.T.);
#708=ORIENTED_EDGE('',*,*,#1243,.T.);
#709=ORIENTED_EDGE('',*,*,#1291,.F.);
#710=ORIENTED_EDGE('',*,*,#1282,.F.);
#711=ORIENTED_EDGE('',*,*,#1286,.F.);
#712=ORIENTED_EDGE('',*,*,#1280,.T.);
#713=ORIENTED_EDGE('',*,*,#1249,.T.);
#714=ORIENTED_EDGE('',*,*,#1279,.F.);
#715=ORIENTED_EDGE('',*,*,#1270,.F.);
#716=ORIENTED_EDGE('',*,*,#1275,.F.);
#717=ORIENTED_EDGE('',*,*,#1246,.F.);
#718=ORIENTED_EDGE('',*,*,#1252,.F.);
#719=ORIENTED_EDGE('',*,*,#1256,.F.);
#720=ORIENTED_EDGE('',*,*,#1258,.F.);
#721=ORIENTED_EDGE('',*,*,#1263,.F.);
#722=ORIENTED_EDGE('',*,*,#1240,.F.);
#723=ORIENTED_EDGE('',*,*,#1264,.F.);
#724=ORIENTED_EDGE('',*,*,#1268,.F.);
#725=ORIENTED_EDGE('',*,*,#1210,.F.);
#726=ORIENTED_EDGE('',*,*,#1207,.F.);
#727=ORIENTED_EDGE('',*,*,#1237,.F.);
#728=ORIENTED_EDGE('',*,*,#1175,.F.);
#729=ORIENTED_EDGE('',*,*,#1172,.F.);
#730=ORIENTED_EDGE('',*,*,#1169,.F.);
#731=ORIENTED_EDGE('',*,*,#1166,.F.);
#732=ORIENTED_EDGE('',*,*,#1163,.F.);
#733=ORIENTED_EDGE('',*,*,#1160,.F.);
#734=ORIENTED_EDGE('',*,*,#1157,.F.);
#735=ORIENTED_EDGE('',*,*,#1153,.F.);
#736=ORIENTED_EDGE('',*,*,#1218,.F.);
#737=ORIENTED_EDGE('',*,*,#1221,.F.);
#738=ORIENTED_EDGE('',*,*,#1224,.F.);
#739=ORIENTED_EDGE('',*,*,#1227,.F.);
#740=ORIENTED_EDGE('',*,*,#1230,.F.);
#741=ORIENTED_EDGE('',*,*,#1317,.T.);
#742=ORIENTED_EDGE('',*,*,#1336,.T.);
#743=ORIENTED_EDGE('',*,*,#1303,.T.);
#744=ORIENTED_EDGE('',*,*,#1306,.F.);
#745=ORIENTED_EDGE('',*,*,#1332,.T.);
#746=ORIENTED_EDGE('',*,*,#1304,.T.);
#747=ORIENTED_EDGE('',*,*,#1303,.F.);
#748=ORIENTED_EDGE('',*,*,#1305,.F.);
#749=ORIENTED_EDGE('',*,*,#1320,.T.);
#750=ORIENTED_EDGE('',*,*,#1308,.F.);
#751=ORIENTED_EDGE('',*,*,#1309,.T.);
#752=ORIENTED_EDGE('',*,*,#1307,.T.);
#753=ORIENTED_EDGE('',*,*,#1328,.T.);
#754=ORIENTED_EDGE('',*,*,#1324,.T.);
#755=ORIENTED_EDGE('',*,*,#1310,.T.);
#756=ORIENTED_EDGE('',*,*,#1325,.F.);
#757=ORIENTED_EDGE('',*,*,#1313,.T.);
#758=ORIENTED_EDGE('',*,*,#1314,.T.);
#759=ORIENTED_EDGE('',*,*,#1315,.F.);
#760=ORIENTED_EDGE('',*,*,#1314,.F.);
#761=ORIENTED_EDGE('',*,*,#1312,.F.);
#762=ORIENTED_EDGE('',*,*,#1309,.F.);
#763=ORIENTED_EDGE('',*,*,#1311,.T.);
#764=ORIENTED_EDGE('',*,*,#1310,.F.);
#765=ORIENTED_EDGE('',*,*,#1344,.T.);
#766=ORIENTED_EDGE('',*,*,#1345,.T.);
#767=ORIENTED_EDGE('',*,*,#1346,.F.);
#768=ORIENTED_EDGE('',*,*,#1342,.F.);
#769=ORIENTED_EDGE('',*,*,#1338,.T.);
#770=ORIENTED_EDGE('',*,*,#1334,.T.);
#771=ORIENTED_EDGE('',*,*,#1349,.F.);
#772=ORIENTED_EDGE('',*,*,#1345,.F.);
#773=ORIENTED_EDGE('',*,*,#1347,.T.);
#774=ORIENTED_EDGE('',*,*,#1348,.T.);
#775=ORIENTED_EDGE('',*,*,#1302,.T.);
#776=ORIENTED_EDGE('',*,*,#1340,.T.);
#777=ORIENTED_EDGE('',*,*,#1348,.F.);
#778=ORIENTED_EDGE('',*,*,#1350,.T.);
#779=ORIENTED_EDGE('',*,*,#1351,.T.);
#780=ORIENTED_EDGE('',*,*,#1352,.F.);
#781=ORIENTED_EDGE('',*,*,#1334,.F.);
#782=ORIENTED_EDGE('',*,*,#1353,.T.);
#783=ORIENTED_EDGE('',*,*,#1354,.T.);
#784=ORIENTED_EDGE('',*,*,#1355,.F.);
#785=ORIENTED_EDGE('',*,*,#1351,.F.);
#786=ORIENTED_EDGE('',*,*,#1356,.T.);
#787=ORIENTED_EDGE('',*,*,#1357,.T.);
#788=ORIENTED_EDGE('',*,*,#1358,.F.);
#789=ORIENTED_EDGE('',*,*,#1354,.F.);
#790=ORIENTED_EDGE('',*,*,#1359,.T.);
#791=ORIENTED_EDGE('',*,*,#1360,.T.);
#792=ORIENTED_EDGE('',*,*,#1361,.F.);
#793=ORIENTED_EDGE('',*,*,#1357,.F.);
#794=ORIENTED_EDGE('',*,*,#1362,.T.);
#795=ORIENTED_EDGE('',*,*,#1363,.T.);
#796=ORIENTED_EDGE('',*,*,#1364,.F.);
#797=ORIENTED_EDGE('',*,*,#1360,.F.);
#798=ORIENTED_EDGE('',*,*,#1300,.T.);
#799=ORIENTED_EDGE('',*,*,#1365,.T.);
#800=ORIENTED_EDGE('',*,*,#1366,.T.);
#801=ORIENTED_EDGE('',*,*,#1367,.F.);
#802=ORIENTED_EDGE('',*,*,#1363,.F.);
#803=ORIENTED_EDGE('',*,*,#1368,.T.);
#804=ORIENTED_EDGE('',*,*,#1369,.T.);
#805=ORIENTED_EDGE('',*,*,#1370,.F.);
#806=ORIENTED_EDGE('',*,*,#1366,.F.);
#807=ORIENTED_EDGE('',*,*,#1371,.T.);
#808=ORIENTED_EDGE('',*,*,#1372,.T.);
#809=ORIENTED_EDGE('',*,*,#1373,.F.);
#810=ORIENTED_EDGE('',*,*,#1369,.F.);
#811=ORIENTED_EDGE('',*,*,#1333,.T.);
#812=ORIENTED_EDGE('',*,*,#1337,.F.);
#813=ORIENTED_EDGE('',*,*,#1372,.F.);
#814=ORIENTED_EDGE('',*,*,#1374,.T.);
#815=ORIENTED_EDGE('',*,*,#1335,.T.);
#816=ORIENTED_EDGE('',*,*,#1302,.F.);
#817=ORIENTED_EDGE('',*,*,#1338,.F.);
#818=ORIENTED_EDGE('',*,*,#1340,.F.);
#819=ORIENTED_EDGE('',*,*,#1335,.F.);
#820=ORIENTED_EDGE('',*,*,#1300,.F.);
#821=ORIENTED_EDGE('',*,*,#1375,.T.);
#822=ORIENTED_EDGE('',*,*,#1339,.T.);
#823=ORIENTED_EDGE('',*,*,#1301,.F.);
#824=ORIENTED_EDGE('',*,*,#1319,.F.);
#825=ORIENTED_EDGE('',*,*,#1316,.T.);
#826=ORIENTED_EDGE('',*,*,#1319,.T.);
#827=ORIENTED_EDGE('',*,*,#1318,.F.);
#828=ORIENTED_EDGE('',*,*,#1317,.F.);
#829=ORIENTED_EDGE('',*,*,#1343,.F.);
#830=ORIENTED_EDGE('',*,*,#1339,.F.);
#831=ORIENTED_EDGE('',*,*,#1341,.T.);
#832=ORIENTED_EDGE('',*,*,#1321,.F.);
#833=ORIENTED_EDGE('',*,*,#1322,.F.);
#834=ORIENTED_EDGE('',*,*,#1321,.T.);
#835=ORIENTED_EDGE('',*,*,#1323,.T.);
#836=ORIENTED_EDGE('',*,*,#1320,.F.);
#837=ORIENTED_EDGE('',*,*,#1326,.T.);
#838=ORIENTED_EDGE('',*,*,#1342,.T.);
#839=ORIENTED_EDGE('',*,*,#1327,.F.);
#840=ORIENTED_EDGE('',*,*,#1329,.F.);
#841=ORIENTED_EDGE('',*,*,#1330,.T.);
#842=ORIENTED_EDGE('',*,*,#1329,.T.);
#843=ORIENTED_EDGE('',*,*,#1331,.F.);
#844=ORIENTED_EDGE('',*,*,#1328,.F.);
#845=ORIENTED_EDGE('',*,*,#1382,.T.);
#846=ORIENTED_EDGE('',*,*,#1379,.F.);
#847=ORIENTED_EDGE('',*,*,#1410,.F.);
#848=ORIENTED_EDGE('',*,*,#1393,.F.);
#849=ORIENTED_EDGE('',*,*,#1381,.T.);
#850=ORIENTED_EDGE('',*,*,#1379,.T.);
#851=ORIENTED_EDGE('',*,*,#1380,.F.);
#852=ORIENTED_EDGE('',*,*,#1332,.F.);
#853=ORIENTED_EDGE('',*,*,#1383,.F.);
#854=ORIENTED_EDGE('',*,*,#1385,.F.);
#855=ORIENTED_EDGE('',*,*,#1384,.T.);
#856=ORIENTED_EDGE('',*,*,#1396,.F.);
#857=ORIENTED_EDGE('',*,*,#1401,.T.);
#858=ORIENTED_EDGE('',*,*,#1386,.F.);
#859=ORIENTED_EDGE('',*,*,#1400,.F.);
#860=ORIENTED_EDGE('',*,*,#1404,.F.);
#861=ORIENTED_EDGE('',*,*,#1390,.T.);
#862=ORIENTED_EDGE('',*,*,#1391,.T.);
#863=ORIENTED_EDGE('',*,*,#1390,.F.);
#864=ORIENTED_EDGE('',*,*,#1389,.F.);
#865=ORIENTED_EDGE('',*,*,#1386,.T.);
#866=ORIENTED_EDGE('',*,*,#1387,.F.);
#867=ORIENTED_EDGE('',*,*,#1385,.T.);
#868=ORIENTED_EDGE('',*,*,#1388,.T.);
#869=ORIENTED_EDGE('',*,*,#1416,.T.);
#870=ORIENTED_EDGE('',*,*,#1420,.T.);
#871=ORIENTED_EDGE('',*,*,#1419,.F.);
#872=ORIENTED_EDGE('',*,*,#1418,.F.);
#873=ORIENTED_EDGE('',*,*,#1422,.F.);
#874=ORIENTED_EDGE('',*,*,#1421,.F.);
#875=ORIENTED_EDGE('',*,*,#1419,.T.);
#876=ORIENTED_EDGE('',*,*,#1423,.T.);
#877=ORIENTED_EDGE('',*,*,#1408,.F.);
#878=ORIENTED_EDGE('',*,*,#1412,.F.);
#879=ORIENTED_EDGE('',*,*,#1408,.T.);
#880=ORIENTED_EDGE('',*,*,#1426,.T.);
#881=ORIENTED_EDGE('',*,*,#1425,.F.);
#882=ORIENTED_EDGE('',*,*,#1424,.F.);
#883=ORIENTED_EDGE('',*,*,#1422,.T.);
#884=ORIENTED_EDGE('',*,*,#1414,.F.);
#885=ORIENTED_EDGE('',*,*,#1378,.F.);
#886=ORIENTED_EDGE('',*,*,#1425,.T.);
#887=ORIENTED_EDGE('',*,*,#1429,.T.);
#888=ORIENTED_EDGE('',*,*,#1428,.F.);
#889=ORIENTED_EDGE('',*,*,#1427,.F.);
#890=ORIENTED_EDGE('',*,*,#1428,.T.);
#891=ORIENTED_EDGE('',*,*,#1432,.T.);
#892=ORIENTED_EDGE('',*,*,#1431,.F.);
#893=ORIENTED_EDGE('',*,*,#1430,.F.);
#894=ORIENTED_EDGE('',*,*,#1431,.T.);
#895=ORIENTED_EDGE('',*,*,#1435,.T.);
#896=ORIENTED_EDGE('',*,*,#1434,.F.);
#897=ORIENTED_EDGE('',*,*,#1433,.F.);
#898=ORIENTED_EDGE('',*,*,#1434,.T.);
#899=ORIENTED_EDGE('',*,*,#1438,.T.);
#900=ORIENTED_EDGE('',*,*,#1437,.F.);
#901=ORIENTED_EDGE('',*,*,#1436,.F.);
#902=ORIENTED_EDGE('',*,*,#1376,.F.);
#903=ORIENTED_EDGE('',*,*,#1437,.T.);
#904=ORIENTED_EDGE('',*,*,#1441,.T.);
#905=ORIENTED_EDGE('',*,*,#1440,.F.);
#906=ORIENTED_EDGE('',*,*,#1439,.F.);
#907=ORIENTED_EDGE('',*,*,#1440,.T.);
#908=ORIENTED_EDGE('',*,*,#1444,.T.);
#909=ORIENTED_EDGE('',*,*,#1443,.F.);
#910=ORIENTED_EDGE('',*,*,#1442,.F.);
#911=ORIENTED_EDGE('',*,*,#1443,.T.);
#912=ORIENTED_EDGE('',*,*,#1447,.T.);
#913=ORIENTED_EDGE('',*,*,#1446,.F.);
#914=ORIENTED_EDGE('',*,*,#1445,.F.);
#915=ORIENTED_EDGE('',*,*,#1448,.F.);
#916=ORIENTED_EDGE('',*,*,#1446,.T.);
#917=ORIENTED_EDGE('',*,*,#1411,.T.);
#918=ORIENTED_EDGE('',*,*,#1333,.F.);
#919=ORIENTED_EDGE('',*,*,#1376,.T.);
#920=ORIENTED_EDGE('',*,*,#1409,.T.);
#921=ORIENTED_EDGE('',*,*,#1414,.T.);
#922=ORIENTED_EDGE('',*,*,#1412,.T.);
#923=ORIENTED_EDGE('',*,*,#1378,.T.);
#924=ORIENTED_EDGE('',*,*,#1409,.F.);
#925=ORIENTED_EDGE('',*,*,#1395,.T.);
#926=ORIENTED_EDGE('',*,*,#1377,.T.);
#927=ORIENTED_EDGE('',*,*,#1413,.F.);
#928=ORIENTED_EDGE('',*,*,#1449,.F.);
#929=ORIENTED_EDGE('',*,*,#1393,.T.);
#930=ORIENTED_EDGE('',*,*,#1394,.T.);
#931=ORIENTED_EDGE('',*,*,#1395,.F.);
#932=ORIENTED_EDGE('',*,*,#1392,.F.);
#933=ORIENTED_EDGE('',*,*,#1397,.T.);
#934=ORIENTED_EDGE('',*,*,#1415,.F.);
#935=ORIENTED_EDGE('',*,*,#1413,.T.);
#936=ORIENTED_EDGE('',*,*,#1417,.T.);
#937=ORIENTED_EDGE('',*,*,#1396,.T.);
#938=ORIENTED_EDGE('',*,*,#1399,.F.);
#939=ORIENTED_EDGE('',*,*,#1397,.F.);
#940=ORIENTED_EDGE('',*,*,#1398,.T.);
#941=ORIENTED_EDGE('',*,*,#1405,.T.);
#942=ORIENTED_EDGE('',*,*,#1403,.T.);
#943=ORIENTED_EDGE('',*,*,#1416,.F.);
#944=ORIENTED_EDGE('',*,*,#1402,.F.);
#945=ORIENTED_EDGE('',*,*,#1404,.T.);
#946=ORIENTED_EDGE('',*,*,#1407,.T.);
#947=ORIENTED_EDGE('',*,*,#1405,.F.);
#948=ORIENTED_EDGE('',*,*,#1406,.F.);
#949=ORIENTED_EDGE('',*,*,#1305,.T.);
#950=ORIENTED_EDGE('',*,*,#1336,.F.);
#951=ORIENTED_EDGE('',*,*,#1318,.T.);
#952=ORIENTED_EDGE('',*,*,#1301,.T.);
#953=ORIENTED_EDGE('',*,*,#1343,.T.);
#954=ORIENTED_EDGE('',*,*,#1322,.T.);
#955=ORIENTED_EDGE('',*,*,#1307,.F.);
#956=ORIENTED_EDGE('',*,*,#1312,.T.);
#957=ORIENTED_EDGE('',*,*,#1324,.F.);
#958=ORIENTED_EDGE('',*,*,#1331,.T.);
#959=ORIENTED_EDGE('',*,*,#1327,.T.);
#960=ORIENTED_EDGE('',*,*,#1346,.T.);
#961=ORIENTED_EDGE('',*,*,#1349,.T.);
#962=ORIENTED_EDGE('',*,*,#1352,.T.);
#963=ORIENTED_EDGE('',*,*,#1355,.T.);
#964=ORIENTED_EDGE('',*,*,#1358,.T.);
#965=ORIENTED_EDGE('',*,*,#1361,.T.);
#966=ORIENTED_EDGE('',*,*,#1364,.T.);
#967=ORIENTED_EDGE('',*,*,#1367,.T.);
#968=ORIENTED_EDGE('',*,*,#1370,.T.);
#969=ORIENTED_EDGE('',*,*,#1373,.T.);
#970=ORIENTED_EDGE('',*,*,#1337,.T.);
#971=ORIENTED_EDGE('',*,*,#1411,.F.);
#972=ORIENTED_EDGE('',*,*,#1447,.F.);
#973=ORIENTED_EDGE('',*,*,#1444,.F.);
#974=ORIENTED_EDGE('',*,*,#1441,.F.);
#975=ORIENTED_EDGE('',*,*,#1438,.F.);
#976=ORIENTED_EDGE('',*,*,#1435,.F.);
#977=ORIENTED_EDGE('',*,*,#1432,.F.);
#978=ORIENTED_EDGE('',*,*,#1429,.F.);
#979=ORIENTED_EDGE('',*,*,#1426,.F.);
#980=ORIENTED_EDGE('',*,*,#1423,.F.);
#981=ORIENTED_EDGE('',*,*,#1420,.F.);
#982=ORIENTED_EDGE('',*,*,#1403,.F.);
#983=ORIENTED_EDGE('',*,*,#1407,.F.);
#984=ORIENTED_EDGE('',*,*,#1400,.T.);
#985=ORIENTED_EDGE('',*,*,#1388,.F.);
#986=ORIENTED_EDGE('',*,*,#1383,.T.);
#987=ORIENTED_EDGE('',*,*,#1398,.F.);
#988=ORIENTED_EDGE('',*,*,#1417,.F.);
#989=ORIENTED_EDGE('',*,*,#1377,.F.);
#990=ORIENTED_EDGE('',*,*,#1394,.F.);
#991=ORIENTED_EDGE('',*,*,#1410,.T.);
#992=ORIENTED_EDGE('',*,*,#1381,.F.);
#993=ORIENTED_EDGE('',*,*,#1315,.T.);
#994=ORIENTED_EDGE('',*,*,#1391,.F.);
#995=ORIENTED_EDGE('',*,*,#1450,.T.);
#996=ORIENTED_EDGE('',*,*,#1380,.T.);
#997=ORIENTED_EDGE('',*,*,#1382,.F.);
#998=ORIENTED_EDGE('',*,*,#1392,.T.);
#999=ORIENTED_EDGE('',*,*,#1449,.T.);
#1000=ORIENTED_EDGE('',*,*,#1415,.T.);
#1001=ORIENTED_EDGE('',*,*,#1399,.T.);
#1002=ORIENTED_EDGE('',*,*,#1384,.F.);
#1003=ORIENTED_EDGE('',*,*,#1387,.T.);
#1004=ORIENTED_EDGE('',*,*,#1401,.F.);
#1005=ORIENTED_EDGE('',*,*,#1406,.T.);
#1006=ORIENTED_EDGE('',*,*,#1402,.T.);
#1007=ORIENTED_EDGE('',*,*,#1418,.T.);
#1008=ORIENTED_EDGE('',*,*,#1421,.T.);
#1009=ORIENTED_EDGE('',*,*,#1424,.T.);
#1010=ORIENTED_EDGE('',*,*,#1427,.T.);
#1011=ORIENTED_EDGE('',*,*,#1430,.T.);
#1012=ORIENTED_EDGE('',*,*,#1433,.T.);
#1013=ORIENTED_EDGE('',*,*,#1436,.T.);
#1014=ORIENTED_EDGE('',*,*,#1439,.T.);
#1015=ORIENTED_EDGE('',*,*,#1442,.T.);
#1016=ORIENTED_EDGE('',*,*,#1445,.T.);
#1017=ORIENTED_EDGE('',*,*,#1448,.T.);
#1018=ORIENTED_EDGE('',*,*,#1374,.F.);
#1019=ORIENTED_EDGE('',*,*,#1371,.F.);
#1020=ORIENTED_EDGE('',*,*,#1368,.F.);
#1021=ORIENTED_EDGE('',*,*,#1365,.F.);
#1022=ORIENTED_EDGE('',*,*,#1362,.F.);
#1023=ORIENTED_EDGE('',*,*,#1359,.F.);
#1024=ORIENTED_EDGE('',*,*,#1356,.F.);
#1025=ORIENTED_EDGE('',*,*,#1353,.F.);
#1026=ORIENTED_EDGE('',*,*,#1350,.F.);
#1027=ORIENTED_EDGE('',*,*,#1347,.F.);
#1028=ORIENTED_EDGE('',*,*,#1344,.F.);
#1029=ORIENTED_EDGE('',*,*,#1326,.F.);
#1030=ORIENTED_EDGE('',*,*,#1330,.F.);
#1031=ORIENTED_EDGE('',*,*,#1325,.T.);
#1032=ORIENTED_EDGE('',*,*,#1311,.F.);
#1033=ORIENTED_EDGE('',*,*,#1308,.T.);
#1034=ORIENTED_EDGE('',*,*,#1323,.F.);
#1035=ORIENTED_EDGE('',*,*,#1341,.F.);
#1036=ORIENTED_EDGE('',*,*,#1375,.F.);
#1037=ORIENTED_EDGE('',*,*,#1316,.F.);
#1038=ORIENTED_EDGE('',*,*,#1306,.T.);
#1039=ORIENTED_EDGE('',*,*,#1304,.F.);
#1040=ORIENTED_EDGE('',*,*,#1389,.T.);
#1041=ORIENTED_EDGE('',*,*,#1313,.F.);
#1042=ORIENTED_EDGE('',*,*,#1451,.T.);
#1043=ORIENTED_EDGE('',*,*,#1452,.T.);
#1044=ORIENTED_EDGE('',*,*,#1451,.F.);
#1045=ORIENTED_EDGE('',*,*,#1452,.F.);
#1046=ORIENTED_EDGE('',*,*,#1450,.F.);
#1047=ORIENTED_EDGE('',*,*,#1456,.T.);
#1048=ORIENTED_EDGE('',*,*,#1457,.T.);
#1049=ORIENTED_EDGE('',*,*,#1458,.F.);
#1050=ORIENTED_EDGE('',*,*,#1454,.F.);
#1051=ORIENTED_EDGE('',*,*,#1487,.F.);
#1052=ORIENTED_EDGE('',*,*,#1456,.F.);
#1053=ORIENTED_EDGE('',*,*,#1488,.F.);
#1054=ORIENTED_EDGE('',*,*,#1466,.T.);
#1055=ORIENTED_EDGE('',*,*,#1467,.T.);
#1056=ORIENTED_EDGE('',*,*,#1468,.F.);
#1057=ORIENTED_EDGE('',*,*,#1465,.F.);
#1058=ORIENTED_EDGE('',*,*,#1466,.F.);
#1059=ORIENTED_EDGE('',*,*,#1464,.F.);
#1060=ORIENTED_EDGE('',*,*,#1463,.F.);
#1061=ORIENTED_EDGE('',*,*,#1472,.F.);
#1062=ORIENTED_EDGE('',*,*,#1471,.F.);
#1063=ORIENTED_EDGE('',*,*,#1470,.F.);
#1064=ORIENTED_EDGE('',*,*,#1469,.F.);
#1065=ORIENTED_EDGE('',*,*,#1484,.T.);
#1066=ORIENTED_EDGE('',*,*,#1483,.T.);
#1067=ORIENTED_EDGE('',*,*,#1468,.T.);
#1068=ORIENTED_EDGE('',*,*,#1487,.T.);
#1069=ORIENTED_EDGE('',*,*,#1481,.F.);
#1070=ORIENTED_EDGE('',*,*,#1477,.T.);
#1071=ORIENTED_EDGE('',*,*,#1491,.T.);
#1072=ORIENTED_EDGE('',*,*,#1459,.F.);
#1073=ORIENTED_EDGE('',*,*,#1457,.F.);
#1074=ORIENTED_EDGE('',*,*,#1494,.T.);
#1075=ORIENTED_EDGE('',*,*,#1500,.T.);
#1076=ORIENTED_EDGE('',*,*,#1493,.T.);
#1077=ORIENTED_EDGE('',*,*,#1461,.F.);
#1078=ORIENTED_EDGE('',*,*,#1492,.F.);
#1079=ORIENTED_EDGE('',*,*,#1471,.T.);
#1080=ORIENTED_EDGE('',*,*,#1495,.T.);
#1081=ORIENTED_EDGE('',*,*,#1497,.T.);
#1082=ORIENTED_EDGE('',*,*,#1501,.T.);
#1083=ORIENTED_EDGE('',*,*,#1503,.T.);
#1084=ORIENTED_EDGE('',*,*,#1475,.F.);
#1085=ORIENTED_EDGE('',*,*,#1474,.F.);
#1086=ORIENTED_EDGE('',*,*,#1475,.T.);
#1087=ORIENTED_EDGE('',*,*,#1473,.F.);
#1088=ORIENTED_EDGE('',*,*,#1482,.F.);
#1089=ORIENTED_EDGE('',*,*,#1480,.F.);
#1090=ORIENTED_EDGE('',*,*,#1482,.T.);
#1091=ORIENTED_EDGE('',*,*,#1478,.T.);
#1092=ORIENTED_EDGE('',*,*,#1479,.F.);
#1093=ORIENTED_EDGE('',*,*,#1477,.F.);
#1094=ORIENTED_EDGE('',*,*,#1476,.F.);
#1095=ORIENTED_EDGE('',*,*,#1478,.F.);
#1096=ORIENTED_EDGE('',*,*,#1485,.F.);
#1097=ORIENTED_EDGE('',*,*,#1484,.F.);
#1098=ORIENTED_EDGE('',*,*,#1467,.F.);
#1099=ORIENTED_EDGE('',*,*,#1469,.T.);
#1100=ORIENTED_EDGE('',*,*,#1486,.T.);
#1101=ORIENTED_EDGE('',*,*,#1498,.T.);
#1102=ORIENTED_EDGE('',*,*,#1504,.T.);
#1103=ORIENTED_EDGE('',*,*,#1454,.T.);
#1104=ORIENTED_EDGE('',*,*,#1455,.F.);
#1105=ORIENTED_EDGE('',*,*,#1489,.F.);
#1106=ORIENTED_EDGE('',*,*,#1464,.T.);
#1107=ORIENTED_EDGE('',*,*,#1465,.T.);
#1108=ORIENTED_EDGE('',*,*,#1483,.F.);
#1109=ORIENTED_EDGE('',*,*,#1485,.T.);
#1110=ORIENTED_EDGE('',*,*,#1476,.T.);
#1111=ORIENTED_EDGE('',*,*,#1481,.T.);
#1112=ORIENTED_EDGE('',*,*,#1488,.T.);
#1113=ORIENTED_EDGE('',*,*,#1473,.T.);
#1114=ORIENTED_EDGE('',*,*,#1492,.T.);
#1115=ORIENTED_EDGE('',*,*,#1460,.F.);
#1116=ORIENTED_EDGE('',*,*,#1491,.F.);
#1117=ORIENTED_EDGE('',*,*,#1479,.T.);
#1118=ORIENTED_EDGE('',*,*,#1486,.F.);
#1119=ORIENTED_EDGE('',*,*,#1470,.T.);
#1120=ORIENTED_EDGE('',*,*,#1490,.T.);
#1121=ORIENTED_EDGE('',*,*,#1462,.F.);
#1122=ORIENTED_EDGE('',*,*,#1493,.F.);
#1123=ORIENTED_EDGE('',*,*,#1472,.T.);
#1124=ORIENTED_EDGE('',*,*,#1474,.T.);
#1125=ORIENTED_EDGE('',*,*,#1480,.T.);
#1126=ORIENTED_EDGE('',*,*,#1458,.T.);
#1127=ORIENTED_EDGE('',*,*,#1459,.T.);
#1128=ORIENTED_EDGE('',*,*,#1460,.T.);
#1129=ORIENTED_EDGE('',*,*,#1461,.T.);
#1130=ORIENTED_EDGE('',*,*,#1462,.T.);
#1131=ORIENTED_EDGE('',*,*,#1453,.T.);
#1132=ORIENTED_EDGE('',*,*,#1455,.T.);
#1133=ORIENTED_EDGE('',*,*,#1463,.T.);
#1134=ORIENTED_EDGE('',*,*,#1489,.T.);
#1135=ORIENTED_EDGE('',*,*,#1453,.F.);
#1136=ORIENTED_EDGE('',*,*,#1490,.F.);
#1137=ORIENTED_EDGE('',*,*,#1496,.T.);
#1138=ORIENTED_EDGE('',*,*,#1495,.F.);
#1139=ORIENTED_EDGE('',*,*,#1496,.F.);
#1140=ORIENTED_EDGE('',*,*,#1494,.F.);
#1141=ORIENTED_EDGE('',*,*,#1499,.F.);
#1142=ORIENTED_EDGE('',*,*,#1498,.F.);
#1143=ORIENTED_EDGE('',*,*,#1499,.T.);
#1144=ORIENTED_EDGE('',*,*,#1497,.F.);
#1145=ORIENTED_EDGE('',*,*,#1502,.T.);
#1146=ORIENTED_EDGE('',*,*,#1501,.F.);
#1147=ORIENTED_EDGE('',*,*,#1502,.F.);
#1148=ORIENTED_EDGE('',*,*,#1500,.F.);
#1149=ORIENTED_EDGE('',*,*,#1505,.F.);
#1150=ORIENTED_EDGE('',*,*,#1504,.F.);
#1151=ORIENTED_EDGE('',*,*,#1505,.T.);
#1152=ORIENTED_EDGE('',*,*,#1503,.F.);
#1153=EDGE_CURVE('',#1859,#1860,#1596,.T.);
#1154=EDGE_CURVE('',#1860,#1861,#1597,.T.);
#1155=EDGE_CURVE('',#1862,#1861,#1598,.T.);
#1156=EDGE_CURVE('',#1859,#1862,#1599,.T.);
#1157=EDGE_CURVE('',#1860,#1863,#1600,.T.);
#1158=EDGE_CURVE('',#1863,#1864,#1601,.T.);
#1159=EDGE_CURVE('',#1861,#1864,#1602,.T.);
#1160=EDGE_CURVE('',#1863,#1865,#1603,.T.);
#1161=EDGE_CURVE('',#1865,#1866,#1604,.T.);
#1162=EDGE_CURVE('',#1864,#1866,#1605,.T.);
#1163=EDGE_CURVE('',#1865,#1867,#1606,.T.);
#1164=EDGE_CURVE('',#1867,#1868,#1607,.T.);
#1165=EDGE_CURVE('',#1866,#1868,#1608,.T.);
#1166=EDGE_CURVE('',#1867,#1869,#1609,.T.);
#1167=EDGE_CURVE('',#1869,#1870,#1610,.T.);
#1168=EDGE_CURVE('',#1868,#1870,#1611,.T.);
#1169=EDGE_CURVE('',#1869,#1871,#1612,.T.);
#1170=EDGE_CURVE('',#1871,#1872,#1613,.T.);
#1171=EDGE_CURVE('',#1870,#1872,#1614,.T.);
#1172=EDGE_CURVE('',#1871,#1873,#1615,.T.);
#1173=EDGE_CURVE('',#1873,#1874,#1616,.T.);
#1174=EDGE_CURVE('',#1872,#1874,#1617,.T.);
#1175=EDGE_CURVE('',#1873,#1913,#1618,.T.);
#1176=EDGE_CURVE('',#1875,#1876,#1619,.T.);
#1177=EDGE_CURVE('',#1874,#1876,#1620,.T.);
#1178=EDGE_CURVE('',#1875,#1877,#1621,.T.);
#1179=EDGE_CURVE('',#1877,#1878,#1622,.T.);
#1180=EDGE_CURVE('',#1876,#1878,#1623,.T.);
#1181=EDGE_CURVE('',#1877,#1879,#1624,.T.);
#1182=EDGE_CURVE('',#1879,#1880,#1625,.T.);
#1183=EDGE_CURVE('',#1878,#1880,#1626,.T.);
#1184=EDGE_CURVE('',#1879,#1881,#1627,.T.);
#1185=EDGE_CURVE('',#1881,#1882,#1628,.T.);
#1186=EDGE_CURVE('',#1880,#1882,#1629,.T.);
#1187=EDGE_CURVE('',#1881,#1883,#1630,.T.);
#1188=EDGE_CURVE('',#1883,#1884,#1631,.T.);
#1189=EDGE_CURVE('',#1882,#1884,#1632,.T.);
#1190=EDGE_CURVE('',#1883,#1885,#1633,.T.);
#1191=EDGE_CURVE('',#1885,#1886,#1634,.T.);
#1192=EDGE_CURVE('',#1884,#1886,#1635,.T.);
#1193=EDGE_CURVE('',#1885,#1887,#1636,.T.);
#1194=EDGE_CURVE('',#1887,#1888,#1637,.T.);
#1195=EDGE_CURVE('',#1886,#1888,#1638,.T.);
#1196=EDGE_CURVE('',#1887,#1889,#1639,.T.);
#1197=EDGE_CURVE('',#1889,#1890,#1640,.T.);
#1198=EDGE_CURVE('',#1888,#1890,#1641,.T.);
#1199=EDGE_CURVE('',#1890,#1862,#1642,.T.);
#1200=EDGE_CURVE('',#1891,#1891,#1643,.T.);
#1201=EDGE_CURVE('',#1892,#1892,#1644,.T.);
#1202=EDGE_CURVE('',#1893,#1893,#1645,.T.);
#1203=EDGE_CURVE('',#1894,#1894,#1646,.T.);
#1204=EDGE_CURVE('',#1891,#1892,#1647,.T.);
#1205=EDGE_CURVE('',#1893,#1894,#1648,.T.);
#1206=EDGE_CURVE('',#1895,#1896,#1649,.T.);
#1207=EDGE_CURVE('',#1895,#1897,#1650,.T.);
#1208=EDGE_CURVE('',#1897,#1898,#1651,.T.);
#1209=EDGE_CURVE('',#1896,#1898,#1652,.T.);
#1210=EDGE_CURVE('',#1897,#1933,#1653,.T.);
#1211=EDGE_CURVE('',#1899,#1900,#1654,.T.);
#1212=EDGE_CURVE('',#1898,#1934,#1655,.T.);
#1213=EDGE_CURVE('',#1899,#1901,#1656,.T.);
#1214=EDGE_CURVE('',#1901,#1902,#1657,.T.);
#1215=EDGE_CURVE('',#1900,#1902,#1658,.T.);
#1216=EDGE_CURVE('',#1901,#1916,#1659,.T.);
#1217=EDGE_CURVE('',#1902,#1915,#1660,.T.);
#1218=EDGE_CURVE('',#1903,#1903,#1661,.T.);
#1219=EDGE_CURVE('',#1903,#1904,#1662,.T.);
#1220=EDGE_CURVE('',#1904,#1904,#1663,.T.);
#1221=EDGE_CURVE('',#1905,#1905,#1664,.T.);
#1222=EDGE_CURVE('',#1905,#1906,#1665,.T.);
#1223=EDGE_CURVE('',#1906,#1906,#1666,.T.);
#1224=EDGE_CURVE('',#1907,#1907,#1667,.T.);
#1225=EDGE_CURVE('',#1907,#1908,#1668,.T.);
#1226=EDGE_CURVE('',#1908,#1908,#1669,.T.);
#1227=EDGE_CURVE('',#1909,#1909,#1670,.T.);
#1228=EDGE_CURVE('',#1909,#1910,#1671,.T.);
#1229=EDGE_CURVE('',#1910,#1910,#1672,.T.);
#1230=EDGE_CURVE('',#1911,#1911,#1673,.T.);
#1231=EDGE_CURVE('',#1911,#1912,#1674,.T.);
#1232=EDGE_CURVE('',#1912,#1912,#1675,.T.);
#1233=EDGE_CURVE('',#1913,#1914,#1676,.T.);
#1234=EDGE_CURVE('',#1915,#1916,#1677,.T.);
#1235=EDGE_CURVE('',#1914,#1915,#1678,.T.);
#1236=EDGE_CURVE('',#1916,#1875,#1679,.T.);
#1237=EDGE_CURVE('',#1913,#1895,#1680,.T.);
#1238=EDGE_CURVE('',#1914,#1896,#1681,.T.);
#1239=EDGE_CURVE('',#1889,#1859,#1682,.T.);
#1240=EDGE_CURVE('',#1917,#1929,#1683,.T.);
#1241=EDGE_CURVE('',#1918,#1930,#1684,.T.);
#1242=EDGE_CURVE('',#1917,#1918,#1685,.T.);
#1243=EDGE_CURVE('',#1919,#1949,#1686,.T.);
#1244=EDGE_CURVE('',#1920,#1950,#1687,.T.);
#1245=EDGE_CURVE('',#1919,#1920,#1688,.T.);
#1246=EDGE_CURVE('',#1921,#1937,#1689,.T.);
#1247=EDGE_CURVE('',#1922,#1938,#1690,.T.);
#1248=EDGE_CURVE('',#1921,#1922,#1691,.T.);
#1249=EDGE_CURVE('',#1923,#1941,#1692,.T.);
#1250=EDGE_CURVE('',#1924,#1942,#1693,.T.);
#1251=EDGE_CURVE('',#1923,#1924,#1694,.T.);
#1252=EDGE_CURVE('',#1927,#1921,#1695,.T.);
#1253=EDGE_CURVE('',#1928,#1922,#1696,.T.);
#1254=EDGE_CURVE('',#1925,#1926,#1697,.T.);
#1255=EDGE_CURVE('',#1927,#1928,#1698,.T.);
#1256=EDGE_CURVE('',#1925,#1927,#1506,.T.);
#1257=EDGE_CURVE('',#1926,#1928,#1507,.T.);
#1258=EDGE_CURVE('',#1931,#1925,#1699,.T.);
#1259=EDGE_CURVE('',#1932,#1926,#1700,.T.);
#1260=EDGE_CURVE('',#1930,#1929,#1701,.T.);
#1261=EDGE_CURVE('',#1932,#1931,#1702,.T.);
#1262=EDGE_CURVE('',#1930,#1932,#1508,.T.);
#1263=EDGE_CURVE('',#1929,#1931,#1509,.T.);
#1264=EDGE_CURVE('',#1935,#1917,#1703,.T.);
#1265=EDGE_CURVE('',#1936,#1918,#1704,.T.);
#1266=EDGE_CURVE('',#1933,#1934,#1705,.T.);
#1267=EDGE_CURVE('',#1935,#1936,#1706,.T.);
#1268=EDGE_CURVE('',#1933,#1935,#1510,.T.);
#1269=EDGE_CURVE('',#1934,#1936,#1511,.T.);
#1270=EDGE_CURVE('',#1939,#1943,#1707,.T.);
#1271=EDGE_CURVE('',#1940,#1944,#1708,.T.);
#1272=EDGE_CURVE('',#1938,#1937,#1709,.T.);
#1273=EDGE_CURVE('',#1940,#1939,#1710,.T.);
#1274=EDGE_CURVE('',#1938,#1940,#1512,.T.);
#1275=EDGE_CURVE('',#1937,#1939,#1513,.T.);
#1276=EDGE_CURVE('',#1944,#1943,#1711,.T.);
#1277=EDGE_CURVE('',#1942,#1941,#1712,.T.);
#1278=EDGE_CURVE('',#1944,#1942,#1514,.T.);
#1279=EDGE_CURVE('',#1943,#1941,#1515,.T.);
#1280=EDGE_CURVE('',#1945,#1923,#1713,.T.);
#1281=EDGE_CURVE('',#1946,#1924,#1714,.T.);
#1282=EDGE_CURVE('',#1947,#1951,#1715,.T.);
#1283=EDGE_CURVE('',#1948,#1952,#1716,.T.);
#1284=EDGE_CURVE('',#1945,#1946,#1717,.T.);
#1285=EDGE_CURVE('',#1947,#1948,#1718,.T.);
#1286=EDGE_CURVE('',#1945,#1947,#1516,.T.);
#1287=EDGE_CURVE('',#1946,#1948,#1517,.T.);
#1288=EDGE_CURVE('',#1950,#1949,#1719,.T.);
#1289=EDGE_CURVE('',#1952,#1951,#1720,.T.);
#1290=EDGE_CURVE('',#1952,#1950,#1518,.T.);
#1291=EDGE_CURVE('',#1951,#1949,#1519,.T.);
#1292=EDGE_CURVE('',#1953,#1919,#1721,.T.);
#1293=EDGE_CURVE('',#1954,#1920,#1722,.T.);
#1294=EDGE_CURVE('',#1955,#1899,#1723,.T.);
#1295=EDGE_CURVE('',#1956,#1900,#1724,.T.);
#1296=EDGE_CURVE('',#1955,#1956,#1725,.T.);
#1297=EDGE_CURVE('',#1953,#1954,#1726,.T.);
#1298=EDGE_CURVE('',#1953,#1955,#1520,.T.);
#1299=EDGE_CURVE('',#1954,#1956,#1521,.T.);
#1300=EDGE_CURVE('',#1992,#1992,#1727,.T.);
#1301=EDGE_CURVE('',#1996,#1966,#1728,.T.);
#1302=EDGE_CURVE('',#1990,#1991,#1729,.T.);
#1303=EDGE_CURVE('',#1957,#1958,#1522,.T.);
#1304=EDGE_CURVE('',#2006,#1958,#1730,.T.);
#1305=EDGE_CURVE('',#2005,#1957,#1731,.T.);
#1306=EDGE_CURVE('',#1994,#1958,#1523,.T.);
#1307=EDGE_CURVE('',#1959,#1997,#1524,.T.);
#1308=EDGE_CURVE('',#1960,#1998,#1525,.T.);
#1309=EDGE_CURVE('',#1960,#1959,#1526,.T.);
#1310=EDGE_CURVE('',#1961,#1962,#1527,.T.);
#1311=EDGE_CURVE('',#1960,#1962,#1732,.T.);
#1312=EDGE_CURVE('',#1959,#1961,#1733,.T.);
#1313=EDGE_CURVE('',#1963,#1963,#1734,.T.);
#1314=EDGE_CURVE('',#1963,#1964,#1735,.T.);
#1315=EDGE_CURVE('',#1964,#1964,#1736,.T.);
#1316=EDGE_CURVE('',#1994,#1995,#1528,.T.);
#1317=EDGE_CURVE('',#1994,#1993,#1529,.T.);
#1318=EDGE_CURVE('',#1993,#1996,#1530,.T.);
#1319=EDGE_CURVE('',#1995,#1996,#1531,.T.);
#1320=EDGE_CURVE('',#1997,#1998,#1532,.T.);
#1321=EDGE_CURVE('',#2000,#1999,#1737,.T.);
#1322=EDGE_CURVE('',#2000,#1997,#1533,.T.);
#1323=EDGE_CURVE('',#1999,#1998,#1534,.T.);
#1324=EDGE_CURVE('',#2001,#1961,#1535,.T.);
#1325=EDGE_CURVE('',#2002,#1962,#1536,.T.);
#1326=EDGE_CURVE('',#2003,#1967,#1738,.T.);
#1327=EDGE_CURVE('',#2004,#1968,#1739,.T.);
#1328=EDGE_CURVE('',#2002,#2001,#1537,.T.);
#1329=EDGE_CURVE('',#2003,#2004,#1740,.T.);
#1330=EDGE_CURVE('',#2002,#2003,#1538,.T.);
#1331=EDGE_CURVE('',#2001,#2004,#1539,.T.);
#1332=EDGE_CURVE('',#2005,#2006,#1540,.T.);
#1333=EDGE_CURVE('',#2007,#2008,#1541,.T.);
#1334=EDGE_CURVE('',#1990,#1972,#1741,.T.);
#1335=EDGE_CURVE('',#1992,#1991,#1742,.T.);
#1336=EDGE_CURVE('',#1993,#1957,#1542,.T.);
#1337=EDGE_CURVE('',#1988,#2008,#1743,.T.);
#1338=EDGE_CURVE('',#1989,#1990,#1543,.T.);
#1339=EDGE_CURVE('',#1965,#1966,#1744,.T.);
#1340=EDGE_CURVE('',#1991,#1989,#1745,.T.);
#1341=EDGE_CURVE('',#1965,#1999,#1746,.T.);
#1342=EDGE_CURVE('',#1967,#1968,#1747,.T.);
#1343=EDGE_CURVE('',#1966,#2000,#1748,.T.);
#1344=EDGE_CURVE('',#1967,#1969,#1749,.T.);
#1345=EDGE_CURVE('',#1969,#1970,#1750,.T.);
#1346=EDGE_CURVE('',#1968,#1970,#1751,.T.);
#1347=EDGE_CURVE('',#1969,#1971,#1752,.T.);
#1348=EDGE_CURVE('',#1971,#1989,#1753,.T.);
#1349=EDGE_CURVE('',#1970,#1972,#1754,.T.);
#1350=EDGE_CURVE('',#1971,#1973,#1755,.T.);
#1351=EDGE_CURVE('',#1973,#1974,#1756,.T.);
#1352=EDGE_CURVE('',#1972,#1974,#1757,.T.);
#1353=EDGE_CURVE('',#1973,#1975,#1758,.T.);
#1354=EDGE_CURVE('',#1975,#1976,#1759,.T.);
#1355=EDGE_CURVE('',#1974,#1976,#1760,.T.);
#1356=EDGE_CURVE('',#1975,#1977,#1761,.T.);
#1357=EDGE_CURVE('',#1977,#1978,#1762,.T.);
#1358=EDGE_CURVE('',#1976,#1978,#1763,.T.);
#1359=EDGE_CURVE('',#1977,#1979,#1764,.T.);
#1360=EDGE_CURVE('',#1979,#1980,#1765,.T.);
#1361=EDGE_CURVE('',#1978,#1980,#1766,.T.);
#1362=EDGE_CURVE('',#1979,#1981,#1767,.T.);
#1363=EDGE_CURVE('',#1981,#1982,#1768,.T.);
#1364=EDGE_CURVE('',#1980,#1982,#1769,.T.);
#1365=EDGE_CURVE('',#1981,#1983,#1770,.T.);
#1366=EDGE_CURVE('',#1983,#1984,#1771,.T.);
#1367=EDGE_CURVE('',#1982,#1984,#1772,.T.);
#1368=EDGE_CURVE('',#1983,#1985,#1773,.T.);
#1369=EDGE_CURVE('',#1985,#1986,#1774,.T.);
#1370=EDGE_CURVE('',#1984,#1986,#1775,.T.);
#1371=EDGE_CURVE('',#1985,#1987,#1776,.T.);
#1372=EDGE_CURVE('',#1987,#1988,#1777,.T.);
#1373=EDGE_CURVE('',#1986,#1988,#1778,.T.);
#1374=EDGE_CURVE('',#1987,#2007,#1779,.T.);
#1375=EDGE_CURVE('',#1995,#1965,#1780,.T.);
#1376=EDGE_CURVE('',#2044,#2044,#1781,.T.);
#1377=EDGE_CURVE('',#2048,#2018,#1782,.T.);
#1378=EDGE_CURVE('',#2042,#2043,#1783,.T.);
#1379=EDGE_CURVE('',#2009,#2010,#1544,.T.);
#1380=EDGE_CURVE('',#2006,#2010,#1784,.T.);
#1381=EDGE_CURVE('',#2005,#2009,#1785,.T.);
#1382=EDGE_CURVE('',#2046,#2010,#1545,.T.);
#1383=EDGE_CURVE('',#2011,#2049,#1546,.T.);
#1384=EDGE_CURVE('',#2012,#2050,#1547,.T.);
#1385=EDGE_CURVE('',#2012,#2011,#1548,.T.);
#1386=EDGE_CURVE('',#2013,#2014,#1549,.T.);
#1387=EDGE_CURVE('',#2012,#2014,#1786,.T.);
#1388=EDGE_CURVE('',#2011,#2013,#1787,.T.);
#1389=EDGE_CURVE('',#2015,#2015,#1788,.T.);
#1390=EDGE_CURVE('',#2015,#2016,#1789,.T.);
#1391=EDGE_CURVE('',#2016,#2016,#1790,.T.);
#1392=EDGE_CURVE('',#2046,#2047,#1550,.T.);
#1393=EDGE_CURVE('',#2046,#2045,#1551,.T.);
#1394=EDGE_CURVE('',#2045,#2048,#1552,.T.);
#1395=EDGE_CURVE('',#2047,#2048,#1553,.T.);
#1396=EDGE_CURVE('',#2049,#2050,#1554,.T.);
#1397=EDGE_CURVE('',#2052,#2051,#1791,.T.);
#1398=EDGE_CURVE('',#2052,#2049,#1555,.T.);
#1399=EDGE_CURVE('',#2051,#2050,#1556,.T.);
#1400=EDGE_CURVE('',#2053,#2013,#1557,.T.);
#1401=EDGE_CURVE('',#2054,#2014,#1558,.T.);
#1402=EDGE_CURVE('',#2055,#2019,#1792,.T.);
#1403=EDGE_CURVE('',#2056,#2020,#1793,.T.);
#1404=EDGE_CURVE('',#2054,#2053,#1559,.T.);
#1405=EDGE_CURVE('',#2055,#2056,#1794,.T.);
#1406=EDGE_CURVE('',#2054,#2055,#1560,.T.);
#1407=EDGE_CURVE('',#2053,#2056,#1561,.T.);
#1408=EDGE_CURVE('',#2042,#2024,#1795,.T.);
#1409=EDGE_CURVE('',#2044,#2043,#1796,.T.);
#1410=EDGE_CURVE('',#2045,#2009,#1562,.T.);
#1411=EDGE_CURVE('',#2040,#2008,#1797,.T.);
#1412=EDGE_CURVE('',#2041,#2042,#1563,.T.);
#1413=EDGE_CURVE('',#2017,#2018,#1798,.T.);
#1414=EDGE_CURVE('',#2043,#2041,#1799,.T.);
#1415=EDGE_CURVE('',#2017,#2051,#1800,.T.);
#1416=EDGE_CURVE('',#2019,#2020,#1801,.T.);
#1417=EDGE_CURVE('',#2018,#2052,#1802,.T.);
#1418=EDGE_CURVE('',#2019,#2021,#1803,.T.);
#1419=EDGE_CURVE('',#2021,#2022,#1804,.T.);
#1420=EDGE_CURVE('',#2020,#2022,#1805,.T.);
#1421=EDGE_CURVE('',#2021,#2023,#1806,.T.);
#1422=EDGE_CURVE('',#2023,#2041,#1807,.T.);
#1423=EDGE_CURVE('',#2022,#2024,#1808,.T.);
#1424=EDGE_CURVE('',#2023,#2025,#1809,.T.);
#1425=EDGE_CURVE('',#2025,#2026,#1810,.T.);
#1426=EDGE_CURVE('',#2024,#2026,#1811,.T.);
#1427=EDGE_CURVE('',#2025,#2027,#1812,.T.);
#1428=EDGE_CURVE('',#2027,#2028,#1813,.T.);
#1429=EDGE_CURVE('',#2026,#2028,#1814,.T.);
#1430=EDGE_CURVE('',#2027,#2029,#1815,.T.);
#1431=EDGE_CURVE('',#2029,#2030,#1816,.T.);
#1432=EDGE_CURVE('',#2028,#2030,#1817,.T.);
#1433=EDGE_CURVE('',#2029,#2031,#1818,.T.);
#1434=EDGE_CURVE('',#2031,#2032,#1819,.T.);
#1435=EDGE_CURVE('',#2030,#2032,#1820,.T.);
#1436=EDGE_CURVE('',#2031,#2033,#1821,.T.);
#1437=EDGE_CURVE('',#2033,#2034,#1822,.T.);
#1438=EDGE_CURVE('',#2032,#2034,#1823,.T.);
#1439=EDGE_CURVE('',#2033,#2035,#1824,.T.);
#1440=EDGE_CURVE('',#2035,#2036,#1825,.T.);
#1441=EDGE_CURVE('',#2034,#2036,#1826,.T.);
#1442=EDGE_CURVE('',#2035,#2037,#1827,.T.);
#1443=EDGE_CURVE('',#2037,#2038,#1828,.T.);
#1444=EDGE_CURVE('',#2036,#2038,#1829,.T.);
#1445=EDGE_CURVE('',#2037,#2039,#1830,.T.);
#1446=EDGE_CURVE('',#2039,#2040,#1831,.T.);
#1447=EDGE_CURVE('',#2038,#2040,#1832,.T.);
#1448=EDGE_CURVE('',#2039,#2007,#1833,.T.);
#1449=EDGE_CURVE('',#2047,#2017,#1834,.T.);
#1450=EDGE_CURVE('',#2057,#2057,#1835,.T.);
#1451=EDGE_CURVE('',#2058,#2058,#1836,.T.);
#1452=EDGE_CURVE('',#2057,#2058,#1837,.T.);
#1453=EDGE_CURVE('',#2060,#2059,#1564,.T.);
#1454=EDGE_CURVE('',#2061,#2062,#1565,.T.);
#1455=EDGE_CURVE('',#2059,#2062,#1566,.T.);
#1456=EDGE_CURVE('',#2061,#2063,#1567,.T.);
#1457=EDGE_CURVE('',#2063,#2064,#1568,.T.);
#1458=EDGE_CURVE('',#2062,#2064,#1569,.T.);
#1459=EDGE_CURVE('',#2064,#2065,#1570,.T.);
#1460=EDGE_CURVE('',#2065,#2066,#1571,.T.);
#1461=EDGE_CURVE('',#2066,#2067,#1572,.T.);
#1462=EDGE_CURVE('',#2067,#2060,#1573,.T.);
#1463=EDGE_CURVE('',#2068,#2069,#1574,.T.);
#1464=EDGE_CURVE('',#2069,#2070,#1575,.T.);
#1465=EDGE_CURVE('',#2070,#2071,#1576,.T.);
#1466=EDGE_CURVE('',#2070,#2072,#1577,.T.);
#1467=EDGE_CURVE('',#2072,#2073,#1578,.T.);
#1468=EDGE_CURVE('',#2071,#2073,#1579,.T.);
#1469=EDGE_CURVE('',#2072,#2074,#1580,.T.);
#1470=EDGE_CURVE('',#2074,#2075,#1581,.T.);
#1471=EDGE_CURVE('',#2075,#2076,#1582,.T.);
#1472=EDGE_CURVE('',#2076,#2068,#1583,.T.);
#1473=EDGE_CURVE('',#2077,#2077,#1838,.T.);
#1474=EDGE_CURVE('',#2078,#2078,#1839,.T.);
#1475=EDGE_CURVE('',#2078,#2077,#1840,.T.);
#1476=EDGE_CURVE('',#2079,#2080,#1841,.T.);
#1477=EDGE_CURVE('',#2080,#2081,#1842,.T.);
#1478=EDGE_CURVE('',#2079,#2082,#1843,.T.);
#1479=EDGE_CURVE('',#2081,#2082,#1844,.T.);
#1480=EDGE_CURVE('',#2083,#2083,#1845,.T.);
#1481=EDGE_CURVE('',#2080,#2085,#1584,.T.);
#1482=EDGE_CURVE('',#2083,#2079,#1846,.T.);
#1483=EDGE_CURVE('',#2084,#2071,#1585,.T.);
#1484=EDGE_CURVE('',#2073,#2084,#1586,.T.);
#1485=EDGE_CURVE('',#2084,#2079,#1587,.T.);
#1486=EDGE_CURVE('',#2074,#2082,#1588,.T.);
#1487=EDGE_CURVE('',#2063,#2085,#1589,.T.);
#1488=EDGE_CURVE('',#2085,#2061,#1590,.T.);
#1489=EDGE_CURVE('',#2069,#2059,#1591,.T.);
#1490=EDGE_CURVE('',#2068,#2060,#1592,.T.);
#1491=EDGE_CURVE('',#2081,#2065,#1593,.T.);
#1492=EDGE_CURVE('',#2075,#2066,#1594,.T.);
#1493=EDGE_CURVE('',#2076,#2067,#1595,.T.);
#1494=EDGE_CURVE('',#2086,#2086,#1847,.T.);
#1495=EDGE_CURVE('',#2087,#2087,#1848,.T.);
#1496=EDGE_CURVE('',#2086,#2087,#1849,.T.);
#1497=EDGE_CURVE('',#2088,#2088,#1850,.T.);
#1498=EDGE_CURVE('',#2089,#2089,#1851,.T.);
#1499=EDGE_CURVE('',#2089,#2088,#1852,.T.);
#1500=EDGE_CURVE('',#2090,#2090,#1853,.T.);
#1501=EDGE_CURVE('',#2091,#2091,#1854,.T.);
#1502=EDGE_CURVE('',#2090,#2091,#1855,.T.);
#1503=EDGE_CURVE('',#2092,#2092,#1856,.T.);
#1504=EDGE_CURVE('',#2093,#2093,#1857,.T.);
#1505=EDGE_CURVE('',#2093,#2092,#1858,.T.);
#1506=B_SPLINE_CURVE_WITH_KNOTS('',5,(#3173,#3174,#3175,#3176,#3177,#3178),
 .UNSPECIFIED.,.F.,.F.,(6,6),(0.,5.11612009153641),.UNSPECIFIED.);
#1507=B_SPLINE_CURVE_WITH_KNOTS('',5,(#3179,#3180,#3181,#3182,#3183,#3184),
 .UNSPECIFIED.,.F.,.F.,(6,6),(0.,5.11612009153641),.UNSPECIFIED.);
#1508=B_SPLINE_CURVE_WITH_KNOTS('',5,(#3199,#3200,#3201,#3202,#3203,#3204),
 .UNSPECIFIED.,.F.,.F.,(6,6),(-5.11612009153635,0.),.UNSPECIFIED.);
#1509=B_SPLINE_CURVE_WITH_KNOTS('',5,(#3205,#3206,#3207,#3208,#3209,#3210),
 .UNSPECIFIED.,.F.,.F.,(6,6),(-5.11612009153635,0.),.UNSPECIFIED.);
#1510=B_SPLINE_CURVE_WITH_KNOTS('',5,(#3221,#3222,#3223,#3224,#3225,#3226),
 .UNSPECIFIED.,.F.,.F.,(6,6),(0.,5.11612009153649),.UNSPECIFIED.);
#1511=B_SPLINE_CURVE_WITH_KNOTS('',5,(#3227,#3228,#3229,#3230,#3231,#3232),
 .UNSPECIFIED.,.F.,.F.,(6,6),(0.,5.11612009153649),.UNSPECIFIED.);
#1512=B_SPLINE_CURVE_WITH_KNOTS('',5,(#3247,#3248,#3249,#3250,#3251,#3252),
 .UNSPECIFIED.,.F.,.F.,(6,6),(-5.11612009153652,0.),.UNSPECIFIED.);
#1513=B_SPLINE_CURVE_WITH_KNOTS('',5,(#3253,#3254,#3255,#3256,#3257,#3258),
 .UNSPECIFIED.,.F.,.F.,(6,6),(-5.11612009153652,0.),.UNSPECIFIED.);
#1514=B_SPLINE_CURVE_WITH_KNOTS('',5,(#3263,#3264,#3265,#3266,#3267,#3268),
 .UNSPECIFIED.,.F.,.F.,(6,6),(0.,5.11612009153602),.UNSPECIFIED.);
#1515=B_SPLINE_CURVE_WITH_KNOTS('',5,(#3269,#3270,#3271,#3272,#3273,#3274),
 .UNSPECIFIED.,.F.,.F.,(6,6),(0.,5.11612009153602),.UNSPECIFIED.);
#1516=B_SPLINE_CURVE_WITH_KNOTS('',5,(#3299,#3300,#3301,#3302,#3303,#3304),
 .UNSPECIFIED.,.F.,.F.,(6,6),(-5.11612009153694,0.),.UNSPECIFIED.);
#1517=B_SPLINE_CURVE_WITH_KNOTS('',5,(#3305,#3306,#3307,#3308,#3309,#3310),
 .UNSPECIFIED.,.F.,.F.,(6,6),(-5.11612009153694,0.),.UNSPECIFIED.);
#1518=B_SPLINE_CURVE_WITH_KNOTS('',5,(#3315,#3316,#3317,#3318,#3319,#3320),
 .UNSPECIFIED.,.F.,.F.,(6,6),(0.,5.11612009153594),.UNSPECIFIED.);
#1519=B_SPLINE_CURVE_WITH_KNOTS('',5,(#3321,#3322,#3323,#3324,#3325,#3326),
 .UNSPECIFIED.,.F.,.F.,(6,6),(0.,5.11612009153594),.UNSPECIFIED.);
#1520=B_SPLINE_CURVE_WITH_KNOTS('',5,(#3347,#3348,#3349,#3350,#3351,#3352),
 .UNSPECIFIED.,.F.,.F.,(6,6),(-5.11612009153627,0.),.UNSPECIFIED.);
#1521=B_SPLINE_CURVE_WITH_KNOTS('',5,(#3353,#3354,#3355,#3356,#3357,#3358),
 .UNSPECIFIED.,.F.,.F.,(6,6),(-5.11612009153627,0.),.UNSPECIFIED.);
#1522=B_SPLINE_CURVE_WITH_KNOTS('',1,(#3641,#3642),.UNSPECIFIED.,.F.,.F.,
(2,2),(0.,8.),.UNSPECIFIED.);
#1523=B_SPLINE_CURVE_WITH_KNOTS('',1,(#3649,#3650),.UNSPECIFIED.,.F.,.F.,
(2,2),(12.9872303779459,14.),.UNSPECIFIED.);
#1524=B_SPLINE_CURVE_WITH_KNOTS('',1,(#3651,#3652),.UNSPECIFIED.,.F.,.F.,
(2,2),(0.,0.00227217022243988),.UNSPECIFIED.);
#1525=B_SPLINE_CURVE_WITH_KNOTS('',1,(#3653,#3654),.UNSPECIFIED.,.F.,.F.,
(2,2),(0.,0.00227217022256887),.UNSPECIFIED.);
#1526=B_SPLINE_CURVE_WITH_KNOTS('',1,(#3655,#3656),.UNSPECIFIED.,.F.,.F.,
(2,2),(-8.,0.),.UNSPECIFIED.);
#1527=B_SPLINE_CURVE_WITH_KNOTS('',1,(#3657,#3658),.UNSPECIFIED.,.F.,.F.,
(2,2),(0.,8.),.UNSPECIFIED.);
#1528=B_SPLINE_CURVE_WITH_KNOTS('',5,(#3689,#3690,#3691,#3692,#3693,#3694),
 .UNSPECIFIED.,.F.,.F.,(6,6),(0.,3.9674395101001),.UNSPECIFIED.);
#1529=B_SPLINE_CURVE_WITH_KNOTS('',1,(#3695,#3696),.UNSPECIFIED.,.F.,.F.,
(2,2),(5.32907051820075E-15,8.),.UNSPECIFIED.);
#1530=B_SPLINE_CURVE_WITH_KNOTS('',5,(#3697,#3698,#3699,#3700,#3701,#3702),
 .UNSPECIFIED.,.F.,.F.,(6,6),(0.,3.9674395101001),.UNSPECIFIED.);
#1531=B_SPLINE_CURVE_WITH_KNOTS('',1,(#3703,#3704),.UNSPECIFIED.,.F.,.F.,
(2,2),(5.32907051820075E-15,8.),.UNSPECIFIED.);
#1532=B_SPLINE_CURVE_WITH_KNOTS('',1,(#3705,#3706),.UNSPECIFIED.,.F.,.F.,
(2,2),(0.,8.),.UNSPECIFIED.);
#1533=B_SPLINE_CURVE_WITH_KNOTS('',5,(#3709,#3710,#3711,#3712,#3713,#3714),
 .UNSPECIFIED.,.F.,.F.,(6,6),(-5.64852813742336,0.),.UNSPECIFIED.);
#1534=B_SPLINE_CURVE_WITH_KNOTS('',5,(#3715,#3716,#3717,#3718,#3719,#3720),
 .UNSPECIFIED.,.F.,.F.,(6,6),(-5.64852813742336,0.),.UNSPECIFIED.);
#1535=B_SPLINE_CURVE_WITH_KNOTS('',1,(#3721,#3722),.UNSPECIFIED.,.F.,.F.,
(2,2),(13.9977278297779,14.),.UNSPECIFIED.);
#1536=B_SPLINE_CURVE_WITH_KNOTS('',1,(#3723,#3724),.UNSPECIFIED.,.F.,.F.,
(2,2),(13.9977278297779,14.),.UNSPECIFIED.);
#1537=B_SPLINE_CURVE_WITH_KNOTS('',1,(#3731,#3732),.UNSPECIFIED.,.F.,.F.,
(2,2),(0.,8.),.UNSPECIFIED.);
#1538=B_SPLINE_CURVE_WITH_KNOTS('',5,(#3735,#3736,#3737,#3738,#3739,#3740),
 .UNSPECIFIED.,.F.,.F.,(6,6),(0.,5.64852813742499),.UNSPECIFIED.);
#1539=B_SPLINE_CURVE_WITH_KNOTS('',5,(#3741,#3742,#3743,#3744,#3745,#3746),
 .UNSPECIFIED.,.F.,.F.,(6,6),(0.,5.64852813742499),.UNSPECIFIED.);
#1540=B_SPLINE_CURVE_WITH_KNOTS('',1,(#3747,#3748),.UNSPECIFIED.,.F.,.F.,
(2,2),(-14.6000000000001,-6.60000000000008),.UNSPECIFIED.);
#1541=B_SPLINE_CURVE_WITH_KNOTS('',1,(#3749,#3750),.UNSPECIFIED.,.F.,.F.,
(2,2),(6.60000000000008,14.6000000000001),.UNSPECIFIED.);
#1542=B_SPLINE_CURVE_WITH_KNOTS('',1,(#3755,#3756),.UNSPECIFIED.,.F.,.F.,
(2,2),(12.987230377946,14.),.UNSPECIFIED.);
#1543=B_SPLINE_CURVE_WITH_KNOTS('',3,(#3760,#3761,#3762,#3763,#3764,#3765,
#3766,#3767,#3768,#3769,#3770,#3771,#3772,#3773,#3774,#3775,#3776,#3777,
#3778),.UNSPECIFIED.,.F.,.F.,(4,2,2,2,3,2,2,2,4),(0.,0.55714832259193,1.11240881425497,
1.66774072746101,2.22545802291411,2.78317531836687,3.33850723157247,3.8937677232355,
4.45091604582822),.UNSPECIFIED.);
#1544=B_SPLINE_CURVE_WITH_KNOTS('',1,(#3905,#3906),.UNSPECIFIED.,.F.,.F.,
(2,2),(0.,8.),.UNSPECIFIED.);
#1545=B_SPLINE_CURVE_WITH_KNOTS('',1,(#3913,#3914),.UNSPECIFIED.,.F.,.F.,
(2,2),(12.9872303779459,14.),.UNSPECIFIED.);
#1546=B_SPLINE_CURVE_WITH_KNOTS('',1,(#3915,#3916),.UNSPECIFIED.,.F.,.F.,
(2,2),(0.,0.00227217022243988),.UNSPECIFIED.);
#1547=B_SPLINE_CURVE_WITH_KNOTS('',1,(#3917,#3918),.UNSPECIFIED.,.F.,.F.,
(2,2),(0.,0.00227217022256887),.UNSPECIFIED.);
#1548=B_SPLINE_CURVE_WITH_KNOTS('',1,(#3919,#3920),.UNSPECIFIED.,.F.,.F.,
(2,2),(-8.,0.),.UNSPECIFIED.);
#1549=B_SPLINE_CURVE_WITH_KNOTS('',1,(#3921,#3922),.UNSPECIFIED.,.F.,.F.,
(2,2),(0.,8.),.UNSPECIFIED.);
#1550=B_SPLINE_CURVE_WITH_KNOTS('',5,(#3953,#3954,#3955,#3956,#3957,#3958),
 .UNSPECIFIED.,.F.,.F.,(6,6),(0.,3.9674395101001),.UNSPECIFIED.);
#1551=B_SPLINE_CURVE_WITH_KNOTS('',1,(#3959,#3960),.UNSPECIFIED.,.F.,.F.,
(2,2),(5.32907051820075E-15,8.),.UNSPECIFIED.);
#1552=B_SPLINE_CURVE_WITH_KNOTS('',5,(#3961,#3962,#3963,#3964,#3965,#3966),
 .UNSPECIFIED.,.F.,.F.,(6,6),(0.,3.9674395101001),.UNSPECIFIED.);
#1553=B_SPLINE_CURVE_WITH_KNOTS('',1,(#3967,#3968),.UNSPECIFIED.,.F.,.F.,
(2,2),(5.32907051820075E-15,8.),.UNSPECIFIED.);
#1554=B_SPLINE_CURVE_WITH_KNOTS('',1,(#3969,#3970),.UNSPECIFIED.,.F.,.F.,
(2,2),(0.,8.),.UNSPECIFIED.);
#1555=B_SPLINE_CURVE_WITH_KNOTS('',5,(#3973,#3974,#3975,#3976,#3977,#3978),
 .UNSPECIFIED.,.F.,.F.,(6,6),(-5.64852813742336,0.),.UNSPECIFIED.);
#1556=B_SPLINE_CURVE_WITH_KNOTS('',5,(#3979,#3980,#3981,#3982,#3983,#3984),
 .UNSPECIFIED.,.F.,.F.,(6,6),(-5.64852813742336,0.),.UNSPECIFIED.);
#1557=B_SPLINE_CURVE_WITH_KNOTS('',1,(#3985,#3986),.UNSPECIFIED.,.F.,.F.,
(2,2),(13.9977278297779,14.),.UNSPECIFIED.);
#1558=B_SPLINE_CURVE_WITH_KNOTS('',1,(#3987,#3988),.UNSPECIFIED.,.F.,.F.,
(2,2),(13.9977278297779,14.),.UNSPECIFIED.);
#1559=B_SPLINE_CURVE_WITH_KNOTS('',1,(#3995,#3996),.UNSPECIFIED.,.F.,.F.,
(2,2),(0.,8.),.UNSPECIFIED.);
#1560=B_SPLINE_CURVE_WITH_KNOTS('',5,(#3999,#4000,#4001,#4002,#4003,#4004),
 .UNSPECIFIED.,.F.,.F.,(6,6),(0.,5.64852813742499),.UNSPECIFIED.);
#1561=B_SPLINE_CURVE_WITH_KNOTS('',5,(#4005,#4006,#4007,#4008,#4009,#4010),
 .UNSPECIFIED.,.F.,.F.,(6,6),(0.,5.64852813742499),.UNSPECIFIED.);
#1562=B_SPLINE_CURVE_WITH_KNOTS('',1,(#4015,#4016),.UNSPECIFIED.,.F.,.F.,
(2,2),(12.987230377946,14.),.UNSPECIFIED.);
#1563=B_SPLINE_CURVE_WITH_KNOTS('',3,(#4020,#4021,#4022,#4023,#4024,#4025,
#4026,#4027,#4028,#4029,#4030,#4031,#4032,#4033,#4034,#4035,#4036,#4037,
#4038),.UNSPECIFIED.,.F.,.F.,(4,2,2,2,3,2,2,2,4),(0.,0.55714832259193,1.11240881425497,
1.66774072746101,2.22545802291411,2.78317531836687,3.33850723157247,3.8937677232355,
4.45091604582822),.UNSPECIFIED.);
#1564=B_SPLINE_CURVE_WITH_KNOTS('',1,(#4219,#4220),.UNSPECIFIED.,.F.,.F.,
(2,2),(-89.4938049316406,-85.4938049316406),.UNSPECIFIED.);
#1565=B_SPLINE_CURVE_WITH_KNOTS('',1,(#4221,#4222),.UNSPECIFIED.,.F.,.F.,
(2,2),(0.,2.),.UNSPECIFIED.);
#1566=B_SPLINE_CURVE_WITH_KNOTS('',1,(#4223,#4224),.UNSPECIFIED.,.F.,.F.,
(2,2),(-85.4938049316406,-70.5835189819336),.UNSPECIFIED.);
#1567=B_SPLINE_CURVE_WITH_KNOTS('',1,(#4225,#4226),.UNSPECIFIED.,.F.,.F.,
(2,2),(-70.5835189819336,-65.2038726806641),.UNSPECIFIED.);
#1568=B_SPLINE_CURVE_WITH_KNOTS('',1,(#4227,#4228),.UNSPECIFIED.,.F.,.F.,
(2,2),(0.,2.),.UNSPECIFIED.);
#1569=B_SPLINE_CURVE_WITH_KNOTS('',1,(#4229,#4230),.UNSPECIFIED.,.F.,.F.,
(2,2),(-70.5835189819336,-65.2038726806641),.UNSPECIFIED.);
#1570=B_SPLINE_CURVE_WITH_KNOTS('',1,(#4231,#4232),.UNSPECIFIED.,.F.,.F.,
(2,2),(-65.2038726806641,-48.4538726806641),.UNSPECIFIED.);
#1571=B_SPLINE_CURVE_WITH_KNOTS('',1,(#4233,#4234),.UNSPECIFIED.,.F.,.F.,
(2,2),(-48.4538726806641,-44.7469024658203),.UNSPECIFIED.);
#1572=B_SPLINE_CURVE_WITH_KNOTS('',1,(#4235,#4236),.UNSPECIFIED.,.F.,.F.,
(2,2),(-44.7469024658203,-23.9969024658203),.UNSPECIFIED.);
#1573=B_SPLINE_CURVE_WITH_KNOTS('',1,(#4237,#4238),.UNSPECIFIED.,.F.,.F.,
(2,2),(-23.9969024658203,0.),.UNSPECIFIED.);
#1574=B_SPLINE_CURVE_WITH_KNOTS('',1,(#4239,#4240),.UNSPECIFIED.,.F.,.F.,
(2,2),(-89.4938049316406,-85.4938049316406),.UNSPECIFIED.);
#1575=B_SPLINE_CURVE_WITH_KNOTS('',1,(#4241,#4242),.UNSPECIFIED.,.F.,.F.,
(2,2),(-85.4938049316406,-70.5835189819336),.UNSPECIFIED.);
#1576=B_SPLINE_CURVE_WITH_KNOTS('',1,(#4243,#4244),.UNSPECIFIED.,.F.,.F.,
(2,2),(0.,2.),.UNSPECIFIED.);
#1577=B_SPLINE_CURVE_WITH_KNOTS('',1,(#4245,#4246),.UNSPECIFIED.,.F.,.F.,
(2,2),(-70.5835189819336,-65.2038726806641),.UNSPECIFIED.);
#1578=B_SPLINE_CURVE_WITH_KNOTS('',1,(#4247,#4248),.UNSPECIFIED.,.F.,.F.,
(2,2),(0.,2.),.UNSPECIFIED.);
#1579=B_SPLINE_CURVE_WITH_KNOTS('',1,(#4249,#4250),.UNSPECIFIED.,.F.,.F.,
(2,2),(-70.5835189819336,-65.2038726806641),.UNSPECIFIED.);
#1580=B_SPLINE_CURVE_WITH_KNOTS('',1,(#4251,#4252),.UNSPECIFIED.,.F.,.F.,
(2,2),(-65.2038726806641,-48.4538726806641),.UNSPECIFIED.);
#1581=B_SPLINE_CURVE_WITH_KNOTS('',1,(#4253,#4254),.UNSPECIFIED.,.F.,.F.,
(2,2),(-48.4538726806641,-44.7469024658203),.UNSPECIFIED.);
#1582=B_SPLINE_CURVE_WITH_KNOTS('',1,(#4255,#4256),.UNSPECIFIED.,.F.,.F.,
(2,2),(-44.7469024658203,-23.9969024658203),.UNSPECIFIED.);
#1583=B_SPLINE_CURVE_WITH_KNOTS('',1,(#4257,#4258),.UNSPECIFIED.,.F.,.F.,
(2,2),(-23.9969024658203,0.),.UNSPECIFIED.);
#1584=B_SPLINE_CURVE_WITH_KNOTS('',1,(#4302,#4303),.UNSPECIFIED.,.F.,.F.,
(2,2),(10.625,16.),.UNSPECIFIED.);
#1585=B_SPLINE_CURVE_WITH_KNOTS('',1,(#4306,#4307),.UNSPECIFIED.,.F.,.F.,
(2,2),(65.2038726806641,70.5835189819336),.UNSPECIFIED.);
#1586=B_SPLINE_CURVE_WITH_KNOTS('',1,(#4308,#4309),.UNSPECIFIED.,.F.,.F.,
(2,2),(60.2038726806641,65.2038726806641),.UNSPECIFIED.);
#1587=B_SPLINE_CURVE_WITH_KNOTS('',1,(#4310,#4311),.UNSPECIFIED.,.F.,.F.,
(2,2),(2.00000000000004,7.375),.UNSPECIFIED.);
#1588=B_SPLINE_CURVE_WITH_KNOTS('',1,(#4312,#4313,#4314),.UNSPECIFIED.,
 .F.,.F.,(2,1,2),(0.,2.,7.375),.UNSPECIFIED.);
#1589=B_SPLINE_CURVE_WITH_KNOTS('',1,(#4315,#4316),.UNSPECIFIED.,.F.,.F.,
(2,2),(60.2038726806641,65.2038726806641),.UNSPECIFIED.);
#1590=B_SPLINE_CURVE_WITH_KNOTS('',1,(#4317,#4318),.UNSPECIFIED.,.F.,.F.,
(2,2),(-20.2899322509766,-14.910285949707),.UNSPECIFIED.);
#1591=B_SPLINE_CURVE_WITH_KNOTS('',1,(#4319,#4320,#4321,#4322),
 .UNSPECIFIED.,.F.,.F.,(2,1,1,2),(0.,2.,16.,18.),.UNSPECIFIED.);
#1592=B_SPLINE_CURVE_WITH_KNOTS('',1,(#4323,#4324,#4325,#4326),
 .UNSPECIFIED.,.F.,.F.,(2,1,1,2),(0.,2.,16.,18.),.UNSPECIFIED.);
#1593=B_SPLINE_CURVE_WITH_KNOTS('',1,(#4327,#4328,#4329),.UNSPECIFIED.,
 .F.,.F.,(2,1,2),(10.625,16.,18.),.UNSPECIFIED.);
#1594=B_SPLINE_CURVE_WITH_KNOTS('',1,(#4330,#4331,#4332,#4333),
 .UNSPECIFIED.,.F.,.F.,(2,1,1,2),(0.,2.,16.,18.),.UNSPECIFIED.);
#1595=B_SPLINE_CURVE_WITH_KNOTS('',1,(#4334,#4335,#4336,#4337),
 .UNSPECIFIED.,.F.,.F.,(2,1,1,2),(0.,2.,16.,18.),.UNSPECIFIED.);
#1596=(
BOUNDED_CURVE()
B_SPLINE_CURVE(2,(#2763,#2764,#2765),.UNSPECIFIED.,.F.,.F.)
B_SPLINE_CURVE_WITH_KNOTS((3,3),(-404.822347321027,-401.368166887661),
 .UNSPECIFIED.)
CURVE()
GEOMETRIC_REPRESENTATION_ITEM()
RATIONAL_B_SPLINE_CURVE((1.,0.838813187909699,1.))
REPRESENTATION_ITEM('')
);
#1597=(
BOUNDED_CURVE()
B_SPLINE_CURVE(1,(#2766,#2767),.UNSPECIFIED.,.F.,.F.)
B_SPLINE_CURVE_WITH_KNOTS((2,2),(0.,10.),.UNSPECIFIED.)
CURVE()
GEOMETRIC_REPRESENTATION_ITEM()
RATIONAL_B_SPLINE_CURVE((1.,1.))
REPRESENTATION_ITEM('')
);
#1598=(
BOUNDED_CURVE()
B_SPLINE_CURVE(2,(#2768,#2769,#2770),.UNSPECIFIED.,.F.,.F.)
B_SPLINE_CURVE_WITH_KNOTS((3,3),(-404.822347321027,-401.368166887661),
 .UNSPECIFIED.)
CURVE()
GEOMETRIC_REPRESENTATION_ITEM()
RATIONAL_B_SPLINE_CURVE((1.,0.838813187909699,1.))
REPRESENTATION_ITEM('')
);
#1599=(
BOUNDED_CURVE()
B_SPLINE_CURVE(1,(#2771,#2772),.UNSPECIFIED.,.F.,.F.)
B_SPLINE_CURVE_WITH_KNOTS((2,2),(0.,10.),.UNSPECIFIED.)
CURVE()
GEOMETRIC_REPRESENTATION_ITEM()
RATIONAL_B_SPLINE_CURVE((1.,1.))
REPRESENTATION_ITEM('')
);
#1600=(
BOUNDED_CURVE()
B_SPLINE_CURVE(2,(#2773,#2774,#2775,#2776,#2777),.UNSPECIFIED.,.F.,.F.)
B_SPLINE_CURVE_WITH_KNOTS((3,2,3),(-401.368166887661,-401.368166534234,
-398.184424707868),.UNSPECIFIED.)
CURVE()
GEOMETRIC_REPRESENTATION_ITEM()
RATIONAL_B_SPLINE_CURVE((1.,0.976997797326709,0.954524695981244,0.976997797326711,
1.))
REPRESENTATION_ITEM('')
);
#1601=(
BOUNDED_CURVE()
B_SPLINE_CURVE(1,(#2778,#2779),.UNSPECIFIED.,.F.,.F.)
B_SPLINE_CURVE_WITH_KNOTS((2,2),(0.,10.),.UNSPECIFIED.)
CURVE()
GEOMETRIC_REPRESENTATION_ITEM()
RATIONAL_B_SPLINE_CURVE((1.,1.))
REPRESENTATION_ITEM('')
);
#1602=(
BOUNDED_CURVE()
B_SPLINE_CURVE(2,(#2780,#2781,#2782,#2783,#2784),.UNSPECIFIED.,.F.,.F.)
B_SPLINE_CURVE_WITH_KNOTS((3,2,3),(-401.368166887661,-401.368166534234,
-398.184424707868),.UNSPECIFIED.)
CURVE()
GEOMETRIC_REPRESENTATION_ITEM()
RATIONAL_B_SPLINE_CURVE((1.,0.976997797326709,0.954524695981244,0.976997797326711,
1.))
REPRESENTATION_ITEM('')
);
#1603=(
BOUNDED_CURVE()
B_SPLINE_CURVE(2,(#2785,#2786,#2787),.UNSPECIFIED.,.F.,.F.)
B_SPLINE_CURVE_WITH_KNOTS((3,3),(-398.184424707868,-394.257433890881),
 .UNSPECIFIED.)
CURVE()
GEOMETRIC_REPRESENTATION_ITEM()
RATIONAL_B_SPLINE_CURVE((1.,0.707106781186537,1.))
REPRESENTATION_ITEM('')
);
#1604=(
BOUNDED_CURVE()
B_SPLINE_CURVE(1,(#2788,#2789),.UNSPECIFIED.,.F.,.F.)
B_SPLINE_CURVE_WITH_KNOTS((2,2),(0.,10.),.UNSPECIFIED.)
CURVE()
GEOMETRIC_REPRESENTATION_ITEM()
RATIONAL_B_SPLINE_CURVE((1.,1.))
REPRESENTATION_ITEM('')
);
#1605=(
BOUNDED_CURVE()
B_SPLINE_CURVE(2,(#2790,#2791,#2792),.UNSPECIFIED.,.F.,.F.)
B_SPLINE_CURVE_WITH_KNOTS((3,3),(-398.184424707868,-394.257433890881),
 .UNSPECIFIED.)
CURVE()
GEOMETRIC_REPRESENTATION_ITEM()
RATIONAL_B_SPLINE_CURVE((1.,0.707106781186537,1.))
REPRESENTATION_ITEM('')
);
#1606=(
BOUNDED_CURVE()
B_SPLINE_CURVE(2,(#2793,#2794,#2795),.UNSPECIFIED.,.F.,.F.)
B_SPLINE_CURVE_WITH_KNOTS((3,3),(-394.257433890881,-393.090767224214),
 .UNSPECIFIED.)
CURVE()
GEOMETRIC_REPRESENTATION_ITEM()
RATIONAL_B_SPLINE_CURVE((1.,1.,1.))
REPRESENTATION_ITEM('')
);
#1607=(
BOUNDED_CURVE()
B_SPLINE_CURVE(1,(#2796,#2797),.UNSPECIFIED.,.F.,.F.)
B_SPLINE_CURVE_WITH_KNOTS((2,2),(0.,10.),.UNSPECIFIED.)
CURVE()
GEOMETRIC_REPRESENTATION_ITEM()
RATIONAL_B_SPLINE_CURVE((1.,1.))
REPRESENTATION_ITEM('')
);
#1608=(
BOUNDED_CURVE()
B_SPLINE_CURVE(2,(#2798,#2799,#2800),.UNSPECIFIED.,.F.,.F.)
B_SPLINE_CURVE_WITH_KNOTS((3,3),(-394.257433890881,-393.090767224214),
 .UNSPECIFIED.)
CURVE()
GEOMETRIC_REPRESENTATION_ITEM()
RATIONAL_B_SPLINE_CURVE((1.,1.,1.))
REPRESENTATION_ITEM('')
);
#1609=(
BOUNDED_CURVE()
B_SPLINE_CURVE(2,(#2801,#2802,#2803),.UNSPECIFIED.,.F.,.F.)
B_SPLINE_CURVE_WITH_KNOTS((3,3),(-393.090767224214,-389.163776407227),
 .UNSPECIFIED.)
CURVE()
GEOMETRIC_REPRESENTATION_ITEM()
RATIONAL_B_SPLINE_CURVE((1.,0.707106781186539,1.))
REPRESENTATION_ITEM('')
);
#1610=(
BOUNDED_CURVE()
B_SPLINE_CURVE(1,(#2804,#2805),.UNSPECIFIED.,.F.,.F.)
B_SPLINE_CURVE_WITH_KNOTS((2,2),(0.,10.),.UNSPECIFIED.)
CURVE()
GEOMETRIC_REPRESENTATION_ITEM()
RATIONAL_B_SPLINE_CURVE((1.,1.))
REPRESENTATION_ITEM('')
);
#1611=(
BOUNDED_CURVE()
B_SPLINE_CURVE(2,(#2806,#2807,#2808),.UNSPECIFIED.,.F.,.F.)
B_SPLINE_CURVE_WITH_KNOTS((3,3),(-393.090767224214,-389.163776407227),
 .UNSPECIFIED.)
CURVE()
GEOMETRIC_REPRESENTATION_ITEM()
RATIONAL_B_SPLINE_CURVE((1.,0.707106781186539,1.))
REPRESENTATION_ITEM('')
);
#1612=(
BOUNDED_CURVE()
B_SPLINE_CURVE(2,(#2809,#2810,#2811),.UNSPECIFIED.,.F.,.F.)
B_SPLINE_CURVE_WITH_KNOTS((3,3),(-389.163776407227,-388.05160515486),
 .UNSPECIFIED.)
CURVE()
GEOMETRIC_REPRESENTATION_ITEM()
RATIONAL_B_SPLINE_CURVE((1.,1.,1.))
REPRESENTATION_ITEM('')
);
#1613=(
BOUNDED_CURVE()
B_SPLINE_CURVE(1,(#2812,#2813),.UNSPECIFIED.,.F.,.F.)
B_SPLINE_CURVE_WITH_KNOTS((2,2),(0.,10.),.UNSPECIFIED.)
CURVE()
GEOMETRIC_REPRESENTATION_ITEM()
RATIONAL_B_SPLINE_CURVE((1.,1.))
REPRESENTATION_ITEM('')
);
#1614=(
BOUNDED_CURVE()
B_SPLINE_CURVE(2,(#2814,#2815,#2816),.UNSPECIFIED.,.F.,.F.)
B_SPLINE_CURVE_WITH_KNOTS((3,3),(-389.163776407227,-388.05160515486),
 .UNSPECIFIED.)
CURVE()
GEOMETRIC_REPRESENTATION_ITEM()
RATIONAL_B_SPLINE_CURVE((1.,1.,1.))
REPRESENTATION_ITEM('')
);
#1615=(
BOUNDED_CURVE()
B_SPLINE_CURVE(2,(#2817,#2818,#2819),.UNSPECIFIED.,.F.,.F.)
B_SPLINE_CURVE_WITH_KNOTS((3,3),(-388.05160515486,-385.306474651748),
 .UNSPECIFIED.)
CURVE()
GEOMETRIC_REPRESENTATION_ITEM()
RATIONAL_B_SPLINE_CURVE((1.,0.897149958914617,1.))
REPRESENTATION_ITEM('')
);
#1616=(
BOUNDED_CURVE()
B_SPLINE_CURVE(1,(#2820,#2821),.UNSPECIFIED.,.F.,.F.)
B_SPLINE_CURVE_WITH_KNOTS((2,2),(0.,10.),.UNSPECIFIED.)
CURVE()
GEOMETRIC_REPRESENTATION_ITEM()
RATIONAL_B_SPLINE_CURVE((1.,1.))
REPRESENTATION_ITEM('')
);
#1617=(
BOUNDED_CURVE()
B_SPLINE_CURVE(2,(#2822,#2823,#2824),.UNSPECIFIED.,.F.,.F.)
B_SPLINE_CURVE_WITH_KNOTS((3,3),(-388.05160515486,-385.306474651748),
 .UNSPECIFIED.)
CURVE()
GEOMETRIC_REPRESENTATION_ITEM()
RATIONAL_B_SPLINE_CURVE((1.,0.897149958914617,1.))
REPRESENTATION_ITEM('')
);
#1618=(
BOUNDED_CURVE()
B_SPLINE_CURVE(2,(#2825,#2826,#2827),.UNSPECIFIED.,.F.,.F.)
B_SPLINE_CURVE_WITH_KNOTS((3,3),(-385.306474651748,-382.640719437886),
 .UNSPECIFIED.)
CURVE()
GEOMETRIC_REPRESENTATION_ITEM()
RATIONAL_B_SPLINE_CURVE((1.,0.997452427931108,1.))
REPRESENTATION_ITEM('')
);
#1619=(
BOUNDED_CURVE()
B_SPLINE_CURVE(1,(#2828,#2829),.UNSPECIFIED.,.F.,.F.)
B_SPLINE_CURVE_WITH_KNOTS((2,2),(0.,10.),.UNSPECIFIED.)
CURVE()
GEOMETRIC_REPRESENTATION_ITEM()
RATIONAL_B_SPLINE_CURVE((1.,1.))
REPRESENTATION_ITEM('')
);
#1620=(
BOUNDED_CURVE()
B_SPLINE_CURVE(2,(#2830,#2831,#2832,#2833,#2834,#2835,#2836,#2837,#2838),
 .UNSPECIFIED.,.F.,.F.)
B_SPLINE_CURVE_WITH_KNOTS((3,2,2,2,3),(-385.306474651748,-363.555376158218,
-341.804277664688,-320.053179171158,-298.302080677627),.UNSPECIFIED.)
CURVE()
GEOMETRIC_REPRESENTATION_ITEM()
RATIONAL_B_SPLINE_CURVE((1.,0.794327838445189,0.954524695981244,0.776056548516236,
0.954524695981244,0.776056548516236,0.954524695981244,0.794327838445189,
1.))
REPRESENTATION_ITEM('')
);
#1621=(
BOUNDED_CURVE()
B_SPLINE_CURVE(2,(#2839,#2840,#2841),.UNSPECIFIED.,.F.,.F.)
B_SPLINE_CURVE_WITH_KNOTS((3,3),(-298.302080677627,-295.556950174516),
 .UNSPECIFIED.)
CURVE()
GEOMETRIC_REPRESENTATION_ITEM()
RATIONAL_B_SPLINE_CURVE((1.,0.897149958914609,1.))
REPRESENTATION_ITEM('')
);
#1622=(
BOUNDED_CURVE()
B_SPLINE_CURVE(1,(#2842,#2843),.UNSPECIFIED.,.F.,.F.)
B_SPLINE_CURVE_WITH_KNOTS((2,2),(0.,10.),.UNSPECIFIED.)
CURVE()
GEOMETRIC_REPRESENTATION_ITEM()
RATIONAL_B_SPLINE_CURVE((1.,1.))
REPRESENTATION_ITEM('')
);
#1623=(
BOUNDED_CURVE()
B_SPLINE_CURVE(2,(#2844,#2845,#2846),.UNSPECIFIED.,.F.,.F.)
B_SPLINE_CURVE_WITH_KNOTS((3,3),(-298.302080677627,-295.556950174516),
 .UNSPECIFIED.)
CURVE()
GEOMETRIC_REPRESENTATION_ITEM()
RATIONAL_B_SPLINE_CURVE((1.,0.897149958914609,1.))
REPRESENTATION_ITEM('')
);
#1624=(
BOUNDED_CURVE()
B_SPLINE_CURVE(2,(#2847,#2848,#2849),.UNSPECIFIED.,.F.,.F.)
B_SPLINE_CURVE_WITH_KNOTS((3,3),(-295.556950174516,-294.444778922148),
 .UNSPECIFIED.)
CURVE()
GEOMETRIC_REPRESENTATION_ITEM()
RATIONAL_B_SPLINE_CURVE((1.,1.,1.))
REPRESENTATION_ITEM('')
);
#1625=(
BOUNDED_CURVE()
B_SPLINE_CURVE(1,(#2850,#2851),.UNSPECIFIED.,.F.,.F.)
B_SPLINE_CURVE_WITH_KNOTS((2,2),(0.,10.),.UNSPECIFIED.)
CURVE()
GEOMETRIC_REPRESENTATION_ITEM()
RATIONAL_B_SPLINE_CURVE((1.,1.))
REPRESENTATION_ITEM('')
);
#1626=(
BOUNDED_CURVE()
B_SPLINE_CURVE(2,(#2852,#2853,#2854),.UNSPECIFIED.,.F.,.F.)
B_SPLINE_CURVE_WITH_KNOTS((3,3),(-295.556950174516,-294.444778922148),
 .UNSPECIFIED.)
CURVE()
GEOMETRIC_REPRESENTATION_ITEM()
RATIONAL_B_SPLINE_CURVE((1.,1.,1.))
REPRESENTATION_ITEM('')
);
#1627=(
BOUNDED_CURVE()
B_SPLINE_CURVE(2,(#2855,#2856,#2857),.UNSPECIFIED.,.F.,.F.)
B_SPLINE_CURVE_WITH_KNOTS((3,3),(-294.444778922148,-290.517788105161),
 .UNSPECIFIED.)
CURVE()
GEOMETRIC_REPRESENTATION_ITEM()
RATIONAL_B_SPLINE_CURVE((1.,0.707106781186556,1.))
REPRESENTATION_ITEM('')
);
#1628=(
BOUNDED_CURVE()
B_SPLINE_CURVE(1,(#2858,#2859),.UNSPECIFIED.,.F.,.F.)
B_SPLINE_CURVE_WITH_KNOTS((2,2),(0.,10.),.UNSPECIFIED.)
CURVE()
GEOMETRIC_REPRESENTATION_ITEM()
RATIONAL_B_SPLINE_CURVE((1.,1.))
REPRESENTATION_ITEM('')
);
#1629=(
BOUNDED_CURVE()
B_SPLINE_CURVE(2,(#2860,#2861,#2862),.UNSPECIFIED.,.F.,.F.)
B_SPLINE_CURVE_WITH_KNOTS((3,3),(-294.444778922148,-290.517788105161),
 .UNSPECIFIED.)
CURVE()
GEOMETRIC_REPRESENTATION_ITEM()
RATIONAL_B_SPLINE_CURVE((1.,0.707106781186556,1.))
REPRESENTATION_ITEM('')
);
#1630=(
BOUNDED_CURVE()
B_SPLINE_CURVE(2,(#2863,#2864,#2865),.UNSPECIFIED.,.F.,.F.)
B_SPLINE_CURVE_WITH_KNOTS((3,3),(-290.517788105161,-289.351121438494),
 .UNSPECIFIED.)
CURVE()
GEOMETRIC_REPRESENTATION_ITEM()
RATIONAL_B_SPLINE_CURVE((1.,1.,1.))
REPRESENTATION_ITEM('')
);
#1631=(
BOUNDED_CURVE()
B_SPLINE_CURVE(1,(#2866,#2867),.UNSPECIFIED.,.F.,.F.)
B_SPLINE_CURVE_WITH_KNOTS((2,2),(0.,10.),.UNSPECIFIED.)
CURVE()
GEOMETRIC_REPRESENTATION_ITEM()
RATIONAL_B_SPLINE_CURVE((1.,1.))
REPRESENTATION_ITEM('')
);
#1632=(
BOUNDED_CURVE()
B_SPLINE_CURVE(2,(#2868,#2869,#2870),.UNSPECIFIED.,.F.,.F.)
B_SPLINE_CURVE_WITH_KNOTS((3,3),(-290.517788105161,-289.351121438494),
 .UNSPECIFIED.)
CURVE()
GEOMETRIC_REPRESENTATION_ITEM()
RATIONAL_B_SPLINE_CURVE((1.,1.,1.))
REPRESENTATION_ITEM('')
);
#1633=(
BOUNDED_CURVE()
B_SPLINE_CURVE(2,(#2871,#2872,#2873),.UNSPECIFIED.,.F.,.F.)
B_SPLINE_CURVE_WITH_KNOTS((3,3),(-289.351121438494,-285.424130621507),
 .UNSPECIFIED.)
CURVE()
GEOMETRIC_REPRESENTATION_ITEM()
RATIONAL_B_SPLINE_CURVE((1.,0.707106781186556,1.))
REPRESENTATION_ITEM('')
);
#1634=(
BOUNDED_CURVE()
B_SPLINE_CURVE(1,(#2874,#2875),.UNSPECIFIED.,.F.,.F.)
B_SPLINE_CURVE_WITH_KNOTS((2,2),(0.,10.),.UNSPECIFIED.)
CURVE()
GEOMETRIC_REPRESENTATION_ITEM()
RATIONAL_B_SPLINE_CURVE((1.,1.))
REPRESENTATION_ITEM('')
);
#1635=(
BOUNDED_CURVE()
B_SPLINE_CURVE(2,(#2876,#2877,#2878),.UNSPECIFIED.,.F.,.F.)
B_SPLINE_CURVE_WITH_KNOTS((3,3),(-289.351121438494,-285.424130621507),
 .UNSPECIFIED.)
CURVE()
GEOMETRIC_REPRESENTATION_ITEM()
RATIONAL_B_SPLINE_CURVE((1.,0.707106781186556,1.))
REPRESENTATION_ITEM('')
);
#1636=(
BOUNDED_CURVE()
B_SPLINE_CURVE(2,(#2879,#2880,#2881,#2882,#2883),.UNSPECIFIED.,.F.,.F.)
B_SPLINE_CURVE_WITH_KNOTS((3,2,3),(-285.424130621507,-282.240388346041,
-279.51315887734),.UNSPECIFIED.)
CURVE()
GEOMETRIC_REPRESENTATION_ITEM()
RATIONAL_B_SPLINE_CURVE((1.,0.976997797326711,0.954524695981244,0.976997797326711,
1.))
REPRESENTATION_ITEM('')
);
#1637=(
BOUNDED_CURVE()
B_SPLINE_CURVE(1,(#2884,#2885),.UNSPECIFIED.,.F.,.F.)
B_SPLINE_CURVE_WITH_KNOTS((2,2),(0.,10.),.UNSPECIFIED.)
CURVE()
GEOMETRIC_REPRESENTATION_ITEM()
RATIONAL_B_SPLINE_CURVE((1.,1.))
REPRESENTATION_ITEM('')
);
#1638=(
BOUNDED_CURVE()
B_SPLINE_CURVE(2,(#2886,#2887,#2888,#2889,#2890),.UNSPECIFIED.,.F.,.F.)
B_SPLINE_CURVE_WITH_KNOTS((3,2,3),(-285.424130621507,-282.240388346041,
-279.51315887734),.UNSPECIFIED.)
CURVE()
GEOMETRIC_REPRESENTATION_ITEM()
RATIONAL_B_SPLINE_CURVE((1.,0.976997797326711,0.954524695981244,0.976997797326711,
1.))
REPRESENTATION_ITEM('')
);
#1639=(
BOUNDED_CURVE()
B_SPLINE_CURVE(2,(#2891,#2892,#2893),.UNSPECIFIED.,.F.,.F.)
B_SPLINE_CURVE_WITH_KNOTS((3,3),(-279.51315887734,-276.042205625082),
 .UNSPECIFIED.)
CURVE()
GEOMETRIC_REPRESENTATION_ITEM()
RATIONAL_B_SPLINE_CURVE((1.,0.837288004499471,1.))
REPRESENTATION_ITEM('')
);
#1640=(
BOUNDED_CURVE()
B_SPLINE_CURVE(1,(#2894,#2895),.UNSPECIFIED.,.F.,.F.)
B_SPLINE_CURVE_WITH_KNOTS((2,2),(0.,10.),.UNSPECIFIED.)
CURVE()
GEOMETRIC_REPRESENTATION_ITEM()
RATIONAL_B_SPLINE_CURVE((1.,1.))
REPRESENTATION_ITEM('')
);
#1641=(
BOUNDED_CURVE()
B_SPLINE_CURVE(2,(#2896,#2897,#2898),.UNSPECIFIED.,.F.,.F.)
B_SPLINE_CURVE_WITH_KNOTS((3,3),(-279.51315887734,-276.042205625082),
 .UNSPECIFIED.)
CURVE()
GEOMETRIC_REPRESENTATION_ITEM()
RATIONAL_B_SPLINE_CURVE((1.,0.837288004499471,1.))
REPRESENTATION_ITEM('')
);
#1642=(
BOUNDED_CURVE()
B_SPLINE_CURVE(2,(#2899,#2900,#2901,#2902,#2903,#2904,#2905,#2906,#2907),
 .UNSPECIFIED.,.F.,.F.)
B_SPLINE_CURVE_WITH_KNOTS((3,2,2,2,3),(-276.042205625082,-258.709431437045,
-239.380184971988,-220.050938506931,-202.828605675877),.UNSPECIFIED.)
CURVE()
GEOMETRIC_REPRESENTATION_ITEM()
RATIONAL_B_SPLINE_CURVE((1.,0.798221723046539,1.,0.754504181091148,1.,0.754504181091148,
1.,0.800584690758295,1.))
REPRESENTATION_ITEM('')
);
#1643=(
BOUNDED_CURVE()
B_SPLINE_CURVE(2,(#2908,#2909,#2910,#2911,#2912,#2913,#2914,#2915,#2916),
 .UNSPECIFIED.,.T.,.F.)
B_SPLINE_CURVE_WITH_KNOTS((3,2,2,2,3),(-10.2101761241668,-7.65763209312512,
-5.10508806208341,-2.55254403104171,0.),.UNSPECIFIED.)
CURVE()
GEOMETRIC_REPRESENTATION_ITEM()
RATIONAL_B_SPLINE_CURVE((1.,0.707106781186548,1.,0.707106781186548,1.,0.707106781186548,
1.,0.707106781186548,1.))
REPRESENTATION_ITEM('')
);
#1644=(
BOUNDED_CURVE()
B_SPLINE_CURVE(2,(#2917,#2918,#2919,#2920,#2921,#2922,#2923,#2924,#2925),
 .UNSPECIFIED.,.T.,.F.)
B_SPLINE_CURVE_WITH_KNOTS((3,2,2,2,3),(0.,2.55254403104171,5.10508806208341,
7.65763209312512,10.2101761241668),.UNSPECIFIED.)
CURVE()
GEOMETRIC_REPRESENTATION_ITEM()
RATIONAL_B_SPLINE_CURVE((1.,0.707106781186548,1.,0.707106781186548,1.,0.707106781186548,
1.,0.707106781186548,1.))
REPRESENTATION_ITEM('')
);
#1645=(
BOUNDED_CURVE()
B_SPLINE_CURVE(2,(#2926,#2927,#2928,#2929,#2930,#2931,#2932,#2933,#2934),
 .UNSPECIFIED.,.T.,.F.)
B_SPLINE_CURVE_WITH_KNOTS((3,2,2,2,3),(-10.2101761241668,-7.65763209312512,
-5.10508806208341,-2.55254403104171,0.),.UNSPECIFIED.)
CURVE()
GEOMETRIC_REPRESENTATION_ITEM()
RATIONAL_B_SPLINE_CURVE((1.,0.707106781186548,1.,0.707106781186548,1.,0.707106781186548,
1.,0.707106781186548,1.))
REPRESENTATION_ITEM('')
);
#1646=(
BOUNDED_CURVE()
B_SPLINE_CURVE(2,(#2935,#2936,#2937,#2938,#2939,#2940,#2941,#2942,#2943),
 .UNSPECIFIED.,.T.,.F.)
B_SPLINE_CURVE_WITH_KNOTS((3,2,2,2,3),(0.,2.55254403104171,5.10508806208341,
7.65763209312512,10.2101761241668),.UNSPECIFIED.)
CURVE()
GEOMETRIC_REPRESENTATION_ITEM()
RATIONAL_B_SPLINE_CURVE((1.,0.707106781186548,1.,0.707106781186548,1.,0.707106781186548,
1.,0.707106781186548,1.))
REPRESENTATION_ITEM('')
);
#1647=(
BOUNDED_CURVE()
B_SPLINE_CURVE(1,(#2944,#2945),.UNSPECIFIED.,.F.,.F.)
B_SPLINE_CURVE_WITH_KNOTS((2,2),(26.4671653088267,32.4671653088267),
 .UNSPECIFIED.)
CURVE()
GEOMETRIC_REPRESENTATION_ITEM()
RATIONAL_B_SPLINE_CURVE((1.,1.))
REPRESENTATION_ITEM('')
);
#1648=(
BOUNDED_CURVE()
B_SPLINE_CURVE(1,(#2946,#2947),.UNSPECIFIED.,.F.,.F.)
B_SPLINE_CURVE_WITH_KNOTS((2,2),(13.4671653088266,19.4671653088267),
 .UNSPECIFIED.)
CURVE()
GEOMETRIC_REPRESENTATION_ITEM()
RATIONAL_B_SPLINE_CURVE((1.,1.))
REPRESENTATION_ITEM('')
);
#1649=(
BOUNDED_CURVE()
B_SPLINE_CURVE(1,(#2948,#2949),.UNSPECIFIED.,.F.,.F.)
B_SPLINE_CURVE_WITH_KNOTS((2,2),(0.,3.),.UNSPECIFIED.)
CURVE()
GEOMETRIC_REPRESENTATION_ITEM()
RATIONAL_B_SPLINE_CURVE((1.,1.))
REPRESENTATION_ITEM('')
);
#1650=(
BOUNDED_CURVE()
B_SPLINE_CURVE(2,(#2950,#2951,#2952),.UNSPECIFIED.,.F.,.F.)
B_SPLINE_CURVE_WITH_KNOTS((3,3),(3.61139805838371,6.73219791861112),
 .UNSPECIFIED.)
CURVE()
GEOMETRIC_REPRESENTATION_ITEM()
RATIONAL_B_SPLINE_CURVE((1.,1.,1.))
REPRESENTATION_ITEM('')
);
#1651=(
BOUNDED_CURVE()
B_SPLINE_CURVE(1,(#2953,#2954),.UNSPECIFIED.,.F.,.F.)
B_SPLINE_CURVE_WITH_KNOTS((2,2),(0.,3.),.UNSPECIFIED.)
CURVE()
GEOMETRIC_REPRESENTATION_ITEM()
RATIONAL_B_SPLINE_CURVE((1.,1.))
REPRESENTATION_ITEM('')
);
#1652=(
BOUNDED_CURVE()
B_SPLINE_CURVE(2,(#2955,#2956,#2957),.UNSPECIFIED.,.F.,.F.)
B_SPLINE_CURVE_WITH_KNOTS((3,3),(3.61139805838371,6.73219791861112),
 .UNSPECIFIED.)
CURVE()
GEOMETRIC_REPRESENTATION_ITEM()
RATIONAL_B_SPLINE_CURVE((1.,1.,1.))
REPRESENTATION_ITEM('')
);
#1653=(
BOUNDED_CURVE()
B_SPLINE_CURVE(2,(#2958,#2959,#2960,#2961,#2962),.UNSPECIFIED.,.F.,.F.)
B_SPLINE_CURVE_WITH_KNOTS((3,2,3),(6.73219791861112,10.1904883945221,13.8690869269283),
 .UNSPECIFIED.)
CURVE()
GEOMETRIC_REPRESENTATION_ITEM()
RATIONAL_B_SPLINE_CURVE((1.,0.79646112224153,0.902370983968321,0.947688835545647,
1.))
REPRESENTATION_ITEM('')
);
#1654=(
BOUNDED_CURVE()
B_SPLINE_CURVE(1,(#2963,#2964),.UNSPECIFIED.,.F.,.F.)
B_SPLINE_CURVE_WITH_KNOTS((2,2),(0.,3.),.UNSPECIFIED.)
CURVE()
GEOMETRIC_REPRESENTATION_ITEM()
RATIONAL_B_SPLINE_CURVE((1.,1.))
REPRESENTATION_ITEM('')
);
#1655=(
BOUNDED_CURVE()
B_SPLINE_CURVE(2,(#2965,#2966,#2967,#2968,#2969),.UNSPECIFIED.,.F.,.F.)
B_SPLINE_CURVE_WITH_KNOTS((3,2,3),(6.73219791861112,10.1904883945221,13.8690869269279),
 .UNSPECIFIED.)
CURVE()
GEOMETRIC_REPRESENTATION_ITEM()
RATIONAL_B_SPLINE_CURVE((1.,0.79646112224153,0.902370983968321,0.947688835545647,
1.))
REPRESENTATION_ITEM('')
);
#1656=(
BOUNDED_CURVE()
B_SPLINE_CURVE(2,(#2970,#2971,#2972),.UNSPECIFIED.,.F.,.F.)
B_SPLINE_CURVE_WITH_KNOTS((3,3),(117.373417702169,120.479964734161),
 .UNSPECIFIED.)
CURVE()
GEOMETRIC_REPRESENTATION_ITEM()
RATIONAL_B_SPLINE_CURVE((1.,1.,1.))
REPRESENTATION_ITEM('')
);
#1657=(
BOUNDED_CURVE()
B_SPLINE_CURVE(1,(#2973,#2974),.UNSPECIFIED.,.F.,.F.)
B_SPLINE_CURVE_WITH_KNOTS((2,2),(0.,3.),.UNSPECIFIED.)
CURVE()
GEOMETRIC_REPRESENTATION_ITEM()
RATIONAL_B_SPLINE_CURVE((1.,1.))
REPRESENTATION_ITEM('')
);
#1658=(
BOUNDED_CURVE()
B_SPLINE_CURVE(2,(#2975,#2976,#2977),.UNSPECIFIED.,.F.,.F.)
B_SPLINE_CURVE_WITH_KNOTS((3,3),(117.373417702169,120.479964734161),
 .UNSPECIFIED.)
CURVE()
GEOMETRIC_REPRESENTATION_ITEM()
RATIONAL_B_SPLINE_CURVE((1.,1.,1.))
REPRESENTATION_ITEM('')
);
#1659=(
BOUNDED_CURVE()
B_SPLINE_CURVE(2,(#2978,#2979,#2980),.UNSPECIFIED.,.F.,.F.)
B_SPLINE_CURVE_WITH_KNOTS((3,3),(120.479964734161,121.534280341834),
 .UNSPECIFIED.)
CURVE()
GEOMETRIC_REPRESENTATION_ITEM()
RATIONAL_B_SPLINE_CURVE((1.,0.986017234649065,1.))
REPRESENTATION_ITEM('')
);
#1660=(
BOUNDED_CURVE()
B_SPLINE_CURVE(2,(#2981,#2982,#2983),.UNSPECIFIED.,.F.,.F.)
B_SPLINE_CURVE_WITH_KNOTS((3,3),(120.479964734161,121.534280341834),
 .UNSPECIFIED.)
CURVE()
GEOMETRIC_REPRESENTATION_ITEM()
RATIONAL_B_SPLINE_CURVE((1.,0.986017234649063,1.))
REPRESENTATION_ITEM('')
);
#1661=(
BOUNDED_CURVE()
B_SPLINE_CURVE(2,(#2984,#2985,#2986,#2987,#2988,#2989,#2990,#2991,#2992),
 .UNSPECIFIED.,.T.,.F.)
B_SPLINE_CURVE_WITH_KNOTS((3,2,2,2,3),(127.020343298617,129.37653778881,
131.732732279002,134.088926769194,136.445121259387),.UNSPECIFIED.)
CURVE()
GEOMETRIC_REPRESENTATION_ITEM()
RATIONAL_B_SPLINE_CURVE((1.,0.707106781186548,1.,0.707106781186548,1.,0.707106781186548,
1.,0.707106781186548,1.))
REPRESENTATION_ITEM('')
);
#1662=(
BOUNDED_CURVE()
B_SPLINE_CURVE(1,(#2993,#2994),.UNSPECIFIED.,.F.,.F.)
B_SPLINE_CURVE_WITH_KNOTS((2,2),(0.,3.),.UNSPECIFIED.)
CURVE()
GEOMETRIC_REPRESENTATION_ITEM()
RATIONAL_B_SPLINE_CURVE((1.,1.))
REPRESENTATION_ITEM('')
);
#1663=(
BOUNDED_CURVE()
B_SPLINE_CURVE(2,(#2995,#2996,#2997,#2998,#2999,#3000,#3001,#3002,#3003),
 .UNSPECIFIED.,.T.,.F.)
B_SPLINE_CURVE_WITH_KNOTS((3,2,2,2,3),(127.020343298617,129.37653778881,
131.732732279002,134.088926769194,136.445121259387),.UNSPECIFIED.)
CURVE()
GEOMETRIC_REPRESENTATION_ITEM()
RATIONAL_B_SPLINE_CURVE((1.,0.707106781186548,1.,0.707106781186548,1.,0.707106781186548,
1.,0.707106781186548,1.))
REPRESENTATION_ITEM('')
);
#1664=(
BOUNDED_CURVE()
B_SPLINE_CURVE(2,(#3004,#3005,#3006,#3007,#3008,#3009,#3010,#3011,#3012),
 .UNSPECIFIED.,.T.,.F.)
B_SPLINE_CURVE_WITH_KNOTS((3,2,2,2,3),(136.445121259387,138.801315749579,
141.157510239771,143.513704729964,145.869899220156),.UNSPECIFIED.)
CURVE()
GEOMETRIC_REPRESENTATION_ITEM()
RATIONAL_B_SPLINE_CURVE((1.,0.707106781186548,1.,0.707106781186548,1.,0.707106781186548,
1.,0.707106781186548,1.))
REPRESENTATION_ITEM('')
);
#1665=(
BOUNDED_CURVE()
B_SPLINE_CURVE(1,(#3013,#3014),.UNSPECIFIED.,.F.,.F.)
B_SPLINE_CURVE_WITH_KNOTS((2,2),(0.,3.),.UNSPECIFIED.)
CURVE()
GEOMETRIC_REPRESENTATION_ITEM()
RATIONAL_B_SPLINE_CURVE((1.,1.))
REPRESENTATION_ITEM('')
);
#1666=(
BOUNDED_CURVE()
B_SPLINE_CURVE(2,(#3015,#3016,#3017,#3018,#3019,#3020,#3021,#3022,#3023),
 .UNSPECIFIED.,.T.,.F.)
B_SPLINE_CURVE_WITH_KNOTS((3,2,2,2,3),(136.445121259387,138.801315749579,
141.157510239771,143.513704729964,145.869899220156),.UNSPECIFIED.)
CURVE()
GEOMETRIC_REPRESENTATION_ITEM()
RATIONAL_B_SPLINE_CURVE((1.,0.707106781186548,1.,0.707106781186548,1.,0.707106781186548,
1.,0.707106781186548,1.))
REPRESENTATION_ITEM('')
);
#1667=(
BOUNDED_CURVE()
B_SPLINE_CURVE(2,(#3024,#3025,#3026,#3027,#3028,#3029,#3030,#3031,#3032),
 .UNSPECIFIED.,.T.,.F.)
B_SPLINE_CURVE_WITH_KNOTS((3,2,2,2,3),(145.869899220156,148.226093710348,
150.582288200541,152.938482690733,155.294677180925),.UNSPECIFIED.)
CURVE()
GEOMETRIC_REPRESENTATION_ITEM()
RATIONAL_B_SPLINE_CURVE((1.,0.707106781186548,1.,0.707106781186548,1.,0.707106781186548,
1.,0.707106781186548,1.))
REPRESENTATION_ITEM('')
);
#1668=(
BOUNDED_CURVE()
B_SPLINE_CURVE(1,(#3033,#3034),.UNSPECIFIED.,.F.,.F.)
B_SPLINE_CURVE_WITH_KNOTS((2,2),(0.,3.),.UNSPECIFIED.)
CURVE()
GEOMETRIC_REPRESENTATION_ITEM()
RATIONAL_B_SPLINE_CURVE((1.,1.))
REPRESENTATION_ITEM('')
);
#1669=(
BOUNDED_CURVE()
B_SPLINE_CURVE(2,(#3035,#3036,#3037,#3038,#3039,#3040,#3041,#3042,#3043),
 .UNSPECIFIED.,.T.,.F.)
B_SPLINE_CURVE_WITH_KNOTS((3,2,2,2,3),(145.869899220156,148.226093710348,
150.582288200541,152.938482690733,155.294677180925),.UNSPECIFIED.)
CURVE()
GEOMETRIC_REPRESENTATION_ITEM()
RATIONAL_B_SPLINE_CURVE((1.,0.707106781186548,1.,0.707106781186548,1.,0.707106781186548,
1.,0.707106781186548,1.))
REPRESENTATION_ITEM('')
);
#1670=(
BOUNDED_CURVE()
B_SPLINE_CURVE(2,(#3044,#3045,#3046,#3047,#3048,#3049,#3050,#3051,#3052),
 .UNSPECIFIED.,.T.,.F.)
B_SPLINE_CURVE_WITH_KNOTS((3,2,2,2,3),(155.294677180925,157.650871671118,
160.00706616131,162.363260651502,164.719455141695),.UNSPECIFIED.)
CURVE()
GEOMETRIC_REPRESENTATION_ITEM()
RATIONAL_B_SPLINE_CURVE((1.,0.707106781186548,1.,0.707106781186548,1.,0.707106781186548,
1.,0.707106781186548,1.))
REPRESENTATION_ITEM('')
);
#1671=(
BOUNDED_CURVE()
B_SPLINE_CURVE(1,(#3053,#3054),.UNSPECIFIED.,.F.,.F.)
B_SPLINE_CURVE_WITH_KNOTS((2,2),(0.,3.),.UNSPECIFIED.)
CURVE()
GEOMETRIC_REPRESENTATION_ITEM()
RATIONAL_B_SPLINE_CURVE((1.,1.))
REPRESENTATION_ITEM('')
);
#1672=(
BOUNDED_CURVE()
B_SPLINE_CURVE(2,(#3055,#3056,#3057,#3058,#3059,#3060,#3061,#3062,#3063),
 .UNSPECIFIED.,.T.,.F.)
B_SPLINE_CURVE_WITH_KNOTS((3,2,2,2,3),(155.294677180925,157.650871671118,
160.00706616131,162.363260651502,164.719455141695),.UNSPECIFIED.)
CURVE()
GEOMETRIC_REPRESENTATION_ITEM()
RATIONAL_B_SPLINE_CURVE((1.,0.707106781186548,1.,0.707106781186548,1.,0.707106781186548,
1.,0.707106781186548,1.))
REPRESENTATION_ITEM('')
);
#1673=(
BOUNDED_CURVE()
B_SPLINE_CURVE(2,(#3064,#3065,#3066,#3067,#3068,#3069,#3070,#3071,#3072),
 .UNSPECIFIED.,.T.,.F.)
B_SPLINE_CURVE_WITH_KNOTS((3,2,2,2,3),(164.719455141695,167.075649631887,
169.431844122079,171.788038612272,174.144233102464),.UNSPECIFIED.)
CURVE()
GEOMETRIC_REPRESENTATION_ITEM()
RATIONAL_B_SPLINE_CURVE((1.,0.707106781186548,1.,0.707106781186548,1.,0.707106781186548,
1.,0.707106781186548,1.))
REPRESENTATION_ITEM('')
);
#1674=(
BOUNDED_CURVE()
B_SPLINE_CURVE(1,(#3073,#3074),.UNSPECIFIED.,.F.,.F.)
B_SPLINE_CURVE_WITH_KNOTS((2,2),(0.,3.),.UNSPECIFIED.)
CURVE()
GEOMETRIC_REPRESENTATION_ITEM()
RATIONAL_B_SPLINE_CURVE((1.,1.))
REPRESENTATION_ITEM('')
);
#1675=(
BOUNDED_CURVE()
B_SPLINE_CURVE(2,(#3075,#3076,#3077,#3078,#3079,#3080,#3081,#3082,#3083),
 .UNSPECIFIED.,.T.,.F.)
B_SPLINE_CURVE_WITH_KNOTS((3,2,2,2,3),(164.719455141695,167.075649631887,
169.431844122079,171.788038612272,174.144233102464),.UNSPECIFIED.)
CURVE()
GEOMETRIC_REPRESENTATION_ITEM()
RATIONAL_B_SPLINE_CURVE((1.,0.707106781186548,1.,0.707106781186548,1.,0.707106781186548,
1.,0.707106781186548,1.))
REPRESENTATION_ITEM('')
);
#1676=(
BOUNDED_CURVE()
B_SPLINE_CURVE(1,(#3084,#3085),.UNSPECIFIED.,.F.,.F.)
B_SPLINE_CURVE_WITH_KNOTS((2,2),(0.,3.),.UNSPECIFIED.)
CURVE()
GEOMETRIC_REPRESENTATION_ITEM()
RATIONAL_B_SPLINE_CURVE((1.,1.))
REPRESENTATION_ITEM('')
);
#1677=(
BOUNDED_CURVE()
B_SPLINE_CURVE(1,(#3086,#3087),.UNSPECIFIED.,.F.,.F.)
B_SPLINE_CURVE_WITH_KNOTS((2,2),(-3.,0.),.UNSPECIFIED.)
CURVE()
GEOMETRIC_REPRESENTATION_ITEM()
RATIONAL_B_SPLINE_CURVE((1.,1.))
REPRESENTATION_ITEM('')
);
#1678=(
BOUNDED_CURVE()
B_SPLINE_CURVE(2,(#3088,#3089,#3090,#3091,#3092,#3093,#3094,#3095,#3096),
 .UNSPECIFIED.,.F.,.F.)
B_SPLINE_CURVE_WITH_KNOTS((3,2,2,2,3),(-382.640719437886,-362.225743504651,
-341.810767571416,-321.395791638181,-300.980815704946),.UNSPECIFIED.)
CURVE()
GEOMETRIC_REPRESENTATION_ITEM()
RATIONAL_B_SPLINE_CURVE((1.,0.833340059554867,1.,0.833340059554867,1.,0.833340059554867,
1.,0.833340059554867,1.))
REPRESENTATION_ITEM('')
);
#1679=(
BOUNDED_CURVE()
B_SPLINE_CURVE(2,(#3097,#3098,#3099),.UNSPECIFIED.,.F.,.F.)
B_SPLINE_CURVE_WITH_KNOTS((3,3),(-300.980815704946,-298.302080677627),
 .UNSPECIFIED.)
CURVE()
GEOMETRIC_REPRESENTATION_ITEM()
RATIONAL_B_SPLINE_CURVE((1.,0.997427009294951,1.))
REPRESENTATION_ITEM('')
);
#1680=(
BOUNDED_CURVE()
B_SPLINE_CURVE(2,(#3100,#3101,#3102),.UNSPECIFIED.,.F.,.F.)
B_SPLINE_CURVE_WITH_KNOTS((3,3),(2.58460559253307,3.61139805838371),
 .UNSPECIFIED.)
CURVE()
GEOMETRIC_REPRESENTATION_ITEM()
RATIONAL_B_SPLINE_CURVE((1.,0.986770380853322,1.))
REPRESENTATION_ITEM('')
);
#1681=(
BOUNDED_CURVE()
B_SPLINE_CURVE(2,(#3103,#3104,#3105),.UNSPECIFIED.,.F.,.F.)
B_SPLINE_CURVE_WITH_KNOTS((3,3),(2.584605592533,3.61139805838371),
 .UNSPECIFIED.)
CURVE()
GEOMETRIC_REPRESENTATION_ITEM()
RATIONAL_B_SPLINE_CURVE((1.,0.98677038085332,1.))
REPRESENTATION_ITEM('')
);
#1682=(
BOUNDED_CURVE()
B_SPLINE_CURVE(2,(#3106,#3107,#3108,#3109,#3110,#3111,#3112,#3113,#3114,
#3115,#3116,#3117,#3118),.UNSPECIFIED.,.F.,.F.)
B_SPLINE_CURVE_WITH_KNOTS((3,2,2,2,2,2,3),(-276.042205625082,-268.589700051774,
-258.709431437045,-239.380184971988,-220.050938506931,-210.196439766817,
-202.828605675877),.UNSPECIFIED.)
CURVE()
GEOMETRIC_REPRESENTATION_ITEM()
RATIONAL_B_SPLINE_CURVE((1.,0.913242178242537,0.901090203553892,0.884979544804002,
1.,0.754504181091148,1.,0.754504181091148,1.,0.885895950742608,0.902370983968322,
0.914688740015686,1.))
REPRESENTATION_ITEM('')
);
#1683=(
BOUNDED_CURVE()
B_SPLINE_CURVE(2,(#3119,#3120,#3121,#3122,#3123),.UNSPECIFIED.,.F.,.F.)
B_SPLINE_CURVE_WITH_KNOTS((3,2,3),(-40.001377533212,-34.51407057399,-31.4664963007569),
 .UNSPECIFIED.)
CURVE()
GEOMETRIC_REPRESENTATION_ITEM()
RATIONAL_B_SPLINE_CURVE((1.,0.90975782175824,1.,0.971782475556215,1.))
REPRESENTATION_ITEM('')
);
#1684=(
BOUNDED_CURVE()
B_SPLINE_CURVE(2,(#3124,#3125,#3126,#3127,#3128),.UNSPECIFIED.,.F.,.F.)
B_SPLINE_CURVE_WITH_KNOTS((3,2,3),(-40.001377533212,-34.51407057399,-31.466496300757),
 .UNSPECIFIED.)
CURVE()
GEOMETRIC_REPRESENTATION_ITEM()
RATIONAL_B_SPLINE_CURVE((1.,0.909757821758242,1.,0.971782475556216,1.))
REPRESENTATION_ITEM('')
);
#1685=(
BOUNDED_CURVE()
B_SPLINE_CURVE(1,(#3129,#3130),.UNSPECIFIED.,.F.,.F.)
B_SPLINE_CURVE_WITH_KNOTS((2,2),(12.,15.),.UNSPECIFIED.)
CURVE()
GEOMETRIC_REPRESENTATION_ITEM()
RATIONAL_B_SPLINE_CURVE((1.,1.))
REPRESENTATION_ITEM('')
);
#1686=(
BOUNDED_CURVE()
B_SPLINE_CURVE(2,(#3131,#3132,#3133,#3134,#3135),.UNSPECIFIED.,.F.,.F.)
B_SPLINE_CURVE_WITH_KNOTS((3,2,3),(-40.001377533212,-34.5140705739901,-31.4664963007571),
 .UNSPECIFIED.)
CURVE()
GEOMETRIC_REPRESENTATION_ITEM()
RATIONAL_B_SPLINE_CURVE((1.,0.909757821758238,1.,0.971782475556215,1.))
REPRESENTATION_ITEM('')
);
#1687=(
BOUNDED_CURVE()
B_SPLINE_CURVE(2,(#3136,#3137,#3138,#3139,#3140),.UNSPECIFIED.,.F.,.F.)
B_SPLINE_CURVE_WITH_KNOTS((3,2,3),(-40.001377533212,-34.5140705739901,-31.4664963007572),
 .UNSPECIFIED.)
CURVE()
GEOMETRIC_REPRESENTATION_ITEM()
RATIONAL_B_SPLINE_CURVE((1.,0.909757821758239,1.,0.971782475556217,1.))
REPRESENTATION_ITEM('')
);
#1688=(
BOUNDED_CURVE()
B_SPLINE_CURVE(1,(#3141,#3142),.UNSPECIFIED.,.F.,.F.)
B_SPLINE_CURVE_WITH_KNOTS((2,2),(12.,15.),.UNSPECIFIED.)
CURVE()
GEOMETRIC_REPRESENTATION_ITEM()
RATIONAL_B_SPLINE_CURVE((1.,1.))
REPRESENTATION_ITEM('')
);
#1689=(
BOUNDED_CURVE()
B_SPLINE_CURVE(2,(#3143,#3144,#3145),.UNSPECIFIED.,.F.,.F.)
B_SPLINE_CURVE_WITH_KNOTS((3,3),(-40.001377533212,-37.5510539439305),
 .UNSPECIFIED.)
CURVE()
GEOMETRIC_REPRESENTATION_ITEM()
RATIONAL_B_SPLINE_CURVE((1.,0.981590279811321,1.))
REPRESENTATION_ITEM('')
);
#1690=(
BOUNDED_CURVE()
B_SPLINE_CURVE(2,(#3146,#3147,#3148),.UNSPECIFIED.,.F.,.F.)
B_SPLINE_CURVE_WITH_KNOTS((3,3),(-40.001377533212,-37.5510539439305),
 .UNSPECIFIED.)
CURVE()
GEOMETRIC_REPRESENTATION_ITEM()
RATIONAL_B_SPLINE_CURVE((1.,0.981590279811323,1.))
REPRESENTATION_ITEM('')
);
#1691=(
BOUNDED_CURVE()
B_SPLINE_CURVE(1,(#3149,#3150),.UNSPECIFIED.,.F.,.F.)
B_SPLINE_CURVE_WITH_KNOTS((2,2),(12.,15.),.UNSPECIFIED.)
CURVE()
GEOMETRIC_REPRESENTATION_ITEM()
RATIONAL_B_SPLINE_CURVE((1.,1.))
REPRESENTATION_ITEM('')
);
#1692=(
BOUNDED_CURVE()
B_SPLINE_CURVE(2,(#3151,#3152,#3153),.UNSPECIFIED.,.F.,.F.)
B_SPLINE_CURVE_WITH_KNOTS((3,3),(-40.001377533212,-37.5510539439307),
 .UNSPECIFIED.)
CURVE()
GEOMETRIC_REPRESENTATION_ITEM()
RATIONAL_B_SPLINE_CURVE((1.,0.981590279811326,1.))
REPRESENTATION_ITEM('')
);
#1693=(
BOUNDED_CURVE()
B_SPLINE_CURVE(2,(#3154,#3155,#3156),.UNSPECIFIED.,.F.,.F.)
B_SPLINE_CURVE_WITH_KNOTS((3,3),(-40.001377533212,-37.5510539439307),
 .UNSPECIFIED.)
CURVE()
GEOMETRIC_REPRESENTATION_ITEM()
RATIONAL_B_SPLINE_CURVE((1.,0.98159027981132,1.))
REPRESENTATION_ITEM('')
);
#1694=(
BOUNDED_CURVE()
B_SPLINE_CURVE(1,(#3157,#3158),.UNSPECIFIED.,.F.,.F.)
B_SPLINE_CURVE_WITH_KNOTS((2,2),(12.,15.),.UNSPECIFIED.)
CURVE()
GEOMETRIC_REPRESENTATION_ITEM()
RATIONAL_B_SPLINE_CURVE((1.,1.))
REPRESENTATION_ITEM('')
);
#1695=(
BOUNDED_CURVE()
B_SPLINE_CURVE(2,(#3159,#3160,#3161,#3162,#3163),.UNSPECIFIED.,.F.,.F.)
B_SPLINE_CURVE_WITH_KNOTS((3,2,3),(-11.1923973416473,-6.82245750365787,
0.),.UNSPECIFIED.)
CURVE()
GEOMETRIC_REPRESENTATION_ITEM()
RATIONAL_B_SPLINE_CURVE((1.,0.941695883127021,1.,0.861218515476127,1.))
REPRESENTATION_ITEM('')
);
#1696=(
BOUNDED_CURVE()
B_SPLINE_CURVE(2,(#3164,#3165,#3166,#3167,#3168),.UNSPECIFIED.,.F.,.F.)
B_SPLINE_CURVE_WITH_KNOTS((3,2,3),(-11.1923973411112,-6.82245750365773,
0.),.UNSPECIFIED.)
CURVE()
GEOMETRIC_REPRESENTATION_ITEM()
RATIONAL_B_SPLINE_CURVE((1.,0.941695883141383,1.,0.86121851547616,1.))
REPRESENTATION_ITEM('')
);
#1697=(
BOUNDED_CURVE()
B_SPLINE_CURVE(1,(#3169,#3170),.UNSPECIFIED.,.F.,.F.)
B_SPLINE_CURVE_WITH_KNOTS((2,2),(0.,3.),.UNSPECIFIED.)
CURVE()
GEOMETRIC_REPRESENTATION_ITEM()
RATIONAL_B_SPLINE_CURVE((1.,1.))
REPRESENTATION_ITEM('')
);
#1698=(
BOUNDED_CURVE()
B_SPLINE_CURVE(1,(#3171,#3172),.UNSPECIFIED.,.F.,.F.)
B_SPLINE_CURVE_WITH_KNOTS((2,2),(0.,3.),.UNSPECIFIED.)
CURVE()
GEOMETRIC_REPRESENTATION_ITEM()
RATIONAL_B_SPLINE_CURVE((1.,1.))
REPRESENTATION_ITEM('')
);
#1699=(
BOUNDED_CURVE()
B_SPLINE_CURVE(2,(#3185,#3186,#3187,#3188,#3189),.UNSPECIFIED.,.F.,.F.)
B_SPLINE_CURVE_WITH_KNOTS((3,2,3),(32.6528839611681,36.121648102456,38.5724320854445),
 .UNSPECIFIED.)
CURVE()
GEOMETRIC_REPRESENTATION_ITEM()
RATIONAL_B_SPLINE_CURVE((1.,0.947940633452952,0.902370983968321,0.948945959190962,
1.))
REPRESENTATION_ITEM('')
);
#1700=(
BOUNDED_CURVE()
B_SPLINE_CURVE(2,(#3190,#3191,#3192,#3193,#3194),.UNSPECIFIED.,.F.,.F.)
B_SPLINE_CURVE_WITH_KNOTS((3,2,3),(32.652883961168,36.121648102456,38.5724320854443),
 .UNSPECIFIED.)
CURVE()
GEOMETRIC_REPRESENTATION_ITEM()
RATIONAL_B_SPLINE_CURVE((1.,0.947940633452952,0.902370983968321,0.948945959190962,
1.))
REPRESENTATION_ITEM('')
);
#1701=(
BOUNDED_CURVE()
B_SPLINE_CURVE(1,(#3195,#3196),.UNSPECIFIED.,.F.,.F.)
B_SPLINE_CURVE_WITH_KNOTS((2,2),(0.,3.),.UNSPECIFIED.)
CURVE()
GEOMETRIC_REPRESENTATION_ITEM()
RATIONAL_B_SPLINE_CURVE((1.,1.))
REPRESENTATION_ITEM('')
);
#1702=(
BOUNDED_CURVE()
B_SPLINE_CURVE(1,(#3197,#3198),.UNSPECIFIED.,.F.,.F.)
B_SPLINE_CURVE_WITH_KNOTS((2,2),(0.,3.),.UNSPECIFIED.)
CURVE()
GEOMETRIC_REPRESENTATION_ITEM()
RATIONAL_B_SPLINE_CURVE((1.,1.))
REPRESENTATION_ITEM('')
);
#1703=(
BOUNDED_CURVE()
B_SPLINE_CURVE(2,(#3211,#3212,#3213),.UNSPECIFIED.,.F.,.F.)
B_SPLINE_CURVE_WITH_KNOTS((3,3),(-5.01995767850587,0.),.UNSPECIFIED.)
CURVE()
GEOMETRIC_REPRESENTATION_ITEM()
RATIONAL_B_SPLINE_CURVE((1.,0.92018034392292,1.))
REPRESENTATION_ITEM('')
);
#1704=(
BOUNDED_CURVE()
B_SPLINE_CURVE(2,(#3214,#3215,#3216),.UNSPECIFIED.,.F.,.F.)
B_SPLINE_CURVE_WITH_KNOTS((3,3),(-5.01995767850575,0.),.UNSPECIFIED.)
CURVE()
GEOMETRIC_REPRESENTATION_ITEM()
RATIONAL_B_SPLINE_CURVE((1.,0.920180343922904,1.))
REPRESENTATION_ITEM('')
);
#1705=(
BOUNDED_CURVE()
B_SPLINE_CURVE(1,(#3217,#3218),.UNSPECIFIED.,.F.,.F.)
B_SPLINE_CURVE_WITH_KNOTS((2,2),(0.,3.),.UNSPECIFIED.)
CURVE()
GEOMETRIC_REPRESENTATION_ITEM()
RATIONAL_B_SPLINE_CURVE((1.,1.))
REPRESENTATION_ITEM('')
);
#1706=(
BOUNDED_CURVE()
B_SPLINE_CURVE(1,(#3219,#3220),.UNSPECIFIED.,.F.,.F.)
B_SPLINE_CURVE_WITH_KNOTS((2,2),(0.,3.),.UNSPECIFIED.)
CURVE()
GEOMETRIC_REPRESENTATION_ITEM()
RATIONAL_B_SPLINE_CURVE((1.,1.))
REPRESENTATION_ITEM('')
);
#1707=(
BOUNDED_CURVE()
B_SPLINE_CURVE(2,(#3233,#3234,#3235,#3236,#3237),.UNSPECIFIED.,.F.,.F.)
B_SPLINE_CURVE_WITH_KNOTS((3,2,3),(57.3648671685984,62.0528078103899,66.7407484521809),
 .UNSPECIFIED.)
CURVE()
GEOMETRIC_REPRESENTATION_ITEM()
RATIONAL_B_SPLINE_CURVE((1.,0.946262044285147,0.902370983968321,0.946262044285148,
1.))
REPRESENTATION_ITEM('')
);
#1708=(
BOUNDED_CURVE()
B_SPLINE_CURVE(2,(#3238,#3239,#3240,#3241,#3242),.UNSPECIFIED.,.F.,.F.)
B_SPLINE_CURVE_WITH_KNOTS((3,2,3),(57.3648671685984,62.0528078103899,66.7407484521809),
 .UNSPECIFIED.)
CURVE()
GEOMETRIC_REPRESENTATION_ITEM()
RATIONAL_B_SPLINE_CURVE((1.,0.946262044285147,0.902370983968321,0.946262044285148,
1.))
REPRESENTATION_ITEM('')
);
#1709=(
BOUNDED_CURVE()
B_SPLINE_CURVE(1,(#3243,#3244),.UNSPECIFIED.,.F.,.F.)
B_SPLINE_CURVE_WITH_KNOTS((2,2),(0.,3.),.UNSPECIFIED.)
CURVE()
GEOMETRIC_REPRESENTATION_ITEM()
RATIONAL_B_SPLINE_CURVE((1.,1.))
REPRESENTATION_ITEM('')
);
#1710=(
BOUNDED_CURVE()
B_SPLINE_CURVE(1,(#3245,#3246),.UNSPECIFIED.,.F.,.F.)
B_SPLINE_CURVE_WITH_KNOTS((2,2),(0.,3.),.UNSPECIFIED.)
CURVE()
GEOMETRIC_REPRESENTATION_ITEM()
RATIONAL_B_SPLINE_CURVE((1.,1.))
REPRESENTATION_ITEM('')
);
#1711=(
BOUNDED_CURVE()
B_SPLINE_CURVE(1,(#3259,#3260),.UNSPECIFIED.,.F.,.F.)
B_SPLINE_CURVE_WITH_KNOTS((2,2),(0.,3.),.UNSPECIFIED.)
CURVE()
GEOMETRIC_REPRESENTATION_ITEM()
RATIONAL_B_SPLINE_CURVE((1.,1.))
REPRESENTATION_ITEM('')
);
#1712=(
BOUNDED_CURVE()
B_SPLINE_CURVE(1,(#3261,#3262),.UNSPECIFIED.,.F.,.F.)
B_SPLINE_CURVE_WITH_KNOTS((2,2),(0.,3.),.UNSPECIFIED.)
CURVE()
GEOMETRIC_REPRESENTATION_ITEM()
RATIONAL_B_SPLINE_CURVE((1.,1.))
REPRESENTATION_ITEM('')
);
#1713=(
BOUNDED_CURVE()
B_SPLINE_CURVE(2,(#3275,#3276,#3277,#3278,#3279),.UNSPECIFIED.,.F.,.F.)
B_SPLINE_CURVE_WITH_KNOTS((3,2,3),(-11.1923973411114,-6.82245750365782,
0.),.UNSPECIFIED.)
CURVE()
GEOMETRIC_REPRESENTATION_ITEM()
RATIONAL_B_SPLINE_CURVE((1.,0.941695883141372,1.,0.861218515476139,1.))
REPRESENTATION_ITEM('')
);
#1714=(
BOUNDED_CURVE()
B_SPLINE_CURVE(2,(#3280,#3281,#3282,#3283,#3284),.UNSPECIFIED.,.F.,.F.)
B_SPLINE_CURVE_WITH_KNOTS((3,2,3),(-11.1923973411114,-6.82245750365782,
0.),.UNSPECIFIED.)
CURVE()
GEOMETRIC_REPRESENTATION_ITEM()
RATIONAL_B_SPLINE_CURVE((1.,0.941695883141374,1.,0.86121851547614,1.))
REPRESENTATION_ITEM('')
);
#1715=(
BOUNDED_CURVE()
B_SPLINE_CURVE(2,(#3285,#3286,#3287,#3288,#3289),.UNSPECIFIED.,.F.,.F.)
B_SPLINE_CURVE_WITH_KNOTS((3,2,3),(85.5331835353349,87.9839675183238,91.4527316596118),
 .UNSPECIFIED.)
CURVE()
GEOMETRIC_REPRESENTATION_ITEM()
RATIONAL_B_SPLINE_CURVE((1.,0.948945959190962,0.902370983968321,0.947940633452952,
1.))
REPRESENTATION_ITEM('')
);
#1716=(
BOUNDED_CURVE()
B_SPLINE_CURVE(2,(#3290,#3291,#3292,#3293,#3294),.UNSPECIFIED.,.F.,.F.)
B_SPLINE_CURVE_WITH_KNOTS((3,2,3),(85.5331835353349,87.9839675183238,91.4527316596114),
 .UNSPECIFIED.)
CURVE()
GEOMETRIC_REPRESENTATION_ITEM()
RATIONAL_B_SPLINE_CURVE((1.,0.948945959190962,0.902370983968321,0.947940633452953,
1.))
REPRESENTATION_ITEM('')
);
#1717=(
BOUNDED_CURVE()
B_SPLINE_CURVE(1,(#3295,#3296),.UNSPECIFIED.,.F.,.F.)
B_SPLINE_CURVE_WITH_KNOTS((2,2),(0.,3.),.UNSPECIFIED.)
CURVE()
GEOMETRIC_REPRESENTATION_ITEM()
RATIONAL_B_SPLINE_CURVE((1.,1.))
REPRESENTATION_ITEM('')
);
#1718=(
BOUNDED_CURVE()
B_SPLINE_CURVE(1,(#3297,#3298),.UNSPECIFIED.,.F.,.F.)
B_SPLINE_CURVE_WITH_KNOTS((2,2),(0.,3.),.UNSPECIFIED.)
CURVE()
GEOMETRIC_REPRESENTATION_ITEM()
RATIONAL_B_SPLINE_CURVE((1.,1.))
REPRESENTATION_ITEM('')
);
#1719=(
BOUNDED_CURVE()
B_SPLINE_CURVE(1,(#3311,#3312),.UNSPECIFIED.,.F.,.F.)
B_SPLINE_CURVE_WITH_KNOTS((2,2),(0.,3.),.UNSPECIFIED.)
CURVE()
GEOMETRIC_REPRESENTATION_ITEM()
RATIONAL_B_SPLINE_CURVE((1.,1.))
REPRESENTATION_ITEM('')
);
#1720=(
BOUNDED_CURVE()
B_SPLINE_CURVE(1,(#3313,#3314),.UNSPECIFIED.,.F.,.F.)
B_SPLINE_CURVE_WITH_KNOTS((2,2),(0.,3.),.UNSPECIFIED.)
CURVE()
GEOMETRIC_REPRESENTATION_ITEM()
RATIONAL_B_SPLINE_CURVE((1.,1.))
REPRESENTATION_ITEM('')
);
#1721=(
BOUNDED_CURVE()
B_SPLINE_CURVE(2,(#3327,#3328,#3329),.UNSPECIFIED.,.F.,.F.)
B_SPLINE_CURVE_WITH_KNOTS((3,3),(-5.01995767850602,0.),.UNSPECIFIED.)
CURVE()
GEOMETRIC_REPRESENTATION_ITEM()
RATIONAL_B_SPLINE_CURVE((1.,0.920180343922897,1.))
REPRESENTATION_ITEM('')
);
#1722=(
BOUNDED_CURVE()
B_SPLINE_CURVE(2,(#3330,#3331,#3332),.UNSPECIFIED.,.F.,.F.)
B_SPLINE_CURVE_WITH_KNOTS((3,3),(-5.01995767850598,0.),.UNSPECIFIED.)
CURVE()
GEOMETRIC_REPRESENTATION_ITEM()
RATIONAL_B_SPLINE_CURVE((1.,0.920180343922905,1.))
REPRESENTATION_ITEM('')
);
#1723=(
BOUNDED_CURVE()
B_SPLINE_CURVE(2,(#3333,#3334,#3335,#3336,#3337),.UNSPECIFIED.,.F.,.F.)
B_SPLINE_CURVE_WITH_KNOTS((3,2,3),(110.236528693852,113.915127226258,117.373417702169),
 .UNSPECIFIED.)
CURVE()
GEOMETRIC_REPRESENTATION_ITEM()
RATIONAL_B_SPLINE_CURVE((1.,0.947688835545647,0.902370983968321,0.796461122241528,
1.))
REPRESENTATION_ITEM('')
);
#1724=(
BOUNDED_CURVE()
B_SPLINE_CURVE(2,(#3338,#3339,#3340,#3341,#3342),.UNSPECIFIED.,.F.,.F.)
B_SPLINE_CURVE_WITH_KNOTS((3,2,3),(110.236528693852,113.915127226258,117.373417702169),
 .UNSPECIFIED.)
CURVE()
GEOMETRIC_REPRESENTATION_ITEM()
RATIONAL_B_SPLINE_CURVE((1.,0.947688835545647,0.902370983968321,0.796461122241528,
1.))
REPRESENTATION_ITEM('')
);
#1725=(
BOUNDED_CURVE()
B_SPLINE_CURVE(1,(#3343,#3344),.UNSPECIFIED.,.F.,.F.)
B_SPLINE_CURVE_WITH_KNOTS((2,2),(0.,3.),.UNSPECIFIED.)
CURVE()
GEOMETRIC_REPRESENTATION_ITEM()
RATIONAL_B_SPLINE_CURVE((1.,1.))
REPRESENTATION_ITEM('')
);
#1726=(
BOUNDED_CURVE()
B_SPLINE_CURVE(1,(#3345,#3346),.UNSPECIFIED.,.F.,.F.)
B_SPLINE_CURVE_WITH_KNOTS((2,2),(0.,3.),.UNSPECIFIED.)
CURVE()
GEOMETRIC_REPRESENTATION_ITEM()
RATIONAL_B_SPLINE_CURVE((1.,1.))
REPRESENTATION_ITEM('')
);
#1727=(
BOUNDED_CURVE()
B_SPLINE_CURVE(2,(#3622,#3623,#3624,#3625,#3626,#3627,#3628,#3629,#3630),
 .UNSPECIFIED.,.T.,.F.)
B_SPLINE_CURVE_WITH_KNOTS((3,2,2,2,3),(0.,2.55254403104171,5.10508806208341,
7.65763209312512,10.2101761241668),.UNSPECIFIED.)
CURVE()
GEOMETRIC_REPRESENTATION_ITEM()
RATIONAL_B_SPLINE_CURVE((1.,0.707106781186548,1.,0.707106781186548,1.,0.707106781186548,
1.,0.707106781186548,1.))
REPRESENTATION_ITEM('')
);
#1728=(
BOUNDED_CURVE()
B_SPLINE_CURVE(2,(#3631,#3632,#3633,#3634,#3635),.UNSPECIFIED.,.F.,.F.)
B_SPLINE_CURVE_WITH_KNOTS((3,2,3),(-583.911816091572,-579.092351307132,
-576.674008860336),.UNSPECIFIED.)
CURVE()
GEOMETRIC_REPRESENTATION_ITEM()
RATIONAL_B_SPLINE_CURVE((1.,0.981301417763868,1.,0.919866211007808,1.))
REPRESENTATION_ITEM('')
);
#1729=(
BOUNDED_CURVE()
B_SPLINE_CURVE(2,(#3636,#3637,#3638,#3639,#3640),.UNSPECIFIED.,.F.,.F.)
B_SPLINE_CURVE_WITH_KNOTS((3,2,3),(-2.93683753341113,-1.46841876670557,
0.),.UNSPECIFIED.)
CURVE()
GEOMETRIC_REPRESENTATION_ITEM()
RATIONAL_B_SPLINE_CURVE((1.,0.901248263072271,1.,0.901248263072271,1.))
REPRESENTATION_ITEM('')
);
#1730=(
BOUNDED_CURVE()
B_SPLINE_CURVE(2,(#3643,#3644,#3645),.UNSPECIFIED.,.F.,.F.)
B_SPLINE_CURVE_WITH_KNOTS((3,3),(6.28318530718125,12.5663706143592),
 .UNSPECIFIED.)
CURVE()
GEOMETRIC_REPRESENTATION_ITEM()
RATIONAL_B_SPLINE_CURVE((1.,0.70710678118668,1.))
REPRESENTATION_ITEM('')
);
#1731=(
BOUNDED_CURVE()
B_SPLINE_CURVE(2,(#3646,#3647,#3648),.UNSPECIFIED.,.F.,.F.)
B_SPLINE_CURVE_WITH_KNOTS((3,3),(6.28318530718119,12.5663706143592),
 .UNSPECIFIED.)
CURVE()
GEOMETRIC_REPRESENTATION_ITEM()
RATIONAL_B_SPLINE_CURVE((1.,0.707106781186676,1.))
REPRESENTATION_ITEM('')
);
#1732=(
BOUNDED_CURVE()
B_SPLINE_CURVE(2,(#3659,#3660,#3661,#3662,#3663),.UNSPECIFIED.,.F.,.F.)
B_SPLINE_CURVE_WITH_KNOTS((3,2,3),(0.,6.28318530717959,12.5663706143592),
 .UNSPECIFIED.)
CURVE()
GEOMETRIC_REPRESENTATION_ITEM()
RATIONAL_B_SPLINE_CURVE((1.,0.707106781186548,1.,0.707106781186548,1.))
REPRESENTATION_ITEM('')
);
#1733=(
BOUNDED_CURVE()
B_SPLINE_CURVE(2,(#3664,#3665,#3666,#3667,#3668),.UNSPECIFIED.,.F.,.F.)
B_SPLINE_CURVE_WITH_KNOTS((3,2,3),(0.,6.28318530717959,12.5663706143592),
 .UNSPECIFIED.)
CURVE()
GEOMETRIC_REPRESENTATION_ITEM()
RATIONAL_B_SPLINE_CURVE((1.,0.707106781186548,1.,0.707106781186548,1.))
REPRESENTATION_ITEM('')
);
#1734=(
BOUNDED_CURVE()
B_SPLINE_CURVE(2,(#3669,#3670,#3671,#3672,#3673,#3674,#3675,#3676,#3677),
 .UNSPECIFIED.,.T.,.F.)
B_SPLINE_CURVE_WITH_KNOTS((3,2,2,2,3),(25.1327412287183,27.6852852597601,
30.2378292908018,32.7903733218435,35.3429173528852),.UNSPECIFIED.)
CURVE()
GEOMETRIC_REPRESENTATION_ITEM()
RATIONAL_B_SPLINE_CURVE((1.,0.707106781186548,1.,0.707106781186548,1.,0.707106781186548,
1.,0.707106781186548,1.))
REPRESENTATION_ITEM('')
);
#1735=(
BOUNDED_CURVE()
B_SPLINE_CURVE(1,(#3678,#3679),.UNSPECIFIED.,.F.,.F.)
B_SPLINE_CURVE_WITH_KNOTS((2,2),(0.,8.),.UNSPECIFIED.)
CURVE()
GEOMETRIC_REPRESENTATION_ITEM()
RATIONAL_B_SPLINE_CURVE((1.,1.))
REPRESENTATION_ITEM('')
);
#1736=(
BOUNDED_CURVE()
B_SPLINE_CURVE(2,(#3680,#3681,#3682,#3683,#3684,#3685,#3686,#3687,#3688),
 .UNSPECIFIED.,.T.,.F.)
B_SPLINE_CURVE_WITH_KNOTS((3,2,2,2,3),(25.1327412287183,27.6852852597601,
30.2378292908018,32.7903733218435,35.3429173528852),.UNSPECIFIED.)
CURVE()
GEOMETRIC_REPRESENTATION_ITEM()
RATIONAL_B_SPLINE_CURVE((1.,0.707106781186548,1.,0.707106781186548,1.,0.707106781186548,
1.,0.707106781186548,1.))
REPRESENTATION_ITEM('')
);
#1737=(
BOUNDED_CURVE()
B_SPLINE_CURVE(1,(#3707,#3708),.UNSPECIFIED.,.F.,.F.)
B_SPLINE_CURVE_WITH_KNOTS((2,2),(0.,8.),.UNSPECIFIED.)
CURVE()
GEOMETRIC_REPRESENTATION_ITEM()
RATIONAL_B_SPLINE_CURVE((1.,1.))
REPRESENTATION_ITEM('')
);
#1738=(
BOUNDED_CURVE()
B_SPLINE_CURVE(2,(#3725,#3726,#3727),.UNSPECIFIED.,.F.,.F.)
B_SPLINE_CURVE_WITH_KNOTS((3,3),(-562.8883852206,-562.602761580865),
 .UNSPECIFIED.)
CURVE()
GEOMETRIC_REPRESENTATION_ITEM()
RATIONAL_B_SPLINE_CURVE((1.,1.,1.))
REPRESENTATION_ITEM('')
);
#1739=(
BOUNDED_CURVE()
B_SPLINE_CURVE(2,(#3728,#3729,#3730),.UNSPECIFIED.,.F.,.F.)
B_SPLINE_CURVE_WITH_KNOTS((3,3),(-562.8883852206,-562.602761580865),
 .UNSPECIFIED.)
CURVE()
GEOMETRIC_REPRESENTATION_ITEM()
RATIONAL_B_SPLINE_CURVE((1.,1.,1.))
REPRESENTATION_ITEM('')
);
#1740=(
BOUNDED_CURVE()
B_SPLINE_CURVE(1,(#3733,#3734),.UNSPECIFIED.,.F.,.F.)
B_SPLINE_CURVE_WITH_KNOTS((2,2),(0.,8.),.UNSPECIFIED.)
CURVE()
GEOMETRIC_REPRESENTATION_ITEM()
RATIONAL_B_SPLINE_CURVE((1.,1.))
REPRESENTATION_ITEM('')
);
#1741=(
BOUNDED_CURVE()
B_SPLINE_CURVE(1,(#3751,#3752),.UNSPECIFIED.,.F.,.F.)
B_SPLINE_CURVE_WITH_KNOTS((2,2),(5.58518460351175,8.),.UNSPECIFIED.)
CURVE()
GEOMETRIC_REPRESENTATION_ITEM()
RATIONAL_B_SPLINE_CURVE((1.,1.))
REPRESENTATION_ITEM('')
);
#1742=(
BOUNDED_CURVE()
B_SPLINE_CURVE(1,(#3753,#3754),.UNSPECIFIED.,.F.,.F.)
B_SPLINE_CURVE_WITH_KNOTS((2,2),(29.072777677857,32.6150426164971),
 .UNSPECIFIED.)
CURVE()
GEOMETRIC_REPRESENTATION_ITEM()
RATIONAL_B_SPLINE_CURVE((1.,1.))
REPRESENTATION_ITEM('')
);
#1743=(
BOUNDED_CURVE()
B_SPLINE_CURVE(2,(#3757,#3758,#3759),.UNSPECIFIED.,.F.,.F.)
B_SPLINE_CURVE_WITH_KNOTS((3,3),(-514.340138584305,-504.163393636527),
 .UNSPECIFIED.)
CURVE()
GEOMETRIC_REPRESENTATION_ITEM()
RATIONAL_B_SPLINE_CURVE((1.,0.911437827766151,1.))
REPRESENTATION_ITEM('')
);
#1744=(
BOUNDED_CURVE()
B_SPLINE_CURVE(1,(#3779,#3780),.UNSPECIFIED.,.F.,.F.)
B_SPLINE_CURVE_WITH_KNOTS((2,2),(0.,8.),.UNSPECIFIED.)
CURVE()
GEOMETRIC_REPRESENTATION_ITEM()
RATIONAL_B_SPLINE_CURVE((1.,1.))
REPRESENTATION_ITEM('')
);
#1745=(
BOUNDED_CURVE()
B_SPLINE_CURVE(2,(#3781,#3782,#3783,#3784,#3785),.UNSPECIFIED.,.F.,.F.)
B_SPLINE_CURVE_WITH_KNOTS((3,2,3),(-10.2101761241668,-8.74175735746129,
-7.27333859075576),.UNSPECIFIED.)
CURVE()
GEOMETRIC_REPRESENTATION_ITEM()
RATIONAL_B_SPLINE_CURVE((1.,0.901248263072302,1.,0.901248263072302,1.))
REPRESENTATION_ITEM('')
);
#1746=(
BOUNDED_CURVE()
B_SPLINE_CURVE(2,(#3786,#3787,#3788),.UNSPECIFIED.,.F.,.F.)
B_SPLINE_CURVE_WITH_KNOTS((3,3),(-576.674008860336,-573.3883852206),
 .UNSPECIFIED.)
CURVE()
GEOMETRIC_REPRESENTATION_ITEM()
RATIONAL_B_SPLINE_CURVE((1.,1.,1.))
REPRESENTATION_ITEM('')
);
#1747=(
BOUNDED_CURVE()
B_SPLINE_CURVE(1,(#3789,#3790),.UNSPECIFIED.,.F.,.F.)
B_SPLINE_CURVE_WITH_KNOTS((2,2),(0.,8.),.UNSPECIFIED.)
CURVE()
GEOMETRIC_REPRESENTATION_ITEM()
RATIONAL_B_SPLINE_CURVE((1.,1.))
REPRESENTATION_ITEM('')
);
#1748=(
BOUNDED_CURVE()
B_SPLINE_CURVE(2,(#3791,#3792,#3793),.UNSPECIFIED.,.F.,.F.)
B_SPLINE_CURVE_WITH_KNOTS((3,3),(-576.674008860336,-573.3883852206),
 .UNSPECIFIED.)
CURVE()
GEOMETRIC_REPRESENTATION_ITEM()
RATIONAL_B_SPLINE_CURVE((1.,1.,1.))
REPRESENTATION_ITEM('')
);
#1749=(
BOUNDED_CURVE()
B_SPLINE_CURVE(2,(#3794,#3795,#3796,#3797,#3798),.UNSPECIFIED.,.F.,.F.)
B_SPLINE_CURVE_WITH_KNOTS((3,2,3),(-562.602761580865,-560.184419134069,
-556.846727006491),.UNSPECIFIED.)
CURVE()
GEOMETRIC_REPRESENTATION_ITEM()
RATIONAL_B_SPLINE_CURVE((1.,0.919866211007794,1.,0.990345273023592,1.))
REPRESENTATION_ITEM('')
);
#1750=(
BOUNDED_CURVE()
B_SPLINE_CURVE(1,(#3799,#3800),.UNSPECIFIED.,.F.,.F.)
B_SPLINE_CURVE_WITH_KNOTS((2,2),(0.,8.),.UNSPECIFIED.)
CURVE()
GEOMETRIC_REPRESENTATION_ITEM()
RATIONAL_B_SPLINE_CURVE((1.,1.))
REPRESENTATION_ITEM('')
);
#1751=(
BOUNDED_CURVE()
B_SPLINE_CURVE(2,(#3801,#3802,#3803,#3804,#3805),.UNSPECIFIED.,.F.,.F.)
B_SPLINE_CURVE_WITH_KNOTS((3,2,3),(-562.602761580865,-560.184419134069,
-556.846727006491),.UNSPECIFIED.)
CURVE()
GEOMETRIC_REPRESENTATION_ITEM()
RATIONAL_B_SPLINE_CURVE((1.,0.919866211007794,1.,0.990345273023592,1.))
REPRESENTATION_ITEM('')
);
#1752=(
BOUNDED_CURVE()
B_SPLINE_CURVE(2,(#3806,#3807,#3808),.UNSPECIFIED.,.F.,.F.)
B_SPLINE_CURVE_WITH_KNOTS((3,3),(-556.846727006491,-553.5939615278),
 .UNSPECIFIED.)
CURVE()
GEOMETRIC_REPRESENTATION_ITEM()
RATIONAL_B_SPLINE_CURVE((1.,0.856612875598623,1.))
REPRESENTATION_ITEM('')
);
#1753=(
BOUNDED_CURVE()
B_SPLINE_CURVE(1,(#3809,#3810),.UNSPECIFIED.,.F.,.F.)
B_SPLINE_CURVE_WITH_KNOTS((2,2),(0.,2.41481539648805),.UNSPECIFIED.)
CURVE()
GEOMETRIC_REPRESENTATION_ITEM()
RATIONAL_B_SPLINE_CURVE((1.,1.))
REPRESENTATION_ITEM('')
);
#1754=(
BOUNDED_CURVE()
B_SPLINE_CURVE(2,(#3811,#3812,#3813),.UNSPECIFIED.,.F.,.F.)
B_SPLINE_CURVE_WITH_KNOTS((3,3),(-556.846727006491,-553.5939615278),
 .UNSPECIFIED.)
CURVE()
GEOMETRIC_REPRESENTATION_ITEM()
RATIONAL_B_SPLINE_CURVE((1.,0.856612875598623,1.))
REPRESENTATION_ITEM('')
);
#1755=(
BOUNDED_CURVE()
B_SPLINE_CURVE(2,(#3814,#3815,#3816),.UNSPECIFIED.,.F.,.F.)
B_SPLINE_CURVE_WITH_KNOTS((3,3),(-553.5939615278,-548.887282293356),
 .UNSPECIFIED.)
CURVE()
GEOMETRIC_REPRESENTATION_ITEM()
RATIONAL_B_SPLINE_CURVE((1.,1.,1.))
REPRESENTATION_ITEM('')
);
#1756=(
BOUNDED_CURVE()
B_SPLINE_CURVE(1,(#3817,#3818),.UNSPECIFIED.,.F.,.F.)
B_SPLINE_CURVE_WITH_KNOTS((2,2),(0.,8.),.UNSPECIFIED.)
CURVE()
GEOMETRIC_REPRESENTATION_ITEM()
RATIONAL_B_SPLINE_CURVE((1.,1.))
REPRESENTATION_ITEM('')
);
#1757=(
BOUNDED_CURVE()
B_SPLINE_CURVE(2,(#3819,#3820,#3821),.UNSPECIFIED.,.F.,.F.)
B_SPLINE_CURVE_WITH_KNOTS((3,3),(-553.5939615278,-548.887282293356),
 .UNSPECIFIED.)
CURVE()
GEOMETRIC_REPRESENTATION_ITEM()
RATIONAL_B_SPLINE_CURVE((1.,1.,1.))
REPRESENTATION_ITEM('')
);
#1758=(
BOUNDED_CURVE()
B_SPLINE_CURVE(2,(#3822,#3823,#3824),.UNSPECIFIED.,.F.,.F.)
B_SPLINE_CURVE_WITH_KNOTS((3,3),(-548.887282293356,-547.316485966561),
 .UNSPECIFIED.)
CURVE()
GEOMETRIC_REPRESENTATION_ITEM()
RATIONAL_B_SPLINE_CURVE((1.,0.707106781186558,1.))
REPRESENTATION_ITEM('')
);
#1759=(
BOUNDED_CURVE()
B_SPLINE_CURVE(1,(#3825,#3826),.UNSPECIFIED.,.F.,.F.)
B_SPLINE_CURVE_WITH_KNOTS((2,2),(0.,8.),.UNSPECIFIED.)
CURVE()
GEOMETRIC_REPRESENTATION_ITEM()
RATIONAL_B_SPLINE_CURVE((1.,1.))
REPRESENTATION_ITEM('')
);
#1760=(
BOUNDED_CURVE()
B_SPLINE_CURVE(2,(#3827,#3828,#3829),.UNSPECIFIED.,.F.,.F.)
B_SPLINE_CURVE_WITH_KNOTS((3,3),(-548.887282293356,-547.316485966561),
 .UNSPECIFIED.)
CURVE()
GEOMETRIC_REPRESENTATION_ITEM()
RATIONAL_B_SPLINE_CURVE((1.,0.707106781186558,1.))
REPRESENTATION_ITEM('')
);
#1761=(
BOUNDED_CURVE()
B_SPLINE_CURVE(2,(#3830,#3831,#3832),.UNSPECIFIED.,.F.,.F.)
B_SPLINE_CURVE_WITH_KNOTS((3,3),(-547.316485966561,-546.702713046029),
 .UNSPECIFIED.)
CURVE()
GEOMETRIC_REPRESENTATION_ITEM()
RATIONAL_B_SPLINE_CURVE((1.,1.,1.))
REPRESENTATION_ITEM('')
);
#1762=(
BOUNDED_CURVE()
B_SPLINE_CURVE(1,(#3833,#3834),.UNSPECIFIED.,.F.,.F.)
B_SPLINE_CURVE_WITH_KNOTS((2,2),(0.,8.),.UNSPECIFIED.)
CURVE()
GEOMETRIC_REPRESENTATION_ITEM()
RATIONAL_B_SPLINE_CURVE((1.,1.))
REPRESENTATION_ITEM('')
);
#1763=(
BOUNDED_CURVE()
B_SPLINE_CURVE(2,(#3835,#3836,#3837),.UNSPECIFIED.,.F.,.F.)
B_SPLINE_CURVE_WITH_KNOTS((3,3),(-547.316485966561,-546.702713046029),
 .UNSPECIFIED.)
CURVE()
GEOMETRIC_REPRESENTATION_ITEM()
RATIONAL_B_SPLINE_CURVE((1.,1.,1.))
REPRESENTATION_ITEM('')
);
#1764=(
BOUNDED_CURVE()
B_SPLINE_CURVE(2,(#3838,#3839,#3840),.UNSPECIFIED.,.F.,.F.)
B_SPLINE_CURVE_WITH_KNOTS((3,3),(-546.702713046029,-545.131916719234),
 .UNSPECIFIED.)
CURVE()
GEOMETRIC_REPRESENTATION_ITEM()
RATIONAL_B_SPLINE_CURVE((1.,0.707106781186548,1.))
REPRESENTATION_ITEM('')
);
#1765=(
BOUNDED_CURVE()
B_SPLINE_CURVE(1,(#3841,#3842),.UNSPECIFIED.,.F.,.F.)
B_SPLINE_CURVE_WITH_KNOTS((2,2),(0.,8.),.UNSPECIFIED.)
CURVE()
GEOMETRIC_REPRESENTATION_ITEM()
RATIONAL_B_SPLINE_CURVE((1.,1.))
REPRESENTATION_ITEM('')
);
#1766=(
BOUNDED_CURVE()
B_SPLINE_CURVE(2,(#3843,#3844,#3845),.UNSPECIFIED.,.F.,.F.)
B_SPLINE_CURVE_WITH_KNOTS((3,3),(-546.702713046029,-545.131916719234),
 .UNSPECIFIED.)
CURVE()
GEOMETRIC_REPRESENTATION_ITEM()
RATIONAL_B_SPLINE_CURVE((1.,0.707106781186548,1.))
REPRESENTATION_ITEM('')
);
#1767=(
BOUNDED_CURVE()
B_SPLINE_CURVE(2,(#3846,#3847,#3848),.UNSPECIFIED.,.F.,.F.)
B_SPLINE_CURVE_WITH_KNOTS((3,3),(-545.131916719234,-539.642321055277),
 .UNSPECIFIED.)
CURVE()
GEOMETRIC_REPRESENTATION_ITEM()
RATIONAL_B_SPLINE_CURVE((1.,1.,1.))
REPRESENTATION_ITEM('')
);
#1768=(
BOUNDED_CURVE()
B_SPLINE_CURVE(1,(#3849,#3850),.UNSPECIFIED.,.F.,.F.)
B_SPLINE_CURVE_WITH_KNOTS((2,2),(0.,8.),.UNSPECIFIED.)
CURVE()
GEOMETRIC_REPRESENTATION_ITEM()
RATIONAL_B_SPLINE_CURVE((1.,1.))
REPRESENTATION_ITEM('')
);
#1769=(
BOUNDED_CURVE()
B_SPLINE_CURVE(2,(#3851,#3852,#3853),.UNSPECIFIED.,.F.,.F.)
B_SPLINE_CURVE_WITH_KNOTS((3,3),(-545.131916719234,-539.642321055277),
 .UNSPECIFIED.)
CURVE()
GEOMETRIC_REPRESENTATION_ITEM()
RATIONAL_B_SPLINE_CURVE((1.,1.,1.))
REPRESENTATION_ITEM('')
);
#1770=(
BOUNDED_CURVE()
B_SPLINE_CURVE(2,(#3854,#3855,#3856),.UNSPECIFIED.,.F.,.F.)
B_SPLINE_CURVE_WITH_KNOTS((3,3),(-539.642321055277,-536.022223939608),
 .UNSPECIFIED.)
CURVE()
GEOMETRIC_REPRESENTATION_ITEM()
RATIONAL_B_SPLINE_CURVE((1.,0.823439707765145,1.))
REPRESENTATION_ITEM('')
);
#1771=(
BOUNDED_CURVE()
B_SPLINE_CURVE(1,(#3857,#3858),.UNSPECIFIED.,.F.,.F.)
B_SPLINE_CURVE_WITH_KNOTS((2,2),(0.,8.),.UNSPECIFIED.)
CURVE()
GEOMETRIC_REPRESENTATION_ITEM()
RATIONAL_B_SPLINE_CURVE((1.,1.))
REPRESENTATION_ITEM('')
);
#1772=(
BOUNDED_CURVE()
B_SPLINE_CURVE(2,(#3859,#3860,#3861),.UNSPECIFIED.,.F.,.F.)
B_SPLINE_CURVE_WITH_KNOTS((3,3),(-539.642321055277,-536.022223939608),
 .UNSPECIFIED.)
CURVE()
GEOMETRIC_REPRESENTATION_ITEM()
RATIONAL_B_SPLINE_CURVE((1.,0.823439707765145,1.))
REPRESENTATION_ITEM('')
);
#1773=(
BOUNDED_CURVE()
B_SPLINE_CURVE(2,(#3862,#3863,#3864),.UNSPECIFIED.,.F.,.F.)
B_SPLINE_CURVE_WITH_KNOTS((3,3),(-536.022223939608,-530.214646450692),
 .UNSPECIFIED.)
CURVE()
GEOMETRIC_REPRESENTATION_ITEM()
RATIONAL_B_SPLINE_CURVE((1.,0.970864845948503,1.))
REPRESENTATION_ITEM('')
);
#1774=(
BOUNDED_CURVE()
B_SPLINE_CURVE(1,(#3865,#3866),.UNSPECIFIED.,.F.,.F.)
B_SPLINE_CURVE_WITH_KNOTS((2,2),(0.,8.),.UNSPECIFIED.)
CURVE()
GEOMETRIC_REPRESENTATION_ITEM()
RATIONAL_B_SPLINE_CURVE((1.,1.))
REPRESENTATION_ITEM('')
);
#1775=(
BOUNDED_CURVE()
B_SPLINE_CURVE(2,(#3867,#3868,#3869),.UNSPECIFIED.,.F.,.F.)
B_SPLINE_CURVE_WITH_KNOTS((3,3),(-536.022223939608,-530.214646450692),
 .UNSPECIFIED.)
CURVE()
GEOMETRIC_REPRESENTATION_ITEM()
RATIONAL_B_SPLINE_CURVE((1.,0.970864845948503,1.))
REPRESENTATION_ITEM('')
);
#1776=(
BOUNDED_CURVE()
B_SPLINE_CURVE(2,(#3870,#3871,#3872),.UNSPECIFIED.,.F.,.F.)
B_SPLINE_CURVE_WITH_KNOTS((3,3),(-530.214646450692,-514.340138584305),
 .UNSPECIFIED.)
CURVE()
GEOMETRIC_REPRESENTATION_ITEM()
RATIONAL_B_SPLINE_CURVE((1.,1.,1.))
REPRESENTATION_ITEM('')
);
#1777=(
BOUNDED_CURVE()
B_SPLINE_CURVE(1,(#3873,#3874),.UNSPECIFIED.,.F.,.F.)
B_SPLINE_CURVE_WITH_KNOTS((2,2),(0.,8.),.UNSPECIFIED.)
CURVE()
GEOMETRIC_REPRESENTATION_ITEM()
RATIONAL_B_SPLINE_CURVE((1.,1.))
REPRESENTATION_ITEM('')
);
#1778=(
BOUNDED_CURVE()
B_SPLINE_CURVE(2,(#3875,#3876,#3877),.UNSPECIFIED.,.F.,.F.)
B_SPLINE_CURVE_WITH_KNOTS((3,3),(-530.214646450692,-514.340138584305),
 .UNSPECIFIED.)
CURVE()
GEOMETRIC_REPRESENTATION_ITEM()
RATIONAL_B_SPLINE_CURVE((1.,1.,1.))
REPRESENTATION_ITEM('')
);
#1779=(
BOUNDED_CURVE()
B_SPLINE_CURVE(2,(#3878,#3879,#3880),.UNSPECIFIED.,.F.,.F.)
B_SPLINE_CURVE_WITH_KNOTS((3,3),(-514.340138584305,-504.163393636527),
 .UNSPECIFIED.)
CURVE()
GEOMETRIC_REPRESENTATION_ITEM()
RATIONAL_B_SPLINE_CURVE((1.,0.911437827766151,1.))
REPRESENTATION_ITEM('')
);
#1780=(
BOUNDED_CURVE()
B_SPLINE_CURVE(2,(#3881,#3882,#3883,#3884,#3885),.UNSPECIFIED.,.F.,.F.)
B_SPLINE_CURVE_WITH_KNOTS((3,2,3),(-583.911816091572,-579.092351307132,
-576.674008860336),.UNSPECIFIED.)
CURVE()
GEOMETRIC_REPRESENTATION_ITEM()
RATIONAL_B_SPLINE_CURVE((1.,0.981301417763868,1.,0.919866211007808,1.))
REPRESENTATION_ITEM('')
);
#1781=(
BOUNDED_CURVE()
B_SPLINE_CURVE(2,(#3886,#3887,#3888,#3889,#3890,#3891,#3892,#3893,#3894),
 .UNSPECIFIED.,.T.,.F.)
B_SPLINE_CURVE_WITH_KNOTS((3,2,2,2,3),(0.,2.55254403104171,5.10508806208341,
7.65763209312512,10.2101761241668),.UNSPECIFIED.)
CURVE()
GEOMETRIC_REPRESENTATION_ITEM()
RATIONAL_B_SPLINE_CURVE((1.,0.707106781186548,1.,0.707106781186548,1.,0.707106781186548,
1.,0.707106781186548,1.))
REPRESENTATION_ITEM('')
);
#1782=(
BOUNDED_CURVE()
B_SPLINE_CURVE(2,(#3895,#3896,#3897,#3898,#3899),.UNSPECIFIED.,.F.,.F.)
B_SPLINE_CURVE_WITH_KNOTS((3,2,3),(-583.911816091572,-579.092351307132,
-576.674008860336),.UNSPECIFIED.)
CURVE()
GEOMETRIC_REPRESENTATION_ITEM()
RATIONAL_B_SPLINE_CURVE((1.,0.981301417763868,1.,0.919866211007808,1.))
REPRESENTATION_ITEM('')
);
#1783=(
BOUNDED_CURVE()
B_SPLINE_CURVE(2,(#3900,#3901,#3902,#3903,#3904),.UNSPECIFIED.,.F.,.F.)
B_SPLINE_CURVE_WITH_KNOTS((3,2,3),(-2.93683753341113,-1.46841876670557,
0.),.UNSPECIFIED.)
CURVE()
GEOMETRIC_REPRESENTATION_ITEM()
RATIONAL_B_SPLINE_CURVE((1.,0.901248263072271,1.,0.901248263072271,1.))
REPRESENTATION_ITEM('')
);
#1784=(
BOUNDED_CURVE()
B_SPLINE_CURVE(2,(#3907,#3908,#3909),.UNSPECIFIED.,.F.,.F.)
B_SPLINE_CURVE_WITH_KNOTS((3,3),(6.28318530718125,12.5663706143592),
 .UNSPECIFIED.)
CURVE()
GEOMETRIC_REPRESENTATION_ITEM()
RATIONAL_B_SPLINE_CURVE((1.,0.70710678118668,1.))
REPRESENTATION_ITEM('')
);
#1785=(
BOUNDED_CURVE()
B_SPLINE_CURVE(2,(#3910,#3911,#3912),.UNSPECIFIED.,.F.,.F.)
B_SPLINE_CURVE_WITH_KNOTS((3,3),(6.28318530718119,12.5663706143592),
 .UNSPECIFIED.)
CURVE()
GEOMETRIC_REPRESENTATION_ITEM()
RATIONAL_B_SPLINE_CURVE((1.,0.707106781186676,1.))
REPRESENTATION_ITEM('')
);
#1786=(
BOUNDED_CURVE()
B_SPLINE_CURVE(2,(#3923,#3924,#3925,#3926,#3927),.UNSPECIFIED.,.F.,.F.)
B_SPLINE_CURVE_WITH_KNOTS((3,2,3),(0.,6.28318530717959,12.5663706143592),
 .UNSPECIFIED.)
CURVE()
GEOMETRIC_REPRESENTATION_ITEM()
RATIONAL_B_SPLINE_CURVE((1.,0.707106781186548,1.,0.707106781186548,1.))
REPRESENTATION_ITEM('')
);
#1787=(
BOUNDED_CURVE()
B_SPLINE_CURVE(2,(#3928,#3929,#3930,#3931,#3932),.UNSPECIFIED.,.F.,.F.)
B_SPLINE_CURVE_WITH_KNOTS((3,2,3),(0.,6.28318530717959,12.5663706143592),
 .UNSPECIFIED.)
CURVE()
GEOMETRIC_REPRESENTATION_ITEM()
RATIONAL_B_SPLINE_CURVE((1.,0.707106781186548,1.,0.707106781186548,1.))
REPRESENTATION_ITEM('')
);
#1788=(
BOUNDED_CURVE()
B_SPLINE_CURVE(2,(#3933,#3934,#3935,#3936,#3937,#3938,#3939,#3940,#3941),
 .UNSPECIFIED.,.T.,.F.)
B_SPLINE_CURVE_WITH_KNOTS((3,2,2,2,3),(25.1327412287183,27.6852852597601,
30.2378292908018,32.7903733218435,35.3429173528852),.UNSPECIFIED.)
CURVE()
GEOMETRIC_REPRESENTATION_ITEM()
RATIONAL_B_SPLINE_CURVE((1.,0.707106781186548,1.,0.707106781186548,1.,0.707106781186548,
1.,0.707106781186548,1.))
REPRESENTATION_ITEM('')
);
#1789=(
BOUNDED_CURVE()
B_SPLINE_CURVE(1,(#3942,#3943),.UNSPECIFIED.,.F.,.F.)
B_SPLINE_CURVE_WITH_KNOTS((2,2),(0.,8.),.UNSPECIFIED.)
CURVE()
GEOMETRIC_REPRESENTATION_ITEM()
RATIONAL_B_SPLINE_CURVE((1.,1.))
REPRESENTATION_ITEM('')
);
#1790=(
BOUNDED_CURVE()
B_SPLINE_CURVE(2,(#3944,#3945,#3946,#3947,#3948,#3949,#3950,#3951,#3952),
 .UNSPECIFIED.,.T.,.F.)
B_SPLINE_CURVE_WITH_KNOTS((3,2,2,2,3),(25.1327412287183,27.6852852597601,
30.2378292908018,32.7903733218435,35.3429173528852),.UNSPECIFIED.)
CURVE()
GEOMETRIC_REPRESENTATION_ITEM()
RATIONAL_B_SPLINE_CURVE((1.,0.707106781186548,1.,0.707106781186548,1.,0.707106781186548,
1.,0.707106781186548,1.))
REPRESENTATION_ITEM('')
);
#1791=(
BOUNDED_CURVE()
B_SPLINE_CURVE(1,(#3971,#3972),.UNSPECIFIED.,.F.,.F.)
B_SPLINE_CURVE_WITH_KNOTS((2,2),(0.,8.),.UNSPECIFIED.)
CURVE()
GEOMETRIC_REPRESENTATION_ITEM()
RATIONAL_B_SPLINE_CURVE((1.,1.))
REPRESENTATION_ITEM('')
);
#1792=(
BOUNDED_CURVE()
B_SPLINE_CURVE(2,(#3989,#3990,#3991),.UNSPECIFIED.,.F.,.F.)
B_SPLINE_CURVE_WITH_KNOTS((3,3),(-562.8883852206,-562.602761580865),
 .UNSPECIFIED.)
CURVE()
GEOMETRIC_REPRESENTATION_ITEM()
RATIONAL_B_SPLINE_CURVE((1.,1.,1.))
REPRESENTATION_ITEM('')
);
#1793=(
BOUNDED_CURVE()
B_SPLINE_CURVE(2,(#3992,#3993,#3994),.UNSPECIFIED.,.F.,.F.)
B_SPLINE_CURVE_WITH_KNOTS((3,3),(-562.8883852206,-562.602761580865),
 .UNSPECIFIED.)
CURVE()
GEOMETRIC_REPRESENTATION_ITEM()
RATIONAL_B_SPLINE_CURVE((1.,1.,1.))
REPRESENTATION_ITEM('')
);
#1794=(
BOUNDED_CURVE()
B_SPLINE_CURVE(1,(#3997,#3998),.UNSPECIFIED.,.F.,.F.)
B_SPLINE_CURVE_WITH_KNOTS((2,2),(0.,8.),.UNSPECIFIED.)
CURVE()
GEOMETRIC_REPRESENTATION_ITEM()
RATIONAL_B_SPLINE_CURVE((1.,1.))
REPRESENTATION_ITEM('')
);
#1795=(
BOUNDED_CURVE()
B_SPLINE_CURVE(1,(#4011,#4012),.UNSPECIFIED.,.F.,.F.)
B_SPLINE_CURVE_WITH_KNOTS((2,2),(5.58518460351175,8.),.UNSPECIFIED.)
CURVE()
GEOMETRIC_REPRESENTATION_ITEM()
RATIONAL_B_SPLINE_CURVE((1.,1.))
REPRESENTATION_ITEM('')
);
#1796=(
BOUNDED_CURVE()
B_SPLINE_CURVE(1,(#4013,#4014),.UNSPECIFIED.,.F.,.F.)
B_SPLINE_CURVE_WITH_KNOTS((2,2),(29.072777677857,32.6150426164971),
 .UNSPECIFIED.)
CURVE()
GEOMETRIC_REPRESENTATION_ITEM()
RATIONAL_B_SPLINE_CURVE((1.,1.))
REPRESENTATION_ITEM('')
);
#1797=(
BOUNDED_CURVE()
B_SPLINE_CURVE(2,(#4017,#4018,#4019),.UNSPECIFIED.,.F.,.F.)
B_SPLINE_CURVE_WITH_KNOTS((3,3),(-514.340138584305,-504.163393636527),
 .UNSPECIFIED.)
CURVE()
GEOMETRIC_REPRESENTATION_ITEM()
RATIONAL_B_SPLINE_CURVE((1.,0.911437827766151,1.))
REPRESENTATION_ITEM('')
);
#1798=(
BOUNDED_CURVE()
B_SPLINE_CURVE(1,(#4039,#4040),.UNSPECIFIED.,.F.,.F.)
B_SPLINE_CURVE_WITH_KNOTS((2,2),(0.,8.),.UNSPECIFIED.)
CURVE()
GEOMETRIC_REPRESENTATION_ITEM()
RATIONAL_B_SPLINE_CURVE((1.,1.))
REPRESENTATION_ITEM('')
);
#1799=(
BOUNDED_CURVE()
B_SPLINE_CURVE(2,(#4041,#4042,#4043,#4044,#4045),.UNSPECIFIED.,.F.,.F.)
B_SPLINE_CURVE_WITH_KNOTS((3,2,3),(-10.2101761241668,-8.74175735746129,
-7.27333859075576),.UNSPECIFIED.)
CURVE()
GEOMETRIC_REPRESENTATION_ITEM()
RATIONAL_B_SPLINE_CURVE((1.,0.901248263072302,1.,0.901248263072302,1.))
REPRESENTATION_ITEM('')
);
#1800=(
BOUNDED_CURVE()
B_SPLINE_CURVE(2,(#4046,#4047,#4048),.UNSPECIFIED.,.F.,.F.)
B_SPLINE_CURVE_WITH_KNOTS((3,3),(-576.674008860336,-573.3883852206),
 .UNSPECIFIED.)
CURVE()
GEOMETRIC_REPRESENTATION_ITEM()
RATIONAL_B_SPLINE_CURVE((1.,1.,1.))
REPRESENTATION_ITEM('')
);
#1801=(
BOUNDED_CURVE()
B_SPLINE_CURVE(1,(#4049,#4050),.UNSPECIFIED.,.F.,.F.)
B_SPLINE_CURVE_WITH_KNOTS((2,2),(0.,8.),.UNSPECIFIED.)
CURVE()
GEOMETRIC_REPRESENTATION_ITEM()
RATIONAL_B_SPLINE_CURVE((1.,1.))
REPRESENTATION_ITEM('')
);
#1802=(
BOUNDED_CURVE()
B_SPLINE_CURVE(2,(#4051,#4052,#4053),.UNSPECIFIED.,.F.,.F.)
B_SPLINE_CURVE_WITH_KNOTS((3,3),(-576.674008860336,-573.3883852206),
 .UNSPECIFIED.)
CURVE()
GEOMETRIC_REPRESENTATION_ITEM()
RATIONAL_B_SPLINE_CURVE((1.,1.,1.))
REPRESENTATION_ITEM('')
);
#1803=(
BOUNDED_CURVE()
B_SPLINE_CURVE(2,(#4054,#4055,#4056,#4057,#4058),.UNSPECIFIED.,.F.,.F.)
B_SPLINE_CURVE_WITH_KNOTS((3,2,3),(-562.602761580865,-560.184419134069,
-556.846727006491),.UNSPECIFIED.)
CURVE()
GEOMETRIC_REPRESENTATION_ITEM()
RATIONAL_B_SPLINE_CURVE((1.,0.919866211007794,1.,0.990345273023592,1.))
REPRESENTATION_ITEM('')
);
#1804=(
BOUNDED_CURVE()
B_SPLINE_CURVE(1,(#4059,#4060),.UNSPECIFIED.,.F.,.F.)
B_SPLINE_CURVE_WITH_KNOTS((2,2),(0.,8.),.UNSPECIFIED.)
CURVE()
GEOMETRIC_REPRESENTATION_ITEM()
RATIONAL_B_SPLINE_CURVE((1.,1.))
REPRESENTATION_ITEM('')
);
#1805=(
BOUNDED_CURVE()
B_SPLINE_CURVE(2,(#4061,#4062,#4063,#4064,#4065),.UNSPECIFIED.,.F.,.F.)
B_SPLINE_CURVE_WITH_KNOTS((3,2,3),(-562.602761580865,-560.184419134069,
-556.846727006491),.UNSPECIFIED.)
CURVE()
GEOMETRIC_REPRESENTATION_ITEM()
RATIONAL_B_SPLINE_CURVE((1.,0.919866211007794,1.,0.990345273023592,1.))
REPRESENTATION_ITEM('')
);
#1806=(
BOUNDED_CURVE()
B_SPLINE_CURVE(2,(#4066,#4067,#4068),.UNSPECIFIED.,.F.,.F.)
B_SPLINE_CURVE_WITH_KNOTS((3,3),(-556.846727006491,-553.5939615278),
 .UNSPECIFIED.)
CURVE()
GEOMETRIC_REPRESENTATION_ITEM()
RATIONAL_B_SPLINE_CURVE((1.,0.856612875598623,1.))
REPRESENTATION_ITEM('')
);
#1807=(
BOUNDED_CURVE()
B_SPLINE_CURVE(1,(#4069,#4070),.UNSPECIFIED.,.F.,.F.)
B_SPLINE_CURVE_WITH_KNOTS((2,2),(0.,2.41481539648805),.UNSPECIFIED.)
CURVE()
GEOMETRIC_REPRESENTATION_ITEM()
RATIONAL_B_SPLINE_CURVE((1.,1.))
REPRESENTATION_ITEM('')
);
#1808=(
BOUNDED_CURVE()
B_SPLINE_CURVE(2,(#4071,#4072,#4073),.UNSPECIFIED.,.F.,.F.)
B_SPLINE_CURVE_WITH_KNOTS((3,3),(-556.846727006491,-553.5939615278),
 .UNSPECIFIED.)
CURVE()
GEOMETRIC_REPRESENTATION_ITEM()
RATIONAL_B_SPLINE_CURVE((1.,0.856612875598623,1.))
REPRESENTATION_ITEM('')
);
#1809=(
BOUNDED_CURVE()
B_SPLINE_CURVE(2,(#4074,#4075,#4076),.UNSPECIFIED.,.F.,.F.)
B_SPLINE_CURVE_WITH_KNOTS((3,3),(-553.5939615278,-548.887282293356),
 .UNSPECIFIED.)
CURVE()
GEOMETRIC_REPRESENTATION_ITEM()
RATIONAL_B_SPLINE_CURVE((1.,1.,1.))
REPRESENTATION_ITEM('')
);
#1810=(
BOUNDED_CURVE()
B_SPLINE_CURVE(1,(#4077,#4078),.UNSPECIFIED.,.F.,.F.)
B_SPLINE_CURVE_WITH_KNOTS((2,2),(0.,8.),.UNSPECIFIED.)
CURVE()
GEOMETRIC_REPRESENTATION_ITEM()
RATIONAL_B_SPLINE_CURVE((1.,1.))
REPRESENTATION_ITEM('')
);
#1811=(
BOUNDED_CURVE()
B_SPLINE_CURVE(2,(#4079,#4080,#4081),.UNSPECIFIED.,.F.,.F.)
B_SPLINE_CURVE_WITH_KNOTS((3,3),(-553.5939615278,-548.887282293356),
 .UNSPECIFIED.)
CURVE()
GEOMETRIC_REPRESENTATION_ITEM()
RATIONAL_B_SPLINE_CURVE((1.,1.,1.))
REPRESENTATION_ITEM('')
);
#1812=(
BOUNDED_CURVE()
B_SPLINE_CURVE(2,(#4082,#4083,#4084),.UNSPECIFIED.,.F.,.F.)
B_SPLINE_CURVE_WITH_KNOTS((3,3),(-548.887282293356,-547.316485966561),
 .UNSPECIFIED.)
CURVE()
GEOMETRIC_REPRESENTATION_ITEM()
RATIONAL_B_SPLINE_CURVE((1.,0.707106781186558,1.))
REPRESENTATION_ITEM('')
);
#1813=(
BOUNDED_CURVE()
B_SPLINE_CURVE(1,(#4085,#4086),.UNSPECIFIED.,.F.,.F.)
B_SPLINE_CURVE_WITH_KNOTS((2,2),(0.,8.),.UNSPECIFIED.)
CURVE()
GEOMETRIC_REPRESENTATION_ITEM()
RATIONAL_B_SPLINE_CURVE((1.,1.))
REPRESENTATION_ITEM('')
);
#1814=(
BOUNDED_CURVE()
B_SPLINE_CURVE(2,(#4087,#4088,#4089),.UNSPECIFIED.,.F.,.F.)
B_SPLINE_CURVE_WITH_KNOTS((3,3),(-548.887282293356,-547.316485966561),
 .UNSPECIFIED.)
CURVE()
GEOMETRIC_REPRESENTATION_ITEM()
RATIONAL_B_SPLINE_CURVE((1.,0.707106781186558,1.))
REPRESENTATION_ITEM('')
);
#1815=(
BOUNDED_CURVE()
B_SPLINE_CURVE(2,(#4090,#4091,#4092),.UNSPECIFIED.,.F.,.F.)
B_SPLINE_CURVE_WITH_KNOTS((3,3),(-547.316485966561,-546.702713046029),
 .UNSPECIFIED.)
CURVE()
GEOMETRIC_REPRESENTATION_ITEM()
RATIONAL_B_SPLINE_CURVE((1.,1.,1.))
REPRESENTATION_ITEM('')
);
#1816=(
BOUNDED_CURVE()
B_SPLINE_CURVE(1,(#4093,#4094),.UNSPECIFIED.,.F.,.F.)
B_SPLINE_CURVE_WITH_KNOTS((2,2),(0.,8.),.UNSPECIFIED.)
CURVE()
GEOMETRIC_REPRESENTATION_ITEM()
RATIONAL_B_SPLINE_CURVE((1.,1.))
REPRESENTATION_ITEM('')
);
#1817=(
BOUNDED_CURVE()
B_SPLINE_CURVE(2,(#4095,#4096,#4097),.UNSPECIFIED.,.F.,.F.)
B_SPLINE_CURVE_WITH_KNOTS((3,3),(-547.316485966561,-546.702713046029),
 .UNSPECIFIED.)
CURVE()
GEOMETRIC_REPRESENTATION_ITEM()
RATIONAL_B_SPLINE_CURVE((1.,1.,1.))
REPRESENTATION_ITEM('')
);
#1818=(
BOUNDED_CURVE()
B_SPLINE_CURVE(2,(#4098,#4099,#4100),.UNSPECIFIED.,.F.,.F.)
B_SPLINE_CURVE_WITH_KNOTS((3,3),(-546.702713046029,-545.131916719234),
 .UNSPECIFIED.)
CURVE()
GEOMETRIC_REPRESENTATION_ITEM()
RATIONAL_B_SPLINE_CURVE((1.,0.707106781186548,1.))
REPRESENTATION_ITEM('')
);
#1819=(
BOUNDED_CURVE()
B_SPLINE_CURVE(1,(#4101,#4102),.UNSPECIFIED.,.F.,.F.)
B_SPLINE_CURVE_WITH_KNOTS((2,2),(0.,8.),.UNSPECIFIED.)
CURVE()
GEOMETRIC_REPRESENTATION_ITEM()
RATIONAL_B_SPLINE_CURVE((1.,1.))
REPRESENTATION_ITEM('')
);
#1820=(
BOUNDED_CURVE()
B_SPLINE_CURVE(2,(#4103,#4104,#4105),.UNSPECIFIED.,.F.,.F.)
B_SPLINE_CURVE_WITH_KNOTS((3,3),(-546.702713046029,-545.131916719234),
 .UNSPECIFIED.)
CURVE()
GEOMETRIC_REPRESENTATION_ITEM()
RATIONAL_B_SPLINE_CURVE((1.,0.707106781186548,1.))
REPRESENTATION_ITEM('')
);
#1821=(
BOUNDED_CURVE()
B_SPLINE_CURVE(2,(#4106,#4107,#4108),.UNSPECIFIED.,.F.,.F.)
B_SPLINE_CURVE_WITH_KNOTS((3,3),(-545.131916719234,-539.642321055277),
 .UNSPECIFIED.)
CURVE()
GEOMETRIC_REPRESENTATION_ITEM()
RATIONAL_B_SPLINE_CURVE((1.,1.,1.))
REPRESENTATION_ITEM('')
);
#1822=(
BOUNDED_CURVE()
B_SPLINE_CURVE(1,(#4109,#4110),.UNSPECIFIED.,.F.,.F.)
B_SPLINE_CURVE_WITH_KNOTS((2,2),(0.,8.),.UNSPECIFIED.)
CURVE()
GEOMETRIC_REPRESENTATION_ITEM()
RATIONAL_B_SPLINE_CURVE((1.,1.))
REPRESENTATION_ITEM('')
);
#1823=(
BOUNDED_CURVE()
B_SPLINE_CURVE(2,(#4111,#4112,#4113),.UNSPECIFIED.,.F.,.F.)
B_SPLINE_CURVE_WITH_KNOTS((3,3),(-545.131916719234,-539.642321055277),
 .UNSPECIFIED.)
CURVE()
GEOMETRIC_REPRESENTATION_ITEM()
RATIONAL_B_SPLINE_CURVE((1.,1.,1.))
REPRESENTATION_ITEM('')
);
#1824=(
BOUNDED_CURVE()
B_SPLINE_CURVE(2,(#4114,#4115,#4116),.UNSPECIFIED.,.F.,.F.)
B_SPLINE_CURVE_WITH_KNOTS((3,3),(-539.642321055277,-536.022223939608),
 .UNSPECIFIED.)
CURVE()
GEOMETRIC_REPRESENTATION_ITEM()
RATIONAL_B_SPLINE_CURVE((1.,0.823439707765145,1.))
REPRESENTATION_ITEM('')
);
#1825=(
BOUNDED_CURVE()
B_SPLINE_CURVE(1,(#4117,#4118),.UNSPECIFIED.,.F.,.F.)
B_SPLINE_CURVE_WITH_KNOTS((2,2),(0.,8.),.UNSPECIFIED.)
CURVE()
GEOMETRIC_REPRESENTATION_ITEM()
RATIONAL_B_SPLINE_CURVE((1.,1.))
REPRESENTATION_ITEM('')
);
#1826=(
BOUNDED_CURVE()
B_SPLINE_CURVE(2,(#4119,#4120,#4121),.UNSPECIFIED.,.F.,.F.)
B_SPLINE_CURVE_WITH_KNOTS((3,3),(-539.642321055277,-536.022223939608),
 .UNSPECIFIED.)
CURVE()
GEOMETRIC_REPRESENTATION_ITEM()
RATIONAL_B_SPLINE_CURVE((1.,0.823439707765145,1.))
REPRESENTATION_ITEM('')
);
#1827=(
BOUNDED_CURVE()
B_SPLINE_CURVE(2,(#4122,#4123,#4124),.UNSPECIFIED.,.F.,.F.)
B_SPLINE_CURVE_WITH_KNOTS((3,3),(-536.022223939608,-530.214646450692),
 .UNSPECIFIED.)
CURVE()
GEOMETRIC_REPRESENTATION_ITEM()
RATIONAL_B_SPLINE_CURVE((1.,0.970864845948503,1.))
REPRESENTATION_ITEM('')
);
#1828=(
BOUNDED_CURVE()
B_SPLINE_CURVE(1,(#4125,#4126),.UNSPECIFIED.,.F.,.F.)
B_SPLINE_CURVE_WITH_KNOTS((2,2),(0.,8.),.UNSPECIFIED.)
CURVE()
GEOMETRIC_REPRESENTATION_ITEM()
RATIONAL_B_SPLINE_CURVE((1.,1.))
REPRESENTATION_ITEM('')
);
#1829=(
BOUNDED_CURVE()
B_SPLINE_CURVE(2,(#4127,#4128,#4129),.UNSPECIFIED.,.F.,.F.)
B_SPLINE_CURVE_WITH_KNOTS((3,3),(-536.022223939608,-530.214646450692),
 .UNSPECIFIED.)
CURVE()
GEOMETRIC_REPRESENTATION_ITEM()
RATIONAL_B_SPLINE_CURVE((1.,0.970864845948503,1.))
REPRESENTATION_ITEM('')
);
#1830=(
BOUNDED_CURVE()
B_SPLINE_CURVE(2,(#4130,#4131,#4132),.UNSPECIFIED.,.F.,.F.)
B_SPLINE_CURVE_WITH_KNOTS((3,3),(-530.214646450692,-514.340138584305),
 .UNSPECIFIED.)
CURVE()
GEOMETRIC_REPRESENTATION_ITEM()
RATIONAL_B_SPLINE_CURVE((1.,1.,1.))
REPRESENTATION_ITEM('')
);
#1831=(
BOUNDED_CURVE()
B_SPLINE_CURVE(1,(#4133,#4134),.UNSPECIFIED.,.F.,.F.)
B_SPLINE_CURVE_WITH_KNOTS((2,2),(0.,8.),.UNSPECIFIED.)
CURVE()
GEOMETRIC_REPRESENTATION_ITEM()
RATIONAL_B_SPLINE_CURVE((1.,1.))
REPRESENTATION_ITEM('')
);
#1832=(
BOUNDED_CURVE()
B_SPLINE_CURVE(2,(#4135,#4136,#4137),.UNSPECIFIED.,.F.,.F.)
B_SPLINE_CURVE_WITH_KNOTS((3,3),(-530.214646450692,-514.340138584305),
 .UNSPECIFIED.)
CURVE()
GEOMETRIC_REPRESENTATION_ITEM()
RATIONAL_B_SPLINE_CURVE((1.,1.,1.))
REPRESENTATION_ITEM('')
);
#1833=(
BOUNDED_CURVE()
B_SPLINE_CURVE(2,(#4138,#4139,#4140),.UNSPECIFIED.,.F.,.F.)
B_SPLINE_CURVE_WITH_KNOTS((3,3),(-514.340138584305,-504.163393636527),
 .UNSPECIFIED.)
CURVE()
GEOMETRIC_REPRESENTATION_ITEM()
RATIONAL_B_SPLINE_CURVE((1.,0.911437827766151,1.))
REPRESENTATION_ITEM('')
);
#1834=(
BOUNDED_CURVE()
B_SPLINE_CURVE(2,(#4141,#4142,#4143,#4144,#4145),.UNSPECIFIED.,.F.,.F.)
B_SPLINE_CURVE_WITH_KNOTS((3,2,3),(-583.911816091572,-579.092351307132,
-576.674008860336),.UNSPECIFIED.)
CURVE()
GEOMETRIC_REPRESENTATION_ITEM()
RATIONAL_B_SPLINE_CURVE((1.,0.981301417763868,1.,0.919866211007808,1.))
REPRESENTATION_ITEM('')
);
#1835=(
BOUNDED_CURVE()
B_SPLINE_CURVE(2,(#4146,#4147,#4148,#4149,#4150,#4151,#4152,#4153,#4154),
 .UNSPECIFIED.,.T.,.F.)
B_SPLINE_CURVE_WITH_KNOTS((3,2,2,2,3),(0.,2.55254403103849,5.10508806207697,
7.65763209311546,10.2101761241539),.UNSPECIFIED.)
CURVE()
GEOMETRIC_REPRESENTATION_ITEM()
RATIONAL_B_SPLINE_CURVE((1.,0.707106781186548,1.,0.707106781186548,1.,0.707106781186548,
1.,0.707106781186548,1.))
REPRESENTATION_ITEM('')
);
#1836=(
BOUNDED_CURVE()
B_SPLINE_CURVE(2,(#4155,#4156,#4157,#4158,#4159,#4160,#4161,#4162,#4163),
 .UNSPECIFIED.,.T.,.F.)
B_SPLINE_CURVE_WITH_KNOTS((3,2,2,2,3),(-10.2101761241539,-7.65763209311546,
-5.10508806207697,-2.55254403103849,0.),.UNSPECIFIED.)
CURVE()
GEOMETRIC_REPRESENTATION_ITEM()
RATIONAL_B_SPLINE_CURVE((1.,0.707106781186548,1.,0.707106781186548,1.,0.707106781186548,
1.,0.707106781186548,1.))
REPRESENTATION_ITEM('')
);
#1837=(
BOUNDED_CURVE()
B_SPLINE_CURVE(1,(#4164,#4165),.UNSPECIFIED.,.F.,.F.)
B_SPLINE_CURVE_WITH_KNOTS((2,2),(8.95974750479431,16.9597475047943),
 .UNSPECIFIED.)
CURVE()
GEOMETRIC_REPRESENTATION_ITEM()
RATIONAL_B_SPLINE_CURVE((1.,1.))
REPRESENTATION_ITEM('')
);
#1838=(
BOUNDED_CURVE()
B_SPLINE_CURVE(2,(#4259,#4260,#4261,#4262,#4263,#4264,#4265,#4266,#4267),
 .UNSPECIFIED.,.T.,.F.)
B_SPLINE_CURVE_WITH_KNOTS((3,2,2,2,3),(-10.2101761241668,-7.65763209312512,
-5.10508806208341,-2.55254403104171,0.),.UNSPECIFIED.)
CURVE()
GEOMETRIC_REPRESENTATION_ITEM()
RATIONAL_B_SPLINE_CURVE((1.,0.707106781186548,1.,0.707106781186548,1.,0.707106781186548,
1.,0.707106781186548,1.))
REPRESENTATION_ITEM('')
);
#1839=(
BOUNDED_CURVE()
B_SPLINE_CURVE(2,(#4268,#4269,#4270,#4271,#4272,#4273,#4274,#4275,#4276),
 .UNSPECIFIED.,.T.,.F.)
B_SPLINE_CURVE_WITH_KNOTS((3,2,2,2,3),(0.,2.55254403104171,5.10508806208341,
7.65763209312512,10.2101761241668),.UNSPECIFIED.)
CURVE()
GEOMETRIC_REPRESENTATION_ITEM()
RATIONAL_B_SPLINE_CURVE((1.,0.707106781186548,1.,0.707106781186548,1.,0.707106781186548,
1.,0.707106781186548,1.))
REPRESENTATION_ITEM('')
);
#1840=(
BOUNDED_CURVE()
B_SPLINE_CURVE(1,(#4277,#4278),.UNSPECIFIED.,.F.,.F.)
B_SPLINE_CURVE_WITH_KNOTS((2,2),(212.114120483398,216.114120483398),
 .UNSPECIFIED.)
CURVE()
GEOMETRIC_REPRESENTATION_ITEM()
RATIONAL_B_SPLINE_CURVE((1.,1.))
REPRESENTATION_ITEM('')
);
#1841=(
BOUNDED_CURVE()
B_SPLINE_CURVE(2,(#4279,#4280,#4281,#4282,#4283),.UNSPECIFIED.,.F.,.F.)
B_SPLINE_CURVE_WITH_KNOTS((3,2,3),(-10.2101761241668,-7.65763209312512,
-5.10508806208341),.UNSPECIFIED.)
CURVE()
GEOMETRIC_REPRESENTATION_ITEM()
RATIONAL_B_SPLINE_CURVE((1.,0.70710678118656,1.,0.70710678118656,1.))
REPRESENTATION_ITEM('')
);
#1842=(
BOUNDED_CURVE()
B_SPLINE_CURVE(1,(#4284,#4285),.UNSPECIFIED.,.F.,.F.)
B_SPLINE_CURVE_WITH_KNOTS((2,2),(216.114120483398,232.864120483398),
 .UNSPECIFIED.)
CURVE()
GEOMETRIC_REPRESENTATION_ITEM()
RATIONAL_B_SPLINE_CURVE((1.,1.))
REPRESENTATION_ITEM('')
);
#1843=(
BOUNDED_CURVE()
B_SPLINE_CURVE(1,(#4286,#4287),.UNSPECIFIED.,.F.,.F.)
B_SPLINE_CURVE_WITH_KNOTS((2,2),(216.114120483398,232.864120483398),
 .UNSPECIFIED.)
CURVE()
GEOMETRIC_REPRESENTATION_ITEM()
RATIONAL_B_SPLINE_CURVE((1.,1.))
REPRESENTATION_ITEM('')
);
#1844=(
BOUNDED_CURVE()
B_SPLINE_CURVE(2,(#4288,#4289,#4290,#4291,#4292),.UNSPECIFIED.,.F.,.F.)
B_SPLINE_CURVE_WITH_KNOTS((3,2,3),(-5.10508806208341,-2.55254403104171,
0.),.UNSPECIFIED.)
CURVE()
GEOMETRIC_REPRESENTATION_ITEM()
RATIONAL_B_SPLINE_CURVE((1.,0.707106781186572,1.,0.707106781186572,1.))
REPRESENTATION_ITEM('')
);
#1845=(
BOUNDED_CURVE()
B_SPLINE_CURVE(2,(#4293,#4294,#4295,#4296,#4297,#4298,#4299,#4300,#4301),
 .UNSPECIFIED.,.T.,.F.)
B_SPLINE_CURVE_WITH_KNOTS((3,2,2,2,3),(0.,2.55254403104171,5.10508806208341,
7.65763209312512,10.2101761241668),.UNSPECIFIED.)
CURVE()
GEOMETRIC_REPRESENTATION_ITEM()
RATIONAL_B_SPLINE_CURVE((1.,0.707106781186548,1.,0.707106781186548,1.,0.707106781186548,
1.,0.707106781186548,1.))
REPRESENTATION_ITEM('')
);
#1846=(
BOUNDED_CURVE()
B_SPLINE_CURVE(1,(#4304,#4305),.UNSPECIFIED.,.F.,.F.)
B_SPLINE_CURVE_WITH_KNOTS((2,2),(212.114120483398,216.114120483398),
 .UNSPECIFIED.)
CURVE()
GEOMETRIC_REPRESENTATION_ITEM()
RATIONAL_B_SPLINE_CURVE((1.,1.))
REPRESENTATION_ITEM('')
);
#1847=(
BOUNDED_CURVE()
B_SPLINE_CURVE(2,(#4338,#4339,#4340,#4341,#4342,#4343,#4344,#4345,#4346),
 .UNSPECIFIED.,.T.,.F.)
B_SPLINE_CURVE_WITH_KNOTS((3,2,2,2,3),(0.,2.35619449019234,4.71238898038469,
7.06858347057703,9.42477796076938),.UNSPECIFIED.)
CURVE()
GEOMETRIC_REPRESENTATION_ITEM()
RATIONAL_B_SPLINE_CURVE((1.,0.707106781186548,1.,0.707106781186548,1.,0.707106781186548,
1.,0.707106781186548,1.))
REPRESENTATION_ITEM('')
);
#1848=(
BOUNDED_CURVE()
B_SPLINE_CURVE(2,(#4347,#4348,#4349,#4350,#4351,#4352,#4353,#4354,#4355),
 .UNSPECIFIED.,.T.,.F.)
B_SPLINE_CURVE_WITH_KNOTS((3,2,2,2,3),(-9.42477796076938,-7.06858347057703,
-4.71238898038469,-2.35619449019234,0.),.UNSPECIFIED.)
CURVE()
GEOMETRIC_REPRESENTATION_ITEM()
RATIONAL_B_SPLINE_CURVE((1.,0.707106781186548,1.,0.707106781186548,1.,0.707106781186548,
1.,0.707106781186548,1.))
REPRESENTATION_ITEM('')
);
#1849=(
BOUNDED_CURVE()
B_SPLINE_CURVE(1,(#4356,#4357),.UNSPECIFIED.,.F.,.F.)
B_SPLINE_CURVE_WITH_KNOTS((2,2),(32.2930297851562,36.),.UNSPECIFIED.)
CURVE()
GEOMETRIC_REPRESENTATION_ITEM()
RATIONAL_B_SPLINE_CURVE((1.,1.))
REPRESENTATION_ITEM('')
);
#1850=(
BOUNDED_CURVE()
B_SPLINE_CURVE(2,(#4358,#4359,#4360,#4361,#4362,#4363,#4364,#4365,#4366),
 .UNSPECIFIED.,.T.,.F.)
B_SPLINE_CURVE_WITH_KNOTS((3,2,2,2,3),(-9.42477796076938,-7.06858347057703,
-4.71238898038469,-2.35619449019234,0.),.UNSPECIFIED.)
CURVE()
GEOMETRIC_REPRESENTATION_ITEM()
RATIONAL_B_SPLINE_CURVE((1.,0.707106781186548,1.,0.707106781186548,1.,0.707106781186548,
1.,0.707106781186548,1.))
REPRESENTATION_ITEM('')
);
#1851=(
BOUNDED_CURVE()
B_SPLINE_CURVE(2,(#4367,#4368,#4369,#4370,#4371,#4372,#4373,#4374,#4375),
 .UNSPECIFIED.,.T.,.F.)
B_SPLINE_CURVE_WITH_KNOTS((3,2,2,2,3),(0.,2.35619449019234,4.71238898038469,
7.06858347057703,9.42477796076938),.UNSPECIFIED.)
CURVE()
GEOMETRIC_REPRESENTATION_ITEM()
RATIONAL_B_SPLINE_CURVE((1.,0.707106781186548,1.,0.707106781186548,1.,0.707106781186548,
1.,0.707106781186548,1.))
REPRESENTATION_ITEM('')
);
#1852=(
BOUNDED_CURVE()
B_SPLINE_CURVE(1,(#4376,#4377),.UNSPECIFIED.,.F.,.F.)
B_SPLINE_CURVE_WITH_KNOTS((2,2),(32.2930297851562,36.),.UNSPECIFIED.)
CURVE()
GEOMETRIC_REPRESENTATION_ITEM()
RATIONAL_B_SPLINE_CURVE((1.,1.))
REPRESENTATION_ITEM('')
);
#1853=(
BOUNDED_CURVE()
B_SPLINE_CURVE(2,(#4378,#4379,#4380,#4381,#4382,#4383,#4384,#4385,#4386),
 .UNSPECIFIED.,.T.,.F.)
B_SPLINE_CURVE_WITH_KNOTS((3,2,2,2,3),(0.,2.35619449019234,4.71238898038469,
7.06858347057703,9.42477796076938),.UNSPECIFIED.)
CURVE()
GEOMETRIC_REPRESENTATION_ITEM()
RATIONAL_B_SPLINE_CURVE((1.,0.707106781186548,1.,0.707106781186548,1.,0.707106781186548,
1.,0.707106781186548,1.))
REPRESENTATION_ITEM('')
);
#1854=(
BOUNDED_CURVE()
B_SPLINE_CURVE(2,(#4387,#4388,#4389,#4390,#4391,#4392,#4393,#4394,#4395),
 .UNSPECIFIED.,.T.,.F.)
B_SPLINE_CURVE_WITH_KNOTS((3,2,2,2,3),(-9.42477796076938,-7.06858347057703,
-4.71238898038469,-2.35619449019234,0.),.UNSPECIFIED.)
CURVE()
GEOMETRIC_REPRESENTATION_ITEM()
RATIONAL_B_SPLINE_CURVE((1.,0.707106781186548,1.,0.707106781186548,1.,0.707106781186548,
1.,0.707106781186548,1.))
REPRESENTATION_ITEM('')
);
#1855=(
BOUNDED_CURVE()
B_SPLINE_CURVE(1,(#4396,#4397),.UNSPECIFIED.,.F.,.F.)
B_SPLINE_CURVE_WITH_KNOTS((2,2),(32.2930297851562,36.),.UNSPECIFIED.)
CURVE()
GEOMETRIC_REPRESENTATION_ITEM()
RATIONAL_B_SPLINE_CURVE((1.,1.))
REPRESENTATION_ITEM('')
);
#1856=(
BOUNDED_CURVE()
B_SPLINE_CURVE(2,(#4398,#4399,#4400,#4401,#4402,#4403,#4404,#4405,#4406),
 .UNSPECIFIED.,.T.,.F.)
B_SPLINE_CURVE_WITH_KNOTS((3,2,2,2,3),(-9.42477796076938,-7.06858347057703,
-4.71238898038469,-2.35619449019234,0.),.UNSPECIFIED.)
CURVE()
GEOMETRIC_REPRESENTATION_ITEM()
RATIONAL_B_SPLINE_CURVE((1.,0.707106781186548,1.,0.707106781186548,1.,0.707106781186548,
1.,0.707106781186548,1.))
REPRESENTATION_ITEM('')
);
#1857=(
BOUNDED_CURVE()
B_SPLINE_CURVE(2,(#4407,#4408,#4409,#4410,#4411,#4412,#4413,#4414,#4415),
 .UNSPECIFIED.,.T.,.F.)
B_SPLINE_CURVE_WITH_KNOTS((3,2,2,2,3),(0.,2.35619449019234,4.71238898038469,
7.06858347057703,9.42477796076938),.UNSPECIFIED.)
CURVE()
GEOMETRIC_REPRESENTATION_ITEM()
RATIONAL_B_SPLINE_CURVE((1.,0.707106781186548,1.,0.707106781186548,1.,0.707106781186548,
1.,0.707106781186548,1.))
REPRESENTATION_ITEM('')
);
#1858=(
BOUNDED_CURVE()
B_SPLINE_CURVE(1,(#4416,#4417),.UNSPECIFIED.,.F.,.F.)
B_SPLINE_CURVE_WITH_KNOTS((2,2),(32.2930297851562,36.),.UNSPECIFIED.)
CURVE()
GEOMETRIC_REPRESENTATION_ITEM()
RATIONAL_B_SPLINE_CURVE((1.,1.))
REPRESENTATION_ITEM('')
);
#1859=VERTEX_POINT('',#2665);
#1860=VERTEX_POINT('',#2666);
#1861=VERTEX_POINT('',#2667);
#1862=VERTEX_POINT('',#2668);
#1863=VERTEX_POINT('',#2669);
#1864=VERTEX_POINT('',#2670);
#1865=VERTEX_POINT('',#2671);
#1866=VERTEX_POINT('',#2672);
#1867=VERTEX_POINT('',#2673);
#1868=VERTEX_POINT('',#2674);
#1869=VERTEX_POINT('',#2675);
#1870=VERTEX_POINT('',#2676);
#1871=VERTEX_POINT('',#2677);
#1872=VERTEX_POINT('',#2678);
#1873=VERTEX_POINT('',#2679);
#1874=VERTEX_POINT('',#2680);
#1875=VERTEX_POINT('',#2681);
#1876=VERTEX_POINT('',#2682);
#1877=VERTEX_POINT('',#2683);
#1878=VERTEX_POINT('',#2684);
#1879=VERTEX_POINT('',#2685);
#1880=VERTEX_POINT('',#2686);
#1881=VERTEX_POINT('',#2687);
#1882=VERTEX_POINT('',#2688);
#1883=VERTEX_POINT('',#2689);
#1884=VERTEX_POINT('',#2690);
#1885=VERTEX_POINT('',#2691);
#1886=VERTEX_POINT('',#2692);
#1887=VERTEX_POINT('',#2693);
#1888=VERTEX_POINT('',#2694);
#1889=VERTEX_POINT('',#2695);
#1890=VERTEX_POINT('',#2696);
#1891=VERTEX_POINT('',#2697);
#1892=VERTEX_POINT('',#2698);
#1893=VERTEX_POINT('',#2699);
#1894=VERTEX_POINT('',#2700);
#1895=VERTEX_POINT('',#2701);
#1896=VERTEX_POINT('',#2702);
#1897=VERTEX_POINT('',#2703);
#1898=VERTEX_POINT('',#2704);
#1899=VERTEX_POINT('',#2705);
#1900=VERTEX_POINT('',#2706);
#1901=VERTEX_POINT('',#2707);
#1902=VERTEX_POINT('',#2708);
#1903=VERTEX_POINT('',#2709);
#1904=VERTEX_POINT('',#2710);
#1905=VERTEX_POINT('',#2711);
#1906=VERTEX_POINT('',#2712);
#1907=VERTEX_POINT('',#2713);
#1908=VERTEX_POINT('',#2714);
#1909=VERTEX_POINT('',#2715);
#1910=VERTEX_POINT('',#2716);
#1911=VERTEX_POINT('',#2717);
#1912=VERTEX_POINT('',#2718);
#1913=VERTEX_POINT('',#2719);
#1914=VERTEX_POINT('',#2720);
#1915=VERTEX_POINT('',#2721);
#1916=VERTEX_POINT('',#2722);
#1917=VERTEX_POINT('',#2723);
#1918=VERTEX_POINT('',#2724);
#1919=VERTEX_POINT('',#2725);
#1920=VERTEX_POINT('',#2726);
#1921=VERTEX_POINT('',#2727);
#1922=VERTEX_POINT('',#2728);
#1923=VERTEX_POINT('',#2729);
#1924=VERTEX_POINT('',#2730);
#1925=VERTEX_POINT('',#2731);
#1926=VERTEX_POINT('',#2732);
#1927=VERTEX_POINT('',#2733);
#1928=VERTEX_POINT('',#2734);
#1929=VERTEX_POINT('',#2735);
#1930=VERTEX_POINT('',#2736);
#1931=VERTEX_POINT('',#2737);
#1932=VERTEX_POINT('',#2738);
#1933=VERTEX_POINT('',#2739);
#1934=VERTEX_POINT('',#2740);
#1935=VERTEX_POINT('',#2741);
#1936=VERTEX_POINT('',#2742);
#1937=VERTEX_POINT('',#2743);
#1938=VERTEX_POINT('',#2744);
#1939=VERTEX_POINT('',#2745);
#1940=VERTEX_POINT('',#2746);
#1941=VERTEX_POINT('',#2747);
#1942=VERTEX_POINT('',#2748);
#1943=VERTEX_POINT('',#2749);
#1944=VERTEX_POINT('',#2750);
#1945=VERTEX_POINT('',#2751);
#1946=VERTEX_POINT('',#2752);
#1947=VERTEX_POINT('',#2753);
#1948=VERTEX_POINT('',#2754);
#1949=VERTEX_POINT('',#2755);
#1950=VERTEX_POINT('',#2756);
#1951=VERTEX_POINT('',#2757);
#1952=VERTEX_POINT('',#2758);
#1953=VERTEX_POINT('',#2759);
#1954=VERTEX_POINT('',#2760);
#1955=VERTEX_POINT('',#2761);
#1956=VERTEX_POINT('',#2762);
#1957=VERTEX_POINT('',#3520);
#1958=VERTEX_POINT('',#3521);
#1959=VERTEX_POINT('',#3522);
#1960=VERTEX_POINT('',#3523);
#1961=VERTEX_POINT('',#3524);
#1962=VERTEX_POINT('',#3525);
#1963=VERTEX_POINT('',#3526);
#1964=VERTEX_POINT('',#3527);
#1965=VERTEX_POINT('',#3528);
#1966=VERTEX_POINT('',#3529);
#1967=VERTEX_POINT('',#3530);
#1968=VERTEX_POINT('',#3531);
#1969=VERTEX_POINT('',#3532);
#1970=VERTEX_POINT('',#3533);
#1971=VERTEX_POINT('',#3534);
#1972=VERTEX_POINT('',#3535);
#1973=VERTEX_POINT('',#3536);
#1974=VERTEX_POINT('',#3537);
#1975=VERTEX_POINT('',#3538);
#1976=VERTEX_POINT('',#3539);
#1977=VERTEX_POINT('',#3540);
#1978=VERTEX_POINT('',#3541);
#1979=VERTEX_POINT('',#3542);
#1980=VERTEX_POINT('',#3543);
#1981=VERTEX_POINT('',#3544);
#1982=VERTEX_POINT('',#3545);
#1983=VERTEX_POINT('',#3546);
#1984=VERTEX_POINT('',#3547);
#1985=VERTEX_POINT('',#3548);
#1986=VERTEX_POINT('',#3549);
#1987=VERTEX_POINT('',#3550);
#1988=VERTEX_POINT('',#3551);
#1989=VERTEX_POINT('',#3552);
#1990=VERTEX_POINT('',#3553);
#1991=VERTEX_POINT('',#3554);
#1992=VERTEX_POINT('',#3555);
#1993=VERTEX_POINT('',#3556);
#1994=VERTEX_POINT('',#3557);
#1995=VERTEX_POINT('',#3558);
#1996=VERTEX_POINT('',#3559);
#1997=VERTEX_POINT('',#3560);
#1998=VERTEX_POINT('',#3561);
#1999=VERTEX_POINT('',#3562);
#2000=VERTEX_POINT('',#3563);
#2001=VERTEX_POINT('',#3564);
#2002=VERTEX_POINT('',#3565);
#2003=VERTEX_POINT('',#3566);
#2004=VERTEX_POINT('',#3567);
#2005=VERTEX_POINT('',#3568);
#2006=VERTEX_POINT('',#3569);
#2007=VERTEX_POINT('',#3570);
#2008=VERTEX_POINT('',#3571);
#2009=VERTEX_POINT('',#3572);
#2010=VERTEX_POINT('',#3573);
#2011=VERTEX_POINT('',#3574);
#2012=VERTEX_POINT('',#3575);
#2013=VERTEX_POINT('',#3576);
#2014=VERTEX_POINT('',#3577);
#2015=VERTEX_POINT('',#3578);
#2016=VERTEX_POINT('',#3579);
#2017=VERTEX_POINT('',#3580);
#2018=VERTEX_POINT('',#3581);
#2019=VERTEX_POINT('',#3582);
#2020=VERTEX_POINT('',#3583);
#2021=VERTEX_POINT('',#3584);
#2022=VERTEX_POINT('',#3585);
#2023=VERTEX_POINT('',#3586);
#2024=VERTEX_POINT('',#3587);
#2025=VERTEX_POINT('',#3588);
#2026=VERTEX_POINT('',#3589);
#2027=VERTEX_POINT('',#3590);
#2028=VERTEX_POINT('',#3591);
#2029=VERTEX_POINT('',#3592);
#2030=VERTEX_POINT('',#3593);
#2031=VERTEX_POINT('',#3594);
#2032=VERTEX_POINT('',#3595);
#2033=VERTEX_POINT('',#3596);
#2034=VERTEX_POINT('',#3597);
#2035=VERTEX_POINT('',#3598);
#2036=VERTEX_POINT('',#3599);
#2037=VERTEX_POINT('',#3600);
#2038=VERTEX_POINT('',#3601);
#2039=VERTEX_POINT('',#3602);
#2040=VERTEX_POINT('',#3603);
#2041=VERTEX_POINT('',#3604);
#2042=VERTEX_POINT('',#3605);
#2043=VERTEX_POINT('',#3606);
#2044=VERTEX_POINT('',#3607);
#2045=VERTEX_POINT('',#3608);
#2046=VERTEX_POINT('',#3609);
#2047=VERTEX_POINT('',#3610);
#2048=VERTEX_POINT('',#3611);
#2049=VERTEX_POINT('',#3612);
#2050=VERTEX_POINT('',#3613);
#2051=VERTEX_POINT('',#3614);
#2052=VERTEX_POINT('',#3615);
#2053=VERTEX_POINT('',#3616);
#2054=VERTEX_POINT('',#3617);
#2055=VERTEX_POINT('',#3618);
#2056=VERTEX_POINT('',#3619);
#2057=VERTEX_POINT('',#3620);
#2058=VERTEX_POINT('',#3621);
#2059=VERTEX_POINT('',#4184);
#2060=VERTEX_POINT('',#4185);
#2061=VERTEX_POINT('',#4186);
#2062=VERTEX_POINT('',#4187);
#2063=VERTEX_POINT('',#4188);
#2064=VERTEX_POINT('',#4189);
#2065=VERTEX_POINT('',#4190);
#2066=VERTEX_POINT('',#4191);
#2067=VERTEX_POINT('',#4192);
#2068=VERTEX_POINT('',#4193);
#2069=VERTEX_POINT('',#4194);
#2070=VERTEX_POINT('',#4195);
#2071=VERTEX_POINT('',#4196);
#2072=VERTEX_POINT('',#4197);
#2073=VERTEX_POINT('',#4198);
#2074=VERTEX_POINT('',#4199);
#2075=VERTEX_POINT('',#4200);
#2076=VERTEX_POINT('',#4201);
#2077=VERTEX_POINT('',#4202);
#2078=VERTEX_POINT('',#4203);
#2079=VERTEX_POINT('',#4204);
#2080=VERTEX_POINT('',#4205);
#2081=VERTEX_POINT('',#4206);
#2082=VERTEX_POINT('',#4207);
#2083=VERTEX_POINT('',#4208);
#2084=VERTEX_POINT('',#4209);
#2085=VERTEX_POINT('',#4210);
#2086=VERTEX_POINT('',#4211);
#2087=VERTEX_POINT('',#4212);
#2088=VERTEX_POINT('',#4213);
#2089=VERTEX_POINT('',#4214);
#2090=VERTEX_POINT('',#4215);
#2091=VERTEX_POINT('',#4216);
#2092=VERTEX_POINT('',#4217);
#2093=VERTEX_POINT('',#4218);
#2094=B_SPLINE_SURFACE_WITH_KNOTS('',5,1,((#2563,#2564),(#2565,#2566),(#2567,
#2568),(#2569,#2570),(#2571,#2572),(#2573,#2574)),.UNSPECIFIED.,.F.,.F.,
 .F.,(6,6),(2,2),(0.,5.11612009153641),(-3.00000000000001,6.00000000000001),
 .UNSPECIFIED.);
#2095=B_SPLINE_SURFACE_WITH_KNOTS('',5,1,((#2575,#2576),(#2577,#2578),(#2579,
#2580),(#2581,#2582),(#2583,#2584),(#2585,#2586)),.UNSPECIFIED.,.F.,.F.,
 .F.,(6,6),(2,2),(0.,5.11612009153635),(-3.,6.),.UNSPECIFIED.);
#2096=B_SPLINE_SURFACE_WITH_KNOTS('',5,1,((#2587,#2588),(#2589,#2590),(#2591,
#2592),(#2593,#2594),(#2595,#2596),(#2597,#2598)),.UNSPECIFIED.,.F.,.F.,
 .F.,(6,6),(2,2),(0.,5.11612009153649),(-3.00000000000001,6.),
 .UNSPECIFIED.);
#2097=B_SPLINE_SURFACE_WITH_KNOTS('',5,1,((#2599,#2600),(#2601,#2602),(#2603,
#2604),(#2605,#2606),(#2607,#2608),(#2609,#2610)),.UNSPECIFIED.,.F.,.F.,
 .F.,(6,6),(2,2),(0.,5.11612009153652),(-3.,6.),.UNSPECIFIED.);
#2098=B_SPLINE_SURFACE_WITH_KNOTS('',1,5,((#2611,#2612,#2613,#2614,#2615,
#2616),(#2617,#2618,#2619,#2620,#2621,#2622)),.UNSPECIFIED.,.F.,.F.,.F.,
(2,2),(6,6),(-3.,6.),(0.,5.11612009153602),.UNSPECIFIED.);
#2099=B_SPLINE_SURFACE_WITH_KNOTS('',1,5,((#2623,#2624,#2625,#2626,#2627,
#2628),(#2629,#2630,#2631,#2632,#2633,#2634)),.UNSPECIFIED.,.F.,.F.,.F.,
(2,2),(6,6),(-3.00000000000001,6.),(0.,5.11612009153694),.UNSPECIFIED.);
#2100=B_SPLINE_SURFACE_WITH_KNOTS('',1,5,((#2635,#2636,#2637,#2638,#2639,
#2640),(#2641,#2642,#2643,#2644,#2645,#2646)),.UNSPECIFIED.,.F.,.F.,.F.,
(2,2),(6,6),(-3.,6.00000000000001),(0.,5.11612009153594),.UNSPECIFIED.);
#2101=B_SPLINE_SURFACE_WITH_KNOTS('',1,5,((#2647,#2648,#2649,#2650,#2651,
#2652),(#2653,#2654,#2655,#2656,#2657,#2658)),.UNSPECIFIED.,.F.,.F.,.F.,
(2,2),(6,6),(-3.,6.),(0.,5.11612009153627),.UNSPECIFIED.);
#2102=B_SPLINE_SURFACE_WITH_KNOTS('',5,1,((#3400,#3401),(#3402,#3403),(#3404,
#3405),(#3406,#3407),(#3408,#3409),(#3410,#3411)),.UNSPECIFIED.,.F.,.F.,
 .F.,(6,6),(2,2),(0.,3.9674395101001),(-3.,11.),.UNSPECIFIED.);
#2103=B_SPLINE_SURFACE_WITH_KNOTS('',5,1,((#3413,#3414),(#3415,#3416),(#3417,
#3418),(#3419,#3420),(#3421,#3422),(#3423,#3424)),.UNSPECIFIED.,.F.,.F.,
 .F.,(6,6),(2,2),(0.,5.64852813742336),(-3.00000000000002,11.),
 .UNSPECIFIED.);
#2104=B_SPLINE_SURFACE_WITH_KNOTS('',5,1,((#3426,#3427),(#3428,#3429),(#3430,
#3431),(#3432,#3433),(#3434,#3435),(#3436,#3437)),.UNSPECIFIED.,.F.,.F.,
 .F.,(6,6),(2,2),(0.,5.64852813742499),(-3.00000000000003,11.0000000000001),
 .UNSPECIFIED.);
#2105=B_SPLINE_SURFACE_WITH_KNOTS('',1,5,((#3479,#3480,#3481,#3482,#3483,
#3484),(#3485,#3486,#3487,#3488,#3489,#3490)),.UNSPECIFIED.,.F.,.F.,.F.,
(2,2),(6,6),(-3.,11.),(0.,3.9674395101001),.UNSPECIFIED.);
#2106=B_SPLINE_SURFACE_WITH_KNOTS('',1,5,((#3492,#3493,#3494,#3495,#3496,
#3497),(#3498,#3499,#3500,#3501,#3502,#3503)),.UNSPECIFIED.,.F.,.F.,.F.,
(2,2),(6,6),(-3.00000000000002,11.),(0.,5.64852813742336),.UNSPECIFIED.);
#2107=B_SPLINE_SURFACE_WITH_KNOTS('',1,5,((#3505,#3506,#3507,#3508,#3509,
#3510),(#3511,#3512,#3513,#3514,#3515,#3516)),.UNSPECIFIED.,.F.,.F.,.F.,
(2,2),(6,6),(-3.00000000000003,11.0000000000001),(0.,5.64852813742499),
 .UNSPECIFIED.);
#2108=(
BOUNDED_SURFACE()
B_SPLINE_SURFACE(2,1,((#2505,#2506),(#2507,#2508),(#2509,#2510),(#2511,
#2512),(#2513,#2514),(#2515,#2516),(#2517,#2518),(#2519,#2520),(#2521,#2522)),
 .UNSPECIFIED.,.F.,.F.,.F.)
B_SPLINE_SURFACE_WITH_KNOTS((3,2,2,2,3),(2,2),(-276.042205625082,-258.709431437045,
-239.380184971988,-220.050938506931,-202.828605675877),(0.,10.),
 .UNSPECIFIED.)
GEOMETRIC_REPRESENTATION_ITEM()
RATIONAL_B_SPLINE_SURFACE(((1.,1.),(0.798221723046539,0.798221723046539),
(1.,1.),(0.754504181091148,0.754504181091148),(1.,1.),(0.754504181091148,
0.754504181091148),(1.,1.),(0.800584690758295,0.800584690758295),(1.,1.)))
REPRESENTATION_ITEM('')
SURFACE()
);
#2109=(
BOUNDED_SURFACE()
B_SPLINE_SURFACE(2,1,((#2526,#2527),(#2528,#2529),(#2530,#2531),(#2532,
#2533),(#2534,#2535),(#2536,#2537),(#2538,#2539),(#2540,#2541),(#2542,#2543),
(#2544,#2545),(#2546,#2547),(#2548,#2549),(#2550,#2551)),.UNSPECIFIED.,
 .F.,.F.,.F.)
B_SPLINE_SURFACE_WITH_KNOTS((3,2,2,2,2,2,3),(2,2),(6.73219791861112,10.1904883945221,
36.121648102456,62.0528078103899,87.9839675183238,113.915127226258,117.373417702169),
(0.,3.),.UNSPECIFIED.)
GEOMETRIC_REPRESENTATION_ITEM()
RATIONAL_B_SPLINE_SURFACE(((1.,1.),(0.79646112224153,0.79646112224153),
(0.902370983968321,0.902370983968321),(0.793110131367742,0.793110131367742),
(0.902370983968321,0.902370983968321),(0.793110131367742,0.793110131367742),
(0.902370983968321,0.902370983968321),(0.793110131367742,0.793110131367742),
(0.902370983968321,0.902370983968321),(0.793110131367742,0.793110131367742),
(0.902370983968321,0.902370983968321),(0.796461122241528,0.796461122241528),
(1.,1.)))
REPRESENTATION_ITEM('')
SURFACE()
);
#2110=(
BOUNDED_SURFACE()
B_SPLINE_SURFACE(2,1,((#3365,#3366),(#3367,#3368),(#3369,#3370),(#3371,
#3372),(#3373,#3374)),.UNSPECIFIED.,.F.,.F.,.F.)
B_SPLINE_SURFACE_WITH_KNOTS((3,2,3),(2,2),(-562.602761580865,-560.184419134069,
-556.846727006491),(0.,8.),.UNSPECIFIED.)
GEOMETRIC_REPRESENTATION_ITEM()
RATIONAL_B_SPLINE_SURFACE(((1.,1.),(0.919866211007794,0.919866211007794),
(1.,1.),(0.990345273023592,0.990345273023592),(1.,1.)))
REPRESENTATION_ITEM('')
SURFACE()
);
#2111=(
BOUNDED_SURFACE()
B_SPLINE_SURFACE(2,1,((#3386,#3387),(#3388,#3389),(#3390,#3391),(#3392,
#3393),(#3394,#3395),(#3396,#3397),(#3398,#3399)),.UNSPECIFIED.,.F.,.F.,
 .F.)
B_SPLINE_SURFACE_WITH_KNOTS((3,2,2,3),(2,2),(-599.863066022633,-597.444723575836,
-579.092351307132,-576.674008860336),(0.,8.),.UNSPECIFIED.)
GEOMETRIC_REPRESENTATION_ITEM()
RATIONAL_B_SPLINE_SURFACE(((1.,1.),(0.919866211007797,0.919866211007797),
(1.,1.),(0.721602424588233,0.721602424588233),(1.,1.),(0.919866211007808,
0.919866211007808),(1.,1.)))
REPRESENTATION_ITEM('')
SURFACE()
);
#2112=(
BOUNDED_SURFACE()
B_SPLINE_SURFACE(1,2,((#3444,#3445,#3446,#3447,#3448),(#3449,#3450,#3451,
#3452,#3453)),.UNSPECIFIED.,.F.,.F.,.F.)
B_SPLINE_SURFACE_WITH_KNOTS((2,2),(3,2,3),(0.,8.),(-562.602761580865,-560.184419134069,
-556.846727006491),.UNSPECIFIED.)
GEOMETRIC_REPRESENTATION_ITEM()
RATIONAL_B_SPLINE_SURFACE(((1.,0.919866211007794,1.,0.990345273023592,1.),
(1.,0.919866211007794,1.,0.990345273023592,1.)))
REPRESENTATION_ITEM('')
SURFACE()
);
#2113=(
BOUNDED_SURFACE()
B_SPLINE_SURFACE(1,2,((#3465,#3466,#3467,#3468,#3469,#3470,#3471),(#3472,
#3473,#3474,#3475,#3476,#3477,#3478)),.UNSPECIFIED.,.F.,.F.,.F.)
B_SPLINE_SURFACE_WITH_KNOTS((2,2),(3,2,2,3),(0.,8.),(-599.863066022633,
-597.444723575836,-579.092351307132,-576.674008860336),.UNSPECIFIED.)
GEOMETRIC_REPRESENTATION_ITEM()
RATIONAL_B_SPLINE_SURFACE(((1.,0.919866211007797,1.,0.721602424588233,1.,
0.919866211007808,1.),(1.,0.919866211007797,1.,0.721602424588233,1.,0.919866211007808,
1.)))
REPRESENTATION_ITEM('')
SURFACE()
);
#2114=PLANE('',#2297);
#2115=PLANE('',#2299);
#2116=PLANE('',#2301);
#2117=PLANE('',#2305);
#2118=PLANE('',#2307);
#2119=PLANE('',#2309);
#2120=PLANE('',#2313);
#2121=PLANE('',#2314);
#2122=PLANE('',#2325);
#2123=PLANE('',#2326);
#2124=PLANE('',#2327);
#2125=PLANE('',#2331);
#2126=PLANE('',#2333);
#2127=PLANE('',#2334);
#2128=PLANE('',#2338);
#2129=PLANE('',#2340);
#2130=PLANE('',#2342);
#2131=PLANE('',#2345);
#2132=PLANE('',#2348);
#2133=PLANE('',#2349);
#2134=PLANE('',#2350);
#2135=PLANE('',#2352);
#2136=PLANE('',#2353);
#2137=PLANE('',#2357);
#2138=PLANE('',#2359);
#2139=PLANE('',#2361);
#2140=PLANE('',#2364);
#2141=PLANE('',#2367);
#2142=PLANE('',#2368);
#2143=PLANE('',#2369);
#2144=PLANE('',#2370);
#2145=PLANE('',#2372);
#2146=PLANE('',#2373);
#2147=PLANE('',#2374);
#2148=PLANE('',#2375);
#2149=PLANE('',#2376);
#2150=PLANE('',#2377);
#2151=PLANE('',#2378);
#2152=PLANE('',#2379);
#2153=PLANE('',#2386);
#2154=PLANE('',#2387);
#2155=PLANE('',#2388);
#2156=PLANE('',#2389);
#2157=CYLINDRICAL_SURFACE('',#2296,2.99999999999977);
#2158=CYLINDRICAL_SURFACE('',#2298,2.49999999999989);
#2159=CYLINDRICAL_SURFACE('',#2300,2.49999999999994);
#2160=CYLINDRICAL_SURFACE('',#2302,3.00000000000043);
#2161=CYLINDRICAL_SURFACE('',#2303,17.4999999999996);
#2162=CYLINDRICAL_SURFACE('',#2304,3.00000000000034);
#2163=CYLINDRICAL_SURFACE('',#2306,2.49999999999997);
#2164=CYLINDRICAL_SURFACE('',#2308,2.50000000000011);
#2165=CYLINDRICAL_SURFACE('',#2310,3.00000000000011);
#2166=CYLINDRICAL_SURFACE('',#2311,1.625);
#2167=CYLINDRICAL_SURFACE('',#2312,3.);
#2168=CYLINDRICAL_SURFACE('',#2315,3.);
#2169=CYLINDRICAL_SURFACE('',#2316,1.50000000000006);
#2170=CYLINDRICAL_SURFACE('',#2317,1.5);
#2171=CYLINDRICAL_SURFACE('',#2318,1.5);
#2172=CYLINDRICAL_SURFACE('',#2319,1.50000000000006);
#2173=CYLINDRICAL_SURFACE('',#2320,1.5);
#2174=CYLINDRICAL_SURFACE('',#2321,6.3664169648958);
#2175=CYLINDRICAL_SURFACE('',#2322,6.3664169648958);
#2176=CYLINDRICAL_SURFACE('',#2323,6.36641696489577);
#2177=CYLINDRICAL_SURFACE('',#2324,6.36641696489583);
#2178=CYLINDRICAL_SURFACE('',#2328,1.625);
#2179=CYLINDRICAL_SURFACE('',#2329,6.3664169648958);
#2180=CYLINDRICAL_SURFACE('',#2330,6.36641696489577);
#2181=CYLINDRICAL_SURFACE('',#2332,3.99999999999991);
#2182=CYLINDRICAL_SURFACE('',#2335,1.62500000000006);
#2183=CYLINDRICAL_SURFACE('',#2336,4.00000000000006);
#2184=CYLINDRICAL_SURFACE('',#2337,3.00000000000045);
#2185=CYLINDRICAL_SURFACE('',#2339,0.999999999999829);
#2186=CYLINDRICAL_SURFACE('',#2341,1.00000000000017);
#2187=CYLINDRICAL_SURFACE('',#2343,3.00000000000026);
#2188=CYLINDRICAL_SURFACE('',#2344,12.0000000000015);
#2189=CYLINDRICAL_SURFACE('',#2346,11.9999999999999);
#2190=CYLINDRICAL_SURFACE('',#2347,1.625);
#2191=CYLINDRICAL_SURFACE('',#2351,4.);
#2192=CYLINDRICAL_SURFACE('',#2354,1.62499999999994);
#2193=CYLINDRICAL_SURFACE('',#2355,3.99999999999994);
#2194=CYLINDRICAL_SURFACE('',#2356,2.99999999999995);
#2195=CYLINDRICAL_SURFACE('',#2358,0.999999999999943);
#2196=CYLINDRICAL_SURFACE('',#2360,1.);
#2197=CYLINDRICAL_SURFACE('',#2362,2.9999999999998);
#2198=CYLINDRICAL_SURFACE('',#2363,12.0000000000017);
#2199=CYLINDRICAL_SURFACE('',#2365,11.9999999999999);
#2200=CYLINDRICAL_SURFACE('',#2366,1.62500000000006);
#2201=CYLINDRICAL_SURFACE('',#2371,1.62499999999787);
#2202=CYLINDRICAL_SURFACE('',#2380,1.62500000000006);
#2203=CYLINDRICAL_SURFACE('',#2381,1.625);
#2204=CYLINDRICAL_SURFACE('',#2382,1.49999999999994);
#2205=CYLINDRICAL_SURFACE('',#2383,1.50000000000006);
#2206=CYLINDRICAL_SURFACE('',#2384,1.50000000000006);
#2207=CYLINDRICAL_SURFACE('',#2385,1.49999999999994);
#2208=SHAPE_DEFINITION_REPRESENTATION(#2209,#2294);
#2209=PRODUCT_DEFINITION_SHAPE('Document','',#2211);
#2210=PRODUCT_DEFINITION_CONTEXT('3D Mechanical Parts',#2283,'design');
#2211=PRODUCT_DEFINITION('A','First version',#2253,#2210);
#2212=DATE_TIME_ROLE('classification_date');
#2213=DATE_TIME_ROLE('creation_date');
#2214=APPLIED_DATE_AND_TIME_ASSIGNMENT(#2238,#2212,(#2217));
#2215=APPLIED_DATE_AND_TIME_ASSIGNMENT(#2240,#2213,(#2211));
#2216=SECURITY_CLASSIFICATION_LEVEL('unclassified');
#2217=SECURITY_CLASSIFICATION('A','Security for version',#2216);
#2218=APPLIED_SECURITY_CLASSIFICATION_ASSIGNMENT(#2217,(#2253));
#2219=APPROVAL_ROLE('Version approval');
#2220=APPROVAL_ROLE('Version Security approval');
#2221=APPROVAL_ROLE('Definition approval');
#2222=APPROVAL_PERSON_ORGANIZATION(#2271,#2247,#2219);
#2223=APPROVAL_PERSON_ORGANIZATION(#2272,#2248,#2220);
#2224=APPROVAL_PERSON_ORGANIZATION(#2275,#2249,#2221);
#2225=COORDINATED_UNIVERSAL_TIME_OFFSET(5,0,.BEHIND.);
#2226=LOCAL_TIME(0,0,0.,#2225);
#2227=LOCAL_TIME(0,0,0.,#2225);
#2228=LOCAL_TIME(0,0,0.,#2225);
#2229=LOCAL_TIME(0,0,0.,#2225);
#2230=LOCAL_TIME(0,0,0.,#2225);
#2231=CALENDAR_DATE(1999,1,1);
#2232=CALENDAR_DATE(1999,1,1);
#2233=CALENDAR_DATE(1999,1,1);
#2234=CALENDAR_DATE(1999,1,1);
#2235=CALENDAR_DATE(1999,1,1);
#2236=DATE_AND_TIME(#2231,#2226);
#2237=DATE_AND_TIME(#2232,#2227);
#2238=DATE_AND_TIME(#2233,#2228);
#2239=DATE_AND_TIME(#2234,#2229);
#2240=DATE_AND_TIME(#2235,#2230);
#2241=APPROVAL_DATE_TIME(#2236,#2247);
#2242=APPROVAL_DATE_TIME(#2237,#2248);
#2243=APPROVAL_DATE_TIME(#2239,#2249);
#2244=APPROVAL_STATUS('not_yet_approved');
#2245=APPROVAL_STATUS('not_yet_approved');
#2246=APPROVAL_STATUS('approved');
#2247=APPROVAL(#2244,'Version approval');
#2248=APPROVAL(#2245,'Version Security approval');
#2249=APPROVAL(#2246,'Definition approval');
#2250=APPLIED_APPROVAL_ASSIGNMENT(#2247,(#2253));
#2251=APPLIED_APPROVAL_ASSIGNMENT(#2248,(#2217));
#2252=APPLIED_APPROVAL_ASSIGNMENT(#2249,(#2211));
#2253=PRODUCT_DEFINITION_FORMATION_WITH_SPECIFIED_SOURCE('A',
'First version',#2285,.MADE.);
#2254=PERSON_AND_ORGANIZATION_ROLE('design_owner');
#2255=PERSON_AND_ORGANIZATION_ROLE('creator');
#2256=PERSON_AND_ORGANIZATION_ROLE('design_supplier');
#2257=PERSON_AND_ORGANIZATION_ROLE('classification_officer');
#2258=PERSON_AND_ORGANIZATION_ROLE('creator');
#2259=ORGANIZATION('STI','lab','lab');
#2260=ORGANIZATION('STI','unknown','unknown');
#2261=ORGANIZATION('STI','unknown','unknown');
#2262=ORGANIZATION('STI','unknown','unknown');
#2263=ORGANIZATION('STI','unknown','unknown');
#2264=ORGANIZATION('STI','unknown','unknown');
#2265=ORGANIZATION('STI','unknown','unknown');
#2266=PERSON('1','Box','vc60',$,$,$);
#2267=PERSON('2','last','first',$,$,$);
#2268=PERSON('3','President','Mr.',$,$,$);
#2269=PERSON_AND_ORGANIZATION(#2266,#2259);
#2270=PERSON_AND_ORGANIZATION(#2267,#2260);
#2271=PERSON_AND_ORGANIZATION(#2268,#2261);
#2272=PERSON_AND_ORGANIZATION(#2268,#2262);
#2273=PERSON_AND_ORGANIZATION(#2268,#2263);
#2274=PERSON_AND_ORGANIZATION(#2267,#2264);
#2275=PERSON_AND_ORGANIZATION(#2268,#2265);
#2276=APPLIED_PERSON_AND_ORGANIZATION_ASSIGNMENT(#2269,#2254,(#2285));
#2277=APPLIED_PERSON_AND_ORGANIZATION_ASSIGNMENT(#2270,#2255,(#2253));
#2278=APPLIED_PERSON_AND_ORGANIZATION_ASSIGNMENT(#2270,#2256,(#2253));
#2279=APPLIED_PERSON_AND_ORGANIZATION_ASSIGNMENT(#2273,#2257,(#2217));
#2280=APPLIED_PERSON_AND_ORGANIZATION_ASSIGNMENT(#2274,#2258,(#2211));
#2281=PRODUCT_RELATED_PRODUCT_CATEGORY('detail','detail',(#2285));
#2282=APPLICATION_PROTOCOL_DEFINITION('International Standard',
'config_control_design',1994,#2283);
#2283=APPLICATION_CONTEXT(
'configuration controlled 3d designs of mechanical parts and assemblie
s');
#2284=PRODUCT_CONTEXT('3D Mechanical Parts',#2283,'mechanical');
#2285=PRODUCT('Document','Document','',(#2284));
#2286=(
LENGTH_UNIT()
NAMED_UNIT(*)
SI_UNIT(.MILLI.,.METRE.)
);
#2287=(
NAMED_UNIT(*)
PLANE_ANGLE_UNIT()
SI_UNIT($,.RADIAN.)
);
#2288=DIMENSIONAL_EXPONENTS(0.,0.,0.,0.,0.,0.,0.);
#2289=PLANE_ANGLE_MEASURE_WITH_UNIT(PLANE_ANGLE_MEASURE(0.01745329252),
#2287);
#2290=(
CONVERSION_BASED_UNIT('DEGREES',#2289)
NAMED_UNIT(#2288)
PLANE_ANGLE_UNIT()
);
#2291=(
NAMED_UNIT(*)
SI_UNIT($,.STERADIAN.)
SOLID_ANGLE_UNIT()
);
#2292=UNCERTAINTY_MEASURE_WITH_UNIT(LENGTH_MEASURE(0.001),#2286,
'DISTANCE_ACCURACY_VALUE',
'Maximum model space distance between geometric entities at asserted c
onnectivities');
#2293=(
GEOMETRIC_REPRESENTATION_CONTEXT(3)
GLOBAL_UNCERTAINTY_ASSIGNED_CONTEXT((#2292))
GLOBAL_UNIT_ASSIGNED_CONTEXT((#2291,#2290,#2286))
REPRESENTATION_CONTEXT('ID1','3D')
);
#2294=SHAPE_REPRESENTATION('Document',(#2295,#2390),#2293);
#2295=AXIS2_PLACEMENT_3D('',#2489,#2391,#2392);
#2296=AXIS2_PLACEMENT_3D('',#2490,#2393,$);
#2297=AXIS2_PLACEMENT_3D('',#2491,#2394,$);
#2298=AXIS2_PLACEMENT_3D('',#2492,#2395,$);
#2299=AXIS2_PLACEMENT_3D('',#2493,#2396,$);
#2300=AXIS2_PLACEMENT_3D('',#2494,#2397,$);
#2301=AXIS2_PLACEMENT_3D('',#2495,#2398,$);
#2302=AXIS2_PLACEMENT_3D('',#2496,#2399,$);
#2303=AXIS2_PLACEMENT_3D('',#2497,#2400,$);
#2304=AXIS2_PLACEMENT_3D('',#2498,#2401,$);
#2305=AXIS2_PLACEMENT_3D('',#2499,#2402,$);
#2306=AXIS2_PLACEMENT_3D('',#2500,#2403,$);
#2307=AXIS2_PLACEMENT_3D('',#2501,#2404,$);
#2308=AXIS2_PLACEMENT_3D('',#2502,#2405,$);
#2309=AXIS2_PLACEMENT_3D('',#2503,#2406,$);
#2310=AXIS2_PLACEMENT_3D('',#2504,#2407,$);
#2311=AXIS2_PLACEMENT_3D('',#2523,#2408,$);
#2312=AXIS2_PLACEMENT_3D('',#2524,#2409,$);
#2313=AXIS2_PLACEMENT_3D('',#2525,#2410,$);
#2314=AXIS2_PLACEMENT_3D('',#2552,#2411,$);
#2315=AXIS2_PLACEMENT_3D('',#2553,#2412,$);
#2316=AXIS2_PLACEMENT_3D('',#2554,#2413,$);
#2317=AXIS2_PLACEMENT_3D('',#2555,#2414,$);
#2318=AXIS2_PLACEMENT_3D('',#2556,#2415,$);
#2319=AXIS2_PLACEMENT_3D('',#2557,#2416,$);
#2320=AXIS2_PLACEMENT_3D('',#2558,#2417,$);
#2321=AXIS2_PLACEMENT_3D('',#2559,#2418,$);
#2322=AXIS2_PLACEMENT_3D('',#2560,#2419,$);
#2323=AXIS2_PLACEMENT_3D('',#2561,#2420,$);
#2324=AXIS2_PLACEMENT_3D('',#2562,#2421,$);
#2325=AXIS2_PLACEMENT_3D('',#2659,#2422,$);
#2326=AXIS2_PLACEMENT_3D('',#2660,#2423,$);
#2327=AXIS2_PLACEMENT_3D('',#2661,#2424,$);
#2328=AXIS2_PLACEMENT_3D('',#2662,#2425,$);
#2329=AXIS2_PLACEMENT_3D('',#2663,#2426,$);
#2330=AXIS2_PLACEMENT_3D('',#2664,#2427,$);
#2331=AXIS2_PLACEMENT_3D('',#3359,#2428,$);
#2332=AXIS2_PLACEMENT_3D('',#3360,#2429,$);
#2333=AXIS2_PLACEMENT_3D('',#3361,#2430,$);
#2334=AXIS2_PLACEMENT_3D('',#3362,#2431,$);
#2335=AXIS2_PLACEMENT_3D('',#3363,#2432,$);
#2336=AXIS2_PLACEMENT_3D('',#3364,#2433,$);
#2337=AXIS2_PLACEMENT_3D('',#3375,#2434,$);
#2338=AXIS2_PLACEMENT_3D('',#3376,#2435,$);
#2339=AXIS2_PLACEMENT_3D('',#3377,#2436,$);
#2340=AXIS2_PLACEMENT_3D('',#3378,#2437,$);
#2341=AXIS2_PLACEMENT_3D('',#3379,#2438,$);
#2342=AXIS2_PLACEMENT_3D('',#3380,#2439,$);
#2343=AXIS2_PLACEMENT_3D('',#3381,#2440,$);
#2344=AXIS2_PLACEMENT_3D('',#3382,#2441,$);
#2345=AXIS2_PLACEMENT_3D('',#3383,#2442,$);
#2346=AXIS2_PLACEMENT_3D('',#3384,#2443,$);
#2347=AXIS2_PLACEMENT_3D('',#3385,#2444,$);
#2348=AXIS2_PLACEMENT_3D('',#3412,#2445,$);
#2349=AXIS2_PLACEMENT_3D('',#3425,#2446,$);
#2350=AXIS2_PLACEMENT_3D('',#3438,#2447,$);
#2351=AXIS2_PLACEMENT_3D('',#3439,#2448,$);
#2352=AXIS2_PLACEMENT_3D('',#3440,#2449,$);
#2353=AXIS2_PLACEMENT_3D('',#3441,#2450,$);
#2354=AXIS2_PLACEMENT_3D('',#3442,#2451,$);
#2355=AXIS2_PLACEMENT_3D('',#3443,#2452,$);
#2356=AXIS2_PLACEMENT_3D('',#3454,#2453,$);
#2357=AXIS2_PLACEMENT_3D('',#3455,#2454,$);
#2358=AXIS2_PLACEMENT_3D('',#3456,#2455,$);
#2359=AXIS2_PLACEMENT_3D('',#3457,#2456,$);
#2360=AXIS2_PLACEMENT_3D('',#3458,#2457,$);
#2361=AXIS2_PLACEMENT_3D('',#3459,#2458,$);
#2362=AXIS2_PLACEMENT_3D('',#3460,#2459,$);
#2363=AXIS2_PLACEMENT_3D('',#3461,#2460,$);
#2364=AXIS2_PLACEMENT_3D('',#3462,#2461,$);
#2365=AXIS2_PLACEMENT_3D('',#3463,#2462,$);
#2366=AXIS2_PLACEMENT_3D('',#3464,#2463,$);
#2367=AXIS2_PLACEMENT_3D('',#3491,#2464,$);
#2368=AXIS2_PLACEMENT_3D('',#3504,#2465,$);
#2369=AXIS2_PLACEMENT_3D('',#3517,#2466,$);
#2370=AXIS2_PLACEMENT_3D('',#3518,#2467,$);
#2371=AXIS2_PLACEMENT_3D('',#3519,#2468,$);
#2372=AXIS2_PLACEMENT_3D('',#4166,#2469,$);
#2373=AXIS2_PLACEMENT_3D('',#4167,#2470,$);
#2374=AXIS2_PLACEMENT_3D('',#4168,#2471,$);
#2375=AXIS2_PLACEMENT_3D('',#4169,#2472,$);
#2376=AXIS2_PLACEMENT_3D('',#4170,#2473,$);
#2377=AXIS2_PLACEMENT_3D('',#4171,#2474,$);
#2378=AXIS2_PLACEMENT_3D('',#4172,#2475,$);
#2379=AXIS2_PLACEMENT_3D('',#4173,#2476,$);
#2380=AXIS2_PLACEMENT_3D('',#4174,#2477,$);
#2381=AXIS2_PLACEMENT_3D('',#4175,#2478,$);
#2382=AXIS2_PLACEMENT_3D('',#4176,#2479,$);
#2383=AXIS2_PLACEMENT_3D('',#4177,#2480,$);
#2384=AXIS2_PLACEMENT_3D('',#4178,#2481,$);
#2385=AXIS2_PLACEMENT_3D('',#4179,#2482,$);
#2386=AXIS2_PLACEMENT_3D('',#4180,#2483,$);
#2387=AXIS2_PLACEMENT_3D('',#4181,#2484,$);
#2388=AXIS2_PLACEMENT_3D('',#4182,#2485,$);
#2389=AXIS2_PLACEMENT_3D('',#4183,#2486,$);
#2390=AXIS2_PLACEMENT_3D('',#4418,#2487,#2488);
#2391=DIRECTION('',(0.,0.,1.));
#2392=DIRECTION('',(1.,0.,0.));
#2393=DIRECTION('',(0.,0.,1.));
#2394=DIRECTION('',(0.,-1.,0.));
#2395=DIRECTION('',(-8.57700954658744E-16,8.57700954658783E-16,1.));
#2396=DIRECTION('',(1.,0.,0.));
#2397=DIRECTION('',(-8.57700954658811E-16,-8.57700954658811E-16,1.));
#2398=DIRECTION('',(0.,1.,0.));
#2399=DIRECTION('',(-1.27153277113179E-15,-2.58249526635715E-15,-1.));
#2400=DIRECTION('',(0.,0.,1.));
#2401=DIRECTION('',(0.,0.,-1.));
#2402=DIRECTION('',(0.,-1.,0.));
#2403=DIRECTION('',(8.57700954658851E-16,-8.57700954658841E-16,1.));
#2404=DIRECTION('',(1.,0.,0.));
#2405=DIRECTION('',(8.57700954658898E-16,8.57700954658888E-16,1.));
#2406=DIRECTION('',(0.,1.,0.));
#2407=DIRECTION('',(9.94850439676305E-16,-1.52347124005341E-15,1.));
#2408=DIRECTION('',(-8.74514136320123E-15,1.,8.74514136320123E-15));
#2409=DIRECTION('',(0.,0.,1.));
#2410=DIRECTION('',(1.,0.,0.));
#2411=DIRECTION('',(1.,0.,0.));
#2412=DIRECTION('',(0.,0.,1.));
#2413=DIRECTION('',(0.,0.,-1.));
#2414=DIRECTION('',(0.,0.,-1.));
#2415=DIRECTION('',(0.,0.,-1.));
#2416=DIRECTION('',(0.,0.,-1.));
#2417=DIRECTION('',(0.,0.,-1.));
#2418=DIRECTION('',(0.,0.,1.));
#2419=DIRECTION('',(0.,0.,-1.));
#2420=DIRECTION('',(0.,0.,1.));
#2421=DIRECTION('',(0.,0.,-1.));
#2422=DIRECTION('',(0.,0.,-1.));
#2423=DIRECTION('',(0.,0.,1.));
#2424=DIRECTION('',(0.,0.,1.));
#2425=DIRECTION('',(-8.74514136320123E-15,1.,8.74514136320123E-15));
#2426=DIRECTION('',(0.,0.,1.));
#2427=DIRECTION('',(0.,0.,1.));
#2428=DIRECTION('',(0.,1.,0.));
#2429=DIRECTION('',(0.,0.,1.));
#2430=DIRECTION('',(1.,0.,0.));
#2431=DIRECTION('',(-1.,0.,0.));
#2432=DIRECTION('',(0.,0.,-1.));
#2433=DIRECTION('',(0.,0.,1.));
#2434=DIRECTION('',(-5.32665498493801E-16,8.84348430075123E-16,-1.));
#2435=DIRECTION('',(0.,1.,0.));
#2436=DIRECTION('',(-1.07212619332354E-15,1.07212619332354E-15,1.));
#2437=DIRECTION('',(-1.,0.,0.));
#2438=DIRECTION('',(0.,0.,1.));
#2439=DIRECTION('',(0.,-1.,0.));
#2440=DIRECTION('',(0.,0.,1.));
#2441=DIRECTION('',(0.,0.,-1.));
#2442=DIRECTION('',(0.,-1.,0.));
#2443=DIRECTION('',(0.,0.,-1.));
#2444=DIRECTION('',(0.,1.,0.));
#2445=DIRECTION('',(0.,1.,0.));
#2446=DIRECTION('',(0.,1.,0.));
#2447=DIRECTION('',(0.,-1.,0.));
#2448=DIRECTION('',(0.,0.,-1.));
#2449=DIRECTION('',(1.,0.,0.));
#2450=DIRECTION('',(-1.,0.,0.));
#2451=DIRECTION('',(0.,0.,1.));
#2452=DIRECTION('',(0.,0.,-1.));
#2453=DIRECTION('',(5.32665498493758E-16,8.84348430074971E-16,1.));
#2454=DIRECTION('',(0.,-1.,0.));
#2455=DIRECTION('',(1.07212619332357E-15,1.07212619332351E-15,-1.));
#2456=DIRECTION('',(-1.,0.,0.));
#2457=DIRECTION('',(0.,0.,-1.));
#2458=DIRECTION('',(0.,1.,0.));
#2459=DIRECTION('',(0.,0.,-1.));
#2460=DIRECTION('',(0.,0.,1.));
#2461=DIRECTION('',(0.,1.,0.));
#2462=DIRECTION('',(0.,0.,1.));
#2463=DIRECTION('',(2.62354240896037E-14,1.,8.74514136320123E-15));
#2464=DIRECTION('',(0.,-1.,0.));
#2465=DIRECTION('',(0.,-1.,0.));
#2466=DIRECTION('',(0.,0.,1.));
#2467=DIRECTION('',(0.,0.,-1.));
#2468=DIRECTION('',(0.,0.,-1.));
#2469=DIRECTION('',(-2.41864622502986E-15,-0.732480148693231,0.680788389861595));
#2470=DIRECTION('',(-3.02330778128732E-15,-0.732480148693231,0.680788389861595));
#2471=DIRECTION('',(0.,0.,1.));
#2472=DIRECTION('',(0.,-1.,0.));
#2473=DIRECTION('',(0.,0.,1.));
#2474=DIRECTION('',(0.,-1.,0.));
#2475=DIRECTION('',(0.,0.,-1.));
#2476=DIRECTION('',(0.,1.,0.));
#2477=DIRECTION('',(0.,-1.,0.));
#2478=DIRECTION('',(0.,-1.,0.));
#2479=DIRECTION('',(3.5527136788005E-15,-1.1842378929335E-15,-1.));
#2480=DIRECTION('',(3.5527136788005E-15,-1.1842378929335E-15,-1.));
#2481=DIRECTION('',(3.5527136788005E-15,-1.1842378929335E-15,-1.));
#2482=DIRECTION('',(3.5527136788005E-15,-1.1842378929335E-15,-1.));
#2483=DIRECTION('',(-1.,0.,0.));
#2484=DIRECTION('',(-1.,0.,0.));
#2485=DIRECTION('',(1.,0.,0.));
#2486=DIRECTION('',(1.,0.,0.));
#2487=DIRECTION('',(0.,0.,1.));
#2488=DIRECTION('',(1.,0.,0.));
#2489=CARTESIAN_POINT('',(0.,0.,0.));
#2490=CARTESIAN_POINT('',(381.470928026543,-213.496048577579,5.));
#2491=CARTESIAN_POINT('',(381.470928026543,-216.496048577579,2.22044604925031E-15));
#2492=CARTESIAN_POINT('',(388.046331810494,-213.996048577579,5.));
#2493=CARTESIAN_POINT('',(390.546331810494,-213.996048577579,2.22044604925031E-15));
#2494=CARTESIAN_POINT('',(388.046331810494,-212.996048577579,5.));
#2495=CARTESIAN_POINT('',(388.046331810494,-210.496048577579,2.22044604925031E-15));
#2496=CARTESIAN_POINT('',(382.6106663443,-207.496048577578,5.));
#2497=CARTESIAN_POINT('',(366.362589535028,-219.996048577579,5.));
#2498=CARTESIAN_POINT('',(382.6106663443,-232.496048577579,5.));
#2499=CARTESIAN_POINT('',(382.6106663443,-229.496048577579,2.22044604925031E-15));
#2500=CARTESIAN_POINT('',(388.046331810494,-226.996048577579,5.00000000000001));
#2501=CARTESIAN_POINT('',(390.546331810494,-226.996048577579,2.22044604925031E-15));
#2502=CARTESIAN_POINT('',(388.046331810494,-225.996048577579,5.00000000000001));
#2503=CARTESIAN_POINT('',(388.046331810494,-223.496048577579,2.22044604925031E-15));
#2504=CARTESIAN_POINT('',(381.494863946669,-226.496048577579,5.));
#2505=CARTESIAN_POINT('',(378.748079844605,-225.289741362706,2.22044604925031E-15));
#2506=CARTESIAN_POINT('',(378.748079844605,-225.289741362706,10.));
#2507=CARTESIAN_POINT('',(374.581397222113,-234.777355665849,2.22539275506122E-15));
#2508=CARTESIAN_POINT('',(374.581397222113,-234.777355665849,10.));
#2509=CARTESIAN_POINT('',(364.492122434359,-233.365841127402,2.22044604925031E-15));
#2510=CARTESIAN_POINT('',(364.492122434359,-233.365841127402,10.));
#2511=CARTESIAN_POINT('',(352.862589535028,-231.738840663238,2.35433664109233E-15));
#2512=CARTESIAN_POINT('',(352.862589535028,-231.738840663238,10.));
#2513=CARTESIAN_POINT('',(352.862589535028,-219.996048577579,2.22044604925031E-15));
#2514=CARTESIAN_POINT('',(352.862589535028,-219.996048577579,10.));
#2515=CARTESIAN_POINT('',(352.862589535028,-208.25325649192,2.35433664109233E-15));
#2516=CARTESIAN_POINT('',(352.862589535028,-208.25325649192,10.));
#2517=CARTESIAN_POINT('',(364.492122434359,-206.626256027755,2.22044604925031E-15));
#2518=CARTESIAN_POINT('',(364.492122434359,-206.626256027755,10.));
#2519=CARTESIAN_POINT('',(374.499111205054,-205.226253506954,2.21882439160525E-15));
#2520=CARTESIAN_POINT('',(374.499111205054,-205.226253506954,10.));
#2521=CARTESIAN_POINT('',(378.730931210367,-214.717693962846,2.22044604925031E-15));
#2522=CARTESIAN_POINT('',(378.730931210367,-214.717693962846,10.));
#2523=CARTESIAN_POINT('',(385.4303014446,-215.963213886405,4.99999999999996));
#2524=CARTESIAN_POINT('',(375.730931210367,-206.500210537349,1.5));
#2525=CARTESIAN_POINT('',(378.730931210367,-206.500210537349,0.));
#2526=CARTESIAN_POINT('',(378.730931210367,-198.906399065809,0.));
#2527=CARTESIAN_POINT('',(378.730931210367,-198.906399065809,3.));
#2528=CARTESIAN_POINT('',(378.730931210367,-196.956371218572,0.));
#2529=CARTESIAN_POINT('',(378.730931210367,-196.956371218572,3.));
#2530=CARTESIAN_POINT('',(376.948821615836,-196.164731150057,0.));
#2531=CARTESIAN_POINT('',(376.948821615836,-196.164731150057,3.));
#2532=CARTESIAN_POINT('',(364.015998886797,-190.419775451072,0.));
#2533=CARTESIAN_POINT('',(364.015998886797,-190.419775451072,3.));
#2534=CARTESIAN_POINT('',(352.150889400507,-198.132206753999,0.));
#2535=CARTESIAN_POINT('',(352.150889400507,-198.132206753999,3.));
#2536=CARTESIAN_POINT('',(340.285779914216,-205.844638056927,0.));
#2537=CARTESIAN_POINT('',(340.285779914216,-205.844638056927,3.));
#2538=CARTESIAN_POINT('',(340.285779914216,-219.996048577579,0.));
#2539=CARTESIAN_POINT('',(340.285779914216,-219.996048577579,3.));
#2540=CARTESIAN_POINT('',(340.285779914216,-234.147459098231,0.));
#2541=CARTESIAN_POINT('',(340.285779914216,-234.147459098231,3.));
#2542=CARTESIAN_POINT('',(352.150889400507,-241.859890401158,0.));
#2543=CARTESIAN_POINT('',(352.150889400507,-241.859890401158,3.));
#2544=CARTESIAN_POINT('',(364.015998886797,-249.572321704085,0.));
#2545=CARTESIAN_POINT('',(364.015998886797,-249.572321704085,3.));
#2546=CARTESIAN_POINT('',(376.948821615836,-243.827366005101,0.));
#2547=CARTESIAN_POINT('',(376.948821615836,-243.827366005101,3.));
#2548=CARTESIAN_POINT('',(378.730931210367,-243.035725936585,0.));
#2549=CARTESIAN_POINT('',(378.730931210367,-243.035725936585,3.));
#2550=CARTESIAN_POINT('',(378.730931210367,-241.085698089348,0.));
#2551=CARTESIAN_POINT('',(378.730931210367,-241.085698089348,3.));
#2552=CARTESIAN_POINT('',(378.730931210367,-241.085698089348,0.));
#2553=CARTESIAN_POINT('',(375.730931210367,-233.526567883959,1.5));
#2554=CARTESIAN_POINT('',(374.362589535028,-239.996048577579,1.5));
#2555=CARTESIAN_POINT('',(354.362589535028,-239.996048577579,1.5));
#2556=CARTESIAN_POINT('',(354.362589535028,-199.996048577579,1.5));
#2557=CARTESIAN_POINT('',(374.362589535028,-199.996048577579,1.5));
#2558=CARTESIAN_POINT('',(344.362589535028,-219.996048577579,1.5));
#2559=CARTESIAN_POINT('',(364.196840689793,-194.009330201851,9.84733559975685));
#2560=CARTESIAN_POINT('',(364.196840689793,-245.982766953307,9.84733559975685));
#2561=CARTESIAN_POINT('',(343.990511133746,-206.598656741592,9.84733559975685));
#2562=CARTESIAN_POINT('',(343.990511133746,-233.393440413565,9.84733559975685));
#2563=CARTESIAN_POINT('',(350.219979637822,-199.516396585743,-3.));
#2564=CARTESIAN_POINT('',(350.219979637822,-199.516396585743,6.00000000000001));
#2565=CARTESIAN_POINT('',(349.399900902122,-200.162804597006,-3.));
#2566=CARTESIAN_POINT('',(349.399900902122,-200.162804597006,6.00000000000001));
#2567=CARTESIAN_POINT('',(348.612177786089,-200.850261226492,-3.));
#2568=CARTESIAN_POINT('',(348.61217778609,-200.850261226491,6.00000000000001));
#2569=CARTESIAN_POINT('',(348.248396614108,-201.691206484967,-3.00000000000001));
#2570=CARTESIAN_POINT('',(348.248396614108,-201.691206484967,6.00000000000001));
#2571=CARTESIAN_POINT('',(348.960126158406,-202.484709254402,-3.00000000000001));
#2572=CARTESIAN_POINT('',(348.960126158406,-202.484709254402,6.00000000000001));
#2573=CARTESIAN_POINT('',(349.48702173163,-203.386237681403,-3.00000000000001));
#2574=CARTESIAN_POINT('',(349.48702173163,-203.386237681403,6.00000000000001));
#2575=CARTESIAN_POINT('',(355.09398656743,-196.479701345096,6.));
#2576=CARTESIAN_POINT('',(355.09398656743,-196.479701345096,-3.));
#2577=CARTESIAN_POINT('',(356.035665474591,-196.028466056603,6.));
#2578=CARTESIAN_POINT('',(356.035665474591,-196.028466056603,-3.));
#2579=CARTESIAN_POINT('',(356.999930731427,-195.624366020208,6.));
#2580=CARTESIAN_POINT('',(356.999930731427,-195.624366020208,-3.));
#2581=CARTESIAN_POINT('',(357.915125473222,-195.66845970946,6.00000000000001));
#2582=CARTESIAN_POINT('',(357.915125473222,-195.66845970946,-3.));
#2583=CARTESIAN_POINT('',(358.313715533236,-196.65706051534,6.00000000000001));
#2584=CARTESIAN_POINT('',(358.313715533236,-196.65706051534,-3.));
#2585=CARTESIAN_POINT('',(358.890736665172,-197.527358776324,6.00000000000001));
#2586=CARTESIAN_POINT('',(358.890736665172,-197.527358776324,-3.));
#2587=CARTESIAN_POINT('',(373.583040646883,-194.938812382393,-3.00000000000001));
#2588=CARTESIAN_POINT('',(373.583040646883,-194.938812382393,6.00000000000001));
#2589=CARTESIAN_POINT('',(372.579659017777,-194.649679616789,-3.00000000000001));
#2590=CARTESIAN_POINT('',(372.579659017777,-194.649679616789,6.00000000000001));
#2591=CARTESIAN_POINT('',(371.561804997187,-194.410770601213,-3.00000000000001));
#2592=CARTESIAN_POINT('',(371.561804997187,-194.410770601213,6.00000000000001));
#2593=CARTESIAN_POINT('',(370.666534713146,-194.605749542012,-3.00000000000001));
#2594=CARTESIAN_POINT('',(370.666534713146,-194.605749542012,5.99999999999999));
#2595=CARTESIAN_POINT('',(370.437087960704,-195.646691316139,-3.00000000000001));
#2596=CARTESIAN_POINT('',(370.437087960704,-195.646691316139,5.99999999999999));
#2597=CARTESIAN_POINT('',(370.012088885094,-196.600498547976,-3.00000000000001));
#2598=CARTESIAN_POINT('',(370.012088885094,-196.600498547976,5.99999999999999));
#2599=CARTESIAN_POINT('',(340.687991081293,-215.433703321071,6.));
#2600=CARTESIAN_POINT('',(340.687991081293,-215.433703321071,-3.));
#2601=CARTESIAN_POINT('',(340.870683752598,-214.40560029237,6.));
#2602=CARTESIAN_POINT('',(340.870683752598,-214.40560029237,-3.));
#2603=CARTESIAN_POINT('',(341.104837590839,-213.386641851121,6.));
#2604=CARTESIAN_POINT('',(341.104837590839,-213.386641851121,-3.));
#2605=CARTESIAN_POINT('',(341.674437425484,-212.668949927512,6.));
#2606=CARTESIAN_POINT('',(341.674437425484,-212.668949927512,-3.));
#2607=CARTESIAN_POINT('',(342.709949878508,-212.921773085,6.));
#2608=CARTESIAN_POINT('',(342.709949878508,-212.921773085,-3.));
#2609=CARTESIAN_POINT('',(343.753434624476,-212.960657975454,6.));
#2610=CARTESIAN_POINT('',(343.753434624476,-212.960657975454,-3.));
#2611=CARTESIAN_POINT('',(340.687991081294,-224.558393834087,6.));
#2612=CARTESIAN_POINT('',(340.870683752599,-225.586496862788,6.));
#2613=CARTESIAN_POINT('',(341.104837590839,-226.605455304037,6.));
#2614=CARTESIAN_POINT('',(341.674437425484,-227.323147227645,6.00000000000001));
#2615=CARTESIAN_POINT('',(342.709949878508,-227.070324070158,6.00000000000001));
#2616=CARTESIAN_POINT('',(343.753434624476,-227.031439179703,6.00000000000001));
#2617=CARTESIAN_POINT('',(340.687991081294,-224.558393834087,-3.00000000000001));
#2618=CARTESIAN_POINT('',(340.870683752599,-225.586496862788,-3.00000000000001));
#2619=CARTESIAN_POINT('',(341.104837590839,-226.605455304037,-3.00000000000001));
#2620=CARTESIAN_POINT('',(341.674437425484,-227.323147227645,-3.));
#2621=CARTESIAN_POINT('',(342.709949878508,-227.070324070158,-3.));
#2622=CARTESIAN_POINT('',(343.753434624476,-227.031439179703,-3.));
#2623=CARTESIAN_POINT('',(350.219979637822,-240.475700569415,-3.));
#2624=CARTESIAN_POINT('',(349.399900902122,-239.829292558152,-3.));
#2625=CARTESIAN_POINT('',(348.612177786089,-239.141835928666,-3.));
#2626=CARTESIAN_POINT('',(348.248396614108,-238.300890670191,-3.00000000000001));
#2627=CARTESIAN_POINT('',(348.960126158406,-237.507387900755,-3.00000000000001));
#2628=CARTESIAN_POINT('',(349.48702173163,-236.605859473754,-3.00000000000001));
#2629=CARTESIAN_POINT('',(350.219979637823,-240.475700569415,6.));
#2630=CARTESIAN_POINT('',(349.399900902122,-239.829292558152,6.));
#2631=CARTESIAN_POINT('',(348.61217778609,-239.141835928666,6.));
#2632=CARTESIAN_POINT('',(348.248396614107,-238.300890670191,5.99999999999999));
#2633=CARTESIAN_POINT('',(348.960126158406,-237.507387900755,5.99999999999999));
#2634=CARTESIAN_POINT('',(349.48702173163,-236.605859473754,5.99999999999999));
#2635=CARTESIAN_POINT('',(355.09398656743,-243.512395810062,6.00000000000001));
#2636=CARTESIAN_POINT('',(356.035665474591,-243.963631098555,6.00000000000001));
#2637=CARTESIAN_POINT('',(356.999930731427,-244.36773113495,6.00000000000001));
#2638=CARTESIAN_POINT('',(357.915125473222,-244.323637445698,6.));
#2639=CARTESIAN_POINT('',(358.313715533236,-243.335036639818,6.));
#2640=CARTESIAN_POINT('',(358.890736665172,-242.464738378834,6.));
#2641=CARTESIAN_POINT('',(355.09398656743,-243.512395810062,-3.00000000000001));
#2642=CARTESIAN_POINT('',(356.035665474591,-243.963631098555,-3.00000000000001));
#2643=CARTESIAN_POINT('',(356.999930731427,-244.36773113495,-3.00000000000001));
#2644=CARTESIAN_POINT('',(357.915125473222,-244.323637445698,-3.00000000000001));
#2645=CARTESIAN_POINT('',(358.313715533236,-243.335036639818,-3.00000000000001));
#2646=CARTESIAN_POINT('',(358.890736665172,-242.464738378834,-3.00000000000001));
#2647=CARTESIAN_POINT('',(373.583040646883,-245.053284772765,-3.));
#2648=CARTESIAN_POINT('',(372.579659017777,-245.342417538369,-3.));
#2649=CARTESIAN_POINT('',(371.561804997187,-245.581326553945,-3.));
#2650=CARTESIAN_POINT('',(370.666534713146,-245.386347613145,-3.));
#2651=CARTESIAN_POINT('',(370.437087960704,-244.345405839018,-3.));
#2652=CARTESIAN_POINT('',(370.012088885094,-243.391598607181,-3.));
#2653=CARTESIAN_POINT('',(373.583040646883,-245.053284772765,6.));
#2654=CARTESIAN_POINT('',(372.579659017777,-245.342417538369,6.));
#2655=CARTESIAN_POINT('',(371.561804997187,-245.581326553945,6.));
#2656=CARTESIAN_POINT('',(370.666534713146,-245.386347613145,6.));
#2657=CARTESIAN_POINT('',(370.437087960704,-244.345405839018,6.));
#2658=CARTESIAN_POINT('',(370.012088885094,-243.391598607182,6.));
#2659=CARTESIAN_POINT('',(394.714706038041,-189.581060705821,2.22044604925031E-15));
#2660=CARTESIAN_POINT('',(395.756799594927,-198.121048577579,10.));
#2661=CARTESIAN_POINT('',(335.480136002197,-252.592060603593,3.));
#2662=CARTESIAN_POINT('',(385.4303014446,-215.963213886405,4.99999999999996));
#2663=CARTESIAN_POINT('',(364.196840689793,-194.009330201851,9.84733559975685));
#2664=CARTESIAN_POINT('',(343.990511133746,-206.598656741592,9.84733559975685));
#2665=CARTESIAN_POINT('',(378.730931210367,-214.717693962846,2.22044604925031E-15));
#2666=CARTESIAN_POINT('',(381.470928026543,-216.496048577579,2.22044604925031E-15));
#2667=CARTESIAN_POINT('',(381.470928026543,-216.496048577579,10.));
#2668=CARTESIAN_POINT('',(378.730931210367,-214.717693962846,10.));
#2669=CARTESIAN_POINT('',(388.046331810494,-216.496048577579,2.22044604925031E-15));
#2670=CARTESIAN_POINT('',(388.046331810494,-216.496048577579,10.));
#2671=CARTESIAN_POINT('',(390.546331810494,-213.996048577579,2.22044604925031E-15));
#2672=CARTESIAN_POINT('',(390.546331810494,-213.996048577579,10.));
#2673=CARTESIAN_POINT('',(390.546331810494,-212.996048577579,2.22044604925031E-15));
#2674=CARTESIAN_POINT('',(390.546331810494,-212.996048577579,10.));
#2675=CARTESIAN_POINT('',(388.046331810494,-210.496048577579,2.22044604925031E-15));
#2676=CARTESIAN_POINT('',(388.046331810494,-210.496048577579,10.));
#2677=CARTESIAN_POINT('',(382.6106663443,-210.496048577579,2.22044604925031E-15));
#2678=CARTESIAN_POINT('',(382.6106663443,-210.496048577579,10.));
#2679=CARTESIAN_POINT('',(380.232899006358,-209.325316870262,2.22044604925031E-15));
#2680=CARTESIAN_POINT('',(380.232899006358,-209.325316870262,10.));
#2681=CARTESIAN_POINT('',(380.232899006358,-230.666780284896,2.22044604925031E-15));
#2682=CARTESIAN_POINT('',(380.232899006358,-230.666780284896,10.));
#2683=CARTESIAN_POINT('',(382.6106663443,-229.496048577579,2.22044604925031E-15));
#2684=CARTESIAN_POINT('',(382.6106663443,-229.496048577579,10.));
#2685=CARTESIAN_POINT('',(388.046331810494,-229.496048577579,2.22044604925031E-15));
#2686=CARTESIAN_POINT('',(388.046331810494,-229.496048577579,10.));
#2687=CARTESIAN_POINT('',(390.546331810494,-226.996048577579,2.22044604925031E-15));
#2688=CARTESIAN_POINT('',(390.546331810494,-226.996048577579,10.));
#2689=CARTESIAN_POINT('',(390.546331810494,-225.996048577579,2.22044604925031E-15));
#2690=CARTESIAN_POINT('',(390.546331810494,-225.996048577579,10.));
#2691=CARTESIAN_POINT('',(388.046331810494,-223.496048577579,2.22044604925031E-15));
#2692=CARTESIAN_POINT('',(388.046331810494,-223.496048577579,10.));
#2693=CARTESIAN_POINT('',(381.494863946669,-223.496048577579,2.22044604925031E-15));
#2694=CARTESIAN_POINT('',(381.494863946669,-223.496048577579,10.));
#2695=CARTESIAN_POINT('',(378.748079844605,-225.289741362706,2.22044604925031E-15));
#2696=CARTESIAN_POINT('',(378.748079844605,-225.289741362706,10.));
#2697=CARTESIAN_POINT('',(387.0553014446,-216.496048577579,5.));
#2698=CARTESIAN_POINT('',(387.0553014446,-210.496048577579,5.));
#2699=CARTESIAN_POINT('',(387.0553014446,-229.496048577579,5.));
#2700=CARTESIAN_POINT('',(387.0553014446,-223.496048577579,5.));
#2701=CARTESIAN_POINT('',(378.730931210367,-206.500210537349,0.));
#2702=CARTESIAN_POINT('',(378.730931210367,-206.500210537349,3.));
#2703=CARTESIAN_POINT('',(378.730931210367,-198.906399065809,0.));
#2704=CARTESIAN_POINT('',(378.730931210367,-198.906399065809,3.));
#2705=CARTESIAN_POINT('',(378.730931210367,-241.085698089348,0.));
#2706=CARTESIAN_POINT('',(378.730931210367,-241.085698089348,3.));
#2707=CARTESIAN_POINT('',(378.730931210367,-233.526567883959,0.));
#2708=CARTESIAN_POINT('',(378.730931210367,-233.526567883959,3.));
#2709=CARTESIAN_POINT('',(372.862589535028,-239.996048577579,0.));
#2710=CARTESIAN_POINT('',(372.862589535028,-239.996048577579,3.));
#2711=CARTESIAN_POINT('',(352.862589535028,-239.996048577579,0.));
#2712=CARTESIAN_POINT('',(352.862589535028,-239.996048577579,3.));
#2713=CARTESIAN_POINT('',(352.862589535028,-199.996048577579,0.));
#2714=CARTESIAN_POINT('',(352.862589535028,-199.996048577579,3.));
#2715=CARTESIAN_POINT('',(372.862589535028,-199.996048577579,0.));
#2716=CARTESIAN_POINT('',(372.862589535028,-199.996048577579,3.));
#2717=CARTESIAN_POINT('',(342.862589535028,-219.996048577579,0.));
#2718=CARTESIAN_POINT('',(342.862589535028,-219.996048577579,3.));
#2719=CARTESIAN_POINT('',(378.573225917543,-207.460085944658,1.11243512651232E-15));
#2720=CARTESIAN_POINT('',(378.573225917543,-207.460085944658,3.));
#2721=CARTESIAN_POINT('',(378.564311132517,-232.54068847107,3.));
#2722=CARTESIAN_POINT('',(378.564311132517,-232.54068847107,1.11244926034215E-15));
#2723=CARTESIAN_POINT('',(366.362589535028,-199.996048577579,8.88178419700125E-16));
#2724=CARTESIAN_POINT('',(366.362589535028,-199.996048577579,3.));
#2725=CARTESIAN_POINT('',(366.362589535028,-239.996048577579,8.88178419700125E-16));
#2726=CARTESIAN_POINT('',(366.362589535028,-239.996048577579,3.));
#2727=CARTESIAN_POINT('',(346.15625997898,-212.58537511732,8.88178419700125E-16));
#2728=CARTESIAN_POINT('',(346.15625997898,-212.58537511732,3.));
#2729=CARTESIAN_POINT('',(346.15625997898,-227.406722037837,8.88178419700125E-16));
#2730=CARTESIAN_POINT('',(346.15625997898,-227.406722037837,3.));
#2731=CARTESIAN_POINT('',(350.219979637822,-199.516396585743,1.3215594085238E-15));
#2732=CARTESIAN_POINT('',(350.219979637823,-199.516396585743,3.));
#2733=CARTESIAN_POINT('',(349.487021731465,-203.386237681122,-1.53175791906089E-15));
#2734=CARTESIAN_POINT('',(349.48702173163,-203.386237681403,3.));
#2735=CARTESIAN_POINT('',(358.890736665172,-197.527358776324,3.63669862623496E-15));
#2736=CARTESIAN_POINT('',(358.890736665172,-197.527358776324,3.));
#2737=CARTESIAN_POINT('',(355.09398656743,-196.479701345096,1.17167389972407E-15));
#2738=CARTESIAN_POINT('',(355.09398656743,-196.479701345096,3.));
#2739=CARTESIAN_POINT('',(373.583040646883,-194.938812382392,2.1316282072803E-15));
#2740=CARTESIAN_POINT('',(373.583040646883,-194.938812382393,3.));
#2741=CARTESIAN_POINT('',(370.012088885094,-196.600498547976,-1.36010262152147E-15));
#2742=CARTESIAN_POINT('',(370.012088885094,-196.600498547976,2.99999999999999));
#2743=CARTESIAN_POINT('',(343.753434624476,-212.960657975454,1.72307665422838E-15));
#2744=CARTESIAN_POINT('',(343.753434624476,-212.960657975454,3.));
#2745=CARTESIAN_POINT('',(340.687991081294,-215.433703321071,3.43444787213804E-15));
#2746=CARTESIAN_POINT('',(340.687991081294,-215.433703321071,3.));
#2747=CARTESIAN_POINT('',(343.753434624476,-227.031439179703,2.45925867794845E-16));
#2748=CARTESIAN_POINT('',(343.753434624476,-227.031439179703,3.));
#2749=CARTESIAN_POINT('',(340.687991081294,-224.558393834087,-3.43111245594073E-15));
#2750=CARTESIAN_POINT('',(340.687991081294,-224.558393834087,3.));
#2751=CARTESIAN_POINT('',(349.48702173163,-236.605859473754,1.89436791374777E-15));
#2752=CARTESIAN_POINT('',(349.48702173163,-236.605859473754,3.));
#2753=CARTESIAN_POINT('',(350.219979637822,-240.475700569414,1.50684645963496E-15));
#2754=CARTESIAN_POINT('',(350.219979637822,-240.475700569415,3.));
#2755=CARTESIAN_POINT('',(358.890736665172,-242.464738378834,-7.01573273087974E-15));
#2756=CARTESIAN_POINT('',(358.890736665172,-242.464738378834,2.99999999999999));
#2757=CARTESIAN_POINT('',(355.09398656743,-243.512395810062,-2.04248997646914E-16));
#2758=CARTESIAN_POINT('',(355.09398656743,-243.512395810062,3.));
#2759=CARTESIAN_POINT('',(370.012088885094,-243.391598607182,6.22833112910468E-16));
#2760=CARTESIAN_POINT('',(370.012088885094,-243.391598607182,3.));
#2761=CARTESIAN_POINT('',(373.583040646883,-245.053284772765,4.98560205522023E-16));
#2762=CARTESIAN_POINT('',(373.583040646883,-245.053284772765,3.));
#2763=CARTESIAN_POINT('',(378.730931210367,-214.717693962846,2.22044604925031E-15));
#2764=CARTESIAN_POINT('',(379.523822171273,-216.496048577579,2.64712820596396E-15));
#2765=CARTESIAN_POINT('',(381.470928026543,-216.496048577579,2.22044604925031E-15));
#2766=CARTESIAN_POINT('',(381.470928026543,-216.496048577579,2.22044604925031E-15));
#2767=CARTESIAN_POINT('',(381.470928026543,-216.496048577579,10.));
#2768=CARTESIAN_POINT('',(378.730931210367,-214.717693962846,10.));
#2769=CARTESIAN_POINT('',(379.523822171273,-216.496048577579,10.));
#2770=CARTESIAN_POINT('',(381.470928026543,-216.496048577579,10.));
#2771=CARTESIAN_POINT('',(378.730931210367,-214.717693962846,2.22044604925031E-15));
#2772=CARTESIAN_POINT('',(378.730931210367,-214.717693962846,10.));
#2773=CARTESIAN_POINT('',(381.470928026543,-216.496048577579,2.22044604925031E-15));
#2774=CARTESIAN_POINT('',(384.862589807415,-216.496048577579,2.27272370042795E-15));
#2775=CARTESIAN_POINT('',(384.862589984129,-216.496048577579,2.32623216413244E-15));
#2776=CARTESIAN_POINT('',(386.454460897311,-216.496048577579,2.27272370042794E-15));
#2777=CARTESIAN_POINT('',(388.046331810494,-216.496048577579,2.22044604925031E-15));
#2778=CARTESIAN_POINT('',(388.046331810494,-216.496048577579,2.22044604925031E-15));
#2779=CARTESIAN_POINT('',(388.046331810494,-216.496048577579,10.));
#2780=CARTESIAN_POINT('',(381.470928026543,-216.496048577579,10.));
#2781=CARTESIAN_POINT('',(384.862589807415,-216.496048577579,10.));
#2782=CARTESIAN_POINT('',(384.862589984129,-216.496048577579,10.));
#2783=CARTESIAN_POINT('',(386.454460897311,-216.496048577579,10.));
#2784=CARTESIAN_POINT('',(388.046331810494,-216.496048577579,10.));
#2785=CARTESIAN_POINT('',(388.046331810494,-216.496048577579,2.22044604925031E-15));
#2786=CARTESIAN_POINT('',(390.546331810494,-216.496048577579,1.88411095042056E-15));
#2787=CARTESIAN_POINT('',(390.546331810494,-213.996048577579,2.22044604925031E-15));
#2788=CARTESIAN_POINT('',(390.546331810494,-213.996048577579,2.22044604925031E-15));
#2789=CARTESIAN_POINT('',(390.546331810494,-213.996048577579,10.));
#2790=CARTESIAN_POINT('',(388.046331810494,-216.496048577579,10.));
#2791=CARTESIAN_POINT('',(390.546331810494,-216.496048577579,10.));
#2792=CARTESIAN_POINT('',(390.546331810494,-213.996048577579,10.));
#2793=CARTESIAN_POINT('',(390.546331810494,-213.996048577579,2.22044604925031E-15));
#2794=CARTESIAN_POINT('',(390.546331810494,-213.496048577579,2.66453525910037E-15));
#2795=CARTESIAN_POINT('',(390.546331810494,-212.996048577579,2.22044604925031E-15));
#2796=CARTESIAN_POINT('',(390.546331810494,-212.996048577579,2.22044604925031E-15));
#2797=CARTESIAN_POINT('',(390.546331810494,-212.996048577579,10.));
#2798=CARTESIAN_POINT('',(390.546331810494,-213.996048577579,10.));
#2799=CARTESIAN_POINT('',(390.546331810494,-213.496048577579,10.));
#2800=CARTESIAN_POINT('',(390.546331810494,-212.996048577579,10.));
#2801=CARTESIAN_POINT('',(390.546331810494,-212.996048577579,2.22044604925031E-15));
#2802=CARTESIAN_POINT('',(390.546331810494,-210.496048577579,2.51214793389407E-15));
#2803=CARTESIAN_POINT('',(388.046331810494,-210.496048577579,2.22044604925031E-15));
#2804=CARTESIAN_POINT('',(388.046331810494,-210.496048577579,2.22044604925031E-15));
#2805=CARTESIAN_POINT('',(388.046331810494,-210.496048577579,10.));
#2806=CARTESIAN_POINT('',(390.546331810494,-212.996048577579,10.));
#2807=CARTESIAN_POINT('',(390.546331810494,-210.496048577579,10.));
#2808=CARTESIAN_POINT('',(388.046331810494,-210.496048577579,10.));
#2809=CARTESIAN_POINT('',(388.046331810494,-210.496048577579,2.22044604925031E-15));
#2810=CARTESIAN_POINT('',(385.328499077397,-210.496048577579,2.66453525910037E-15));
#2811=CARTESIAN_POINT('',(382.6106663443,-210.496048577579,2.22044604925031E-15));
#2812=CARTESIAN_POINT('',(382.6106663443,-210.496048577579,2.22044604925031E-15));
#2813=CARTESIAN_POINT('',(382.6106663443,-210.496048577579,10.));
#2814=CARTESIAN_POINT('',(388.046331810494,-210.496048577579,10.));
#2815=CARTESIAN_POINT('',(385.328499077397,-210.496048577579,10.));
#2816=CARTESIAN_POINT('',(382.6106663443,-210.496048577579,10.));
#2817=CARTESIAN_POINT('',(382.6106663443,-210.496048577579,2.22044604925031E-15));
#2818=CARTESIAN_POINT('',(381.133568452548,-210.496048577579,1.97999991166394E-15));
#2819=CARTESIAN_POINT('',(380.232899006358,-209.325316870262,2.22044604925031E-15));
#2820=CARTESIAN_POINT('',(380.232899006358,-209.325316870262,2.22044604925031E-15));
#2821=CARTESIAN_POINT('',(380.232899006358,-209.325316870262,10.));
#2822=CARTESIAN_POINT('',(382.6106663443,-210.496048577579,10.));
#2823=CARTESIAN_POINT('',(381.133568452548,-210.496048577579,10.));
#2824=CARTESIAN_POINT('',(380.232899006358,-209.325316870262,10.));
#2825=CARTESIAN_POINT('',(380.232899006358,-209.325316870262,2.22044604925031E-15));
#2826=CARTESIAN_POINT('',(379.469760319178,-208.333353989828,1.66581197596775E-15));
#2827=CARTESIAN_POINT('',(378.573225917543,-207.460085944658,1.11243512651232E-15));
#2828=CARTESIAN_POINT('',(380.232899006358,-230.666780284896,2.22044604925031E-15));
#2829=CARTESIAN_POINT('',(380.232899006358,-230.666780284896,10.));
#2830=CARTESIAN_POINT('',(380.232899006358,-209.325316870262,10.));
#2831=CARTESIAN_POINT('',(372.591424178089,-199.392575274596,10.));
#2832=CARTESIAN_POINT('',(360.727006856559,-203.428302566907,10.));
#2833=CARTESIAN_POINT('',(348.862589535029,-207.464029859219,10.));
#2834=CARTESIAN_POINT('',(348.862589535029,-219.996048577579,10.));
#2835=CARTESIAN_POINT('',(348.862589535029,-232.528067295939,10.));
#2836=CARTESIAN_POINT('',(360.727006856559,-236.56379458825,10.));
#2837=CARTESIAN_POINT('',(372.591424178089,-240.599521880561,10.));
#2838=CARTESIAN_POINT('',(380.232899006358,-230.666780284896,10.));
#2839=CARTESIAN_POINT('',(380.232899006358,-230.666780284896,2.22044604925031E-15));
#2840=CARTESIAN_POINT('',(381.133568452548,-229.496048577579,1.97999991166396E-15));
#2841=CARTESIAN_POINT('',(382.6106663443,-229.496048577579,2.22044604925031E-15));
#2842=CARTESIAN_POINT('',(382.6106663443,-229.496048577579,2.22044604925031E-15));
#2843=CARTESIAN_POINT('',(382.6106663443,-229.496048577579,10.));
#2844=CARTESIAN_POINT('',(380.232899006358,-230.666780284896,10.));
#2845=CARTESIAN_POINT('',(381.133568452548,-229.496048577579,10.));
#2846=CARTESIAN_POINT('',(382.6106663443,-229.496048577579,10.));
#2847=CARTESIAN_POINT('',(382.6106663443,-229.496048577579,2.22044604925031E-15));
#2848=CARTESIAN_POINT('',(385.328499077397,-229.496048577579,2.66453525910037E-15));
#2849=CARTESIAN_POINT('',(388.046331810494,-229.496048577579,2.22044604925031E-15));
#2850=CARTESIAN_POINT('',(388.046331810494,-229.496048577579,2.22044604925031E-15));
#2851=CARTESIAN_POINT('',(388.046331810494,-229.496048577579,10.));
#2852=CARTESIAN_POINT('',(382.6106663443,-229.496048577579,10.));
#2853=CARTESIAN_POINT('',(385.328499077397,-229.496048577579,10.));
#2854=CARTESIAN_POINT('',(388.046331810494,-229.496048577579,10.));
#2855=CARTESIAN_POINT('',(388.046331810494,-229.496048577579,2.22044604925031E-15));
#2856=CARTESIAN_POINT('',(390.546331810494,-229.496048577579,1.88411095042051E-15));
#2857=CARTESIAN_POINT('',(390.546331810494,-226.996048577579,2.22044604925031E-15));
#2858=CARTESIAN_POINT('',(390.546331810494,-226.996048577579,2.22044604925031E-15));
#2859=CARTESIAN_POINT('',(390.546331810494,-226.996048577579,10.));
#2860=CARTESIAN_POINT('',(388.046331810494,-229.496048577579,10.));
#2861=CARTESIAN_POINT('',(390.546331810494,-229.496048577579,10.));
#2862=CARTESIAN_POINT('',(390.546331810494,-226.996048577579,10.));
#2863=CARTESIAN_POINT('',(390.546331810494,-226.996048577579,2.22044604925031E-15));
#2864=CARTESIAN_POINT('',(390.546331810494,-226.496048577579,2.66453525910037E-15));
#2865=CARTESIAN_POINT('',(390.546331810494,-225.996048577579,2.22044604925031E-15));
#2866=CARTESIAN_POINT('',(390.546331810494,-225.996048577579,2.22044604925031E-15));
#2867=CARTESIAN_POINT('',(390.546331810494,-225.996048577579,10.));
#2868=CARTESIAN_POINT('',(390.546331810494,-226.996048577579,10.));
#2869=CARTESIAN_POINT('',(390.546331810494,-226.496048577579,10.));
#2870=CARTESIAN_POINT('',(390.546331810494,-225.996048577579,10.));
#2871=CARTESIAN_POINT('',(390.546331810494,-225.996048577579,2.22044604925031E-15));
#2872=CARTESIAN_POINT('',(390.546331810494,-223.496048577579,1.88411095042051E-15));
#2873=CARTESIAN_POINT('',(388.046331810494,-223.496048577579,2.22044604925031E-15));
#2874=CARTESIAN_POINT('',(388.046331810494,-223.496048577579,2.22044604925031E-15));
#2875=CARTESIAN_POINT('',(388.046331810494,-223.496048577579,10.));
#2876=CARTESIAN_POINT('',(390.546331810494,-225.996048577579,10.));
#2877=CARTESIAN_POINT('',(390.546331810494,-223.496048577579,10.));
#2878=CARTESIAN_POINT('',(388.046331810494,-223.496048577579,10.));
#2879=CARTESIAN_POINT('',(388.046331810494,-223.496048577579,2.22044604925031E-15));
#2880=CARTESIAN_POINT('',(386.454460672761,-223.496048577579,1.81817896034236E-15));
#2881=CARTESIAN_POINT('',(384.862589535027,-223.496048577579,2.32623216413244E-15));
#2882=CARTESIAN_POINT('',(383.178726740848,-223.496048577579,2.27272370042794E-15));
#2883=CARTESIAN_POINT('',(381.494863946669,-223.496048577579,2.22044604925031E-15));
#2884=CARTESIAN_POINT('',(381.494863946669,-223.496048577579,2.22044604925031E-15));
#2885=CARTESIAN_POINT('',(381.494863946669,-223.496048577579,10.));
#2886=CARTESIAN_POINT('',(388.046331810494,-223.496048577579,10.));
#2887=CARTESIAN_POINT('',(386.454460672761,-223.496048577579,10.));
#2888=CARTESIAN_POINT('',(384.862589535027,-223.496048577579,10.));
#2889=CARTESIAN_POINT('',(383.178726740848,-223.496048577579,10.));
#2890=CARTESIAN_POINT('',(381.494863946669,-223.496048577579,10.));
#2891=CARTESIAN_POINT('',(381.494863946669,-223.496048577579,2.22044604925031E-15));
#2892=CARTESIAN_POINT('',(379.535817237704,-223.496048577579,2.65195015014898E-15));
#2893=CARTESIAN_POINT('',(378.748079844605,-225.289741362706,2.22044604925031E-15));
#2894=CARTESIAN_POINT('',(378.748079844605,-225.289741362706,2.22044604925031E-15));
#2895=CARTESIAN_POINT('',(378.748079844605,-225.289741362706,10.));
#2896=CARTESIAN_POINT('',(381.494863946669,-223.496048577579,10.));
#2897=CARTESIAN_POINT('',(379.535817237704,-223.496048577579,10.));
#2898=CARTESIAN_POINT('',(378.748079844605,-225.289741362706,10.));
#2899=CARTESIAN_POINT('',(378.748079844605,-225.289741362706,10.));
#2900=CARTESIAN_POINT('',(374.581397222113,-234.777355665849,10.));
#2901=CARTESIAN_POINT('',(364.492122434359,-233.365841127402,10.));
#2902=CARTESIAN_POINT('',(352.862589535028,-231.738840663238,10.));
#2903=CARTESIAN_POINT('',(352.862589535028,-219.996048577579,10.));
#2904=CARTESIAN_POINT('',(352.862589535028,-208.25325649192,10.));
#2905=CARTESIAN_POINT('',(364.492122434359,-206.626256027755,10.));
#2906=CARTESIAN_POINT('',(374.499111205054,-205.226253506954,10.));
#2907=CARTESIAN_POINT('',(378.730931210367,-214.717693962846,10.));
#2908=CARTESIAN_POINT('',(387.0553014446,-216.496048577579,5.));
#2909=CARTESIAN_POINT('',(387.0553014446,-216.496048577579,3.375));
#2910=CARTESIAN_POINT('',(385.4303014446,-216.496048577579,3.375));
#2911=CARTESIAN_POINT('',(383.8053014446,-216.496048577579,3.375));
#2912=CARTESIAN_POINT('',(383.8053014446,-216.496048577579,5.));
#2913=CARTESIAN_POINT('',(383.8053014446,-216.496048577579,6.625));
#2914=CARTESIAN_POINT('',(385.4303014446,-216.496048577579,6.625));
#2915=CARTESIAN_POINT('',(387.0553014446,-216.496048577579,6.625));
#2916=CARTESIAN_POINT('',(387.0553014446,-216.496048577579,5.));
#2917=CARTESIAN_POINT('',(387.0553014446,-210.496048577579,5.));
#2918=CARTESIAN_POINT('',(387.0553014446,-210.496048577579,6.625));
#2919=CARTESIAN_POINT('',(385.4303014446,-210.496048577579,6.625));
#2920=CARTESIAN_POINT('',(383.8053014446,-210.496048577579,6.625));
#2921=CARTESIAN_POINT('',(383.8053014446,-210.496048577579,5.));
#2922=CARTESIAN_POINT('',(383.8053014446,-210.496048577579,3.375));
#2923=CARTESIAN_POINT('',(385.4303014446,-210.496048577579,3.375));
#2924=CARTESIAN_POINT('',(387.0553014446,-210.496048577579,3.375));
#2925=CARTESIAN_POINT('',(387.0553014446,-210.496048577579,5.));
#2926=CARTESIAN_POINT('',(387.0553014446,-229.496048577579,5.));
#2927=CARTESIAN_POINT('',(387.0553014446,-229.496048577579,3.375));
#2928=CARTESIAN_POINT('',(385.4303014446,-229.496048577579,3.375));
#2929=CARTESIAN_POINT('',(383.8053014446,-229.496048577579,3.375));
#2930=CARTESIAN_POINT('',(383.8053014446,-229.496048577579,5.));
#2931=CARTESIAN_POINT('',(383.8053014446,-229.496048577579,6.625));
#2932=CARTESIAN_POINT('',(385.4303014446,-229.496048577579,6.625));
#2933=CARTESIAN_POINT('',(387.0553014446,-229.496048577579,6.625));
#2934=CARTESIAN_POINT('',(387.0553014446,-229.496048577579,5.));
#2935=CARTESIAN_POINT('',(387.0553014446,-223.496048577579,5.));
#2936=CARTESIAN_POINT('',(387.0553014446,-223.496048577579,6.625));
#2937=CARTESIAN_POINT('',(385.4303014446,-223.496048577579,6.625));
#2938=CARTESIAN_POINT('',(383.8053014446,-223.496048577579,6.625));
#2939=CARTESIAN_POINT('',(383.8053014446,-223.496048577579,5.));
#2940=CARTESIAN_POINT('',(383.8053014446,-223.496048577579,3.375));
#2941=CARTESIAN_POINT('',(385.4303014446,-223.496048577579,3.375));
#2942=CARTESIAN_POINT('',(387.0553014446,-223.496048577579,3.375));
#2943=CARTESIAN_POINT('',(387.0553014446,-223.496048577579,5.));
#2944=CARTESIAN_POINT('',(387.0553014446,-216.496048577579,5.));
#2945=CARTESIAN_POINT('',(387.0553014446,-210.496048577579,5.));
#2946=CARTESIAN_POINT('',(387.0553014446,-229.496048577579,5.));
#2947=CARTESIAN_POINT('',(387.0553014446,-223.496048577579,5.));
#2948=CARTESIAN_POINT('',(378.730931210367,-206.500210537349,0.));
#2949=CARTESIAN_POINT('',(378.730931210367,-206.500210537349,3.));
#2950=CARTESIAN_POINT('',(378.730931210367,-206.500210537349,0.));
#2951=CARTESIAN_POINT('',(378.730931210367,-202.703304801579,0.));
#2952=CARTESIAN_POINT('',(378.730931210367,-198.906399065809,0.));
#2953=CARTESIAN_POINT('',(378.730931210367,-198.906399065809,0.));
#2954=CARTESIAN_POINT('',(378.730931210367,-198.906399065809,3.));
#2955=CARTESIAN_POINT('',(378.730931210367,-206.500210537349,3.));
#2956=CARTESIAN_POINT('',(378.730931210367,-202.703304801579,3.));
#2957=CARTESIAN_POINT('',(378.730931210367,-198.906399065809,3.));
#2958=CARTESIAN_POINT('',(378.730931210367,-198.906399065809,0.));
#2959=CARTESIAN_POINT('',(378.730931210367,-196.956371218572,3.9041712911492E-16));
#2960=CARTESIAN_POINT('',(376.948821615835,-196.164731150057,1.0118528960341E-15));
#2961=CARTESIAN_POINT('',(375.308130928162,-195.435911501485,1.58397476715832E-15));
#2962=CARTESIAN_POINT('',(373.583040646883,-194.938812382392,2.1316282072803E-15));
#2963=CARTESIAN_POINT('',(378.730931210367,-241.085698089348,0.));
#2964=CARTESIAN_POINT('',(378.730931210367,-241.085698089348,3.));
#2965=CARTESIAN_POINT('',(378.730931210367,-198.906399065809,3.));
#2966=CARTESIAN_POINT('',(378.730931210367,-196.956371218572,3.));
#2967=CARTESIAN_POINT('',(376.948821615835,-196.164731150057,3.));
#2968=CARTESIAN_POINT('',(375.308130928161,-195.435911501485,3.));
#2969=CARTESIAN_POINT('',(373.583040646883,-194.938812382393,3.));
#2970=CARTESIAN_POINT('',(378.730931210367,-241.085698089348,0.));
#2971=CARTESIAN_POINT('',(378.730931210367,-237.306132986653,0.));
#2972=CARTESIAN_POINT('',(378.730931210367,-233.526567883959,0.));
#2973=CARTESIAN_POINT('',(378.730931210367,-233.526567883959,0.));
#2974=CARTESIAN_POINT('',(378.730931210367,-233.526567883959,3.));
#2975=CARTESIAN_POINT('',(378.730931210367,-241.085698089348,3.));
#2976=CARTESIAN_POINT('',(378.730931210367,-237.306132986653,3.));
#2977=CARTESIAN_POINT('',(378.730931210367,-233.526567883959,3.));
#2978=CARTESIAN_POINT('',(378.730931210367,-233.526567883959,0.));
#2979=CARTESIAN_POINT('',(378.730931210367,-233.019548235292,5.5622463017108E-16));
#2980=CARTESIAN_POINT('',(378.564311132517,-232.54068847107,1.11244926034215E-15));
#2981=CARTESIAN_POINT('',(378.730931210367,-233.526567883959,3.));
#2982=CARTESIAN_POINT('',(378.730931210367,-233.019548235292,3.));
#2983=CARTESIAN_POINT('',(378.564311132517,-232.54068847107,3.));
#2984=CARTESIAN_POINT('',(372.862589535028,-239.996048577579,0.));
#2985=CARTESIAN_POINT('',(372.862589535028,-238.496048577579,0.));
#2986=CARTESIAN_POINT('',(374.362589535028,-238.496048577579,0.));
#2987=CARTESIAN_POINT('',(375.862589535028,-238.496048577579,0.));
#2988=CARTESIAN_POINT('',(375.862589535028,-239.996048577579,0.));
#2989=CARTESIAN_POINT('',(375.862589535028,-241.496048577579,0.));
#2990=CARTESIAN_POINT('',(374.362589535028,-241.496048577579,0.));
#2991=CARTESIAN_POINT('',(372.862589535028,-241.496048577579,0.));
#2992=CARTESIAN_POINT('',(372.862589535028,-239.996048577579,0.));
#2993=CARTESIAN_POINT('',(372.862589535028,-239.996048577579,0.));
#2994=CARTESIAN_POINT('',(372.862589535028,-239.996048577579,3.));
#2995=CARTESIAN_POINT('',(372.862589535028,-239.996048577579,3.));
#2996=CARTESIAN_POINT('',(372.862589535028,-238.496048577579,3.));
#2997=CARTESIAN_POINT('',(374.362589535028,-238.496048577579,3.));
#2998=CARTESIAN_POINT('',(375.862589535028,-238.496048577579,3.));
#2999=CARTESIAN_POINT('',(375.862589535028,-239.996048577579,3.));
#3000=CARTESIAN_POINT('',(375.862589535028,-241.496048577579,3.));
#3001=CARTESIAN_POINT('',(374.362589535028,-241.496048577579,3.));
#3002=CARTESIAN_POINT('',(372.862589535028,-241.496048577579,3.));
#3003=CARTESIAN_POINT('',(372.862589535028,-239.996048577579,3.));
#3004=CARTESIAN_POINT('',(352.862589535028,-239.996048577579,0.));
#3005=CARTESIAN_POINT('',(352.862589535028,-238.496048577579,0.));
#3006=CARTESIAN_POINT('',(354.362589535028,-238.496048577579,0.));
#3007=CARTESIAN_POINT('',(355.862589535028,-238.496048577579,0.));
#3008=CARTESIAN_POINT('',(355.862589535028,-239.996048577579,0.));
#3009=CARTESIAN_POINT('',(355.862589535028,-241.496048577579,0.));
#3010=CARTESIAN_POINT('',(354.362589535028,-241.496048577579,0.));
#3011=CARTESIAN_POINT('',(352.862589535028,-241.496048577579,0.));
#3012=CARTESIAN_POINT('',(352.862589535028,-239.996048577579,0.));
#3013=CARTESIAN_POINT('',(352.862589535028,-239.996048577579,0.));
#3014=CARTESIAN_POINT('',(352.862589535028,-239.996048577579,3.));
#3015=CARTESIAN_POINT('',(352.862589535028,-239.996048577579,3.));
#3016=CARTESIAN_POINT('',(352.862589535028,-238.496048577579,3.));
#3017=CARTESIAN_POINT('',(354.362589535028,-238.496048577579,3.));
#3018=CARTESIAN_POINT('',(355.862589535028,-238.496048577579,3.));
#3019=CARTESIAN_POINT('',(355.862589535028,-239.996048577579,3.));
#3020=CARTESIAN_POINT('',(355.862589535028,-241.496048577579,3.));
#3021=CARTESIAN_POINT('',(354.362589535028,-241.496048577579,3.));
#3022=CARTESIAN_POINT('',(352.862589535028,-241.496048577579,3.));
#3023=CARTESIAN_POINT('',(352.862589535028,-239.996048577579,3.));
#3024=CARTESIAN_POINT('',(352.862589535028,-199.996048577579,0.));
#3025=CARTESIAN_POINT('',(352.862589535028,-198.496048577579,0.));
#3026=CARTESIAN_POINT('',(354.362589535028,-198.496048577579,0.));
#3027=CARTESIAN_POINT('',(355.862589535028,-198.496048577579,0.));
#3028=CARTESIAN_POINT('',(355.862589535028,-199.996048577579,0.));
#3029=CARTESIAN_POINT('',(355.862589535028,-201.496048577579,0.));
#3030=CARTESIAN_POINT('',(354.362589535028,-201.496048577579,0.));
#3031=CARTESIAN_POINT('',(352.862589535028,-201.496048577579,0.));
#3032=CARTESIAN_POINT('',(352.862589535028,-199.996048577579,0.));
#3033=CARTESIAN_POINT('',(352.862589535028,-199.996048577579,0.));
#3034=CARTESIAN_POINT('',(352.862589535028,-199.996048577579,3.));
#3035=CARTESIAN_POINT('',(352.862589535028,-199.996048577579,3.));
#3036=CARTESIAN_POINT('',(352.862589535028,-198.496048577579,3.));
#3037=CARTESIAN_POINT('',(354.362589535028,-198.496048577579,3.));
#3038=CARTESIAN_POINT('',(355.862589535028,-198.496048577579,3.));
#3039=CARTESIAN_POINT('',(355.862589535028,-199.996048577579,3.));
#3040=CARTESIAN_POINT('',(355.862589535028,-201.496048577579,3.));
#3041=CARTESIAN_POINT('',(354.362589535028,-201.496048577579,3.));
#3042=CARTESIAN_POINT('',(352.862589535028,-201.496048577579,3.));
#3043=CARTESIAN_POINT('',(352.862589535028,-199.996048577579,3.));
#3044=CARTESIAN_POINT('',(372.862589535028,-199.996048577579,0.));
#3045=CARTESIAN_POINT('',(372.862589535028,-198.496048577579,0.));
#3046=CARTESIAN_POINT('',(374.362589535028,-198.496048577579,0.));
#3047=CARTESIAN_POINT('',(375.862589535028,-198.496048577579,0.));
#3048=CARTESIAN_POINT('',(375.862589535028,-199.996048577579,0.));
#3049=CARTESIAN_POINT('',(375.862589535028,-201.496048577579,0.));
#3050=CARTESIAN_POINT('',(374.362589535028,-201.496048577579,0.));
#3051=CARTESIAN_POINT('',(372.862589535028,-201.496048577579,0.));
#3052=CARTESIAN_POINT('',(372.862589535028,-199.996048577579,0.));
#3053=CARTESIAN_POINT('',(372.862589535028,-199.996048577579,0.));
#3054=CARTESIAN_POINT('',(372.862589535028,-199.996048577579,3.));
#3055=CARTESIAN_POINT('',(372.862589535028,-199.996048577579,3.));
#3056=CARTESIAN_POINT('',(372.862589535028,-198.496048577579,3.));
#3057=CARTESIAN_POINT('',(374.362589535028,-198.496048577579,3.));
#3058=CARTESIAN_POINT('',(375.862589535028,-198.496048577579,3.));
#3059=CARTESIAN_POINT('',(375.862589535028,-199.996048577579,3.));
#3060=CARTESIAN_POINT('',(375.862589535028,-201.496048577579,3.));
#3061=CARTESIAN_POINT('',(374.362589535028,-201.496048577579,3.));
#3062=CARTESIAN_POINT('',(372.862589535028,-201.496048577579,3.));
#3063=CARTESIAN_POINT('',(372.862589535028,-199.996048577579,3.));
#3064=CARTESIAN_POINT('',(342.862589535028,-219.996048577579,0.));
#3065=CARTESIAN_POINT('',(342.862589535028,-218.496048577579,0.));
#3066=CARTESIAN_POINT('',(344.362589535028,-218.496048577579,0.));
#3067=CARTESIAN_POINT('',(345.862589535028,-218.496048577579,0.));
#3068=CARTESIAN_POINT('',(345.862589535028,-219.996048577579,0.));
#3069=CARTESIAN_POINT('',(345.862589535028,-221.496048577579,0.));
#3070=CARTESIAN_POINT('',(344.362589535028,-221.496048577579,0.));
#3071=CARTESIAN_POINT('',(342.862589535028,-221.496048577579,0.));
#3072=CARTESIAN_POINT('',(342.862589535028,-219.996048577579,0.));
#3073=CARTESIAN_POINT('',(342.862589535028,-219.996048577579,0.));
#3074=CARTESIAN_POINT('',(342.862589535028,-219.996048577579,3.));
#3075=CARTESIAN_POINT('',(342.862589535028,-219.996048577579,3.));
#3076=CARTESIAN_POINT('',(342.862589535028,-218.496048577579,3.));
#3077=CARTESIAN_POINT('',(344.362589535028,-218.496048577579,3.));
#3078=CARTESIAN_POINT('',(345.862589535028,-218.496048577579,3.));
#3079=CARTESIAN_POINT('',(345.862589535028,-219.996048577579,3.));
#3080=CARTESIAN_POINT('',(345.862589535028,-221.496048577579,3.));
#3081=CARTESIAN_POINT('',(344.362589535028,-221.496048577579,3.));
#3082=CARTESIAN_POINT('',(342.862589535028,-221.496048577579,3.));
#3083=CARTESIAN_POINT('',(342.862589535028,-219.996048577579,3.));
#3084=CARTESIAN_POINT('',(378.573225917543,-207.460085944658,1.11243512651232E-15));
#3085=CARTESIAN_POINT('',(378.573225917543,-207.460085944658,3.));
#3086=CARTESIAN_POINT('',(378.564311132517,-232.54068847107,3.));
#3087=CARTESIAN_POINT('',(378.564311132517,-232.54068847107,1.11244926034215E-15));
#3088=CARTESIAN_POINT('',(378.573225917543,-207.460085944658,3.));
#3089=CARTESIAN_POINT('',(370.258028687533,-199.360680035621,3.));
#3090=CARTESIAN_POINT('',(359.562372647745,-203.871314462379,3.));
#3091=CARTESIAN_POINT('',(348.866716607957,-208.381948889137,3.));
#3092=CARTESIAN_POINT('',(348.862590640516,-219.989828283312,3.));
#3093=CARTESIAN_POINT('',(348.858464673076,-231.597707677486,3.));
#3094=CARTESIAN_POINT('',(359.550911442062,-236.115944407198,3.));
#3095=CARTESIAN_POINT('',(370.243358211048,-240.63418113691,3.));
#3096=CARTESIAN_POINT('',(378.564311132517,-232.54068847107,3.));
#3097=CARTESIAN_POINT('',(378.564311132517,-232.54068847107,1.11244926034215E-15));
#3098=CARTESIAN_POINT('',(379.465947960387,-231.663698645206,1.66581281958342E-15));
#3099=CARTESIAN_POINT('',(380.232899006358,-230.666780284896,2.22044604925031E-15));
#3100=CARTESIAN_POINT('',(378.573225917543,-207.460085944658,1.11243512651232E-15));
#3101=CARTESIAN_POINT('',(378.730931210367,-206.993103547075,5.56217563256172E-16));
#3102=CARTESIAN_POINT('',(378.730931210367,-206.500210537349,0.));
#3103=CARTESIAN_POINT('',(378.573225917543,-207.460085944658,3.));
#3104=CARTESIAN_POINT('',(378.730931210367,-206.993103547075,3.));
#3105=CARTESIAN_POINT('',(378.730931210367,-206.500210537349,3.));
#3106=CARTESIAN_POINT('',(378.748079844605,-225.289741362706,2.22044604925031E-15));
#3107=CARTESIAN_POINT('',(377.182186301953,-228.855310262115,2.22230508565613E-15));
#3108=CARTESIAN_POINT('',(374.013977049273,-231.06647268078,2.22259405903979E-15));
#3109=CARTESIAN_POINT('',(369.679536715452,-234.091573236869,2.22298940473499E-15));
#3110=CARTESIAN_POINT('',(364.492122434359,-233.365841127402,2.22044604925031E-15));
#3111=CARTESIAN_POINT('',(352.862589535029,-231.738840663238,2.35433664109233E-15));
#3112=CARTESIAN_POINT('',(352.862589535028,-219.996048577579,2.22044604925031E-15));
#3113=CARTESIAN_POINT('',(352.862589535028,-208.253256491919,2.35433664109233E-15));
#3114=CARTESIAN_POINT('',(364.492122434359,-206.626256027755,2.22044604925031E-15));
#3115=CARTESIAN_POINT('',(369.666648002501,-205.902327081161,2.21960750439537E-15));
#3116=CARTESIAN_POINT('',(374.004914560731,-208.953955944921,2.2197416777935E-15));
#3117=CARTESIAN_POINT('',(377.146370091129,-211.16372250539,2.21983883636086E-15));
#3118=CARTESIAN_POINT('',(378.730931210367,-214.717693962846,2.22044604925031E-15));
#3119=CARTESIAN_POINT('',(366.362589535028,-199.996048577579,8.88178419700125E-16));
#3120=CARTESIAN_POINT('',(363.630738813936,-200.984319976571,1.01487301721502E-15));
#3121=CARTESIAN_POINT('',(361.094012886467,-199.568442054819,2.22852246730007E-15));
#3122=CARTESIAN_POINT('',(359.744660735856,-198.815298840556,2.93158936094692E-15));
#3123=CARTESIAN_POINT('',(358.890736665172,-197.527358776324,3.63669862623497E-15));
#3124=CARTESIAN_POINT('',(366.362589535028,-199.996048577579,3.));
#3125=CARTESIAN_POINT('',(363.630738813936,-200.984319976571,3.));
#3126=CARTESIAN_POINT('',(361.094012886467,-199.568442054819,3.));
#3127=CARTESIAN_POINT('',(359.744660735856,-198.815298840556,3.));
#3128=CARTESIAN_POINT('',(358.890736665172,-197.527358776324,3.));
#3129=CARTESIAN_POINT('',(366.362589535028,-199.996048577579,8.88178419700125E-16));
#3130=CARTESIAN_POINT('',(366.362589535028,-199.996048577579,3.));
#3131=CARTESIAN_POINT('',(366.362589535028,-239.996048577579,8.88178419700125E-16));
#3132=CARTESIAN_POINT('',(363.630738813936,-239.007777178586,-2.07960161198506E-15));
#3133=CARTESIAN_POINT('',(361.094012886467,-240.423655100338,-4.7238470152288E-15));
#3134=CARTESIAN_POINT('',(359.744660735856,-241.176798314601,-6.08083300487977E-15));
#3135=CARTESIAN_POINT('',(358.890736665172,-242.464738378834,-7.01573273087974E-15));
#3136=CARTESIAN_POINT('',(366.362589535028,-239.996048577579,3.));
#3137=CARTESIAN_POINT('',(363.630738813936,-239.007777178586,3.));
#3138=CARTESIAN_POINT('',(361.094012886467,-240.423655100338,3.));
#3139=CARTESIAN_POINT('',(359.744660735856,-241.176798314601,2.99999999999999));
#3140=CARTESIAN_POINT('',(358.890736665172,-242.464738378834,3.));
#3141=CARTESIAN_POINT('',(366.362589535028,-239.996048577579,8.88178419700125E-16));
#3142=CARTESIAN_POINT('',(366.362589535028,-239.996048577579,3.));
#3143=CARTESIAN_POINT('',(346.15625997898,-212.58537511732,8.88178419700125E-16));
#3144=CARTESIAN_POINT('',(344.991358745632,-213.006788543274,1.06805532298072E-15));
#3145=CARTESIAN_POINT('',(343.753434624476,-212.960657975454,1.72307665422838E-15));
#3146=CARTESIAN_POINT('',(346.15625997898,-212.58537511732,3.));
#3147=CARTESIAN_POINT('',(344.991358745633,-213.006788543274,3.));
#3148=CARTESIAN_POINT('',(343.753434624476,-212.960657975454,3.));
#3149=CARTESIAN_POINT('',(346.15625997898,-212.58537511732,8.88178419700125E-16));
#3150=CARTESIAN_POINT('',(346.15625997898,-212.58537511732,3.));
#3151=CARTESIAN_POINT('',(346.15625997898,-227.406722037837,8.88178419700125E-16));
#3152=CARTESIAN_POINT('',(344.991358745632,-226.985308611884,3.76201025525094E-16));
#3153=CARTESIAN_POINT('',(343.753434624476,-227.031439179703,2.45925867794845E-16));
#3154=CARTESIAN_POINT('',(346.15625997898,-227.406722037837,3.));
#3155=CARTESIAN_POINT('',(344.991358745632,-226.985308611884,3.));
#3156=CARTESIAN_POINT('',(343.753434624476,-227.031439179703,3.));
#3157=CARTESIAN_POINT('',(346.15625997898,-227.406722037837,8.88178419700125E-16));
#3158=CARTESIAN_POINT('',(346.15625997898,-227.406722037837,3.));
#3159=CARTESIAN_POINT('',(349.487021731465,-203.386237681122,-1.53175791906089E-15));
#3160=CARTESIAN_POINT('',(350.634809884829,-205.35012521561,-1.18895150199386E-15));
#3161=CARTESIAN_POINT('',(350.278211014798,-207.596702420823,-9.45984675005663E-16));
#3162=CARTESIAN_POINT('',(349.689229713677,-211.307291759691,-3.31128365868538E-16));
#3163=CARTESIAN_POINT('',(346.15625997898,-212.58537511732,8.88178419700125E-16));
#3164=CARTESIAN_POINT('',(349.48702173163,-203.386237681404,3.));
#3165=CARTESIAN_POINT('',(350.634809884687,-205.350125215752,2.99999999999999));
#3166=CARTESIAN_POINT('',(350.278211014728,-207.596702420706,2.99999999999999));
#3167=CARTESIAN_POINT('',(349.68922971365,-211.307291759644,3.));
#3168=CARTESIAN_POINT('',(346.15625997898,-212.58537511732,3.));
#3169=CARTESIAN_POINT('',(350.219979637822,-199.516396585743,1.3215594085238E-15));
#3170=CARTESIAN_POINT('',(350.219979637823,-199.516396585743,3.));
#3171=CARTESIAN_POINT('',(349.487021731465,-203.386237681122,-1.53175791906089E-15));
#3172=CARTESIAN_POINT('',(349.48702173163,-203.386237681403,3.));
#3173=CARTESIAN_POINT('',(350.219979637822,-199.516396585743,1.3215594085238E-15));
#3174=CARTESIAN_POINT('',(349.399900902089,-200.16280459695,2.17198141452707E-15));
#3175=CARTESIAN_POINT('',(348.612177786022,-200.850261226377,3.0594445030218E-15));
#3176=CARTESIAN_POINT('',(348.248396614003,-201.691206484788,-3.08088185655705E-15));
#3177=CARTESIAN_POINT('',(348.960126158275,-202.484709254177,-2.38217992506415E-15));
#3178=CARTESIAN_POINT('',(349.487021731465,-203.386237681122,-1.53175791906089E-15));
#3179=CARTESIAN_POINT('',(350.219979637823,-199.516396585743,3.));
#3180=CARTESIAN_POINT('',(349.399900902122,-200.162804597006,3.));
#3181=CARTESIAN_POINT('',(348.61217778609,-200.850261226492,3.00000000000001));
#3182=CARTESIAN_POINT('',(348.248396614108,-201.691206484967,3.));
#3183=CARTESIAN_POINT('',(348.960126158406,-202.484709254402,3.));
#3184=CARTESIAN_POINT('',(349.48702173163,-203.386237681403,3.));
#3185=CARTESIAN_POINT('',(355.09398656743,-196.479701345096,1.17167389972407E-15));
#3186=CARTESIAN_POINT('',(353.568852001973,-197.210517900932,1.21771459029101E-15));
#3187=CARTESIAN_POINT('',(352.150889400505,-198.132206753999,1.26146973983223E-15));
#3188=CARTESIAN_POINT('',(351.153874231872,-198.780275868317,1.29223539454927E-15));
#3189=CARTESIAN_POINT('',(350.219979637822,-199.516396585743,1.3215594085238E-15));
#3190=CARTESIAN_POINT('',(355.09398656743,-196.479701345096,3.));
#3191=CARTESIAN_POINT('',(353.568852001974,-197.210517900931,3.));
#3192=CARTESIAN_POINT('',(352.150889400506,-198.132206753999,3.));
#3193=CARTESIAN_POINT('',(351.153874231872,-198.780275868317,3.));
#3194=CARTESIAN_POINT('',(350.219979637822,-199.516396585743,3.));
#3195=CARTESIAN_POINT('',(358.890736665172,-197.527358776324,3.));
#3196=CARTESIAN_POINT('',(358.890736665172,-197.527358776324,3.63669862623496E-15));
#3197=CARTESIAN_POINT('',(355.09398656743,-196.479701345096,3.));
#3198=CARTESIAN_POINT('',(355.09398656743,-196.479701345096,1.17167389972407E-15));
#3199=CARTESIAN_POINT('',(358.890736665172,-197.527358776324,3.));
#3200=CARTESIAN_POINT('',(358.313715533236,-196.65706051534,3.));
#3201=CARTESIAN_POINT('',(357.915125473222,-195.66845970946,3.));
#3202=CARTESIAN_POINT('',(356.999930731427,-195.624366020208,3.));
#3203=CARTESIAN_POINT('',(356.035665474591,-196.028466056603,3.));
#3204=CARTESIAN_POINT('',(355.09398656743,-196.479701345096,3.));
#3205=CARTESIAN_POINT('',(358.890736665172,-197.527358776324,3.63669862623496E-15));
#3206=CARTESIAN_POINT('',(358.313715533236,-196.657060515339,3.49896504881284E-15));
#3207=CARTESIAN_POINT('',(357.915125473222,-195.668459709459,3.38580391716651E-15));
#3208=CARTESIAN_POINT('',(356.999930731427,-195.624366020208,1.45314019472125E-15));
#3209=CARTESIAN_POINT('',(356.035665474591,-196.028466056603,1.3094074771462E-15));
#3210=CARTESIAN_POINT('',(355.09398656743,-196.479701345096,1.17167389972407E-15));
#3211=CARTESIAN_POINT('',(370.012088885094,-196.600498547976,-1.36010262152147E-15));
#3212=CARTESIAN_POINT('',(368.909665001248,-199.074621277431,-4.04353659098785E-16));
#3213=CARTESIAN_POINT('',(366.362589535028,-199.996048577579,8.88178419700125E-16));
#3214=CARTESIAN_POINT('',(370.012088885094,-196.600498547976,2.99999999999999));
#3215=CARTESIAN_POINT('',(368.909665001248,-199.074621277431,3.));
#3216=CARTESIAN_POINT('',(366.362589535028,-199.996048577579,3.));
#3217=CARTESIAN_POINT('',(373.583040646883,-194.938812382392,2.1316282072803E-15));
#3218=CARTESIAN_POINT('',(373.583040646883,-194.938812382393,3.));
#3219=CARTESIAN_POINT('',(370.012088885094,-196.600498547976,-1.36010262152147E-15));
#3220=CARTESIAN_POINT('',(370.012088885094,-196.600498547976,2.99999999999999));
#3221=CARTESIAN_POINT('',(373.583040646883,-194.938812382392,2.1316282072803E-15));
#3222=CARTESIAN_POINT('',(372.579659017777,-194.649679616789,3.20963888092021E-15));
#3223=CARTESIAN_POINT('',(371.561804997187,-194.410770601212,4.33460351624855E-15));
#3224=CARTESIAN_POINT('',(370.666534713146,-194.605749542012,-3.32380079445596E-15));
#3225=CARTESIAN_POINT('',(370.437087960704,-195.646691316139,-2.43811329516126E-15));
#3226=CARTESIAN_POINT('',(370.012088885094,-196.600498547976,-1.36010262152147E-15));
#3227=CARTESIAN_POINT('',(373.583040646883,-194.938812382393,3.));
#3228=CARTESIAN_POINT('',(372.579659017777,-194.649679616789,3.));
#3229=CARTESIAN_POINT('',(371.561804997187,-194.410770601213,3.));
#3230=CARTESIAN_POINT('',(370.666534713147,-194.605749542012,2.99999999999999));
#3231=CARTESIAN_POINT('',(370.437087960704,-195.646691316139,2.99999999999999));
#3232=CARTESIAN_POINT('',(370.012088885094,-196.600498547976,2.99999999999999));
#3233=CARTESIAN_POINT('',(340.687991081294,-215.433703321071,3.43444787213804E-15));
#3234=CARTESIAN_POINT('',(340.285779914216,-217.697146709885,1.7403394009884E-15));
#3235=CARTESIAN_POINT('',(340.285779914216,-219.996048577579,1.06095610038583E-17));
#3236=CARTESIAN_POINT('',(340.285779914216,-222.294950445273,-1.71912027898051E-15));
#3237=CARTESIAN_POINT('',(340.687991081294,-224.558393834087,-3.43111245594073E-15));
#3238=CARTESIAN_POINT('',(340.687991081294,-215.433703321071,3.));
#3239=CARTESIAN_POINT('',(340.285779914216,-217.697146709885,3.));
#3240=CARTESIAN_POINT('',(340.285779914216,-219.996048577579,3.));
#3241=CARTESIAN_POINT('',(340.285779914216,-222.294950445273,3.));
#3242=CARTESIAN_POINT('',(340.687991081294,-224.558393834087,3.));
#3243=CARTESIAN_POINT('',(343.753434624476,-212.960657975454,3.));
#3244=CARTESIAN_POINT('',(343.753434624476,-212.960657975454,1.72307665422838E-15));
#3245=CARTESIAN_POINT('',(340.687991081294,-215.433703321071,3.));
#3246=CARTESIAN_POINT('',(340.687991081294,-215.433703321071,3.43444787213804E-15));
#3247=CARTESIAN_POINT('',(343.753434624476,-212.960657975454,3.));
#3248=CARTESIAN_POINT('',(342.709949878508,-212.921773085,3.));
#3249=CARTESIAN_POINT('',(341.674437425484,-212.668949927512,3.));
#3250=CARTESIAN_POINT('',(341.104837590839,-213.386641851121,3.));
#3251=CARTESIAN_POINT('',(340.870683752599,-214.40560029237,3.));
#3252=CARTESIAN_POINT('',(340.687991081294,-215.433703321071,3.));
#3253=CARTESIAN_POINT('',(343.753434624476,-212.960657975454,1.72307665422838E-15));
#3254=CARTESIAN_POINT('',(342.709949878508,-212.921773085,2.0653508978103E-15));
#3255=CARTESIAN_POINT('',(341.674437425484,-212.668949927512,2.34656148902595E-15));
#3256=CARTESIAN_POINT('',(341.104837590839,-213.386641851121,2.73499124713003E-15));
#3257=CARTESIAN_POINT('',(340.870683752599,-214.40560029237,3.09217362855612E-15));
#3258=CARTESIAN_POINT('',(340.687991081294,-215.433703321071,3.43444787213804E-15));
#3259=CARTESIAN_POINT('',(340.687991081294,-224.558393834087,3.));
#3260=CARTESIAN_POINT('',(340.687991081294,-224.558393834087,-3.43111245594073E-15));
#3261=CARTESIAN_POINT('',(343.753434624476,-227.031439179703,3.));
#3262=CARTESIAN_POINT('',(343.753434624476,-227.031439179703,2.45925867794845E-16));
#3263=CARTESIAN_POINT('',(340.687991081294,-224.558393834087,3.));
#3264=CARTESIAN_POINT('',(340.870683752599,-225.586496862788,3.));
#3265=CARTESIAN_POINT('',(341.104837590839,-226.605455304037,3.));
#3266=CARTESIAN_POINT('',(341.674437425485,-227.323147227645,3.));
#3267=CARTESIAN_POINT('',(342.709949878508,-227.070324070158,3.));
#3268=CARTESIAN_POINT('',(343.753434624476,-227.031439179703,3.));
#3269=CARTESIAN_POINT('',(340.687991081294,-224.558393834087,-3.43111245594073E-15));
#3270=CARTESIAN_POINT('',(340.870683752599,-225.586496862788,-4.11679026271385E-15));
#3271=CARTESIAN_POINT('',(341.104837590839,-226.605455304037,-4.83233353395501E-15));
#3272=CARTESIAN_POINT('',(341.674437425484,-227.323147227645,1.49495269963108E-15));
#3273=CARTESIAN_POINT('',(342.709949878508,-227.070324070158,9.31603674567932E-16));
#3274=CARTESIAN_POINT('',(343.753434624476,-227.031439179703,2.45925867794845E-16));
#3275=CARTESIAN_POINT('',(349.48702173163,-236.605859473754,1.89436791374777E-15));
#3276=CARTESIAN_POINT('',(350.634809884688,-234.641971939405,1.16589947295602E-15));
#3277=CARTESIAN_POINT('',(350.278211014729,-232.395394734451,1.25851145038358E-15));
#3278=CARTESIAN_POINT('',(349.68922971365,-228.684805395513,2.71715657618021E-16));
#3279=CARTESIAN_POINT('',(346.15625997898,-227.406722037837,8.88178419700125E-16));
#3280=CARTESIAN_POINT('',(349.48702173163,-236.605859473754,3.));
#3281=CARTESIAN_POINT('',(350.634809884687,-234.641971939405,3.));
#3282=CARTESIAN_POINT('',(350.278211014729,-232.395394734451,3.));
#3283=CARTESIAN_POINT('',(349.68922971365,-228.684805395513,3.));
#3284=CARTESIAN_POINT('',(346.15625997898,-227.406722037837,3.));
#3285=CARTESIAN_POINT('',(350.219979637822,-240.475700569414,1.50684645963496E-15));
#3286=CARTESIAN_POINT('',(351.153874231873,-241.21182128684,1.15421555123181E-15));
#3287=CARTESIAN_POINT('',(352.150889400507,-241.859890401158,7.99879900364671E-16));
#3288=CARTESIAN_POINT('',(353.568852001974,-242.781579254226,2.95941026511202E-16));
#3289=CARTESIAN_POINT('',(355.09398656743,-243.512395810062,-2.04248997646914E-16));
#3290=CARTESIAN_POINT('',(350.219979637822,-240.475700569415,3.));
#3291=CARTESIAN_POINT('',(351.153874231873,-241.21182128684,3.));
#3292=CARTESIAN_POINT('',(352.150889400507,-241.859890401158,3.));
#3293=CARTESIAN_POINT('',(353.568852001975,-242.781579254226,3.));
#3294=CARTESIAN_POINT('',(355.09398656743,-243.512395810062,3.));
#3295=CARTESIAN_POINT('',(349.48702173163,-236.605859473754,1.89436791374777E-15));
#3296=CARTESIAN_POINT('',(349.48702173163,-236.605859473754,3.));
#3297=CARTESIAN_POINT('',(350.219979637822,-240.475700569414,1.50684645963496E-15));
#3298=CARTESIAN_POINT('',(350.219979637822,-240.475700569415,3.));
#3299=CARTESIAN_POINT('',(349.48702173163,-236.605859473754,1.89436791374777E-15));
#3300=CARTESIAN_POINT('',(348.960126158406,-237.507387900755,7.5104951928505E-16));
#3301=CARTESIAN_POINT('',(348.248396614108,-238.300890670191,-1.88294435696476E-16));
#3302=CARTESIAN_POINT('',(348.61217778609,-239.141835928666,3.84328176113924E-15));
#3303=CARTESIAN_POINT('',(349.399900902122,-239.829292558151,2.65016485409766E-15));
#3304=CARTESIAN_POINT('',(350.219979637822,-240.475700569414,1.50684645963496E-15));
#3305=CARTESIAN_POINT('',(349.48702173163,-236.605859473754,3.));
#3306=CARTESIAN_POINT('',(348.960126158406,-237.507387900755,3.));
#3307=CARTESIAN_POINT('',(348.248396614107,-238.300890670191,3.));
#3308=CARTESIAN_POINT('',(348.61217778609,-239.141835928666,3.));
#3309=CARTESIAN_POINT('',(349.399900902122,-239.829292558151,3.));
#3310=CARTESIAN_POINT('',(350.219979637822,-240.475700569415,3.));
#3311=CARTESIAN_POINT('',(358.890736665172,-242.464738378834,2.99999999999999));
#3312=CARTESIAN_POINT('',(358.890736665172,-242.464738378834,-7.01573273087974E-15));
#3313=CARTESIAN_POINT('',(355.09398656743,-243.512395810062,3.));
#3314=CARTESIAN_POINT('',(355.09398656743,-243.512395810062,-2.04248997646914E-16));
#3315=CARTESIAN_POINT('',(355.09398656743,-243.512395810062,3.));
#3316=CARTESIAN_POINT('',(356.035665474591,-243.963631098555,3.));
#3317=CARTESIAN_POINT('',(356.999930731427,-244.36773113495,3.));
#3318=CARTESIAN_POINT('',(357.915125473222,-244.323637445698,3.));
#3319=CARTESIAN_POINT('',(358.313715533236,-243.335036639818,3.));
#3320=CARTESIAN_POINT('',(358.890736665172,-242.464738378834,2.99999999999999));
#3321=CARTESIAN_POINT('',(355.09398656743,-243.512395810062,-2.04248997646914E-16));
#3322=CARTESIAN_POINT('',(356.035665474591,-243.963631098555,-1.45460272773274E-16));
#3323=CARTESIAN_POINT('',(356.999930731427,-244.36773113495,-8.41109391756942E-17));
#3324=CARTESIAN_POINT('',(357.915125473222,-244.323637445698,-7.12282194107626E-15));
#3325=CARTESIAN_POINT('',(358.313715533236,-243.335036639818,-7.07452145575337E-15));
#3326=CARTESIAN_POINT('',(358.890736665172,-242.464738378834,-7.01573273087974E-15));
#3327=CARTESIAN_POINT('',(370.012088885094,-243.391598607182,6.22833112910468E-16));
#3328=CARTESIAN_POINT('',(368.909665001248,-240.917475877727,7.11024602157468E-16));
#3329=CARTESIAN_POINT('',(366.362589535028,-239.996048577579,8.88178419700125E-16));
#3330=CARTESIAN_POINT('',(370.012088885094,-243.391598607182,3.));
#3331=CARTESIAN_POINT('',(368.909665001248,-240.917475877727,3.));
#3332=CARTESIAN_POINT('',(366.362589535028,-239.996048577579,3.));
#3333=CARTESIAN_POINT('',(373.583040646883,-245.053284772765,4.98560205522023E-16));
#3334=CARTESIAN_POINT('',(375.308130928162,-244.556185653673,3.6933059384875E-16));
#3335=CARTESIAN_POINT('',(376.948821615836,-243.827366005101,2.34784741036605E-16));
#3336=CARTESIAN_POINT('',(378.730931210367,-243.035725936585,8.86417434550162E-17));
#3337=CARTESIAN_POINT('',(378.730931210367,-241.085698089348,0.));
#3338=CARTESIAN_POINT('',(373.583040646883,-245.053284772765,3.));
#3339=CARTESIAN_POINT('',(375.308130928162,-244.556185653673,3.));
#3340=CARTESIAN_POINT('',(376.948821615836,-243.827366005101,3.));
#3341=CARTESIAN_POINT('',(378.730931210367,-243.035725936585,3.));
#3342=CARTESIAN_POINT('',(378.730931210367,-241.085698089348,3.));
#3343=CARTESIAN_POINT('',(373.583040646883,-245.053284772765,4.98560205522023E-16));
#3344=CARTESIAN_POINT('',(373.583040646883,-245.053284772765,3.));
#3345=CARTESIAN_POINT('',(370.012088885094,-243.391598607182,6.22833112910468E-16));
#3346=CARTESIAN_POINT('',(370.012088885094,-243.391598607182,3.));
#3347=CARTESIAN_POINT('',(370.012088885094,-243.391598607182,6.22833112910468E-16));
#3348=CARTESIAN_POINT('',(370.437087960704,-244.345405839018,2.42707163552757E-16));
#3349=CARTESIAN_POINT('',(370.666534713146,-245.386347613145,-6.96021759892256E-17));
#3350=CARTESIAN_POINT('',(371.561804997187,-245.581326553945,1.27536891550049E-15));
#3351=CARTESIAN_POINT('',(372.579659017777,-245.342417538369,8.78686154879767E-16));
#3352=CARTESIAN_POINT('',(373.583040646883,-245.053284772765,4.98560205522023E-16));
#3353=CARTESIAN_POINT('',(370.012088885094,-243.391598607182,3.));
#3354=CARTESIAN_POINT('',(370.437087960704,-244.345405839018,3.));
#3355=CARTESIAN_POINT('',(370.666534713147,-245.386347613145,3.));
#3356=CARTESIAN_POINT('',(371.561804997187,-245.581326553945,3.));
#3357=CARTESIAN_POINT('',(372.579659017777,-245.342417538369,3.));
#3358=CARTESIAN_POINT('',(373.583040646883,-245.053284772765,3.));
#3359=CARTESIAN_POINT('',(434.897038426955,-215.22184060106,8.));
#3360=CARTESIAN_POINT('',(439.897038426955,-219.22184060106,4.));
#3361=CARTESIAN_POINT('',(423.220747072245,-204.219568430836,8.));
#3362=CARTESIAN_POINT('',(415.220747072245,-209.219568430836,8.));
#3363=CARTESIAN_POINT('',(419.220747072245,-204.219568430836,4.));
#3364=CARTESIAN_POINT('',(419.220747072245,-204.219568430836,4.));
#3365=CARTESIAN_POINT('',(411.839915552598,-207.221840601058,0.));
#3366=CARTESIAN_POINT('',(411.839915552598,-207.221840601058,8.));
#3367=CARTESIAN_POINT('',(410.560711254465,-207.221840601058,0.));
#3368=CARTESIAN_POINT('',(410.560711254465,-207.221840601058,8.));
#3369=CARTESIAN_POINT('',(409.675108278834,-208.144917524135,0.));
#3370=CARTESIAN_POINT('',(409.675108278834,-208.144917524135,8.));
#3371=CARTESIAN_POINT('',(408.124626323887,-209.761007523425,0.));
#3372=CARTESIAN_POINT('',(408.124626323887,-209.761007523425,8.));
#3373=CARTESIAN_POINT('',(407.077460772913,-211.740700804535,0.));
#3374=CARTESIAN_POINT('',(407.077460772913,-211.740700804535,8.));
#3375=CARTESIAN_POINT('',(404.425594591787,-210.337987092687,4.));
#3376=CARTESIAN_POINT('',(404.425594591788,-213.337987092687,0.));
#3377=CARTESIAN_POINT('',(399.718915357344,-214.337987092687,4.));
#3378=CARTESIAN_POINT('',(398.718915357344,-214.337987092687,0.));
#3379=CARTESIAN_POINT('',(399.718915357344,-215.880252031327,4.));
#3380=CARTESIAN_POINT('',(399.718915357344,-216.880252031328,0.));
#3381=CARTESIAN_POINT('',(407.204063029586,-213.880252031327,4.));
#3382=CARTESIAN_POINT('',(421.220747072246,-219.221840601059,4.));
#3383=CARTESIAN_POINT('',(413.283493139051,-210.221840601058,0.));
#3384=CARTESIAN_POINT('',(421.220747072245,-219.221840601058,4.));
#3385=CARTESIAN_POINT('',(404.068082672002,-224.105694109428,3.99999999999995));
#3386=CARTESIAN_POINT('',(430.601578591891,-231.221840601058,0.));
#3387=CARTESIAN_POINT('',(430.601578591891,-231.221840601058,8.));
#3388=CARTESIAN_POINT('',(431.880782890025,-231.221840601058,0.));
#3389=CARTESIAN_POINT('',(431.880782890025,-231.221840601058,8.));
#3390=CARTESIAN_POINT('',(432.766385865656,-230.298763677981,0.));
#3391=CARTESIAN_POINT('',(432.766385865656,-230.298763677981,8.));
#3392=CARTESIAN_POINT('',(443.393621573228,-219.221840601058,0.));
#3393=CARTESIAN_POINT('',(443.393621573228,-219.221840601058,8.));
#3394=CARTESIAN_POINT('',(432.766385865656,-208.144917524135,0.));
#3395=CARTESIAN_POINT('',(432.766385865656,-208.144917524135,8.));
#3396=CARTESIAN_POINT('',(431.880782890025,-207.221840601058,0.));
#3397=CARTESIAN_POINT('',(431.880782890025,-207.221840601058,8.));
#3398=CARTESIAN_POINT('',(430.601578591892,-207.221840601058,0.));
#3399=CARTESIAN_POINT('',(430.601578591892,-207.221840601058,8.));
#3400=CARTESIAN_POINT('',(438.884268804901,-215.22184060106,-3.));
#3401=CARTESIAN_POINT('',(438.884268804901,-215.22184060106,11.));
#3402=CARTESIAN_POINT('',(438.069029340317,-215.22184060106,-3.));
#3403=CARTESIAN_POINT('',(438.069029340317,-215.22184060106,11.));
#3404=CARTESIAN_POINT('',(437.253789875732,-215.22184060106,-3.));
#3405=CARTESIAN_POINT('',(437.253789875732,-215.22184060106,11.));
#3406=CARTESIAN_POINT('',(436.647723694825,-214.862022787294,-3.));
#3407=CARTESIAN_POINT('',(436.647723694825,-214.862022787294,11.));
#3408=CARTESIAN_POINT('',(436.395643070907,-214.084998495796,-3.));
#3409=CARTESIAN_POINT('',(436.395643070907,-214.084998495796,11.));
#3410=CARTESIAN_POINT('',(436.095291689218,-213.327103758954,-3.));
#3411=CARTESIAN_POINT('',(436.095291689218,-213.327103758954,11.));
#3412=CARTESIAN_POINT('',(430.601578591892,-207.221840601058,0.));
#3413=CARTESIAN_POINT('',(423.220747072245,-204.221840601058,11.));
#3414=CARTESIAN_POINT('',(423.220747072245,-204.221840601058,-3.00000000000002));
#3415=CARTESIAN_POINT('',(423.220747072245,-205.421840601058,11.));
#3416=CARTESIAN_POINT('',(423.220747072245,-205.421840601058,-3.00000000000002));
#3417=CARTESIAN_POINT('',(423.220747072245,-206.621840601058,11.));
#3418=CARTESIAN_POINT('',(423.220747072245,-206.621840601058,-3.00000000000002));
#3419=CARTESIAN_POINT('',(423.820747072245,-207.221840601058,11.0000000000001));
#3420=CARTESIAN_POINT('',(423.820747072245,-207.221840601058,-2.99999999999998));
#3421=CARTESIAN_POINT('',(425.020747072245,-207.221840601058,11.0000000000001));
#3422=CARTESIAN_POINT('',(425.020747072245,-207.221840601058,-2.99999999999998));
#3423=CARTESIAN_POINT('',(426.220747072245,-207.221840601058,11.0000000000001));
#3424=CARTESIAN_POINT('',(426.220747072245,-207.221840601058,-2.99999999999998));
#3425=CARTESIAN_POINT('',(430.601578591892,-207.221840601058,0.));
#3426=CARTESIAN_POINT('',(415.220747072245,-204.221840601058,-3.00000000000007));
#3427=CARTESIAN_POINT('',(415.220747072245,-204.221840601058,11.));
#3428=CARTESIAN_POINT('',(415.220747072245,-205.421840601058,-3.00000000000007));
#3429=CARTESIAN_POINT('',(415.220747072245,-205.421840601058,11.));
#3430=CARTESIAN_POINT('',(415.220747072245,-206.621840601058,-3.00000000000007));
#3431=CARTESIAN_POINT('',(415.220747072245,-206.621840601058,11.));
#3432=CARTESIAN_POINT('',(414.620747072245,-207.221840601058,-3.));
#3433=CARTESIAN_POINT('',(414.620747072245,-207.221840601058,11.0000000000001));
#3434=CARTESIAN_POINT('',(413.420747072245,-207.221840601058,-3.));
#3435=CARTESIAN_POINT('',(413.420747072245,-207.221840601058,11.0000000000001));
#3436=CARTESIAN_POINT('',(412.220747072245,-207.221840601058,-3.));
#3437=CARTESIAN_POINT('',(412.220747072245,-207.221840601058,11.0000000000001));
#3438=CARTESIAN_POINT('',(434.897038426955,-223.221840601056,8.));
#3439=CARTESIAN_POINT('',(439.897038426955,-219.221840601056,4.));
#3440=CARTESIAN_POINT('',(423.220747072244,-234.22411277128,8.));
#3441=CARTESIAN_POINT('',(415.220747072245,-229.224112771279,8.));
#3442=CARTESIAN_POINT('',(419.220747072245,-234.22411277128,4.));
#3443=CARTESIAN_POINT('',(419.220747072245,-234.22411277128,4.));
#3444=CARTESIAN_POINT('',(411.839915552598,-231.221840601057,0.));
#3445=CARTESIAN_POINT('',(410.560711254464,-231.221840601057,0.));
#3446=CARTESIAN_POINT('',(409.675108278833,-230.29876367798,0.));
#3447=CARTESIAN_POINT('',(408.124626323886,-228.68267367869,0.));
#3448=CARTESIAN_POINT('',(407.077460772912,-226.702980397579,0.));
#3449=CARTESIAN_POINT('',(411.839915552598,-231.221840601057,8.));
#3450=CARTESIAN_POINT('',(410.560711254464,-231.221840601057,8.));
#3451=CARTESIAN_POINT('',(409.675108278833,-230.29876367798,8.));
#3452=CARTESIAN_POINT('',(408.124626323886,-228.68267367869,8.));
#3453=CARTESIAN_POINT('',(407.077460772912,-226.702980397579,8.));
#3454=CARTESIAN_POINT('',(404.425594591788,-228.105694109427,4.));
#3455=CARTESIAN_POINT('',(404.425594591788,-225.105694109427,0.));
#3456=CARTESIAN_POINT('',(399.718915357344,-224.105694109427,4.));
#3457=CARTESIAN_POINT('',(398.718915357344,-224.105694109427,0.));
#3458=CARTESIAN_POINT('',(399.718915357344,-222.563429170787,4.));
#3459=CARTESIAN_POINT('',(399.718915357344,-221.563429170787,0.));
#3460=CARTESIAN_POINT('',(407.204063029586,-224.563429170787,4.));
#3461=CARTESIAN_POINT('',(421.220747072246,-219.221840601056,4.));
#3462=CARTESIAN_POINT('',(413.283493139051,-228.221840601057,0.));
#3463=CARTESIAN_POINT('',(421.220747072245,-219.221840601058,4.));
#3464=CARTESIAN_POINT('',(404.068082672002,-214.337987092687,3.99999999999991));
#3465=CARTESIAN_POINT('',(430.601578591892,-207.221840601058,0.));
#3466=CARTESIAN_POINT('',(431.880782890025,-207.221840601058,0.));
#3467=CARTESIAN_POINT('',(432.766385865656,-208.144917524135,0.));
#3468=CARTESIAN_POINT('',(443.393621573228,-219.221840601058,0.));
#3469=CARTESIAN_POINT('',(432.766385865656,-230.298763677981,0.));
#3470=CARTESIAN_POINT('',(431.880782890025,-231.221840601057,0.));
#3471=CARTESIAN_POINT('',(430.601578591891,-231.221840601057,0.));
#3472=CARTESIAN_POINT('',(430.601578591892,-207.221840601058,8.));
#3473=CARTESIAN_POINT('',(431.880782890025,-207.221840601058,8.));
#3474=CARTESIAN_POINT('',(432.766385865656,-208.144917524135,8.));
#3475=CARTESIAN_POINT('',(443.393621573228,-219.221840601058,8.));
#3476=CARTESIAN_POINT('',(432.766385865656,-230.298763677981,8.));
#3477=CARTESIAN_POINT('',(431.880782890025,-231.221840601057,8.));
#3478=CARTESIAN_POINT('',(430.601578591891,-231.221840601057,8.));
#3479=CARTESIAN_POINT('',(438.884268804901,-223.221840601056,-3.));
#3480=CARTESIAN_POINT('',(438.069029340317,-223.221840601056,-3.));
#3481=CARTESIAN_POINT('',(437.253789875732,-223.221840601056,-3.));
#3482=CARTESIAN_POINT('',(436.647723694824,-223.581658414821,-3.));
#3483=CARTESIAN_POINT('',(436.395643070907,-224.35868270632,-3.));
#3484=CARTESIAN_POINT('',(436.095291689218,-225.116577443162,-3.));
#3485=CARTESIAN_POINT('',(438.884268804901,-223.221840601056,11.));
#3486=CARTESIAN_POINT('',(438.069029340317,-223.221840601056,11.));
#3487=CARTESIAN_POINT('',(437.253789875732,-223.221840601056,11.));
#3488=CARTESIAN_POINT('',(436.647723694824,-223.581658414822,11.));
#3489=CARTESIAN_POINT('',(436.395643070907,-224.35868270632,11.));
#3490=CARTESIAN_POINT('',(436.095291689218,-225.116577443162,11.));
#3491=CARTESIAN_POINT('',(430.601578591891,-231.221840601057,0.));
#3492=CARTESIAN_POINT('',(423.220747072245,-234.221840601057,11.));
#3493=CARTESIAN_POINT('',(423.220747072245,-233.021840601057,11.));
#3494=CARTESIAN_POINT('',(423.220747072245,-231.821840601057,11.));
#3495=CARTESIAN_POINT('',(423.820747072244,-231.221840601057,11.0000000000001));
#3496=CARTESIAN_POINT('',(425.020747072244,-231.221840601057,11.0000000000001));
#3497=CARTESIAN_POINT('',(426.220747072244,-231.221840601057,11.0000000000001));
#3498=CARTESIAN_POINT('',(423.220747072245,-234.221840601057,-3.00000000000002));
#3499=CARTESIAN_POINT('',(423.220747072245,-233.021840601057,-3.00000000000002));
#3500=CARTESIAN_POINT('',(423.220747072245,-231.821840601057,-3.00000000000002));
#3501=CARTESIAN_POINT('',(423.820747072244,-231.221840601057,-2.99999999999998));
#3502=CARTESIAN_POINT('',(425.020747072244,-231.221840601057,-2.99999999999998));
#3503=CARTESIAN_POINT('',(426.220747072244,-231.221840601057,-2.99999999999998));
#3504=CARTESIAN_POINT('',(430.601578591891,-231.221840601057,0.));
#3505=CARTESIAN_POINT('',(415.220747072245,-234.221840601057,-3.00000000000007));
#3506=CARTESIAN_POINT('',(415.220747072245,-233.021840601057,-3.00000000000007));
#3507=CARTESIAN_POINT('',(415.220747072245,-231.821840601057,-3.00000000000007));
#3508=CARTESIAN_POINT('',(414.620747072245,-231.221840601057,-3.));
#3509=CARTESIAN_POINT('',(413.420747072244,-231.221840601057,-3.));
#3510=CARTESIAN_POINT('',(412.220747072244,-231.221840601057,-3.));
#3511=CARTESIAN_POINT('',(415.220747072245,-234.221840601057,11.));
#3512=CARTESIAN_POINT('',(415.220747072245,-233.021840601057,11.));
#3513=CARTESIAN_POINT('',(415.220747072245,-231.821840601057,11.));
#3514=CARTESIAN_POINT('',(414.620747072245,-231.221840601057,11.0000000000001));
#3515=CARTESIAN_POINT('',(413.420747072245,-231.221840601057,11.0000000000001));
#3516=CARTESIAN_POINT('',(412.220747072245,-231.221840601057,11.0000000000001));
#3517=CARTESIAN_POINT('',(394.868732185853,-238.924339988303,8.));
#3518=CARTESIAN_POINT('',(394.868732185853,-199.519341213812,0.));
#3519=CARTESIAN_POINT('',(439.220747072245,-219.221840601056,6.41516684746927));
#3520=CARTESIAN_POINT('',(439.897038426955,-215.22184060106,8.));
#3521=CARTESIAN_POINT('',(439.897038426955,-215.22184060106,0.));
#3522=CARTESIAN_POINT('',(423.220747072245,-204.219568430836,8.));
#3523=CARTESIAN_POINT('',(423.220747072245,-204.219568430836,0.));
#3524=CARTESIAN_POINT('',(415.220747072245,-204.219568430836,8.));
#3525=CARTESIAN_POINT('',(415.220747072245,-204.219568430836,0.));
#3526=CARTESIAN_POINT('',(420.845747072245,-204.219568430836,0.));
#3527=CARTESIAN_POINT('',(420.845747072245,-204.219568430836,8.));
#3528=CARTESIAN_POINT('',(430.601578591892,-207.221840601058,0.));
#3529=CARTESIAN_POINT('',(430.601578591892,-207.221840601058,8.));
#3530=CARTESIAN_POINT('',(411.839915552598,-207.221840601058,0.));
#3531=CARTESIAN_POINT('',(411.839915552598,-207.221840601058,8.));
#3532=CARTESIAN_POINT('',(407.077460772913,-211.740700804535,0.));
#3533=CARTESIAN_POINT('',(407.077460772913,-211.740700804535,8.));
#3534=CARTESIAN_POINT('',(404.425594591788,-213.337987092687,0.));
#3535=CARTESIAN_POINT('',(404.425594591788,-213.337987092687,8.));
#3536=CARTESIAN_POINT('',(399.718915357344,-213.337987092687,0.));
#3537=CARTESIAN_POINT('',(399.718915357344,-213.337987092687,8.));
#3538=CARTESIAN_POINT('',(398.718915357344,-214.337987092687,0.));
#3539=CARTESIAN_POINT('',(398.718915357344,-214.337987092687,8.));
#3540=CARTESIAN_POINT('',(398.718915357344,-215.880252031327,0.));
#3541=CARTESIAN_POINT('',(398.718915357344,-215.880252031327,8.));
#3542=CARTESIAN_POINT('',(399.718915357344,-216.880252031328,0.));
#3543=CARTESIAN_POINT('',(399.718915357344,-216.880252031328,8.));
#3544=CARTESIAN_POINT('',(407.204063029586,-216.880252031328,0.));
#3545=CARTESIAN_POINT('',(407.204063029586,-216.880252031328,8.));
#3546=CARTESIAN_POINT('',(410.007399838118,-214.948569745274,0.));
#3547=CARTESIAN_POINT('',(410.007399838118,-214.948569745274,8.));
#3548=CARTESIAN_POINT('',(413.283493139051,-210.221840601058,0.));
#3549=CARTESIAN_POINT('',(413.283493139051,-210.221840601058,8.));
#3550=CARTESIAN_POINT('',(429.158001005439,-210.221840601058,0.));
#3551=CARTESIAN_POINT('',(429.158001005439,-210.221840601058,8.));
#3552=CARTESIAN_POINT('',(404.425594591788,-213.337987092687,2.41481539648805));
#3553=CARTESIAN_POINT('',(404.425594591788,-213.337987092687,5.58518460351175));
#3554=CARTESIAN_POINT('',(402.443082672002,-213.337987092687,3.9999999999999));
#3555=CARTESIAN_POINT('',(402.443082672002,-216.880252031328,3.9999999999999));
#3556=CARTESIAN_POINT('',(438.884268804901,-215.22184060106,8.));
#3557=CARTESIAN_POINT('',(438.884268804901,-215.22184060106,2.1316282072803E-15));
#3558=CARTESIAN_POINT('',(436.095291689219,-213.327103758954,1.4210854715202E-15));
#3559=CARTESIAN_POINT('',(436.095291689219,-213.327103758954,8.));
#3560=CARTESIAN_POINT('',(423.220747072245,-204.221840601058,7.99999999999999));
#3561=CARTESIAN_POINT('',(423.220747072245,-204.221840601058,-1.27897692436818E-14));
#3562=CARTESIAN_POINT('',(426.220747072245,-207.221840601058,9.9475983006414E-15));
#3563=CARTESIAN_POINT('',(426.220747072245,-207.221840601058,8.00000000000001));
#3564=CARTESIAN_POINT('',(415.220747072245,-204.221840601058,8.));
#3565=CARTESIAN_POINT('',(415.220747072245,-204.221840601058,-1.56319401867222E-14));
#3566=CARTESIAN_POINT('',(412.220747072245,-207.221840601058,1.13686837721616E-14));
#3567=CARTESIAN_POINT('',(412.220747072245,-207.221840601058,8.00000000000002));
#3568=CARTESIAN_POINT('',(443.897038426955,-219.221840601058,8.));
#3569=CARTESIAN_POINT('',(443.897038426955,-219.221840601058,0.));
#3570=CARTESIAN_POINT('',(433.220747072245,-219.221840601058,0.));
#3571=CARTESIAN_POINT('',(433.220747072245,-219.221840601058,8.));
#3572=CARTESIAN_POINT('',(439.897038426955,-223.221840601056,8.));
#3573=CARTESIAN_POINT('',(439.897038426955,-223.221840601056,0.));
#3574=CARTESIAN_POINT('',(423.220747072244,-234.22411277128,8.));
#3575=CARTESIAN_POINT('',(423.220747072244,-234.22411277128,0.));
#3576=CARTESIAN_POINT('',(415.220747072244,-234.224112771279,8.));
#3577=CARTESIAN_POINT('',(415.220747072244,-234.224112771279,0.));
#3578=CARTESIAN_POINT('',(420.845747072244,-234.22411277128,0.));
#3579=CARTESIAN_POINT('',(420.845747072244,-234.22411277128,8.));
#3580=CARTESIAN_POINT('',(430.601578591891,-231.221840601057,0.));
#3581=CARTESIAN_POINT('',(430.601578591891,-231.221840601057,8.));
#3582=CARTESIAN_POINT('',(411.839915552598,-231.221840601057,0.));
#3583=CARTESIAN_POINT('',(411.839915552598,-231.221840601057,8.));
#3584=CARTESIAN_POINT('',(407.077460772912,-226.702980397579,0.));
#3585=CARTESIAN_POINT('',(407.077460772912,-226.702980397579,8.));
#3586=CARTESIAN_POINT('',(404.425594591788,-225.105694109427,0.));
#3587=CARTESIAN_POINT('',(404.425594591788,-225.105694109427,8.));
#3588=CARTESIAN_POINT('',(399.718915357344,-225.105694109427,0.));
#3589=CARTESIAN_POINT('',(399.718915357344,-225.105694109427,8.));
#3590=CARTESIAN_POINT('',(398.718915357344,-224.105694109427,0.));
#3591=CARTESIAN_POINT('',(398.718915357344,-224.105694109427,8.));
#3592=CARTESIAN_POINT('',(398.718915357344,-222.563429170787,0.));
#3593=CARTESIAN_POINT('',(398.718915357344,-222.563429170787,8.));
#3594=CARTESIAN_POINT('',(399.718915357344,-221.563429170787,0.));
#3595=CARTESIAN_POINT('',(399.718915357344,-221.563429170787,8.));
#3596=CARTESIAN_POINT('',(407.204063029586,-221.563429170787,0.));
#3597=CARTESIAN_POINT('',(407.204063029586,-221.563429170787,8.));
#3598=CARTESIAN_POINT('',(410.007399838118,-223.495111456841,0.));
#3599=CARTESIAN_POINT('',(410.007399838118,-223.495111456841,8.));
#3600=CARTESIAN_POINT('',(413.283493139051,-228.221840601057,0.));
#3601=CARTESIAN_POINT('',(413.283493139051,-228.221840601057,8.));
#3602=CARTESIAN_POINT('',(429.158001005439,-228.221840601058,0.));
#3603=CARTESIAN_POINT('',(429.158001005439,-228.221840601058,8.));
#3604=CARTESIAN_POINT('',(404.425594591788,-225.105694109427,2.41481539648805));
#3605=CARTESIAN_POINT('',(404.425594591788,-225.105694109427,5.58518460351175));
#3606=CARTESIAN_POINT('',(402.443082672002,-225.105694109427,3.9999999999999));
#3607=CARTESIAN_POINT('',(402.443082672002,-221.563429170787,3.9999999999999));
#3608=CARTESIAN_POINT('',(438.884268804901,-223.221840601056,8.));
#3609=CARTESIAN_POINT('',(438.884268804901,-223.221840601056,2.1316282072803E-15));
#3610=CARTESIAN_POINT('',(436.095291689219,-225.116577443162,1.4210854715202E-15));
#3611=CARTESIAN_POINT('',(436.095291689219,-225.116577443162,8.));
#3612=CARTESIAN_POINT('',(423.220747072245,-234.221840601057,7.99999999999999));
#3613=CARTESIAN_POINT('',(423.220747072245,-234.221840601057,-1.27897692436818E-14));
#3614=CARTESIAN_POINT('',(426.220747072244,-231.221840601057,9.9475983006414E-15));
#3615=CARTESIAN_POINT('',(426.220747072244,-231.221840601057,8.00000000000001));
#3616=CARTESIAN_POINT('',(415.220747072245,-234.221840601057,8.));
#3617=CARTESIAN_POINT('',(415.220747072245,-234.221840601057,-1.56319401867222E-14));
#3618=CARTESIAN_POINT('',(412.220747072244,-231.221840601057,1.13686837721616E-14));
#3619=CARTESIAN_POINT('',(412.220747072244,-231.221840601057,8.00000000000002));
#3620=CARTESIAN_POINT('',(440.427849221297,-218.133939226047,8.));
#3621=CARTESIAN_POINT('',(440.427849221297,-218.133939226047,-1.77635683940025E-15));
#3622=CARTESIAN_POINT('',(402.443082672002,-216.880252031328,3.9999999999999));
#3623=CARTESIAN_POINT('',(402.443082672002,-216.880252031328,5.6249999999999));
#3624=CARTESIAN_POINT('',(404.068082672002,-216.880252031328,5.6249999999999));
#3625=CARTESIAN_POINT('',(405.693082672002,-216.880252031328,5.6249999999999));
#3626=CARTESIAN_POINT('',(405.693082672002,-216.880252031328,3.9999999999999));
#3627=CARTESIAN_POINT('',(405.693082672002,-216.880252031328,2.3749999999999));
#3628=CARTESIAN_POINT('',(404.068082672002,-216.880252031328,2.3749999999999));
#3629=CARTESIAN_POINT('',(402.443082672002,-216.880252031328,2.3749999999999));
#3630=CARTESIAN_POINT('',(402.443082672002,-216.880252031328,3.9999999999999));
#3631=CARTESIAN_POINT('',(436.095291689219,-213.327103758954,8.));
#3632=CARTESIAN_POINT('',(434.939068674165,-210.409536565496,8.));
#3633=CARTESIAN_POINT('',(432.766385865656,-208.144917524135,8.));
#3634=CARTESIAN_POINT('',(431.880782890025,-207.221840601058,8.));
#3635=CARTESIAN_POINT('',(430.601578591892,-207.221840601058,8.));
#3636=CARTESIAN_POINT('',(404.425594591788,-213.337987092687,5.58518460351175));
#3637=CARTESIAN_POINT('',(403.663467866011,-213.337987092687,5.75706956142078));
#3638=CARTESIAN_POINT('',(403.053275269007,-213.337987092687,5.26916938775959));
#3639=CARTESIAN_POINT('',(402.443082672002,-213.337987092687,4.7812692140984));
#3640=CARTESIAN_POINT('',(402.443082672002,-213.337987092687,3.9999999999999));
#3641=CARTESIAN_POINT('',(439.897038426955,-215.22184060106,8.));
#3642=CARTESIAN_POINT('',(439.897038426955,-215.22184060106,0.));
#3643=CARTESIAN_POINT('',(443.897038426955,-219.221840601058,0.));
#3644=CARTESIAN_POINT('',(443.897038426954,-215.22184060106,0.));
#3645=CARTESIAN_POINT('',(439.897038426955,-215.22184060106,0.));
#3646=CARTESIAN_POINT('',(443.897038426955,-219.221840601058,8.));
#3647=CARTESIAN_POINT('',(443.897038426954,-215.221840601059,8.));
#3648=CARTESIAN_POINT('',(439.897038426955,-215.22184060106,8.));
#3649=CARTESIAN_POINT('',(438.884268804901,-215.22184060106,2.1316282072803E-15));
#3650=CARTESIAN_POINT('',(439.897038426955,-215.22184060106,0.));
#3651=CARTESIAN_POINT('',(423.220747072245,-204.219568430836,8.));
#3652=CARTESIAN_POINT('',(423.220747072245,-204.221840601058,7.99999999999999));
#3653=CARTESIAN_POINT('',(423.220747072245,-204.219568430836,0.));
#3654=CARTESIAN_POINT('',(423.220747072245,-204.221840601058,-1.27897692436818E-14));
#3655=CARTESIAN_POINT('',(423.220747072245,-204.219568430836,0.));
#3656=CARTESIAN_POINT('',(423.220747072245,-204.219568430836,8.));
#3657=CARTESIAN_POINT('',(415.220747072245,-204.219568430836,8.));
#3658=CARTESIAN_POINT('',(415.220747072245,-204.219568430836,0.));
#3659=CARTESIAN_POINT('',(423.220747072245,-204.219568430836,0.));
#3660=CARTESIAN_POINT('',(423.220747072245,-200.219568430836,0.));
#3661=CARTESIAN_POINT('',(419.220747072245,-200.219568430836,0.));
#3662=CARTESIAN_POINT('',(415.220747072245,-200.219568430836,0.));
#3663=CARTESIAN_POINT('',(415.220747072245,-204.219568430836,0.));
#3664=CARTESIAN_POINT('',(423.220747072245,-204.219568430836,8.));
#3665=CARTESIAN_POINT('',(423.220747072245,-200.219568430836,8.));
#3666=CARTESIAN_POINT('',(419.220747072245,-200.219568430836,8.));
#3667=CARTESIAN_POINT('',(415.220747072245,-200.219568430836,8.));
#3668=CARTESIAN_POINT('',(415.220747072245,-204.219568430836,8.));
#3669=CARTESIAN_POINT('',(420.845747072245,-204.219568430836,0.));
#3670=CARTESIAN_POINT('',(420.845747072245,-205.844568430836,0.));
#3671=CARTESIAN_POINT('',(419.220747072245,-205.844568430836,0.));
#3672=CARTESIAN_POINT('',(417.595747072245,-205.844568430836,0.));
#3673=CARTESIAN_POINT('',(417.595747072245,-204.219568430836,0.));
#3674=CARTESIAN_POINT('',(417.595747072245,-202.594568430836,0.));
#3675=CARTESIAN_POINT('',(419.220747072245,-202.594568430836,0.));
#3676=CARTESIAN_POINT('',(420.845747072245,-202.594568430836,0.));
#3677=CARTESIAN_POINT('',(420.845747072245,-204.219568430836,0.));
#3678=CARTESIAN_POINT('',(420.845747072245,-204.219568430836,0.));
#3679=CARTESIAN_POINT('',(420.845747072245,-204.219568430836,8.));
#3680=CARTESIAN_POINT('',(420.845747072245,-204.219568430836,8.));
#3681=CARTESIAN_POINT('',(420.845747072245,-205.844568430836,8.));
#3682=CARTESIAN_POINT('',(419.220747072245,-205.844568430836,8.));
#3683=CARTESIAN_POINT('',(417.595747072245,-205.844568430836,8.));
#3684=CARTESIAN_POINT('',(417.595747072245,-204.219568430836,8.));
#3685=CARTESIAN_POINT('',(417.595747072245,-202.594568430836,8.));
#3686=CARTESIAN_POINT('',(419.220747072245,-202.594568430836,8.));
#3687=CARTESIAN_POINT('',(420.845747072245,-202.594568430836,8.));
#3688=CARTESIAN_POINT('',(420.845747072245,-204.219568430836,8.));
#3689=CARTESIAN_POINT('',(438.884268804901,-215.22184060106,2.1316282072803E-15));
#3690=CARTESIAN_POINT('',(438.069029340317,-215.22184060106,2.34479102800833E-15));
#3691=CARTESIAN_POINT('',(437.253789875733,-215.22184060106,2.55795384873637E-15));
#3692=CARTESIAN_POINT('',(436.647723694825,-214.862022787294,1.00398322134564E-15));
#3693=CARTESIAN_POINT('',(436.395643070908,-214.084998495796,1.20792265079216E-15));
#3694=CARTESIAN_POINT('',(436.095291689219,-213.327103758954,1.4210854715202E-15));
#3695=CARTESIAN_POINT('',(438.884268804901,-215.22184060106,2.1316282072803E-15));
#3696=CARTESIAN_POINT('',(438.884268804901,-215.22184060106,8.));
#3697=CARTESIAN_POINT('',(438.884268804901,-215.22184060106,8.));
#3698=CARTESIAN_POINT('',(438.069029340317,-215.22184060106,8.));
#3699=CARTESIAN_POINT('',(437.253789875733,-215.22184060106,8.));
#3700=CARTESIAN_POINT('',(436.647723694825,-214.862022787294,8.));
#3701=CARTESIAN_POINT('',(436.395643070908,-214.084998495796,8.));
#3702=CARTESIAN_POINT('',(436.095291689219,-213.327103758954,8.));
#3703=CARTESIAN_POINT('',(436.095291689219,-213.327103758954,1.4210854715202E-15));
#3704=CARTESIAN_POINT('',(436.095291689219,-213.327103758954,8.));
#3705=CARTESIAN_POINT('',(423.220747072245,-204.221840601058,7.99999999999999));
#3706=CARTESIAN_POINT('',(423.220747072245,-204.221840601058,-1.27897692436818E-14));
#3707=CARTESIAN_POINT('',(426.220747072245,-207.221840601058,8.00000000000001));
#3708=CARTESIAN_POINT('',(426.220747072245,-207.221840601058,9.9475983006414E-15));
#3709=CARTESIAN_POINT('',(426.220747072245,-207.221840601058,8.00000000000001));
#3710=CARTESIAN_POINT('',(425.020747072245,-207.221840601058,8.00000000000001));
#3711=CARTESIAN_POINT('',(423.820747072245,-207.221840601058,8.00000000000002));
#3712=CARTESIAN_POINT('',(423.220747072245,-206.621840601058,7.99999999999997));
#3713=CARTESIAN_POINT('',(423.220747072245,-205.421840601058,7.99999999999998));
#3714=CARTESIAN_POINT('',(423.220747072245,-204.221840601058,7.99999999999999));
#3715=CARTESIAN_POINT('',(426.220747072245,-207.221840601058,9.9475983006414E-15));
#3716=CARTESIAN_POINT('',(425.020747072245,-207.221840601058,1.4637180356658E-14));
#3717=CARTESIAN_POINT('',(423.820747072245,-207.221840601058,1.9326762412675E-14));
#3718=CARTESIAN_POINT('',(423.220747072245,-206.621840601058,-2.21689333557152E-14));
#3719=CARTESIAN_POINT('',(423.220747072245,-205.421840601058,-1.74793512996986E-14));
#3720=CARTESIAN_POINT('',(423.220747072245,-204.221840601058,-1.27897692436818E-14));
#3721=CARTESIAN_POINT('',(415.220747072245,-204.221840601058,8.));
#3722=CARTESIAN_POINT('',(415.220747072245,-204.219568430836,8.));
#3723=CARTESIAN_POINT('',(415.220747072245,-204.221840601058,-1.56319401867222E-14));
#3724=CARTESIAN_POINT('',(415.220747072245,-204.219568430836,0.));
#3725=CARTESIAN_POINT('',(412.220747072245,-207.221840601058,1.13686837721616E-14));
#3726=CARTESIAN_POINT('',(412.030331312422,-207.221840601058,5.68434188608165E-15));
#3727=CARTESIAN_POINT('',(411.839915552598,-207.221840601058,0.));
#3728=CARTESIAN_POINT('',(412.220747072245,-207.221840601058,8.00000000000002));
#3729=CARTESIAN_POINT('',(412.030331312422,-207.221840601058,8.00000000000001));
#3730=CARTESIAN_POINT('',(411.839915552598,-207.221840601058,8.));
#3731=CARTESIAN_POINT('',(415.220747072245,-204.221840601058,-1.56319401867222E-14));
#3732=CARTESIAN_POINT('',(415.220747072245,-204.221840601058,8.));
#3733=CARTESIAN_POINT('',(412.220747072245,-207.221840601058,1.13686837721616E-14));
#3734=CARTESIAN_POINT('',(412.220747072245,-207.221840601058,8.00000000000002));
#3735=CARTESIAN_POINT('',(415.220747072245,-204.221840601058,-1.56319401867222E-14));
#3736=CARTESIAN_POINT('',(415.220747072245,-205.421840601058,-2.30215846386272E-14));
#3737=CARTESIAN_POINT('',(415.220747072245,-206.621840601058,-3.04112290905321E-14));
#3738=CARTESIAN_POINT('',(414.620747072245,-207.221840601058,2.61479726759718E-14));
#3739=CARTESIAN_POINT('',(413.420747072245,-207.221840601058,1.87583282240664E-14));
#3740=CARTESIAN_POINT('',(412.220747072245,-207.221840601058,1.13686837721616E-14));
#3741=CARTESIAN_POINT('',(415.220747072245,-204.221840601058,8.));
#3742=CARTESIAN_POINT('',(415.220747072245,-205.421840601058,7.99999999999999));
#3743=CARTESIAN_POINT('',(415.220747072245,-206.621840601058,7.99999999999999));
#3744=CARTESIAN_POINT('',(414.620747072245,-207.221840601058,8.00000000000003));
#3745=CARTESIAN_POINT('',(413.420747072245,-207.221840601058,8.00000000000003));
#3746=CARTESIAN_POINT('',(412.220747072245,-207.221840601058,8.00000000000002));
#3747=CARTESIAN_POINT('',(443.897038426955,-219.221840601058,8.));
#3748=CARTESIAN_POINT('',(443.897038426955,-219.221840601058,0.));
#3749=CARTESIAN_POINT('',(433.220747072245,-219.221840601058,0.));
#3750=CARTESIAN_POINT('',(433.220747072245,-219.221840601058,8.));
#3751=CARTESIAN_POINT('',(404.425594591788,-213.337987092687,5.58518460351175));
#3752=CARTESIAN_POINT('',(404.425594591788,-213.337987092687,8.));
#3753=CARTESIAN_POINT('',(402.443082672002,-216.880252031328,3.9999999999999));
#3754=CARTESIAN_POINT('',(402.443082672002,-213.337987092687,3.9999999999999));
#3755=CARTESIAN_POINT('',(438.884268804901,-215.22184060106,8.));
#3756=CARTESIAN_POINT('',(439.897038426955,-215.22184060106,8.));
#3757=CARTESIAN_POINT('',(429.158001005439,-210.221840601058,8.));
#3758=CARTESIAN_POINT('',(433.220747072245,-213.804845845316,8.));
#3759=CARTESIAN_POINT('',(433.220747072245,-219.221840601058,8.));
#3760=CARTESIAN_POINT('',(404.425594591788,-213.337987092687,2.41481539648805));
#3761=CARTESIAN_POINT('',(404.60654957512,-213.337987092687,2.45562677160653));
#3762=CARTESIAN_POINT('',(404.777747672916,-213.321407505953,2.52669565150873));
#3763=CARTESIAN_POINT('',(405.087701812397,-213.268218370649,2.72156367308754));
#3764=CARTESIAN_POINT('',(405.224084919496,-213.232204224418,2.84369422929513));
#3765=CARTESIAN_POINT('',(405.450194539963,-213.160092366683,3.12641002523662));
#3766=CARTESIAN_POINT('',(405.539398004434,-213.124350936504,3.28634830593108));
#3767=CARTESIAN_POINT('',(405.661474352974,-213.07240118893,3.63195324301007));
#3768=CARTESIAN_POINT('',(405.693082672002,-213.057081421047,3.81435184787475));
#3769=CARTESIAN_POINT('',(405.693082672002,-213.057081421047,3.9999999999999));
#3770=CARTESIAN_POINT('',(405.693082672002,-213.057081421047,4.18564815212477));
#3771=CARTESIAN_POINT('',(405.661474352974,-213.07240118893,4.36804675698997));
#3772=CARTESIAN_POINT('',(405.539398004434,-213.124350936504,4.71365169406846));
#3773=CARTESIAN_POINT('',(405.450194539963,-213.160092366683,4.87358997476338));
#3774=CARTESIAN_POINT('',(405.224084919496,-213.232204224418,5.15630577070457));
#3775=CARTESIAN_POINT('',(405.087701812397,-213.268218370649,5.27843632691236));
#3776=CARTESIAN_POINT('',(404.777747672916,-213.321407505953,5.47330434849112));
#3777=CARTESIAN_POINT('',(404.60654957512,-213.337987092687,5.54437322839321));
#3778=CARTESIAN_POINT('',(404.425594591788,-213.337987092687,5.58518460351175));
#3779=CARTESIAN_POINT('',(430.601578591892,-207.221840601058,0.));
#3780=CARTESIAN_POINT('',(430.601578591892,-207.221840601058,8.));
#3781=CARTESIAN_POINT('',(402.443082672002,-213.337987092687,3.9999999999999));
#3782=CARTESIAN_POINT('',(402.443082672002,-213.337987092687,3.21873078590146));
#3783=CARTESIAN_POINT('',(403.053275269007,-213.337987092687,2.7308306122403));
#3784=CARTESIAN_POINT('',(403.663467866012,-213.337987092687,2.24293043857915));
#3785=CARTESIAN_POINT('',(404.425594591788,-213.337987092687,2.41481539648805));
#3786=CARTESIAN_POINT('',(430.601578591892,-207.221840601058,0.));
#3787=CARTESIAN_POINT('',(428.411162832068,-207.221840601058,4.9737991503207E-15));
#3788=CARTESIAN_POINT('',(426.220747072245,-207.221840601058,9.9475983006414E-15));
#3789=CARTESIAN_POINT('',(411.839915552598,-207.221840601058,0.));
#3790=CARTESIAN_POINT('',(411.839915552598,-207.221840601058,8.));
#3791=CARTESIAN_POINT('',(430.601578591892,-207.221840601058,8.));
#3792=CARTESIAN_POINT('',(428.411162832068,-207.221840601058,8.));
#3793=CARTESIAN_POINT('',(426.220747072245,-207.221840601058,8.00000000000001));
#3794=CARTESIAN_POINT('',(411.839915552598,-207.221840601058,0.));
#3795=CARTESIAN_POINT('',(410.560711254465,-207.221840601058,0.));
#3796=CARTESIAN_POINT('',(409.675108278834,-208.144917524135,0.));
#3797=CARTESIAN_POINT('',(408.124626323887,-209.761007523425,0.));
#3798=CARTESIAN_POINT('',(407.077460772913,-211.740700804535,0.));
#3799=CARTESIAN_POINT('',(407.077460772913,-211.740700804535,0.));
#3800=CARTESIAN_POINT('',(407.077460772913,-211.740700804535,8.));
#3801=CARTESIAN_POINT('',(411.839915552598,-207.221840601058,8.));
#3802=CARTESIAN_POINT('',(410.560711254465,-207.221840601058,8.));
#3803=CARTESIAN_POINT('',(409.675108278834,-208.144917524135,8.));
#3804=CARTESIAN_POINT('',(408.124626323887,-209.761007523425,8.));
#3805=CARTESIAN_POINT('',(407.077460772913,-211.740700804535,8.));
#3806=CARTESIAN_POINT('',(407.077460772913,-211.740700804535,0.));
#3807=CARTESIAN_POINT('',(406.232570712439,-213.337987092687,0.));
#3808=CARTESIAN_POINT('',(404.425594591788,-213.337987092687,0.));
#3809=CARTESIAN_POINT('',(404.425594591788,-213.337987092687,0.));
#3810=CARTESIAN_POINT('',(404.425594591788,-213.337987092687,2.41481539648805));
#3811=CARTESIAN_POINT('',(407.077460772913,-211.740700804535,8.));
#3812=CARTESIAN_POINT('',(406.232570712439,-213.337987092687,8.));
#3813=CARTESIAN_POINT('',(404.425594591788,-213.337987092687,8.));
#3814=CARTESIAN_POINT('',(404.425594591788,-213.337987092687,0.));
#3815=CARTESIAN_POINT('',(402.072254974566,-213.337987092687,0.));
#3816=CARTESIAN_POINT('',(399.718915357344,-213.337987092687,0.));
#3817=CARTESIAN_POINT('',(399.718915357344,-213.337987092687,0.));
#3818=CARTESIAN_POINT('',(399.718915357344,-213.337987092687,8.));
#3819=CARTESIAN_POINT('',(404.425594591788,-213.337987092687,8.));
#3820=CARTESIAN_POINT('',(402.072254974566,-213.337987092687,8.));
#3821=CARTESIAN_POINT('',(399.718915357344,-213.337987092687,8.));
#3822=CARTESIAN_POINT('',(399.718915357344,-213.337987092687,0.));
#3823=CARTESIAN_POINT('',(398.718915357344,-213.337987092687,0.));
#3824=CARTESIAN_POINT('',(398.718915357344,-214.337987092687,0.));
#3825=CARTESIAN_POINT('',(398.718915357344,-214.337987092687,0.));
#3826=CARTESIAN_POINT('',(398.718915357344,-214.337987092687,8.));
#3827=CARTESIAN_POINT('',(399.718915357344,-213.337987092687,8.));
#3828=CARTESIAN_POINT('',(398.718915357344,-213.337987092687,8.));
#3829=CARTESIAN_POINT('',(398.718915357344,-214.337987092687,8.));
#3830=CARTESIAN_POINT('',(398.718915357344,-214.337987092687,0.));
#3831=CARTESIAN_POINT('',(398.718915357344,-215.109119562007,0.));
#3832=CARTESIAN_POINT('',(398.718915357344,-215.880252031327,0.));
#3833=CARTESIAN_POINT('',(398.718915357344,-215.880252031327,0.));
#3834=CARTESIAN_POINT('',(398.718915357344,-215.880252031327,8.));
#3835=CARTESIAN_POINT('',(398.718915357344,-214.337987092687,8.));
#3836=CARTESIAN_POINT('',(398.718915357344,-215.109119562007,8.));
#3837=CARTESIAN_POINT('',(398.718915357344,-215.880252031327,8.));
#3838=CARTESIAN_POINT('',(398.718915357344,-215.880252031327,0.));
#3839=CARTESIAN_POINT('',(398.718915357344,-216.880252031327,0.));
#3840=CARTESIAN_POINT('',(399.718915357344,-216.880252031328,0.));
#3841=CARTESIAN_POINT('',(399.718915357344,-216.880252031328,0.));
#3842=CARTESIAN_POINT('',(399.718915357344,-216.880252031328,8.));
#3843=CARTESIAN_POINT('',(398.718915357344,-215.880252031327,8.));
#3844=CARTESIAN_POINT('',(398.718915357344,-216.880252031327,8.));
#3845=CARTESIAN_POINT('',(399.718915357344,-216.880252031328,8.));
#3846=CARTESIAN_POINT('',(399.718915357344,-216.880252031328,0.));
#3847=CARTESIAN_POINT('',(403.461489193465,-216.880252031328,0.));
#3848=CARTESIAN_POINT('',(407.204063029586,-216.880252031328,0.));
#3849=CARTESIAN_POINT('',(407.204063029586,-216.880252031328,0.));
#3850=CARTESIAN_POINT('',(407.204063029586,-216.880252031328,8.));
#3851=CARTESIAN_POINT('',(399.718915357344,-216.880252031328,8.));
#3852=CARTESIAN_POINT('',(403.461489193465,-216.880252031328,8.));
#3853=CARTESIAN_POINT('',(407.204063029586,-216.880252031328,8.));
#3854=CARTESIAN_POINT('',(407.204063029586,-216.880252031328,0.));
#3855=CARTESIAN_POINT('',(409.271259108389,-216.880252031328,0.));
#3856=CARTESIAN_POINT('',(410.007399838118,-214.948569745274,0.));
#3857=CARTESIAN_POINT('',(410.007399838118,-214.948569745274,0.));
#3858=CARTESIAN_POINT('',(410.007399838118,-214.948569745274,8.));
#3859=CARTESIAN_POINT('',(407.204063029586,-216.880252031328,8.));
#3860=CARTESIAN_POINT('',(409.271259108389,-216.880252031328,8.));
#3861=CARTESIAN_POINT('',(410.007399838118,-214.948569745274,8.));
#3862=CARTESIAN_POINT('',(410.007399838118,-214.948569745274,0.));
#3863=CARTESIAN_POINT('',(411.062123589017,-212.180904400845,0.));
#3864=CARTESIAN_POINT('',(413.283493139051,-210.221840601058,0.));
#3865=CARTESIAN_POINT('',(413.283493139051,-210.221840601058,0.));
#3866=CARTESIAN_POINT('',(413.283493139051,-210.221840601058,8.));
#3867=CARTESIAN_POINT('',(410.007399838118,-214.948569745274,8.));
#3868=CARTESIAN_POINT('',(411.062123589017,-212.180904400845,8.));
#3869=CARTESIAN_POINT('',(413.283493139051,-210.221840601058,8.));
#3870=CARTESIAN_POINT('',(413.283493139051,-210.221840601058,0.));
#3871=CARTESIAN_POINT('',(421.220747072245,-210.221840601058,0.));
#3872=CARTESIAN_POINT('',(429.158001005439,-210.221840601058,0.));
#3873=CARTESIAN_POINT('',(429.158001005439,-210.221840601058,0.));
#3874=CARTESIAN_POINT('',(429.158001005439,-210.221840601058,8.));
#3875=CARTESIAN_POINT('',(413.283493139051,-210.221840601058,8.));
#3876=CARTESIAN_POINT('',(421.220747072245,-210.221840601058,8.));
#3877=CARTESIAN_POINT('',(429.158001005439,-210.221840601058,8.));
#3878=CARTESIAN_POINT('',(429.158001005439,-210.221840601058,0.));
#3879=CARTESIAN_POINT('',(433.220747072245,-213.804845845316,0.));
#3880=CARTESIAN_POINT('',(433.220747072245,-219.221840601058,0.));
#3881=CARTESIAN_POINT('',(436.095291689219,-213.327103758954,1.4210854715202E-15));
#3882=CARTESIAN_POINT('',(434.939068674165,-210.409536565496,9.12009502119801E-16));
#3883=CARTESIAN_POINT('',(432.766385865656,-208.144917524135,3.6927420431909E-16));
#3884=CARTESIAN_POINT('',(431.880782890025,-207.221840601058,1.48050934714329E-16));
#3885=CARTESIAN_POINT('',(430.601578591892,-207.221840601058,0.));
#3886=CARTESIAN_POINT('',(402.443082672002,-221.563429170787,3.9999999999999));
#3887=CARTESIAN_POINT('',(402.443082672002,-221.563429170787,5.6249999999999));
#3888=CARTESIAN_POINT('',(404.068082672002,-221.563429170787,5.6249999999999));
#3889=CARTESIAN_POINT('',(405.693082672002,-221.563429170787,5.6249999999999));
#3890=CARTESIAN_POINT('',(405.693082672002,-221.563429170787,3.9999999999999));
#3891=CARTESIAN_POINT('',(405.693082672002,-221.563429170787,2.3749999999999));
#3892=CARTESIAN_POINT('',(404.068082672002,-221.563429170787,2.3749999999999));
#3893=CARTESIAN_POINT('',(402.443082672002,-221.563429170787,2.3749999999999));
#3894=CARTESIAN_POINT('',(402.443082672002,-221.563429170787,3.9999999999999));
#3895=CARTESIAN_POINT('',(436.095291689219,-225.116577443162,8.));
#3896=CARTESIAN_POINT('',(434.939068674165,-228.03414463662,8.));
#3897=CARTESIAN_POINT('',(432.766385865656,-230.298763677981,8.));
#3898=CARTESIAN_POINT('',(431.880782890025,-231.221840601057,8.));
#3899=CARTESIAN_POINT('',(430.601578591891,-231.221840601057,8.));
#3900=CARTESIAN_POINT('',(404.425594591788,-225.105694109427,5.58518460351175));
#3901=CARTESIAN_POINT('',(403.663467866011,-225.105694109427,5.75706956142078));
#3902=CARTESIAN_POINT('',(403.053275269006,-225.105694109427,5.26916938775959));
#3903=CARTESIAN_POINT('',(402.443082672002,-225.105694109427,4.7812692140984));
#3904=CARTESIAN_POINT('',(402.443082672002,-225.105694109427,3.9999999999999));
#3905=CARTESIAN_POINT('',(439.897038426955,-223.221840601056,8.));
#3906=CARTESIAN_POINT('',(439.897038426955,-223.221840601056,0.));
#3907=CARTESIAN_POINT('',(443.897038426955,-219.221840601058,0.));
#3908=CARTESIAN_POINT('',(443.897038426954,-223.221840601057,0.));
#3909=CARTESIAN_POINT('',(439.897038426955,-223.221840601056,0.));
#3910=CARTESIAN_POINT('',(443.897038426955,-219.221840601058,8.));
#3911=CARTESIAN_POINT('',(443.897038426954,-223.221840601057,8.));
#3912=CARTESIAN_POINT('',(439.897038426955,-223.221840601056,8.));
#3913=CARTESIAN_POINT('',(438.884268804901,-223.221840601056,2.1316282072803E-15));
#3914=CARTESIAN_POINT('',(439.897038426955,-223.221840601056,0.));
#3915=CARTESIAN_POINT('',(423.220747072244,-234.22411277128,8.));
#3916=CARTESIAN_POINT('',(423.220747072245,-234.221840601057,7.99999999999999));
#3917=CARTESIAN_POINT('',(423.220747072244,-234.22411277128,0.));
#3918=CARTESIAN_POINT('',(423.220747072245,-234.221840601057,-1.27897692436818E-14));
#3919=CARTESIAN_POINT('',(423.220747072244,-234.22411277128,0.));
#3920=CARTESIAN_POINT('',(423.220747072244,-234.22411277128,8.));
#3921=CARTESIAN_POINT('',(415.220747072244,-234.224112771279,8.));
#3922=CARTESIAN_POINT('',(415.220747072244,-234.224112771279,0.));
#3923=CARTESIAN_POINT('',(423.220747072244,-234.22411277128,0.));
#3924=CARTESIAN_POINT('',(423.220747072244,-238.22411277128,0.));
#3925=CARTESIAN_POINT('',(419.220747072244,-238.22411277128,0.));
#3926=CARTESIAN_POINT('',(415.220747072244,-238.224112771279,0.));
#3927=CARTESIAN_POINT('',(415.220747072244,-234.224112771279,0.));
#3928=CARTESIAN_POINT('',(423.220747072244,-234.22411277128,8.));
#3929=CARTESIAN_POINT('',(423.220747072244,-238.22411277128,8.));
#3930=CARTESIAN_POINT('',(419.220747072244,-238.22411277128,8.));
#3931=CARTESIAN_POINT('',(415.220747072244,-238.224112771279,8.));
#3932=CARTESIAN_POINT('',(415.220747072244,-234.224112771279,8.));
#3933=CARTESIAN_POINT('',(420.845747072244,-234.22411277128,0.));
#3934=CARTESIAN_POINT('',(420.845747072244,-232.59911277128,0.));
#3935=CARTESIAN_POINT('',(419.220747072245,-232.59911277128,0.));
#3936=CARTESIAN_POINT('',(417.595747072244,-232.59911277128,0.));
#3937=CARTESIAN_POINT('',(417.595747072244,-234.22411277128,0.));
#3938=CARTESIAN_POINT('',(417.595747072244,-235.84911277128,0.));
#3939=CARTESIAN_POINT('',(419.220747072244,-235.84911277128,0.));
#3940=CARTESIAN_POINT('',(420.845747072244,-235.84911277128,0.));
#3941=CARTESIAN_POINT('',(420.845747072244,-234.22411277128,0.));
#3942=CARTESIAN_POINT('',(420.845747072244,-234.22411277128,0.));
#3943=CARTESIAN_POINT('',(420.845747072244,-234.22411277128,8.));
#3944=CARTESIAN_POINT('',(420.845747072244,-234.22411277128,8.));
#3945=CARTESIAN_POINT('',(420.845747072244,-232.59911277128,8.));
#3946=CARTESIAN_POINT('',(419.220747072245,-232.59911277128,8.));
#3947=CARTESIAN_POINT('',(417.595747072244,-232.59911277128,8.));
#3948=CARTESIAN_POINT('',(417.595747072244,-234.22411277128,8.));
#3949=CARTESIAN_POINT('',(417.595747072244,-235.84911277128,8.));
#3950=CARTESIAN_POINT('',(419.220747072244,-235.84911277128,8.));
#3951=CARTESIAN_POINT('',(420.845747072244,-235.84911277128,8.));
#3952=CARTESIAN_POINT('',(420.845747072244,-234.22411277128,8.));
#3953=CARTESIAN_POINT('',(438.884268804901,-223.221840601056,2.1316282072803E-15));
#3954=CARTESIAN_POINT('',(438.069029340317,-223.221840601056,2.34479102800833E-15));
#3955=CARTESIAN_POINT('',(437.253789875733,-223.221840601056,2.55795384873637E-15));
#3956=CARTESIAN_POINT('',(436.647723694825,-223.581658414822,1.00398322134564E-15));
#3957=CARTESIAN_POINT('',(436.395643070907,-224.35868270632,1.20792265079216E-15));
#3958=CARTESIAN_POINT('',(436.095291689219,-225.116577443162,1.4210854715202E-15));
#3959=CARTESIAN_POINT('',(438.884268804901,-223.221840601056,2.1316282072803E-15));
#3960=CARTESIAN_POINT('',(438.884268804901,-223.221840601056,8.));
#3961=CARTESIAN_POINT('',(438.884268804901,-223.221840601056,8.));
#3962=CARTESIAN_POINT('',(438.069029340317,-223.221840601056,8.));
#3963=CARTESIAN_POINT('',(437.253789875733,-223.221840601056,8.));
#3964=CARTESIAN_POINT('',(436.647723694825,-223.581658414822,8.));
#3965=CARTESIAN_POINT('',(436.395643070907,-224.35868270632,8.));
#3966=CARTESIAN_POINT('',(436.095291689219,-225.116577443162,8.));
#3967=CARTESIAN_POINT('',(436.095291689219,-225.116577443162,1.4210854715202E-15));
#3968=CARTESIAN_POINT('',(436.095291689219,-225.116577443162,8.));
#3969=CARTESIAN_POINT('',(423.220747072245,-234.221840601057,7.99999999999999));
#3970=CARTESIAN_POINT('',(423.220747072245,-234.221840601057,-1.27897692436818E-14));
#3971=CARTESIAN_POINT('',(426.220747072244,-231.221840601057,8.00000000000001));
#3972=CARTESIAN_POINT('',(426.220747072244,-231.221840601057,9.9475983006414E-15));
#3973=CARTESIAN_POINT('',(426.220747072244,-231.221840601057,8.00000000000001));
#3974=CARTESIAN_POINT('',(425.020747072244,-231.221840601057,8.00000000000001));
#3975=CARTESIAN_POINT('',(423.820747072244,-231.221840601057,8.00000000000002));
#3976=CARTESIAN_POINT('',(423.220747072245,-231.821840601057,7.99999999999997));
#3977=CARTESIAN_POINT('',(423.220747072245,-233.021840601057,7.99999999999998));
#3978=CARTESIAN_POINT('',(423.220747072245,-234.221840601057,7.99999999999999));
#3979=CARTESIAN_POINT('',(426.220747072244,-231.221840601057,9.9475983006414E-15));
#3980=CARTESIAN_POINT('',(425.020747072244,-231.221840601057,1.4637180356658E-14));
#3981=CARTESIAN_POINT('',(423.820747072244,-231.221840601057,1.9326762412675E-14));
#3982=CARTESIAN_POINT('',(423.220747072245,-231.821840601057,-2.21689333557152E-14));
#3983=CARTESIAN_POINT('',(423.220747072245,-233.021840601057,-1.74793512996986E-14));
#3984=CARTESIAN_POINT('',(423.220747072245,-234.221840601057,-1.27897692436818E-14));
#3985=CARTESIAN_POINT('',(415.220747072245,-234.221840601057,8.));
#3986=CARTESIAN_POINT('',(415.220747072244,-234.224112771279,8.));
#3987=CARTESIAN_POINT('',(415.220747072245,-234.221840601057,-1.56319401867222E-14));
#3988=CARTESIAN_POINT('',(415.220747072244,-234.224112771279,0.));
#3989=CARTESIAN_POINT('',(412.220747072244,-231.221840601057,1.13686837721616E-14));
#3990=CARTESIAN_POINT('',(412.030331312421,-231.221840601057,5.68434188608165E-15));
#3991=CARTESIAN_POINT('',(411.839915552598,-231.221840601057,0.));
#3992=CARTESIAN_POINT('',(412.220747072244,-231.221840601057,8.00000000000002));
#3993=CARTESIAN_POINT('',(412.030331312421,-231.221840601057,8.00000000000001));
#3994=CARTESIAN_POINT('',(411.839915552598,-231.221840601057,8.));
#3995=CARTESIAN_POINT('',(415.220747072245,-234.221840601057,-1.56319401867222E-14));
#3996=CARTESIAN_POINT('',(415.220747072245,-234.221840601057,8.));
#3997=CARTESIAN_POINT('',(412.220747072244,-231.221840601057,1.13686837721616E-14));
#3998=CARTESIAN_POINT('',(412.220747072244,-231.221840601057,8.00000000000002));
#3999=CARTESIAN_POINT('',(415.220747072245,-234.221840601057,-1.56319401867222E-14));
#4000=CARTESIAN_POINT('',(415.220747072245,-233.021840601057,-2.30215846386272E-14));
#4001=CARTESIAN_POINT('',(415.220747072245,-231.821840601057,-3.04112290905321E-14));
#4002=CARTESIAN_POINT('',(414.620747072244,-231.221840601057,2.61479726759718E-14));
#4003=CARTESIAN_POINT('',(413.420747072244,-231.221840601057,1.87583282240664E-14));
#4004=CARTESIAN_POINT('',(412.220747072244,-231.221840601057,1.13686837721616E-14));
#4005=CARTESIAN_POINT('',(415.220747072245,-234.221840601057,8.));
#4006=CARTESIAN_POINT('',(415.220747072245,-233.021840601057,7.99999999999999));
#4007=CARTESIAN_POINT('',(415.220747072245,-231.821840601057,7.99999999999999));
#4008=CARTESIAN_POINT('',(414.620747072244,-231.221840601057,8.00000000000003));
#4009=CARTESIAN_POINT('',(413.420747072244,-231.221840601057,8.00000000000003));
#4010=CARTESIAN_POINT('',(412.220747072244,-231.221840601057,8.00000000000002));
#4011=CARTESIAN_POINT('',(404.425594591788,-225.105694109427,5.58518460351175));
#4012=CARTESIAN_POINT('',(404.425594591788,-225.105694109427,8.));
#4013=CARTESIAN_POINT('',(402.443082672002,-221.563429170787,3.9999999999999));
#4014=CARTESIAN_POINT('',(402.443082672002,-225.105694109427,3.9999999999999));
#4015=CARTESIAN_POINT('',(438.884268804901,-223.221840601056,8.));
#4016=CARTESIAN_POINT('',(439.897038426955,-223.221840601056,8.));
#4017=CARTESIAN_POINT('',(429.158001005439,-228.221840601058,8.));
#4018=CARTESIAN_POINT('',(433.220747072245,-224.638835356799,8.));
#4019=CARTESIAN_POINT('',(433.220747072245,-219.221840601058,8.));
#4020=CARTESIAN_POINT('',(404.425594591788,-225.105694109427,2.41481539648805));
#4021=CARTESIAN_POINT('',(404.60654957512,-225.105694109427,2.45562677160653));
#4022=CARTESIAN_POINT('',(404.777747672916,-225.122273696161,2.52669565150873));
#4023=CARTESIAN_POINT('',(405.087701812397,-225.175462831466,2.72156367308754));
#4024=CARTESIAN_POINT('',(405.224084919495,-225.211476977697,2.84369422929513));
#4025=CARTESIAN_POINT('',(405.450194539963,-225.283588835431,3.12641002523662));
#4026=CARTESIAN_POINT('',(405.539398004434,-225.31933026561,3.28634830593108));
#4027=CARTESIAN_POINT('',(405.661474352974,-225.371280013185,3.63195324301007));
#4028=CARTESIAN_POINT('',(405.693082672002,-225.386599781068,3.81435184787475));
#4029=CARTESIAN_POINT('',(405.693082672002,-225.386599781068,3.9999999999999));
#4030=CARTESIAN_POINT('',(405.693082672002,-225.386599781068,4.18564815212477));
#4031=CARTESIAN_POINT('',(405.661474352974,-225.371280013185,4.36804675698997));
#4032=CARTESIAN_POINT('',(405.539398004434,-225.31933026561,4.71365169406846));
#4033=CARTESIAN_POINT('',(405.450194539963,-225.283588835431,4.87358997476338));
#4034=CARTESIAN_POINT('',(405.224084919495,-225.211476977697,5.15630577070457));
#4035=CARTESIAN_POINT('',(405.087701812397,-225.175462831466,5.27843632691236));
#4036=CARTESIAN_POINT('',(404.777747672916,-225.122273696161,5.47330434849112));
#4037=CARTESIAN_POINT('',(404.60654957512,-225.105694109427,5.54437322839321));
#4038=CARTESIAN_POINT('',(404.425594591788,-225.105694109427,5.58518460351175));
#4039=CARTESIAN_POINT('',(430.601578591891,-231.221840601057,0.));
#4040=CARTESIAN_POINT('',(430.601578591891,-231.221840601057,8.));
#4041=CARTESIAN_POINT('',(402.443082672002,-225.105694109427,3.9999999999999));
#4042=CARTESIAN_POINT('',(402.443082672002,-225.105694109427,3.21873078590146));
#4043=CARTESIAN_POINT('',(403.053275269006,-225.105694109427,2.7308306122403));
#4044=CARTESIAN_POINT('',(403.663467866011,-225.105694109427,2.24293043857915));
#4045=CARTESIAN_POINT('',(404.425594591788,-225.105694109427,2.41481539648805));
#4046=CARTESIAN_POINT('',(430.601578591891,-231.221840601057,0.));
#4047=CARTESIAN_POINT('',(428.411162832068,-231.221840601057,4.9737991503207E-15));
#4048=CARTESIAN_POINT('',(426.220747072244,-231.221840601057,9.9475983006414E-15));
#4049=CARTESIAN_POINT('',(411.839915552598,-231.221840601057,0.));
#4050=CARTESIAN_POINT('',(411.839915552598,-231.221840601057,8.));
#4051=CARTESIAN_POINT('',(430.601578591891,-231.221840601057,8.));
#4052=CARTESIAN_POINT('',(428.411162832068,-231.221840601057,8.));
#4053=CARTESIAN_POINT('',(426.220747072244,-231.221840601057,8.00000000000001));
#4054=CARTESIAN_POINT('',(411.839915552598,-231.221840601057,0.));
#4055=CARTESIAN_POINT('',(410.560711254464,-231.221840601057,0.));
#4056=CARTESIAN_POINT('',(409.675108278833,-230.29876367798,0.));
#4057=CARTESIAN_POINT('',(408.124626323886,-228.68267367869,0.));
#4058=CARTESIAN_POINT('',(407.077460772912,-226.702980397579,0.));
#4059=CARTESIAN_POINT('',(407.077460772912,-226.702980397579,0.));
#4060=CARTESIAN_POINT('',(407.077460772912,-226.702980397579,8.));
#4061=CARTESIAN_POINT('',(411.839915552598,-231.221840601057,8.));
#4062=CARTESIAN_POINT('',(410.560711254464,-231.221840601057,8.));
#4063=CARTESIAN_POINT('',(409.675108278833,-230.29876367798,8.));
#4064=CARTESIAN_POINT('',(408.124626323886,-228.68267367869,8.));
#4065=CARTESIAN_POINT('',(407.077460772912,-226.702980397579,8.));
#4066=CARTESIAN_POINT('',(407.077460772912,-226.702980397579,0.));
#4067=CARTESIAN_POINT('',(406.232570712439,-225.105694109427,0.));
#4068=CARTESIAN_POINT('',(404.425594591788,-225.105694109427,0.));
#4069=CARTESIAN_POINT('',(404.425594591788,-225.105694109427,0.));
#4070=CARTESIAN_POINT('',(404.425594591788,-225.105694109427,2.41481539648805));
#4071=CARTESIAN_POINT('',(407.077460772912,-226.702980397579,8.));
#4072=CARTESIAN_POINT('',(406.232570712439,-225.105694109427,8.));
#4073=CARTESIAN_POINT('',(404.425594591788,-225.105694109427,8.));
#4074=CARTESIAN_POINT('',(404.425594591788,-225.105694109427,0.));
#4075=CARTESIAN_POINT('',(402.072254974566,-225.105694109427,0.));
#4076=CARTESIAN_POINT('',(399.718915357344,-225.105694109427,0.));
#4077=CARTESIAN_POINT('',(399.718915357344,-225.105694109427,0.));
#4078=CARTESIAN_POINT('',(399.718915357344,-225.105694109427,8.));
#4079=CARTESIAN_POINT('',(404.425594591788,-225.105694109427,8.));
#4080=CARTESIAN_POINT('',(402.072254974566,-225.105694109427,8.));
#4081=CARTESIAN_POINT('',(399.718915357344,-225.105694109427,8.));
#4082=CARTESIAN_POINT('',(399.718915357344,-225.105694109427,0.));
#4083=CARTESIAN_POINT('',(398.718915357344,-225.105694109427,0.));
#4084=CARTESIAN_POINT('',(398.718915357344,-224.105694109427,0.));
#4085=CARTESIAN_POINT('',(398.718915357344,-224.105694109427,0.));
#4086=CARTESIAN_POINT('',(398.718915357344,-224.105694109427,8.));
#4087=CARTESIAN_POINT('',(399.718915357344,-225.105694109427,8.));
#4088=CARTESIAN_POINT('',(398.718915357344,-225.105694109427,8.));
#4089=CARTESIAN_POINT('',(398.718915357344,-224.105694109427,8.));
#4090=CARTESIAN_POINT('',(398.718915357344,-224.105694109427,0.));
#4091=CARTESIAN_POINT('',(398.718915357344,-223.334561640107,0.));
#4092=CARTESIAN_POINT('',(398.718915357344,-222.563429170787,0.));
#4093=CARTESIAN_POINT('',(398.718915357344,-222.563429170787,0.));
#4094=CARTESIAN_POINT('',(398.718915357344,-222.563429170787,8.));
#4095=CARTESIAN_POINT('',(398.718915357344,-224.105694109427,8.));
#4096=CARTESIAN_POINT('',(398.718915357344,-223.334561640107,8.));
#4097=CARTESIAN_POINT('',(398.718915357344,-222.563429170787,8.));
#4098=CARTESIAN_POINT('',(398.718915357344,-222.563429170787,0.));
#4099=CARTESIAN_POINT('',(398.718915357344,-221.563429170787,0.));
#4100=CARTESIAN_POINT('',(399.718915357344,-221.563429170787,0.));
#4101=CARTESIAN_POINT('',(399.718915357344,-221.563429170787,0.));
#4102=CARTESIAN_POINT('',(399.718915357344,-221.563429170787,8.));
#4103=CARTESIAN_POINT('',(398.718915357344,-222.563429170787,8.));
#4104=CARTESIAN_POINT('',(398.718915357344,-221.563429170787,8.));
#4105=CARTESIAN_POINT('',(399.718915357344,-221.563429170787,8.));
#4106=CARTESIAN_POINT('',(399.718915357344,-221.563429170787,0.));
#4107=CARTESIAN_POINT('',(403.461489193465,-221.563429170787,0.));
#4108=CARTESIAN_POINT('',(407.204063029586,-221.563429170787,0.));
#4109=CARTESIAN_POINT('',(407.204063029586,-221.563429170787,0.));
#4110=CARTESIAN_POINT('',(407.204063029586,-221.563429170787,8.));
#4111=CARTESIAN_POINT('',(399.718915357344,-221.563429170787,8.));
#4112=CARTESIAN_POINT('',(403.461489193465,-221.563429170787,8.));
#4113=CARTESIAN_POINT('',(407.204063029586,-221.563429170787,8.));
#4114=CARTESIAN_POINT('',(407.204063029586,-221.563429170787,0.));
#4115=CARTESIAN_POINT('',(409.271259108389,-221.563429170787,0.));
#4116=CARTESIAN_POINT('',(410.007399838118,-223.495111456841,0.));
#4117=CARTESIAN_POINT('',(410.007399838118,-223.495111456841,0.));
#4118=CARTESIAN_POINT('',(410.007399838118,-223.495111456841,8.));
#4119=CARTESIAN_POINT('',(407.204063029586,-221.563429170787,8.));
#4120=CARTESIAN_POINT('',(409.271259108389,-221.563429170787,8.));
#4121=CARTESIAN_POINT('',(410.007399838118,-223.495111456841,8.));
#4122=CARTESIAN_POINT('',(410.007399838118,-223.495111456841,0.));
#4123=CARTESIAN_POINT('',(411.062123589016,-226.26277680127,0.));
#4124=CARTESIAN_POINT('',(413.283493139051,-228.221840601057,0.));
#4125=CARTESIAN_POINT('',(413.283493139051,-228.221840601057,0.));
#4126=CARTESIAN_POINT('',(413.283493139051,-228.221840601057,8.));
#4127=CARTESIAN_POINT('',(410.007399838118,-223.495111456841,8.));
#4128=CARTESIAN_POINT('',(411.062123589016,-226.26277680127,8.));
#4129=CARTESIAN_POINT('',(413.283493139051,-228.221840601057,8.));
#4130=CARTESIAN_POINT('',(413.283493139051,-228.221840601057,0.));
#4131=CARTESIAN_POINT('',(421.220747072245,-228.221840601058,0.));
#4132=CARTESIAN_POINT('',(429.158001005439,-228.221840601058,0.));
#4133=CARTESIAN_POINT('',(429.158001005439,-228.221840601058,0.));
#4134=CARTESIAN_POINT('',(429.158001005439,-228.221840601058,8.));
#4135=CARTESIAN_POINT('',(413.283493139051,-228.221840601057,8.));
#4136=CARTESIAN_POINT('',(421.220747072245,-228.221840601058,8.));
#4137=CARTESIAN_POINT('',(429.158001005439,-228.221840601058,8.));
#4138=CARTESIAN_POINT('',(429.158001005439,-228.221840601058,0.));
#4139=CARTESIAN_POINT('',(433.220747072245,-224.638835356799,0.));
#4140=CARTESIAN_POINT('',(433.220747072245,-219.221840601058,0.));
#4141=CARTESIAN_POINT('',(436.095291689219,-225.116577443162,1.4210854715202E-15));
#4142=CARTESIAN_POINT('',(434.939068674165,-228.03414463662,9.12009502119801E-16));
#4143=CARTESIAN_POINT('',(432.766385865656,-230.298763677981,3.6927420431909E-16));
#4144=CARTESIAN_POINT('',(431.880782890025,-231.221840601057,1.48050934714329E-16));
#4145=CARTESIAN_POINT('',(430.601578591891,-231.221840601057,0.));
#4146=CARTESIAN_POINT('',(440.427849221297,-218.133939226047,8.));
#4147=CARTESIAN_POINT('',(441.515750596306,-219.341041375099,8.));
#4148=CARTESIAN_POINT('',(440.308648447254,-220.428942750109,8.));
#4149=CARTESIAN_POINT('',(439.101546298202,-221.516844125118,8.));
#4150=CARTESIAN_POINT('',(438.013644923193,-220.309741976066,8.));
#4151=CARTESIAN_POINT('',(436.925743548184,-219.102639827013,8.));
#4152=CARTESIAN_POINT('',(438.132845697236,-218.014738452004,8.));
#4153=CARTESIAN_POINT('',(439.339947846288,-216.926837076995,8.));
#4154=CARTESIAN_POINT('',(440.427849221297,-218.133939226047,8.));
#4155=CARTESIAN_POINT('',(440.427849221297,-218.133939226047,0.));
#4156=CARTESIAN_POINT('',(439.339947846288,-216.926837076995,0.));
#4157=CARTESIAN_POINT('',(438.132845697236,-218.014738452004,0.));
#4158=CARTESIAN_POINT('',(436.925743548184,-219.102639827013,0.));
#4159=CARTESIAN_POINT('',(438.013644923193,-220.309741976066,0.));
#4160=CARTESIAN_POINT('',(439.101546298202,-221.516844125118,0.));
#4161=CARTESIAN_POINT('',(440.308648447254,-220.428942750109,0.));
#4162=CARTESIAN_POINT('',(441.515750596306,-219.341041375099,0.));
#4163=CARTESIAN_POINT('',(440.427849221297,-218.133939226047,0.));
#4164=CARTESIAN_POINT('',(440.427849221297,-218.133939226047,8.));
#4165=CARTESIAN_POINT('',(440.427849221297,-218.133939226047,-1.77635683940025E-15));
#4166=CARTESIAN_POINT('',(470.362589535028,-211.110169060977,9.08971405029299));
#4167=CARTESIAN_POINT('',(454.362589535028,-211.110169060977,9.08971405029293));
#4168=CARTESIAN_POINT('',(454.362589535028,-207.110169060977,24.));
#4169=CARTESIAN_POINT('',(454.362589535028,-211.110169060977,24.));
#4170=CARTESIAN_POINT('',(454.362589535028,-211.110169060977,3.7100677490234));
#4171=CARTESIAN_POINT('',(454.362589535028,-227.860169060977,3.7100677490234));
#4172=CARTESIAN_POINT('',(454.362589535028,-227.860169060977,0.00309753417964842));
#4173=CARTESIAN_POINT('',(454.362589535028,-207.110169060977,0.00309753417964842));
#4174=CARTESIAN_POINT('',(463.362589535028,-124.496048577579,21.0100708007812));
#4175=CARTESIAN_POINT('',(463.362589535028,-124.496048577579,3.71006774902346));
#4176=CARTESIAN_POINT('',(468.362589535028,-213.996048577579,13.0030975341797));
#4177=CARTESIAN_POINT('',(458.362589535028,-213.996048577579,13.0030975341797));
#4178=CARTESIAN_POINT('',(468.362589535028,-223.996048577579,13.0030975341797));
#4179=CARTESIAN_POINT('',(458.362589535028,-223.996048577579,13.0030975341797));
#4180=CARTESIAN_POINT('',(470.362589535028,-204.516419060977,26.9996128082276));
#4181=CARTESIAN_POINT('',(454.362589535028,-204.516419060977,26.9996128082275));
#4182=CARTESIAN_POINT('',(456.362589535028,-204.516419060977,26.9996128082275));
#4183=CARTESIAN_POINT('',(472.362589535028,-204.516419060977,26.9996128082276));
#4184=CARTESIAN_POINT('',(472.362589535028,-211.110169060977,24.));
#4185=CARTESIAN_POINT('',(472.362589535028,-207.110169060977,24.));
#4186=CARTESIAN_POINT('',(470.362589535028,-211.110169060977,9.08971405029299));
#4187=CARTESIAN_POINT('',(472.362589535028,-211.110169060977,9.089714050293));
#4188=CARTESIAN_POINT('',(470.362589535028,-216.110169060977,3.71006774902346));
#4189=CARTESIAN_POINT('',(472.362589535028,-216.110169060977,3.71006774902347));
#4190=CARTESIAN_POINT('',(472.362589535028,-227.860169060977,3.71006774902347));
#4191=CARTESIAN_POINT('',(472.362589535028,-227.860169060977,0.00309753417971947));
#4192=CARTESIAN_POINT('',(472.362589535028,-207.110169060977,0.00309753417971947));
#4193=CARTESIAN_POINT('',(454.362589535028,-207.110169060977,24.));
#4194=CARTESIAN_POINT('',(454.362589535028,-211.110169060977,24.));
#4195=CARTESIAN_POINT('',(454.362589535028,-211.110169060977,9.08971405029293));
#4196=CARTESIAN_POINT('',(456.362589535028,-211.110169060977,9.08971405029294));
#4197=CARTESIAN_POINT('',(454.362589535028,-216.110169060977,3.7100677490234));
#4198=CARTESIAN_POINT('',(456.362589535028,-216.110169060977,3.71006774902341));
#4199=CARTESIAN_POINT('',(454.362589535028,-227.860169060977,3.7100677490234));
#4200=CARTESIAN_POINT('',(454.362589535028,-227.860169060977,0.00309753417964842));
#4201=CARTESIAN_POINT('',(454.362589535028,-207.110169060977,0.00309753417964842));
#4202=CARTESIAN_POINT('',(461.737589535028,-211.110169060977,21.0100708007812));
#4203=CARTESIAN_POINT('',(461.737589535028,-207.110169060977,21.0100708007812));
#4204=CARTESIAN_POINT('',(461.737589535028,-211.110169060977,3.71006774902343));
#4205=CARTESIAN_POINT('',(464.987589535028,-211.110169060977,3.71006774902344));
#4206=CARTESIAN_POINT('',(464.987589535028,-227.860169060977,3.71006774902344));
#4207=CARTESIAN_POINT('',(461.737589535028,-227.860169060977,3.71006774902343));
#4208=CARTESIAN_POINT('',(461.737589535028,-207.110169060977,3.71006774902343));
#4209=CARTESIAN_POINT('',(456.362589535028,-211.110169060977,3.71006774902341));
#4210=CARTESIAN_POINT('',(470.362589535028,-211.110169060977,3.71006774902346));
#4211=CARTESIAN_POINT('',(466.862589535028,-213.996048577579,3.71006774902345));
#4212=CARTESIAN_POINT('',(466.862589535028,-213.996048577579,0.00309753417969816));
#4213=CARTESIAN_POINT('',(456.862589535028,-213.996048577579,0.00309753417965908));
#4214=CARTESIAN_POINT('',(456.862589535028,-213.996048577579,3.71006774902341));
#4215=CARTESIAN_POINT('',(466.862589535028,-223.996048577579,3.71006774902345));
#4216=CARTESIAN_POINT('',(466.862589535028,-223.996048577579,0.00309753417969816));
#4217=CARTESIAN_POINT('',(456.862589535028,-223.996048577579,0.00309753417965908));
#4218=CARTESIAN_POINT('',(456.862589535028,-223.996048577579,3.71006774902341));
#4219=CARTESIAN_POINT('',(472.362589535028,-207.110169060977,24.));
#4220=CARTESIAN_POINT('',(472.362589535028,-211.110169060977,24.));
#4221=CARTESIAN_POINT('',(470.362589535028,-211.110169060977,9.08971405029299));
#4222=CARTESIAN_POINT('',(472.362589535028,-211.110169060977,9.089714050293));
#4223=CARTESIAN_POINT('',(472.362589535028,-211.110169060977,24.));
#4224=CARTESIAN_POINT('',(472.362589535028,-211.110169060977,9.089714050293));
#4225=CARTESIAN_POINT('',(470.362589535028,-211.110169060977,9.08971405029299));
#4226=CARTESIAN_POINT('',(470.362589535028,-216.110169060977,3.71006774902346));
#4227=CARTESIAN_POINT('',(470.362589535028,-216.110169060977,3.71006774902346));
#4228=CARTESIAN_POINT('',(472.362589535028,-216.110169060977,3.71006774902347));
#4229=CARTESIAN_POINT('',(472.362589535028,-211.110169060977,9.089714050293));
#4230=CARTESIAN_POINT('',(472.362589535028,-216.110169060977,3.71006774902347));
#4231=CARTESIAN_POINT('',(472.362589535028,-216.110169060977,3.71006774902347));
#4232=CARTESIAN_POINT('',(472.362589535028,-227.860169060977,3.71006774902347));
#4233=CARTESIAN_POINT('',(472.362589535028,-227.860169060977,3.71006774902347));
#4234=CARTESIAN_POINT('',(472.362589535028,-227.860169060977,0.00309753417971947));
#4235=CARTESIAN_POINT('',(472.362589535028,-227.860169060977,0.00309753417971947));
#4236=CARTESIAN_POINT('',(472.362589535028,-207.110169060977,0.00309753417971947));
#4237=CARTESIAN_POINT('',(472.362589535028,-207.110169060977,0.00309753417971947));
#4238=CARTESIAN_POINT('',(472.362589535028,-207.110169060977,24.));
#4239=CARTESIAN_POINT('',(454.362589535028,-207.110169060977,24.));
#4240=CARTESIAN_POINT('',(454.362589535028,-211.110169060977,24.));
#4241=CARTESIAN_POINT('',(454.362589535028,-211.110169060977,24.));
#4242=CARTESIAN_POINT('',(454.362589535028,-211.110169060977,9.08971405029293));
#4243=CARTESIAN_POINT('',(454.362589535028,-211.110169060977,9.08971405029293));
#4244=CARTESIAN_POINT('',(456.362589535028,-211.110169060977,9.08971405029294));
#4245=CARTESIAN_POINT('',(454.362589535028,-211.110169060977,9.08971405029293));
#4246=CARTESIAN_POINT('',(454.362589535028,-216.110169060977,3.7100677490234));
#4247=CARTESIAN_POINT('',(454.362589535028,-216.110169060977,3.7100677490234));
#4248=CARTESIAN_POINT('',(456.362589535028,-216.110169060977,3.71006774902341));
#4249=CARTESIAN_POINT('',(456.362589535028,-211.110169060977,9.08971405029294));
#4250=CARTESIAN_POINT('',(456.362589535028,-216.110169060977,3.71006774902341));
#4251=CARTESIAN_POINT('',(454.362589535028,-216.110169060977,3.7100677490234));
#4252=CARTESIAN_POINT('',(454.362589535028,-227.860169060977,3.7100677490234));
#4253=CARTESIAN_POINT('',(454.362589535028,-227.860169060977,3.7100677490234));
#4254=CARTESIAN_POINT('',(454.362589535028,-227.860169060977,0.00309753417964842));
#4255=CARTESIAN_POINT('',(454.362589535028,-227.860169060977,0.00309753417964842));
#4256=CARTESIAN_POINT('',(454.362589535028,-207.110169060977,0.00309753417964842));
#4257=CARTESIAN_POINT('',(454.362589535028,-207.110169060977,0.00309753417964842));
#4258=CARTESIAN_POINT('',(454.362589535028,-207.110169060977,24.));
#4259=CARTESIAN_POINT('',(461.737589535028,-211.110169060977,21.0100708007812));
#4260=CARTESIAN_POINT('',(461.737589535028,-211.110169060977,22.6350708007812));
#4261=CARTESIAN_POINT('',(463.362589535028,-211.110169060977,22.6350708007812));
#4262=CARTESIAN_POINT('',(464.987589535028,-211.110169060977,22.6350708007813));
#4263=CARTESIAN_POINT('',(464.987589535028,-211.110169060977,21.0100708007813));
#4264=CARTESIAN_POINT('',(464.987589535028,-211.110169060977,19.3850708007813));
#4265=CARTESIAN_POINT('',(463.362589535028,-211.110169060977,19.3850708007812));
#4266=CARTESIAN_POINT('',(461.737589535028,-211.110169060977,19.3850708007812));
#4267=CARTESIAN_POINT('',(461.737589535028,-211.110169060977,21.0100708007812));
#4268=CARTESIAN_POINT('',(461.737589535028,-207.110169060977,21.0100708007812));
#4269=CARTESIAN_POINT('',(461.737589535028,-207.110169060977,19.3850708007812));
#4270=CARTESIAN_POINT('',(463.362589535028,-207.110169060977,19.3850708007812));
#4271=CARTESIAN_POINT('',(464.987589535028,-207.110169060977,19.3850708007813));
#4272=CARTESIAN_POINT('',(464.987589535028,-207.110169060977,21.0100708007813));
#4273=CARTESIAN_POINT('',(464.987589535028,-207.110169060977,22.6350708007813));
#4274=CARTESIAN_POINT('',(463.362589535028,-207.110169060977,22.6350708007812));
#4275=CARTESIAN_POINT('',(461.737589535028,-207.110169060977,22.6350708007812));
#4276=CARTESIAN_POINT('',(461.737589535028,-207.110169060977,21.0100708007812));
#4277=CARTESIAN_POINT('',(461.737589535028,-207.110169060977,21.0100708007812));
#4278=CARTESIAN_POINT('',(461.737589535028,-211.110169060977,21.0100708007812));
#4279=CARTESIAN_POINT('',(461.737589535028,-211.110169060977,3.71006774902343));
#4280=CARTESIAN_POINT('',(461.737589535028,-211.110169060977,5.33506774902338));
#4281=CARTESIAN_POINT('',(463.362589535028,-211.110169060977,5.33506774902338));
#4282=CARTESIAN_POINT('',(464.987589535028,-211.110169060977,5.33506774902338));
#4283=CARTESIAN_POINT('',(464.987589535028,-211.110169060977,3.71006774902344));
#4284=CARTESIAN_POINT('',(464.987589535028,-211.110169060977,3.71006774902344));
#4285=CARTESIAN_POINT('',(464.987589535028,-227.860169060977,3.71006774902344));
#4286=CARTESIAN_POINT('',(461.737589535028,-211.110169060977,3.71006774902343));
#4287=CARTESIAN_POINT('',(461.737589535028,-227.860169060977,3.71006774902343));
#4288=CARTESIAN_POINT('',(464.987589535028,-227.860169060977,3.71006774902344));
#4289=CARTESIAN_POINT('',(464.987589535028,-227.860169060977,2.08506774902356));
#4290=CARTESIAN_POINT('',(463.362589535028,-227.860169060977,2.08506774902355));
#4291=CARTESIAN_POINT('',(461.737589535028,-227.860169060977,2.08506774902353));
#4292=CARTESIAN_POINT('',(461.737589535028,-227.860169060977,3.71006774902343));
#4293=CARTESIAN_POINT('',(461.737589535028,-207.110169060977,3.71006774902343));
#4294=CARTESIAN_POINT('',(461.737589535028,-207.110169060977,2.08506774902343));
#4295=CARTESIAN_POINT('',(463.362589535028,-207.110169060977,2.08506774902343));
#4296=CARTESIAN_POINT('',(464.987589535028,-207.110169060977,2.08506774902344));
#4297=CARTESIAN_POINT('',(464.987589535028,-207.110169060977,3.71006774902344));
#4298=CARTESIAN_POINT('',(464.987589535028,-207.110169060977,5.33506774902344));
#4299=CARTESIAN_POINT('',(463.362589535028,-207.110169060977,5.33506774902343));
#4300=CARTESIAN_POINT('',(461.737589535028,-207.110169060977,5.33506774902343));
#4301=CARTESIAN_POINT('',(461.737589535028,-207.110169060977,3.71006774902343));
#4302=CARTESIAN_POINT('',(464.987589535028,-211.110169060977,3.71006774902344));
#4303=CARTESIAN_POINT('',(470.362589535028,-211.110169060977,3.71006774902346));
#4304=CARTESIAN_POINT('',(461.737589535028,-207.110169060977,3.71006774902343));
#4305=CARTESIAN_POINT('',(461.737589535028,-211.110169060977,3.71006774902343));
#4306=CARTESIAN_POINT('',(456.362589535028,-211.110169060977,3.71006774902341));
#4307=CARTESIAN_POINT('',(456.362589535028,-211.110169060977,9.08971405029294));
#4308=CARTESIAN_POINT('',(456.362589535028,-216.110169060977,3.71006774902341));
#4309=CARTESIAN_POINT('',(456.362589535028,-211.110169060977,3.71006774902341));
#4310=CARTESIAN_POINT('',(456.362589535028,-211.110169060977,3.71006774902341));
#4311=CARTESIAN_POINT('',(461.737589535028,-211.110169060977,3.71006774902343));
#4312=CARTESIAN_POINT('',(454.362589535028,-227.860169060977,3.7100677490234));
#4313=CARTESIAN_POINT('',(456.362589535028,-227.860169060977,3.71006774902341));
#4314=CARTESIAN_POINT('',(461.737589535028,-227.860169060977,3.71006774902343));
#4315=CARTESIAN_POINT('',(470.362589535028,-216.110169060977,3.71006774902346));
#4316=CARTESIAN_POINT('',(470.362589535028,-211.110169060977,3.71006774902346));
#4317=CARTESIAN_POINT('',(470.362589535028,-211.110169060977,3.71006774902346));
#4318=CARTESIAN_POINT('',(470.362589535028,-211.110169060977,9.08971405029299));
#4319=CARTESIAN_POINT('',(454.362589535028,-211.110169060977,24.));
#4320=CARTESIAN_POINT('',(456.362589535028,-211.110169060977,24.));
#4321=CARTESIAN_POINT('',(470.362589535028,-211.110169060977,24.));
#4322=CARTESIAN_POINT('',(472.362589535028,-211.110169060977,24.));
#4323=CARTESIAN_POINT('',(454.362589535028,-207.110169060977,24.));
#4324=CARTESIAN_POINT('',(456.362589535028,-207.110169060977,24.));
#4325=CARTESIAN_POINT('',(470.362589535028,-207.110169060977,24.));
#4326=CARTESIAN_POINT('',(472.362589535028,-207.110169060977,24.));
#4327=CARTESIAN_POINT('',(464.987589535028,-227.860169060977,3.71006774902344));
#4328=CARTESIAN_POINT('',(470.362589535028,-227.860169060977,3.71006774902346));
#4329=CARTESIAN_POINT('',(472.362589535028,-227.860169060977,3.71006774902347));
#4330=CARTESIAN_POINT('',(454.362589535028,-227.860169060977,0.00309753417964842));
#4331=CARTESIAN_POINT('',(456.362589535028,-227.860169060977,0.00309753417965908));
#4332=CARTESIAN_POINT('',(470.362589535028,-227.860169060977,0.00309753417971237));
#4333=CARTESIAN_POINT('',(472.362589535028,-227.860169060977,0.00309753417971947));
#4334=CARTESIAN_POINT('',(454.362589535028,-207.110169060977,0.00309753417964842));
#4335=CARTESIAN_POINT('',(456.362589535028,-207.110169060977,0.00309753417965908));
#4336=CARTESIAN_POINT('',(470.362589535028,-207.110169060977,0.00309753417971237));
#4337=CARTESIAN_POINT('',(472.362589535028,-207.110169060977,0.00309753417971947));
#4338=CARTESIAN_POINT('',(466.862589535028,-213.996048577579,3.71006774902345));
#4339=CARTESIAN_POINT('',(466.862589535028,-212.496048577579,3.71006774902345));
#4340=CARTESIAN_POINT('',(468.362589535028,-212.496048577579,3.71006774902346));
#4341=CARTESIAN_POINT('',(469.862589535028,-212.496048577579,3.71006774902346));
#4342=CARTESIAN_POINT('',(469.862589535028,-213.996048577579,3.71006774902346));
#4343=CARTESIAN_POINT('',(469.862589535028,-215.496048577579,3.71006774902346));
#4344=CARTESIAN_POINT('',(468.362589535028,-215.496048577579,3.71006774902346));
#4345=CARTESIAN_POINT('',(466.862589535028,-215.496048577579,3.71006774902345));
#4346=CARTESIAN_POINT('',(466.862589535028,-213.996048577579,3.71006774902345));
#4347=CARTESIAN_POINT('',(466.862589535028,-213.996048577579,0.00309753417969816));
#4348=CARTESIAN_POINT('',(466.862589535028,-215.496048577579,0.0030975341797069));
#4349=CARTESIAN_POINT('',(468.362589535028,-215.496048577579,0.00309753417970526));
#4350=CARTESIAN_POINT('',(469.862589535028,-215.496048577579,0.00309753417971695));
#4351=CARTESIAN_POINT('',(469.862589535028,-213.996048577579,0.00309753417970882));
#4352=CARTESIAN_POINT('',(469.862589535028,-212.496048577579,0.00309753417971695));
#4353=CARTESIAN_POINT('',(468.362589535028,-212.496048577579,0.00309753417970526));
#4354=CARTESIAN_POINT('',(466.862589535028,-212.496048577579,0.0030975341797069));
#4355=CARTESIAN_POINT('',(466.862589535028,-213.996048577579,0.00309753417969816));
#4356=CARTESIAN_POINT('',(466.862589535028,-213.996048577579,3.71006774902345));
#4357=CARTESIAN_POINT('',(466.862589535028,-213.996048577579,0.00309753417969816));
#4358=CARTESIAN_POINT('',(456.862589535028,-213.996048577579,0.00309753417965908));
#4359=CARTESIAN_POINT('',(456.862589535028,-215.496048577579,0.00309753417966671));
#4360=CARTESIAN_POINT('',(458.362589535028,-215.496048577579,0.00309753417966618));
#4361=CARTESIAN_POINT('',(459.862589535028,-215.496048577579,0.00309753417967676));
#4362=CARTESIAN_POINT('',(459.862589535028,-213.996048577579,0.00309753417966974));
#4363=CARTESIAN_POINT('',(459.862589535028,-212.496048577579,0.00309753417967676));
#4364=CARTESIAN_POINT('',(458.362589535028,-212.496048577579,0.00309753417966618));
#4365=CARTESIAN_POINT('',(456.862589535028,-212.496048577579,0.00309753417966671));
#4366=CARTESIAN_POINT('',(456.862589535028,-213.996048577579,0.00309753417965908));
#4367=CARTESIAN_POINT('',(456.862589535028,-213.996048577579,3.71006774902341));
#4368=CARTESIAN_POINT('',(456.862589535028,-212.496048577579,3.71006774902341));
#4369=CARTESIAN_POINT('',(458.362589535028,-212.496048577579,3.71006774902342));
#4370=CARTESIAN_POINT('',(459.862589535028,-212.496048577579,3.71006774902342));
#4371=CARTESIAN_POINT('',(459.862589535028,-213.996048577579,3.71006774902342));
#4372=CARTESIAN_POINT('',(459.862589535028,-215.496048577579,3.71006774902342));
#4373=CARTESIAN_POINT('',(458.362589535028,-215.496048577579,3.71006774902342));
#4374=CARTESIAN_POINT('',(456.862589535028,-215.496048577579,3.71006774902341));
#4375=CARTESIAN_POINT('',(456.862589535028,-213.996048577579,3.71006774902341));
#4376=CARTESIAN_POINT('',(456.862589535028,-213.996048577579,3.71006774902341));
#4377=CARTESIAN_POINT('',(456.862589535028,-213.996048577579,0.00309753417965908));
#4378=CARTESIAN_POINT('',(466.862589535028,-223.996048577579,3.71006774902345));
#4379=CARTESIAN_POINT('',(466.862589535028,-222.496048577579,3.71006774902345));
#4380=CARTESIAN_POINT('',(468.362589535028,-222.496048577579,3.71006774902346));
#4381=CARTESIAN_POINT('',(469.862589535028,-222.496048577579,3.71006774902346));
#4382=CARTESIAN_POINT('',(469.862589535028,-223.996048577579,3.71006774902346));
#4383=CARTESIAN_POINT('',(469.862589535028,-225.496048577579,3.71006774902346));
#4384=CARTESIAN_POINT('',(468.362589535028,-225.496048577579,3.71006774902346));
#4385=CARTESIAN_POINT('',(466.862589535028,-225.496048577579,3.71006774902345));
#4386=CARTESIAN_POINT('',(466.862589535028,-223.996048577579,3.71006774902345));
#4387=CARTESIAN_POINT('',(466.862589535028,-223.996048577579,0.00309753417969816));
#4388=CARTESIAN_POINT('',(466.862589535028,-225.496048577579,0.0030975341797069));
#4389=CARTESIAN_POINT('',(468.362589535028,-225.496048577579,0.00309753417970526));
#4390=CARTESIAN_POINT('',(469.862589535028,-225.496048577579,0.00309753417971695));
#4391=CARTESIAN_POINT('',(469.862589535028,-223.996048577579,0.00309753417970882));
#4392=CARTESIAN_POINT('',(469.862589535028,-222.496048577579,0.00309753417971695));
#4393=CARTESIAN_POINT('',(468.362589535028,-222.496048577579,0.00309753417970526));
#4394=CARTESIAN_POINT('',(466.862589535028,-222.496048577579,0.0030975341797069));
#4395=CARTESIAN_POINT('',(466.862589535028,-223.996048577579,0.00309753417969816));
#4396=CARTESIAN_POINT('',(466.862589535028,-223.996048577579,3.71006774902345));
#4397=CARTESIAN_POINT('',(466.862589535028,-223.996048577579,0.00309753417969816));
#4398=CARTESIAN_POINT('',(456.862589535028,-223.996048577579,0.00309753417965908));
#4399=CARTESIAN_POINT('',(456.862589535028,-225.496048577579,0.00309753417966671));
#4400=CARTESIAN_POINT('',(458.362589535028,-225.496048577579,0.00309753417966618));
#4401=CARTESIAN_POINT('',(459.862589535028,-225.496048577579,0.00309753417967676));
#4402=CARTESIAN_POINT('',(459.862589535028,-223.996048577579,0.00309753417966974));
#4403=CARTESIAN_POINT('',(459.862589535028,-222.496048577579,0.00309753417967676));
#4404=CARTESIAN_POINT('',(458.362589535028,-222.496048577579,0.00309753417966618));
#4405=CARTESIAN_POINT('',(456.862589535028,-222.496048577579,0.00309753417966671));
#4406=CARTESIAN_POINT('',(456.862589535028,-223.996048577579,0.00309753417965908));
#4407=CARTESIAN_POINT('',(456.862589535028,-223.996048577579,3.71006774902341));
#4408=CARTESIAN_POINT('',(456.862589535028,-222.496048577579,3.71006774902341));
#4409=CARTESIAN_POINT('',(458.362589535028,-222.496048577579,3.71006774902342));
#4410=CARTESIAN_POINT('',(459.862589535028,-222.496048577579,3.71006774902342));
#4411=CARTESIAN_POINT('',(459.862589535028,-223.996048577579,3.71006774902342));
#4412=CARTESIAN_POINT('',(459.862589535028,-225.496048577579,3.71006774902342));
#4413=CARTESIAN_POINT('',(458.362589535028,-225.496048577579,3.71006774902342));
#4414=CARTESIAN_POINT('',(456.862589535028,-225.496048577579,3.71006774902341));
#4415=CARTESIAN_POINT('',(456.862589535028,-223.996048577579,3.71006774902341));
#4416=CARTESIAN_POINT('',(456.862589535028,-223.996048577579,3.71006774902341));
#4417=CARTESIAN_POINT('',(456.862589535028,-223.996048577579,0.00309753417965908));
#4418=CARTESIAN_POINT('',(0.,0.,0.));
ENDSEC;
END-ISO-10303-21;
