  0
SECTION
  2
HEADER
  9
$ACADVER
  1
AC1009
  9
$DWGCODEPAGE
  3
ansi_1252
  9
$INSBASE
 10
0.0
 20
0.0
 30
0.0
  9
$EXTMIN
 10
543.8553960584788
 20
-228.4560370897391
 30
-5.0
  9
$EXTMAX
 10
790.2229732512101
 20
394.5439621950051
 30
7.235084533691406
  9
$LIMMIN
 10
0.0
 20
0.0
  9
$LIMMAX
 10
12.0
 20
9.0
  9
$ORTHOMODE
 70
     0
  9
$REGENMODE
 70
     1
  9
$FILLMODE
 70
     1
  9
$QTEXTMODE
 70
     0
  9
$MIRRTEXT
 70
     1
  9
$DRAGMODE
 70
     2
  9
$LTSCALE
 40
1.0
  9
$OSMODE
 70
    37
  9
$ATTMODE
 70
     1
  9
$TEXTSIZE
 40
0.2
  9
$TRACEWID
 40
0.05
  9
$TEXTSTYLE
  7
STANDARD
  9
$CLAYER
  8
DEFAULT
  9
$CELTYPE
  6
BYLAYER
  9
$CECOLOR
 62
   256
  9
$DIMSCALE
 40
1.0
  9
$DIMASZ
 40
0.18
  9
$DIMEXO
 40
0.0625
  9
$DIMDLI
 40
0.38
  9
$DIMRND
 40
0.0
  9
$DIMDLE
 40
0.0
  9
$DIMEXE
 40
0.18
  9
$DIMTP
 40
0.0
  9
$DIMTM
 40
0.0
  9
$DIMTXT
 40
0.18
  9
$DIMCEN
 40
0.09
  9
$DIMTSZ
 40
0.0
  9
$DIMTOL
 70
     0
  9
$DIMLIM
 70
     0
  9
$DIMTIH
 70
     1
  9
$DIMTOH
 70
     1
  9
$DIMSE1
 70
     0
  9
$DIMSE2
 70
     0
  9
$DIMTAD
 70
     0
  9
$DIMZIN
 70
     0
  9
$DIMBLK
  1

  9
$DIMASO
 70
     1
  9
$DIMSHO
 70
     1
  9
$DIMPOST
  1

  9
$DIMAPOST
  1

  9
$DIMALT
 70
     0
  9
$DIMALTD
 70
     2
  9
$DIMALTF
 40
25.4
  9
$DIMLFAC
 40
1.0
  9
$DIMTOFL
 70
     0
  9
$DIMTVP
 40
0.0
  9
$DIMTIX
 70
     0
  9
$DIMSOXD
 70
     0
  9
$DIMSAH
 70
     0
  9
$DIMBLK1
  1

  9
$DIMBLK2
  1

  9
$DIMSTYLE
  2
STANDARD_ACAD
  9
$DIMCLRD
 70
     0
  9
$DIMCLRE
 70
     0
  9
$DIMCLRT
 70
     0
  9
$DIMTFAC
 40
1.0
  9
$DIMGAP
 40
0.09
  9
$LUNITS
 70
     2
  9
$LUPREC
 70
     3
  9
$SKETCHINC
 40
0.1
  9
$FILLETRAD
 40
0.0
  9
$AUNITS
 70
     0
  9
$AUPREC
 70
     0
  9
$MENU
  1
.
  9
$ELEVATION
 40
0.0
  9
$PELEVATION
 40
0.0
  9
$THICKNESS
 40
0.0
  9
$LIMCHECK
 70
     0
  9
$CHAMFERA
 40
0.0
  9
$CHAMFERB
 40
0.0
  9
$SKPOLY
 70
     0
  9
$TDCREATE
 40
2460846.773441817
  9
$TDUPDATE
 40
2460846.773456898
  9
$TDINDWG
 40
0.0000000116
  9
$TDUSRTIMER
 40
0.0000000116
  9
$USRTIMER
 70
     1
  9
$ANGBASE
 50
0.0
  9
$ANGDIR
 70
     0
  9
$PDMODE
 70
     0
  9
$PDSIZE
 40
0.0
  9
$PLINEWID
 40
0.0
  9
$COORDS
 70
     1
  9
$SPLFRAME
 70
     0
  9
$SPLINETYPE
 70
     6
  9
$SPLINESEGS
 70
     8
  9
$ATTDIA
 70
     0
  9
$ATTREQ
 70
     1
  9
$HANDLING
 70
     1
  9
$HANDSEED
  5
149B
  9
$SURFTAB1
 70
     6
  9
$SURFTAB2
 70
     6
  9
$SURFTYPE
 70
     6
  9
$SURFU
 70
     6
  9
$SURFV
 70
     6
  9
$UCSNAME
  2

  9
$UCSORG
 10
0.0
 20
0.0
 30
0.0
  9
$UCSXDIR
 10
1.0
 20
0.0
 30
0.0
  9
$UCSYDIR
 10
0.0
 20
1.0
 30
0.0
  9
$PUCSNAME
  2

  9
$PUCSORG
 10
0.0
 20
0.0
 30
0.0
  9
$PUCSXDIR
 10
1.0
 20
0.0
 30
0.0
  9
$PUCSYDIR
 10
0.0
 20
1.0
 30
0.0
  9
$USERI1
 70
     0
  9
$USERI2
 70
     0
  9
$USERI3
 70
     0
  9
$USERI4
 70
     0
  9
$USERI5
 70
     0
  9
$USERR1
 40
0.0
  9
$USERR2
 40
0.0
  9
$USERR3
 40
0.0
  9
$USERR4
 40
0.0
  9
$USERR5
 40
0.0
  9
$WORLDVIEW
 70
     1
  9
$SHADEDGE
 70
     3
  9
$SHADEDIF
 70
    70
  9
$TILEMODE
 70
     1
  9
$MAXACTVP
 70
    64
  9
$PLIMCHECK
 70
     0
  9
$PEXTMIN
 10
1.000000000000000E+20
 20
1.000000000000000E+20
 30
1.000000000000000E+20
  9
$PEXTMAX
 10
-1.000000000000000E+20
 20
-1.000000000000000E+20
 30
-1.000000000000000E+20
  9
$PLIMMIN
 10
0.0
 20
0.0
  9
$PLIMMAX
 10
12.0
 20
9.0
  9
$UNITMODE
 70
     0
  9
$VISRETAIN
 70
     1
  9
$PLINEGEN
 70
     0
  9
$PSLTSCALE
 70
     1
  0
ENDSEC
  0
SECTION
  2
TABLES
  0
TABLE
  2
VPORT
 70
     1
  0
VPORT
  2
*ACTIVE
 70
     0
 10
0.0
 20
0.0
 11
1.0
 21
1.0
 12
10.42990654205607
 22
4.5
 13
0.0
 23
0.0
 14
0.5
 24
0.5
 15
0.5
 25
0.5
 16
0.0
 26
0.0
 36
1.0
 17
0.0
 27
0.0
 37
0.0
 40
9.0
 41
1.972972972850329
 42
50.0
 43
0.0
 44
0.0
 50
0.0
 51
0.0
 71
     0
 72
   100
 73
     1
 74
     3
 75
     0
 76
     0
 77
     0
 78
     0
  0
ENDTAB
  0
TABLE
  2
LTYPE
 70
     1
  0
LTYPE
  2
CONTINUOUS
 70
     0
  3
Solid line
 72
    65
 73
     0
 40
0.0
  0
ENDTAB
  0
TABLE
  2
LAYER
 70
     4
  0
LAYER
  2
0
 70
     0
 62
     7
  6
CONTINUOUS
  0
LAYER
  2
FAB
 70
     0
 62
     7
  6
CONTINUOUS
  0
LAYER
  2
DEFAULT
 70
     0
 62
     7
  6
CONTINUOUS
  0
LAYER
  2
SPACERS
 70
     0
 62
     7
  6
CONTINUOUS
  0
ENDTAB
  0
TABLE
  2
STYLE
 70
     1
  0
STYLE
  2
STANDARD
 70
     0
 40
0.0
 41
1.0
 50
0.0
 71
     0
 42
0.2
  3
txt
  4

  0
ENDTAB
  0
TABLE
  2
VIEW
 70
     0
  0
ENDTAB
  0
TABLE
  2
UCS
 70
     0
  0
ENDTAB
  0
TABLE
  2
APPID
 70
     2
  0
APPID
  2
ACAD
 70
     0
  0
APPID
  2
RHINO
 70
     0
  0
ENDTAB
  0
TABLE
  2
DIMSTYLE
 70
     1
  0
DIMSTYLE
  2
STANDARD_ACAD
 70
     0
  3

  4

  5

  6

  7

 40
1.0
 41
0.18
 42
0.0625
 43
0.38
 44
0.18
 45
0.0
 46
0.0
 47
0.0
 48
0.0
140
0.18
141
0.09
142
0.0
143
25.4
144
1.0
145
0.0
146
1.0
147
0.09
 71
     0
 72
     0
 73
     1
 74
     1
 75
     0
 76
     0
 77
     0
 78
     0
170
     0
171
     2
172
     0
173
     0
174
     0
175
     0
176
     0
177
     0
178
     0
  0
ENDTAB
  0
ENDSEC
  0
SECTION
  2
BLOCKS
  0
BLOCK
  8
0
  2
$MODEL_SPACE
 70
     0
 10
0.0
 20
0.0
 30
0.0
  3
$MODEL_SPACE
  1

  0
ENDBLK
  5
21
  8
0
  0
BLOCK
 67
     1
  8
0
  2
$PAPER_SPACE
 70
     0
 10
0.0
 20
0.0
 30
0.0
  3
$PAPER_SPACE
  1

  0
ENDBLK
  5
1D
 67
     1
  8
0
  0
ENDSEC
  0
SECTION
  2
ENTITIES
  0
CIRCLE
  5
60
  8
FAB
 10
640.8553953432208
 20
-173.4560370897391
 30
0.0
 40
1.5
  0
CIRCLE
  5
61
  8
FAB
 10
640.8553953432208
 20
-133.4560370897391
 30
0.0
 40
1.5
  0
POLYLINE
  5
62
  8
FAB
 66
     1
 10
0.0
 20
0.0
 30
0.0
 70
     1
  0
VERTEX
  5
63
  8
FAB
 10
622.3553953432208
 20
-173.4560370897392
 30
0.0
 42
0.4142135623731107
  0
VERTEX
  5
64
  8
FAB
 10
620.8553953432208
 20
-171.9560370897392
 30
0.0
  0
VERTEX
  5
65
  8
FAB
 10
610.8553953432208
 20
-171.9560370897392
 30
0.0
 42
0.9999999999999999
  0
VERTEX
  5
66
  8
FAB
 10
610.8553953432208
 20
-174.9560370897392
 30
0.0
  0
VERTEX
  5
67
  8
FAB
 10
620.8553953432208
 20
-174.9560370897392
 30
0.0
 42
0.4142135623730793
  0
SEQEND
  5
68
  8
FAB
  0
CIRCLE
  5
69
  8
FAB
 10
650.8553953432208
 20
-173.4560370897392
 30
0.0
 40
1.5
  0
CIRCLE
  5
6A
  8
FAB
 10
650.8553953432208
 20
-133.4560370897391
 30
0.0
 40
1.5
  0
CIRCLE
  5
6B
  8
FAB
 10
620.8553953432208
 20
-133.4560370897391
 30
0.0
 40
1.5
  0
CIRCLE
  5
6C
  8
FAB
 10
610.8553953432208
 20
-133.4560370897391
 30
0.0
 40
1.5
  0
POLYLINE
  5
6D
  8
FAB
 66
     1
 10
0.0
 20
0.0
 30
0.0
 70
     1
  0
VERTEX
  5
6E
  8
FAB
 10
655.8553953432208
 20
-131.8702506521122
 30
0.0
 42
0.4142135623730951
  0
VERTEX
  5
6F
  8
FAB
 10
652.4411817808477
 20
-128.4560370897391
 30
0.0
  0
VERTEX
  5
70
  8
FAB
 10
609.2696089055939
 20
-128.4560370897391
 30
0.0
 42
0.4142135623730951
  0
VERTEX
  5
71
  8
FAB
 10
605.8553953432208
 20
-131.8702506521122
 30
0.0
  0
VERTEX
  5
72
  8
FAB
 10
605.8553953432207
 20
-175.0418235273659
 30
0.0
 42
0.4142135623730951
  0
VERTEX
  5
73
  8
FAB
 10
609.2696089055938
 20
-178.456037089739
 30
0.0
  0
VERTEX
  5
74
  8
FAB
 10
652.4411817808477
 20
-178.4560370897391
 30
0.0
 42
0.4142135623730951
  0
VERTEX
  5
75
  8
FAB
 10
655.8553953432208
 20
-175.041823527366
 30
0.0
  0
SEQEND
  5
76
  8
FAB
  0
CIRCLE
  5
77
  8
FAB
 10
-640.8553953432208
 20
-173.4560370897391
 30
0.0
 40
1.5
210
0.0
220
0.0
230
-1.0
  0
CIRCLE
  5
78
  8
FAB
 10
-620.855395343221
 20
-173.4560370897393
 30
0.0
 40
1.500000000000114
210
0.0
220
0.0
230
-1.0
  0
CIRCLE
  5
79
  8
FAB
 10
-620.855395343221
 20
-133.4560370897393
 30
0.0
 40
1.500000000000114
210
0.0
220
0.0
230
-1.0
  0
CIRCLE
  5
7A
  8
FAB
 10
-640.8553953432208
 20
-133.4560370897391
 30
0.0
 40
1.5
210
0.0
220
0.0
230
-1.0
  0
CIRCLE
  5
7B
  8
FAB
 10
-610.855395343221
 20
-153.4560370897393
 30
0.0
 40
1.500000000000114
210
0.0
220
0.0
230
-1.0
  0
CIRCLE
  5
7C
  8
FAB
 10
650.855395343221
 20
-153.4560370897391
 30
0.0
 40
1.499999999999886
  0
CIRCLE
  5
7E
  8
DEFAULT
 10
630.8553953432208
 20
-153.4560370897391
 30
0.0
 40
15.60962126072098
  0
POLYLINE
  5
7F
  8
FAB
 66
     1
 10
0.0
 20
0.0
 30
0.0
 70
     1
  0
VERTEX
  5
80
  8
FAB
 10
566.8553953432213
 20
-154.9560370897392
 30
0.0
 42
0.4142135623730793
  0
VERTEX
  5
81
  8
FAB
 10
568.3553953432213
 20
-153.4560370897392
 30
0.0
  0
VERTEX
  5
82
  8
FAB
 10
568.3553953432213
 20
-143.4560370897391
 30
0.0
 42
0.9999999999999999
  0
VERTEX
  5
83
  8
FAB
 10
565.3553953432213
 20
-143.4560370897391
 30
0.0
  0
VERTEX
  5
84
  8
FAB
 10
565.3553953432213
 20
-153.4560370897392
 30
0.0
 42
0.4142135623731107
  0
SEQEND
  5
85
  8
FAB
  0
CIRCLE
  5
86
  8
DEFAULT
 10
576.8553953432213
 20
-178.4560370897391
 30
0.0
 40
15.60962126072098
  0
CIRCLE
  5
87
  8
FAB
 10
596.8553953432213
 20
-178.4560370897391
 30
0.0
 40
1.5
  0
CIRCLE
  5
88
  8
FAB
 10
-556.8553953432213
 20
-178.4560370897392
 30
0.0
 40
1.5
210
0.0
220
0.0
230
-1.0
  0
CIRCLE
  5
89
  8
FAB
 10
-586.8553953432213
 20
-158.4560370897391
 30
0.0
 40
1.5
210
0.0
220
0.0
230
-1.0
  0
CIRCLE
  5
8A
  8
FAB
 10
-566.8553953432213
 20
-158.4560370897391
 30
0.0
 40
1.5
210
0.0
220
0.0
230
-1.0
  0
CIRCLE
  5
8B
  8
FAB
 10
-566.8553953432213
 20
-198.4560370897391
 30
0.0
 40
1.5
210
0.0
220
0.0
230
-1.0
  0
CIRCLE
  5
8C
  8
FAB
 10
-586.8553953432213
 20
-198.4560370897391
 30
0.0
 40
1.5
210
0.0
220
0.0
230
-1.0
  0
CIRCLE
  5
8D
  8
FAB
 10
556.8553953432213
 20
-133.4560370897391
 30
0.0
 40
1.5
  0
CIRCLE
  5
8E
  8
FAB
 10
566.8553953432213
 20
-133.4560370897391
 30
0.0
 40
1.5
  0
CIRCLE
  5
8F
  8
FAB
 10
576.8553953432213
 20
-133.4560370897391
 30
0.0
 40
1.5
  0
CIRCLE
  5
90
  8
FAB
 10
556.8553953432213
 20
-143.4560370897391
 30
0.0
 40
1.5
  0
CIRCLE
  5
91
  8
FAB
 10
576.8553953432213
 20
-143.4560370897391
 30
0.0
 40
1.5
  0
CIRCLE
  5
92
  8
FAB
 10
556.8553953432213
 20
-153.4560370897392
 30
0.0
 40
1.5
  0
CIRCLE
  5
93
  8
FAB
 10
586.8553953432213
 20
-133.4560370897391
 30
0.0
 40
1.5
  0
CIRCLE
  5
94
  8
FAB
 10
596.8553953432213
 20
-133.4560370897391
 30
0.0
 40
1.5
  0
CIRCLE
  5
95
  8
FAB
 10
596.8553953432213
 20
-153.4560370897392
 30
0.0
 40
1.5
  0
POLYLINE
  5
96
  8
FAB
 66
     1
 10
0.0
 20
0.0
 30
0.0
 70
     1
  0
VERTEX
  5
97
  8
FAB
 10
598.3553953432213
 20
-143.4560370897391
 30
0.0
 42
0.4142135623731107
  0
VERTEX
  5
98
  8
FAB
 10
596.8553953432213
 20
-141.9560370897391
 30
0.0
  0
VERTEX
  5
99
  8
FAB
 10
586.8553953432213
 20
-141.9560370897391
 30
0.0
 42
0.9999999999999999
  0
VERTEX
  5
9A
  8
FAB
 10
586.8553953432213
 20
-144.9560370897391
 30
0.0
  0
VERTEX
  5
9B
  8
FAB
 10
596.8553953432213
 20
-144.9560370897391
 30
0.0
 42
0.4142135623730793
  0
SEQEND
  5
9C
  8
FAB
  0
POLYLINE
  5
9D
  8
FAB
 66
     1
 10
0.0
 20
0.0
 30
0.0
 70
     1
  0
VERTEX
  5
9E
  8
FAB
 10
568.3553953432213
 20
-223.4560370897391
 30
0.0
 42
0.4142135623731107
  0
VERTEX
  5
9F
  8
FAB
 10
566.8553953432213
 20
-221.9560370897391
 30
0.0
  0
VERTEX
  5
A0
  8
FAB
 10
556.8553953432213
 20
-221.9560370897391
 30
0.0
 42
0.9999999999999999
  0
VERTEX
  5
A1
  8
FAB
 10
556.8553953432213
 20
-224.9560370897391
 30
0.0
  0
VERTEX
  5
A2
  8
FAB
 10
566.8553953432213
 20
-224.9560370897391
 30
0.0
 42
0.4142135623730793
  0
SEQEND
  5
A3
  8
FAB
  0
POLYLINE
  5
A4
  8
FAB
 66
     1
 10
0.0
 20
0.0
 30
0.0
 70
     1
  0
VERTEX
  5
A5
  8
FAB
 10
586.8553953432213
 20
-224.9560370897391
 30
0.0
 42
0.4142135623730793
  0
VERTEX
  5
A6
  8
FAB
 10
588.3553953432213
 20
-223.4560370897391
 30
0.0
  0
VERTEX
  5
A7
  8
FAB
 10
588.3553953432213
 20
-213.4560370897391
 30
0.0
 42
0.9999999999999999
  0
VERTEX
  5
A8
  8
FAB
 10
585.3553953432213
 20
-213.4560370897391
 30
0.0
  0
VERTEX
  5
A9
  8
FAB
 10
585.3553953432213
 20
-223.4560370897391
 30
0.0
 42
0.4142135623731107
  0
SEQEND
  5
AA
  8
FAB
  0
CIRCLE
  5
AB
  8
FAB
 10
596.8553953432213
 20
-223.4560370897391
 30
0.0
 40
1.5
  0
CIRCLE
  5
AC
  8
FAB
 10
576.8553953432213
 20
-223.4560370897391
 30
0.0
 40
1.5
  0
CIRCLE
  5
AD
  8
FAB
 10
596.8553953432213
 20
-213.4560370897391
 30
0.0
 40
1.5
  0
CIRCLE
  5
AE
  8
FAB
 10
576.8553953432213
 20
-213.4560370897391
 30
0.0
 40
1.5
  0
CIRCLE
  5
AF
  8
FAB
 10
566.8553953432213
 20
-213.4560370897391
 30
0.0
 40
1.5
  0
CIRCLE
  5
B0
  8
FAB
 10
556.8553953432213
 20
-213.4560370897391
 30
0.0
 40
1.5
  0
CIRCLE
  5
B1
  8
FAB
 10
596.8553953432213
 20
-203.4560370897391
 30
0.0
 40
1.5
  0
CIRCLE
  5
B2
  8
FAB
 10
556.8553953432213
 20
-203.4560370897391
 30
0.0
 40
1.5
  0
POLYLINE
  5
B3
  8
FAB
 66
     1
 10
0.0
 20
0.0
 30
0.0
 70
     1
  0
VERTEX
  5
B4
  8
FAB
 10
555.2696089055944
 20
-128.4560370897391
 30
0.0
 42
0.4142135623730951
  0
VERTEX
  5
B5
  8
FAB
 10
551.8553953432213
 20
-131.8702506521122
 30
0.0
  0
VERTEX
  5
B6
  8
FAB
 10
551.8553953432213
 20
-225.041823527366
 30
0.0
 42
0.4142135623730951
  0
VERTEX
  5
B7
  8
FAB
 10
555.2696089055944
 20
-228.4560370897391
 30
0.0
  0
VERTEX
  5
B8
  8
FAB
 10
598.4411817808482
 20
-228.4560370897391
 30
0.0
 42
0.4142135623730951
  0
VERTEX
  5
B9
  8
FAB
 10
601.8553953432213
 20
-225.041823527366
 30
0.0
  0
VERTEX
  5
BA
  8
FAB
 10
601.8553953432213
 20
-131.8702506521122
 30
0.0
 42
0.4142135623730951
  0
VERTEX
  5
BB
  8
FAB
 10
598.4411817808482
 20
-128.4560370897391
 30
0.0
  0
SEQEND
  5
BC
  8
FAB
  0
POLYLINE
  5
BD
  8
FAB
 66
     1
 10
0.0
 20
0.0
 30
0.0
 70
     1
  0
VERTEX
  5
BE
  8
FAB
 10
611.9553953432212
 20
154.4439629102609
 30
0.0
  0
VERTEX
  5
BF
  8
FAB
 10
623.7553953432213
 20
154.4439629102609
 30
0.0
  0
VERTEX
  5
C0
  8
FAB
 10
623.7553953432213
 20
176.6439629102608
 30
0.0
  0
VERTEX
  5
C1
  8
FAB
 10
611.9553953432212
 20
176.6439629102608
 30
0.0
  0
SEQEND
  5
C2
  8
FAB
  0
CIRCLE
  5
C3
  8
FAB
 10
617.8553953432213
 20
178.9439629102607
 30
0.0
 40
1.5
  0
CIRCLE
  5
C4
  8
FAB
 10
617.8553953432214
 20
152.143962910261
 30
0.0
 40
1.499999999999886
  0
CIRCLE
  5
C5
  8
FAB
 10
607.8553953432213
 20
150.5439629102608
 30
0.0
 40
1.5
  0
CIRCLE
  5
C6
  8
FAB
 10
627.8553953432213
 20
150.5439629102608
 30
0.0
 40
1.5
  0
CIRCLE
  5
C7
  8
FAB
 10
627.8553953432213
 20
160.5439629102608
 30
0.0
 40
1.5
  0
CIRCLE
  5
C8
  8
FAB
 10
607.8553953432213
 20
170.5439629102608
 30
0.0
 40
1.5
  0
CIRCLE
  5
C9
  8
FAB
 10
607.8553953432213
 20
180.5439629102608
 30
0.0
 40
1.5
  0
CIRCLE
  5
CA
  8
FAB
 10
627.8553953432212
 20
170.5439629102608
 30
0.0
 40
1.5
  0
CIRCLE
  5
CB
  8
FAB
 10
627.8553953432213
 20
180.5439629102608
 30
0.0
 40
1.5
  0
CIRCLE
  5
CC
  8
FAB
 10
607.8553953432213
 20
160.5439629102608
 30
0.0
 40
1.5
  0
POLYLINE
  5
CD
  8
FAB
 66
     1
 10
0.0
 20
0.0
 30
0.0
 70
     1
  0
VERTEX
  5
CE
  8
FAB
 10
630.3553953432213
 20
149.5840009830453
 30
0.0
  0
VERTEX
  5
CF
  8
FAB
 10
630.3553953432213
 20
181.5039248374765
 30
0.0
 42
0.4142135623730981
  0
VERTEX
  5
D0
  8
FAB
 10
627.3553953432213
 20
184.5039248374765
 30
0.0
  0
VERTEX
  5
D1
  8
FAB
 10
608.3553953432213
 20
184.5039248374765
 30
0.0
 42
0.4142135623731001
  0
VERTEX
  5
D2
  8
FAB
 10
605.3553953432213
 20
181.5039248374764
 30
0.0
  0
VERTEX
  5
D3
  8
FAB
 10
605.3553953432213
 20
149.5840009830453
 30
0.0
 42
0.4142135623730981
  0
VERTEX
  5
D4
  8
FAB
 10
608.3553953432213
 20
146.5840009830453
 30
0.0
  0
VERTEX
  5
D5
  8
FAB
 10
627.3553953432213
 20
146.5840009830453
 30
0.0
 42
0.4142135623731001
  0
SEQEND
  5
D6
  8
FAB
  0
POLYLINE
  5
D7
  8
FAB
 66
     1
 10
0.0
 20
0.0
 30
0.0
 70
     1
  0
VERTEX
  5
D8
  8
FAB
 10
554.8553953432213
 20
84.54396291026092
 30
0.0
  0
VERTEX
  5
D9
  8
FAB
 10
598.4411817808482
 20
84.54396291026093
 30
0.0
 42
0.4142135623730951
  0
VERTEX
  5
DA
  8
FAB
 10
601.8553953432213
 20
87.95817647263404
 30
0.0
  0
VERTEX
  5
DB
  8
FAB
 10
601.8553953432213
 20
181.1297493478878
 30
0.0
 42
0.4142135623730951
  0
VERTEX
  5
DC
  8
FAB
 10
598.4411817808482
 20
184.5439629102609
 30
0.0
  0
VERTEX
  5
DD
  8
FAB
 10
554.8553953432213
 20
184.5439629102609
 30
0.0
 42
0.4142135623730983
  0
VERTEX
  5
DE
  8
FAB
 10
551.8553953432213
 20
181.543962910261
 30
0.0
  0
VERTEX
  5
DF
  8
FAB
 10
551.8553953432213
 20
87.54396291026092
 30
0.0
 42
0.4142135623731005
  0
SEQEND
  5
E0
  8
FAB
  0
CIRCLE
  5
E1
  8
FAB
 10
-571.8367794461299
 20
159.099570937981
 30
0.0
 40
1.629299999999603
210
0.0
220
0.0
230
-1.0
  0
CIRCLE
  5
E2
  8
FAB
 10
-581.8367794461298
 20
159.0995709379809
 30
0.0
 40
1.629299999999546
210
0.0
220
0.0
230
-1.0
  0
POLYLINE
  5
E3
  8
FAB
 66
     1
 10
0.0
 20
0.0
 30
0.0
 70
     1
  0
VERTEX
  5
E4
  8
FAB
 10
567.7199481373959
 20
154.7792352155353
 30
0.0
  0
VERTEX
  5
E5
  8
FAB
 10
585.9908107548633
 20
154.7792352155353
 30
0.0
  0
VERTEX
  5
E6
  8
FAB
 10
585.9908107548633
 20
154.3882969246939
 30
0.0
  0
VERTEX
  5
E7
  8
FAB
 10
586.8937254933726
 20
154.3882969246939
 30
0.0
  0
VERTEX
  5
E8
  8
FAB
 10
586.8937254933726
 20
113.8696120867274
 30
0.0
  0
VERTEX
  5
E9
  8
FAB
 10
566.81706519307
 20
113.8696120867274
 30
0.0
  0
VERTEX
  5
EA
  8
FAB
 10
566.81706519307
 20
154.3882969246939
 30
0.0
  0
VERTEX
  5
EB
  8
FAB
 10
567.7199481373959
 20
154.3882969246939
 30
0.0
  0
SEQEND
  5
EC
  8
FAB
  0
CIRCLE
  5
ED
  8
FAB
 10
-581.8367794461293
 20
109.9883548825414
 30
0.0
 40
1.629300000000114
210
0.0
220
0.0
230
-1.0
  0
CIRCLE
  5
EE
  8
FAB
 10
-571.8367794461292
 20
109.9883548825413
 30
0.0
 40
1.629300000000001
210
0.0
220
0.0
230
-1.0
  0
CIRCLE
  5
EF
  8
FAB
 10
596.8553953432213
 20
169.5439629102609
 30
0.0
 40
1.5
  0
CIRCLE
  5
F0
  8
FAB
 10
586.8553953432213
 20
169.5439629102609
 30
0.0
 40
1.5
  0
CIRCLE
  5
F1
  8
FAB
 10
576.8553953432213
 20
169.5439629102609
 30
0.0
 40
1.5
  0
CIRCLE
  5
F2
  8
FAB
 10
556.8553953432213
 20
169.5439629102609
 30
0.0
 40
1.5
  0
CIRCLE
  5
F3
  8
FAB
 10
576.8553953432213
 20
179.5439629102609
 30
0.0
 40
1.5
  0
CIRCLE
  5
F4
  8
FAB
 10
556.8553953432213
 20
179.5439629102609
 30
0.0
 40
1.5
  0
POLYLINE
  5
F5
  8
FAB
 66
     1
 10
0.0
 20
0.0
 30
0.0
 70
     1
  0
VERTEX
  5
F6
  8
FAB
 10
566.8553953432213
 20
181.0439629102609
 30
0.0
 42
0.4142135623730793
  0
VERTEX
  5
F7
  8
FAB
 10
565.3553953432213
 20
179.5439629102609
 30
0.0
  0
VERTEX
  5
F8
  8
FAB
 10
565.3553953432213
 20
169.5439629102609
 30
0.0
 42
1.000000000000038
  0
VERTEX
  5
F9
  8
FAB
 10
568.3553953432213
 20
169.5439629102609
 30
0.0
  0
VERTEX
  5
FA
  8
FAB
 10
568.3553953432213
 20
179.5439629102609
 30
0.0
 42
0.4142135623731107
  0
SEQEND
  5
FB
  8
FAB
  0
POLYLINE
  5
FC
  8
FAB
 66
     1
 10
0.0
 20
0.0
 30
0.0
 70
     1
  0
VERTEX
  5
FD
  8
FAB
 10
585.3553953432213
 20
179.5439629102609
 30
0.0
 42
0.4142135623731107
  0
VERTEX
  5
FE
  8
FAB
 10
586.8553953432213
 20
178.0439629102609
 30
0.0
  0
VERTEX
  5
FF
  8
FAB
 10
596.8553953432213
 20
178.0439629102608
 30
0.0
 42
0.9999999999999999
  0
VERTEX
  5
100
  8
FAB
 10
596.8553953432213
 20
181.0439629102608
 30
0.0
  0
VERTEX
  5
101
  8
FAB
 10
586.8553953432213
 20
181.0439629102609
 30
0.0
 42
0.4142135623730793
  0
SEQEND
  5
102
  8
FAB
  0
POLYLINE
  5
103
  8
FAB
 66
     1
 10
0.0
 20
0.0
 30
0.0
 70
     1
  0
VERTEX
  5
104
  8
FAB
 10
555.3553953432213
 20
99.54396291026092
 30
0.0
 42
0.414213562373106
  0
VERTEX
  5
105
  8
FAB
 10
556.8553953432213
 20
98.04396291026092
 30
0.0
  0
VERTEX
  5
106
  8
FAB
 10
566.8553953432213
 20
98.04396291026092
 30
0.0
 42
0.9999999999999999
  0
VERTEX
  5
107
  8
FAB
 10
566.8553953432213
 20
101.0439629102609
 30
0.0
  0
VERTEX
  5
108
  8
FAB
 10
556.8553953432213
 20
101.0439629102609
 30
0.0
 42
0.4142135623730813
  0
SEQEND
  5
109
  8
FAB
  0
CIRCLE
  5
10A
  8
FAB
 10
556.8553953432213
 20
109.5439629102609
 30
0.0
 40
1.5
  0
CIRCLE
  5
10B
  8
FAB
 10
596.8553953432213
 20
109.5439629102609
 30
0.0
 40
1.5
  0
CIRCLE
  5
10C
  8
FAB
 10
576.8553953432213
 20
99.54396291026092
 30
0.0
 40
1.5
  0
CIRCLE
  5
10D
  8
FAB
 10
596.8553953432213
 20
99.54396291026092
 30
0.0
 40
1.5
  0
CIRCLE
  5
10E
  8
FAB
 10
556.8553953432213
 20
89.54396291026092
 30
0.0
 40
1.5
  0
CIRCLE
  5
10F
  8
FAB
 10
566.8553953432213
 20
89.54396291026092
 30
0.0
 40
1.5
  0
CIRCLE
  5
110
  8
FAB
 10
576.8553953432213
 20
89.54396291026092
 30
0.0
 40
1.5
  0
CIRCLE
  5
111
  8
FAB
 10
586.8553953432213
 20
89.54396291026092
 30
0.0
 40
1.5
  0
CIRCLE
  5
112
  8
FAB
 10
596.8553953432213
 20
89.5439629102608
 30
0.0
 40
1.5
  0
CIRCLE
  5
113
  8
FAB
 10
596.8553953432213
 20
139.5439629102609
 30
0.0
 40
1.5
  0
CIRCLE
  5
114
  8
FAB
 10
556.8553953432213
 20
139.5439629102609
 30
0.0
 40
1.5
  0
CIRCLE
  5
115
  8
FAB
 10
596.8553953432213
 20
149.5439629102609
 30
0.0
 40
1.5
  0
CIRCLE
  5
116
  8
FAB
 10
596.8553953432213
 20
159.5439629102609
 30
0.0
 40
1.5
  0
CIRCLE
  5
117
  8
FAB
 10
556.8553953432213
 20
159.5439629102609
 30
0.0
 40
1.5
  0
CIRCLE
  5
118
  8
FAB
 10
556.8553953432213
 20
129.5439629102609
 30
0.0
 40
1.5
  0
CIRCLE
  5
119
  8
FAB
 10
556.8553953432213
 20
119.5439629102609
 30
0.0
 40
1.5
  0
CIRCLE
  5
11A
  8
FAB
 10
596.8553953432213
 20
119.5439629102609
 30
0.0
 40
1.5
  0
CIRCLE
  5
11B
  8
FAB
 10
556.8553953432213
 20
-28.45603708973908
 30
0.0
 40
1.5
  0
CIRCLE
  5
11C
  8
FAB
 10
566.8553953432213
 20
-28.45603708973908
 30
0.0
 40
1.5
  0
CIRCLE
  5
11D
  8
FAB
 10
576.8553953432213
 20
-28.45603708973908
 30
0.0
 40
1.5
  0
CIRCLE
  5
11E
  8
FAB
 10
556.8553953432213
 20
-38.45603708973908
 30
0.0
 40
1.5
  0
CIRCLE
  5
11F
  8
FAB
 10
576.8553953432213
 20
-38.45603708973908
 30
0.0
 40
1.5
  0
CIRCLE
  5
120
  8
FAB
 10
556.8553953432213
 20
-48.45603708973914
 30
0.0
 40
1.5
  0
CIRCLE
  5
121
  8
FAB
 10
576.8553953432213
 20
-48.45603708973914
 30
0.0
 40
1.5
  0
POLYLINE
  5
122
  8
FAB
 66
     1
 10
0.0
 20
0.0
 30
0.0
 70
     1
  0
VERTEX
  5
123
  8
FAB
 10
566.8553953432213
 20
-49.95603708973914
 30
0.0
 42
0.4142135623730803
  0
VERTEX
  5
124
  8
FAB
 10
568.3553953432213
 20
-48.45603708973914
 30
0.0
  0
VERTEX
  5
125
  8
FAB
 10
568.3553953432213
 20
-38.45603708973908
 30
0.0
 42
0.9999999999999999
  0
VERTEX
  5
126
  8
FAB
 10
565.3553953432213
 20
-38.45603708973908
 30
0.0
  0
VERTEX
  5
127
  8
FAB
 10
565.3553953432213
 20
-48.45603708973914
 30
0.0
 42
0.4142135623731083
  0
SEQEND
  5
128
  8
FAB
  0
CIRCLE
  5
129
  8
FAB
 10
586.8553953432213
 20
-28.45603708973908
 30
0.0
 40
1.5
  0
CIRCLE
  5
12A
  8
FAB
 10
596.8553953432213
 20
-28.45603708973908
 30
0.0
 40
1.5
  0
CIRCLE
  5
12B
  8
FAB
 10
586.8553953432213
 20
-48.45603708973914
 30
0.0
 40
1.5
  0
CIRCLE
  5
12C
  8
FAB
 10
596.8553953432213
 20
-48.45603708973914
 30
0.0
 40
1.5
  0
POLYLINE
  5
12D
  8
FAB
 66
     1
 10
0.0
 20
0.0
 30
0.0
 70
     1
  0
VERTEX
  5
12E
  8
FAB
 10
598.3553953432213
 20
-38.45603708973909
 30
0.0
 42
0.41421356237311
  0
VERTEX
  5
12F
  8
FAB
 10
596.8553953432213
 20
-36.95603708973908
 30
0.0
  0
VERTEX
  5
130
  8
FAB
 10
586.8553953432213
 20
-36.95603708973908
 30
0.0
 42
0.9999999999999999
  0
VERTEX
  5
131
  8
FAB
 10
586.8553953432213
 20
-39.95603708973908
 30
0.0
  0
VERTEX
  5
132
  8
FAB
 10
596.8553953432213
 20
-39.95603708973908
 30
0.0
 42
0.4142135623730803
  0
SEQEND
  5
133
  8
FAB
  0
POLYLINE
  5
134
  8
FAB
 66
     1
 10
0.0
 20
0.0
 30
0.0
 70
     1
  0
VERTEX
  5
135
  8
FAB
 10
568.3553953432213
 20
-118.4560370897391
 30
0.0
 42
0.414213562373106
  0
VERTEX
  5
136
  8
FAB
 10
566.8553953432213
 20
-116.9560370897391
 30
0.0
  0
VERTEX
  5
137
  8
FAB
 10
556.8553953432213
 20
-116.9560370897391
 30
0.0
 42
0.9999999999999999
  0
VERTEX
  5
138
  8
FAB
 10
556.8553953432213
 20
-119.9560370897391
 30
0.0
  0
VERTEX
  5
139
  8
FAB
 10
566.8553953432213
 20
-119.9560370897391
 30
0.0
 42
0.4142135623730813
  0
SEQEND
  5
13A
  8
FAB
  0
POLYLINE
  5
13B
  8
FAB
 66
     1
 10
0.0
 20
0.0
 30
0.0
 70
     1
  0
VERTEX
  5
13C
  8
FAB
 10
586.8553953432213
 20
-119.9560370897391
 30
0.0
 42
0.4142135623730813
  0
VERTEX
  5
13D
  8
FAB
 10
588.3553953432213
 20
-118.4560370897391
 30
0.0
  0
VERTEX
  5
13E
  8
FAB
 10
588.3553953432213
 20
-108.4560370897391
 30
0.0
 42
0.9999999999999999
  0
VERTEX
  5
13F
  8
FAB
 10
585.3553953432213
 20
-108.4560370897391
 30
0.0
  0
VERTEX
  5
140
  8
FAB
 10
585.3553953432213
 20
-118.4560370897391
 30
0.0
 42
0.414213562373106
  0
SEQEND
  5
141
  8
FAB
  0
CIRCLE
  5
142
  8
FAB
 10
596.8553953432213
 20
-118.4560370897391
 30
0.0
 40
1.5
  0
CIRCLE
  5
143
  8
FAB
 10
576.8553953432213
 20
-118.4560370897391
 30
0.0
 40
1.5
  0
CIRCLE
  5
144
  8
FAB
 10
596.8553953432213
 20
-108.4560370897391
 30
0.0
 40
1.5
  0
CIRCLE
  5
145
  8
FAB
 10
576.8553953432213
 20
-108.4560370897391
 30
0.0
 40
1.5
  0
CIRCLE
  5
146
  8
FAB
 10
566.8553953432213
 20
-108.4560370897391
 30
0.0
 40
1.5
  0
CIRCLE
  5
147
  8
FAB
 10
556.8553953432213
 20
-108.4560370897391
 30
0.0
 40
1.5
  0
CIRCLE
  5
148
  8
FAB
 10
596.8553953432213
 20
-98.45603708973908
 30
0.0
 40
1.5
  0
CIRCLE
  5
149
  8
FAB
 10
586.8553953432213
 20
-98.45603708973908
 30
0.0
 40
1.5
  0
CIRCLE
  5
14A
  8
FAB
 10
576.8553953432213
 20
-98.45603708973908
 30
0.0
 40
1.5
  0
CIRCLE
  5
14B
  8
FAB
 10
556.8553953432213
 20
-98.45603708973908
 30
0.0
 40
1.5
  0
POLYLINE
  5
14C
  8
FAB
 66
     1
 10
0.0
 20
0.0
 30
0.0
 70
     1
  0
VERTEX
  5
14D
  8
FAB
 10
555.2696089055944
 20
-23.4560370897391
 30
0.0
 42
0.4142135623730968
  0
VERTEX
  5
14E
  8
FAB
 10
551.8553953432213
 20
-26.87025065211219
 30
0.0
  0
VERTEX
  5
14F
  8
FAB
 10
551.8553953432213
 20
-120.041823527366
 30
0.0
 42
0.4142135623730951
  0
VERTEX
  5
150
  8
FAB
 10
555.2696089055944
 20
-123.4560370897391
 30
0.0
  0
VERTEX
  5
151
  8
FAB
 10
598.4411817808482
 20
-123.4560370897391
 30
0.0
 42
0.4142135623730951
  0
VERTEX
  5
152
  8
FAB
 10
601.8553953432213
 20
-120.041823527366
 30
0.0
  0
VERTEX
  5
153
  8
FAB
 10
601.8553953432213
 20
-26.87025065211219
 30
0.0
 42
0.4142135623730945
  0
VERTEX
  5
154
  8
FAB
 10
598.4411817808482
 20
-23.4560370897391
 30
0.0
  0
SEQEND
  5
155
  8
FAB
  0
CIRCLE
  5
156
  8
FAB
 10
610.8553953432208
 20
-28.45603708973908
 30
0.0
 40
1.5
  0
CIRCLE
  5
157
  8
FAB
 10
620.8553953432208
 20
-28.45603708973908
 30
0.0
 40
1.5
  0
CIRCLE
  5
158
  8
FAB
 10
650.8553953432208
 20
-28.45603708973908
 30
0.0
 40
1.5
  0
CIRCLE
  5
159
  8
FAB
 10
650.8553953432208
 20
-68.45603708973914
 30
0.0
 40
1.5
  0
POLYLINE
  5
15A
  8
FAB
 66
     1
 10
0.0
 20
0.0
 30
0.0
 70
     1
  0
VERTEX
  5
15B
  8
FAB
 10
622.3553953432208
 20
-68.45603708973914
 30
0.0
 42
0.414213562373106
  0
VERTEX
  5
15C
  8
FAB
 10
620.8553953432208
 20
-66.95603708973914
 30
0.0
  0
VERTEX
  5
15D
  8
FAB
 10
610.8553953432208
 20
-66.95603708973914
 30
0.0
 42
0.9999999999999999
  0
VERTEX
  5
15E
  8
FAB
 10
610.8553953432208
 20
-69.95603708973914
 30
0.0
  0
VERTEX
  5
15F
  8
FAB
 10
620.8553953432208
 20
-69.95603708973914
 30
0.0
 42
0.4142135623730813
  0
SEQEND
  5
160
  8
FAB
  0
POLYLINE
  5
161
  8
FAB
 66
     1
 10
0.0
 20
0.0
 30
0.0
 70
     1
  0
VERTEX
  5
162
  8
FAB
 10
622.3553953432208
 20
-118.4560370897391
 30
0.0
 42
0.414213562373106
  0
VERTEX
  5
163
  8
FAB
 10
620.8553953432208
 20
-116.9560370897391
 30
0.0
  0
VERTEX
  5
164
  8
FAB
 10
610.8553953432208
 20
-116.9560370897391
 30
0.0
 42
0.9999999999999999
  0
VERTEX
  5
165
  8
FAB
 10
610.8553953432208
 20
-119.9560370897391
 30
0.0
  0
VERTEX
  5
166
  8
FAB
 10
620.8553953432208
 20
-119.9560370897391
 30
0.0
 42
0.4142135623730813
  0
SEQEND
  5
167
  8
FAB
  0
CIRCLE
  5
168
  8
FAB
 10
650.8553953432208
 20
-118.4560370897391
 30
0.0
 40
1.5
  0
CIRCLE
  5
169
  8
FAB
 10
650.8553953432208
 20
-78.45603708973908
 30
0.0
 40
1.5
  0
CIRCLE
  5
16A
  8
FAB
 10
640.8553953432208
 20
-78.45603708973908
 30
0.0
 40
1.5
  0
CIRCLE
  5
16B
  8
FAB
 10
620.8553953432208
 20
-78.45603708973908
 30
0.0
 40
1.5
  0
CIRCLE
  5
16C
  8
FAB
 10
610.8553953432208
 20
-78.45603708973908
 30
0.0
 40
1.5
  0
POLYLINE
  5
16D
  8
FAB
 66
     1
 10
0.0
 20
0.0
 30
0.0
 70
     1
  0
VERTEX
  5
16E
  8
FAB
 10
609.2696089055939
 20
-23.4560370897391
 30
0.0
 42
0.4142135623730968
  0
VERTEX
  5
16F
  8
FAB
 10
605.8553953432208
 20
-26.87025065211219
 30
0.0
  0
VERTEX
  5
170
  8
FAB
 10
605.8553953432208
 20
-120.041823527366
 30
0.0
 42
0.4142135623730951
  0
VERTEX
  5
171
  8
FAB
 10
609.2696089055939
 20
-123.4560370897391
 30
0.0
  0
VERTEX
  5
172
  8
FAB
 10
652.4411817808477
 20
-123.4560370897391
 30
0.0
 42
0.4142135623730951
  0
VERTEX
  5
173
  8
FAB
 10
655.8553953432208
 20
-120.041823527366
 30
0.0
  0
VERTEX
  5
174
  8
FAB
 10
655.8553953432208
 20
-26.87025065211219
 30
0.0
 42
0.4142135623730945
  0
VERTEX
  5
175
  8
FAB
 10
652.4411817808477
 20
-23.4560370897391
 30
0.0
  0
SEQEND
  5
176
  8
FAB
  0
CIRCLE
  5
177
  8
FAB
 10
640.8553953432208
 20
-28.45603708973908
 30
0.0
 40
1.5
  0
CIRCLE
  5
178
  8
FAB
 10
640.8553953432208
 20
-68.45603708973908
 30
0.0
 40
1.5
  0
CIRCLE
  5
179
  8
FAB
 10
640.8553953432208
 20
-118.4560370897391
 30
0.0
 40
1.5
  0
POLYLINE
  5
17A
  8
FAB
 66
     1
 10
0.0
 20
0.0
 30
0.0
 70
     1
  0
VERTEX
  5
17B
  8
FAB
 10
709.8553953432208
 20
-26.87025065211219
 30
0.0
 42
0.4142135623730945
  0
VERTEX
  5
17C
  8
FAB
 10
706.4411817808477
 20
-23.4560370897391
 30
0.0
  0
VERTEX
  5
17D
  8
FAB
 10
663.2696089055939
 20
-23.45603708973908
 30
0.0
 42
0.4142135623730953
  0
VERTEX
  5
17E
  8
FAB
 10
659.8553953432208
 20
-26.87025065211219
 30
0.0
  0
VERTEX
  5
17F
  8
FAB
 10
659.8553953432207
 20
-70.04182352736586
 30
0.0
 42
0.4142135623730951
  0
VERTEX
  5
180
  8
FAB
 10
663.2696089055938
 20
-73.45603708973896
 30
0.0
  0
VERTEX
  5
181
  8
FAB
 10
706.4411817808477
 20
-73.4560370897391
 30
0.0
 42
0.4142135623730951
  0
VERTEX
  5
182
  8
FAB
 10
709.8553953432208
 20
-70.04182352736599
 30
0.0
  0
SEQEND
  5
183
  8
FAB
  0
CIRCLE
  5
184
  8
FAB
 10
664.8553953432208
 20
-28.45603708973908
 30
0.0
 40
1.5
  0
CIRCLE
  5
185
  8
FAB
 10
674.8553953432208
 20
-28.45603708973908
 30
0.0
 40
1.5
  0
CIRCLE
  5
186
  8
FAB
 10
704.8553953432208
 20
-28.45603708973908
 30
0.0
 40
1.5
  0
CIRCLE
  5
187
  8
FAB
 10
704.8553953432208
 20
-68.45603708973914
 30
0.0
 40
1.5
  0
POLYLINE
  5
188
  8
FAB
 66
     1
 10
0.0
 20
0.0
 30
0.0
 70
     1
  0
VERTEX
  5
189
  8
FAB
 10
676.3553953432208
 20
-68.45603708973914
 30
0.0
 42
0.414213562373106
  0
VERTEX
  5
18A
  8
FAB
 10
674.8553953432208
 20
-66.95603708973914
 30
0.0
  0
VERTEX
  5
18B
  8
FAB
 10
664.8553953432208
 20
-66.95603708973914
 30
0.0
 42
0.9999999999999999
  0
VERTEX
  5
18C
  8
FAB
 10
664.8553953432208
 20
-69.95603708973914
 30
0.0
  0
VERTEX
  5
18D
  8
FAB
 10
674.8553953432208
 20
-69.95603708973914
 30
0.0
 42
0.4142135623730813
  0
SEQEND
  5
18E
  8
FAB
  0
CIRCLE
  5
18F
  8
FAB
 10
694.8553953432208
 20
-28.45603708973908
 30
0.0
 40
1.5
  0
CIRCLE
  5
190
  8
FAB
 10
694.8553953432208
 20
-68.45603708973908
 30
0.0
 40
1.5
  0
CIRCLE
  5
191
  8
FAB
 10
704.8553953432214
 20
-48.45603708973778
 30
0.0
 40
1.624999999997828
  0
CIRCLE
  5
192
  8
FAB
 10
-684.8553953432213
 20
-33.45376491951697
 30
0.0
 40
1.625
210
0.0
220
0.0
230
-1.0
  0
CIRCLE
  5
193
  8
FAB
 10
684.855395343221
 20
-63.45830925996097
 30
0.0
 40
1.624999999999886
  0
POLYLINE
  5
194
  8
FAB
 66
     1
 10
0.0
 20
0.0
 30
0.0
 70
     1
  0
VERTEX
  5
195
  8
FAB
 10
674.9181414100267
 20
-39.45603708973917
 30
0.0
 42
0.4514162296451588
  0
VERTEX
  5
196
  8
FAB
 10
674.9181414100267
 20
-57.45603708973879
 30
0.0
  0
VERTEX
  5
197
  8
FAB
 10
694.792649276415
 20
-57.456037089739
 30
0.0
 42
0.4514162296451374
  0
VERTEX
  5
198
  8
FAB
 10
694.7926492764152
 20
-39.4560370897394
 30
0.0
  0
SEQEND
  5
199
  8
FAB
  0
CIRCLE
  5
19A
  8
FAB
 10
-664.8553953432204
 20
-48.45603708973778
 30
0.0
 40
1.624999999997917
210
0.0
220
0.0
230
-1.0
  0
CIRCLE
  5
19B
  8
FAB
 10
650.8553953432213
 20
-48.45603708973778
 30
0.0
 40
1.624999999997912
  0
CIRCLE
  5
19C
  8
FAB
 10
-630.8553953432213
 20
-33.45376491951708
 30
0.0
 40
1.625
210
0.0
220
0.0
230
-1.0
  0
CIRCLE
  5
19D
  8
FAB
 10
630.8553953432208
 20
-63.45830925996108
 30
0.0
 40
1.625
  0
POLYLINE
  5
19E
  8
FAB
 66
     1
 10
0.0
 20
0.0
 30
0.0
 70
     1
  0
VERTEX
  5
19F
  8
FAB
 10
620.9181414100267
 20
-39.45603708973917
 30
0.0
 42
0.4514162296451442
  0
VERTEX
  5
1A0
  8
FAB
 10
620.9181414100267
 20
-57.4560370897388
 30
0.0
  0
VERTEX
  5
1A1
  8
FAB
 10
640.792649276415
 20
-57.456037089739
 30
0.0
 42
0.4514162296451459
  0
VERTEX
  5
1A2
  8
FAB
 10
640.7926492764152
 20
-39.4560370897394
 30
0.0
  0
SEQEND
  5
1A3
  8
FAB
  0
CIRCLE
  5
1A4
  8
FAB
 10
-610.8553953432204
 20
-48.45603708973778
 30
0.0
 40
1.624999999997912
210
0.0
220
0.0
230
-1.0
  0
CIRCLE
  5
1A5
  8
FAB
 10
650.8553953432212
 20
-98.45603708973778
 30
0.0
 40
1.624999999997996
  0
CIRCLE
  5
1A6
  8
FAB
 10
-630.8553953432213
 20
-83.45376491951708
 30
0.0
 40
1.625
210
0.0
220
0.0
230
-1.0
  0
CIRCLE
  5
1A7
  8
FAB
 10
630.8553953432208
 20
-113.458309259961
 30
0.0
 40
1.625
  0
POLYLINE
  5
1A8
  8
FAB
 66
     1
 10
0.0
 20
0.0
 30
0.0
 70
     1
  0
VERTEX
  5
1A9
  8
FAB
 10
620.9181414100267
 20
-89.45603708973917
 30
0.0
 42
0.4514162296451395
  0
VERTEX
  5
1AA
  8
FAB
 10
620.9181414100267
 20
-107.4560370897388
 30
0.0
  0
VERTEX
  5
1AB
  8
FAB
 10
640.792649276415
 20
-107.456037089739
 30
0.0
 42
0.4514162296451343
  0
VERTEX
  5
1AC
  8
FAB
 10
640.7926492764152
 20
-89.45603708973943
 30
0.0
  0
SEQEND
  5
1AD
  8
FAB
  0
CIRCLE
  5
1AE
  8
FAB
 10
-610.8553953432204
 20
-98.4560370897378
 30
0.0
 40
1.624999999997931
210
0.0
220
0.0
230
-1.0
  0
CIRCLE
  5
1AF
  8
FAB
 10
596.8553953432215
 20
-73.45603708973795
 30
-0.0000000000000023
 40
1.624999999997912
  0
CIRCLE
  5
1B0
  8
FAB
 10
-576.8553953432215
 20
-58.45376491951731
 30
0.0000000000000023
 40
1.625
210
0.0
220
0.0
230
-1.0
  0
CIRCLE
  5
1B1
  8
FAB
 10
576.8553953432211
 20
-88.4583092599612
 30
-0.0000000000000023
 40
1.625
  0
POLYLINE
  5
1B2
  8
FAB
 66
     1
 10
0.0
 20
0.0
 30
-0.0000000000000023
 70
     1
  0
VERTEX
  5
1B3
  8
FAB
 10
566.9181414100269
 20
-64.45603708973934
 30
-0.0000000000000023
 42
0.4514162296451501
  0
VERTEX
  5
1B4
  8
FAB
 10
566.9181414100269
 20
-82.45603708973893
 30
-0.0000000000000023
  0
VERTEX
  5
1B5
  8
FAB
 10
586.7926492764152
 20
-82.45603708973917
 30
-0.0000000000000023
 42
0.4514162296451407
  0
VERTEX
  5
1B6
  8
FAB
 10
586.7926492764154
 20
-64.4560370897396
 30
-0.0000000000000023
  0
SEQEND
  5
1B7
  8
FAB
  0
CIRCLE
  5
1B8
  8
FAB
 10
-556.8553953432207
 20
-73.45603708973793
 30
0.0000000000000023
 40
1.624999999997987
210
0.0
220
0.0
230
-1.0
  0
CIRCLE
  5
1B9
  8
FAB
 10
694.8553953432208
 20
35.54396291026092
 30
0.0
 40
1.5
  0
CIRCLE
  5
1BA
  8
FAB
 10
694.8553953432208
 20
75.54396291026092
 30
0.0
 40
1.5
  0
POLYLINE
  5
1BB
  8
FAB
 66
     1
 10
0.0
 20
0.0
 30
0.0
 70
     1
  0
VERTEX
  5
1BC
  8
FAB
 10
676.5607438183345
 20
63.05628615628473
 30
0.0
 42
0.451416229645178
  0
VERTEX
  5
1BD
  8
FAB
 10
676.5607438183345
 20
48.03163966423717
 30
0.0
  0
VERTEX
  5
1BE
  8
FAB
 10
693.1500468681072
 20
48.0316396642371
 30
0.0
 42
0.4514162296451429
  0
VERTEX
  5
1BF
  8
FAB
 10
693.1500468681072
 20
63.05628615628469
 30
0.0
  0
SEQEND
  5
1C0
  8
FAB
  0
CIRCLE
  5
1C1
  8
FAB
 10
684.8553953432208
 20
43.02152758053483
 30
0.0
 40
1.625
  0
CIRCLE
  5
1C2
  8
FAB
 10
-684.8553953432211
 20
68.0663982399874
 30
-0.0000000000000039
 40
1.625
210
0.0
220
0.0
230
-1.0
  0
CIRCLE
  5
1C3
  8
FAB
 10
-702.113949141616
 20
55.54396291026224
 30
-0.0000000000000039
 40
1.624999999997913
210
0.0
220
0.0
230
-1.0
  0
CIRCLE
  5
1C4
  8
FAB
 10
667.5968415448258
 20
55.54396291026231
 30
0.0000000000000039
 40
1.624999999998035
  0
POLYLINE
  5
1C5
  8
FAB
 66
     1
 10
0.0
 20
0.0
 30
0.0
 70
     1
  0
VERTEX
  5
1C6
  8
FAB
 10
676.3553953432208
 20
35.54396291026085
 30
0.0
 42
0.41421356237311
  0
VERTEX
  5
1C7
  8
FAB
 10
674.8553953432208
 20
37.04396291026086
 30
0.0
  0
VERTEX
  5
1C8
  8
FAB
 10
664.8553953432208
 20
37.04396291026086
 30
0.0
 42
0.9999999999999999
  0
VERTEX
  5
1C9
  8
FAB
 10
664.8553953432208
 20
34.04396291026086
 30
0.0
  0
VERTEX
  5
1CA
  8
FAB
 10
674.8553953432208
 20
34.04396291026086
 30
0.0
 42
0.4142135623730803
  0
SEQEND
  5
1CB
  8
FAB
  0
CIRCLE
  5
1CC
  8
FAB
 10
704.8553953432208
 20
35.54396291026086
 30
0.0
 40
1.5
  0
CIRCLE
  5
1CD
  8
FAB
 10
704.8553953432208
 20
75.54396291026092
 30
0.0
 40
1.5
  0
CIRCLE
  5
1CE
  8
FAB
 10
674.8553953432208
 20
75.54396291026092
 30
0.0
 40
1.5
  0
CIRCLE
  5
1CF
  8
FAB
 10
664.8553953432208
 20
75.54396291026092
 30
0.0
 40
1.5
  0
POLYLINE
  5
1D0
  8
FAB
 66
     1
 10
0.0
 20
0.0
 30
0.0
 70
     1
  0
VERTEX
  5
1D1
  8
FAB
 10
709.8553953432208
 20
77.12974934788781
 30
0.0
 42
0.4142135623730951
  0
VERTEX
  5
1D2
  8
FAB
 10
706.4411817808477
 20
80.5439629102609
 30
0.0
  0
VERTEX
  5
1D3
  8
FAB
 10
663.2696089055939
 20
80.54396291026092
 30
0.0
 42
0.4142135623730951
  0
VERTEX
  5
1D4
  8
FAB
 10
659.8553953432208
 20
77.12974934788781
 30
0.0
  0
VERTEX
  5
1D5
  8
FAB
 10
659.8553953432207
 20
33.95817647263414
 30
0.0
 42
0.4142135623730936
  0
VERTEX
  5
1D6
  8
FAB
 10
663.2696089055938
 20
30.54396291026104
 30
0.0
  0
VERTEX
  5
1D7
  8
FAB
 10
706.4411817808477
 20
30.54396291026091
 30
0.0
 42
0.4142135623730953
  0
VERTEX
  5
1D8
  8
FAB
 10
709.8553953432208
 20
33.95817647263402
 30
0.0
  0
SEQEND
  5
1D9
  8
FAB
  0
CIRCLE
  5
1DA
  8
FAB
 10
640.8553953432208
 20
-14.45603708973908
 30
0.0
 40
1.5
  0
CIRCLE
  5
1DB
  8
FAB
 10
640.8553953432208
 20
35.54396291026092
 30
0.0
 40
1.5
  0
CIRCLE
  5
1DC
  8
FAB
 10
640.8553953432208
 20
75.54396291026092
 30
0.0
 40
1.5
  0
POLYLINE
  5
1DD
  8
FAB
 66
     1
 10
0.0
 20
0.0
 30
0.0
 70
     1
  0
VERTEX
  5
1DE
  8
FAB
 10
622.5607438183345
 20
13.05628615628473
 30
0.0
 42
0.4514162296451667
  0
VERTEX
  5
1DF
  8
FAB
 10
622.5607438183345
 20
-1.968360335762896
 30
0.0
  0
VERTEX
  5
1E0
  8
FAB
 10
639.1500468681072
 20
-1.968360335762895
 30
0.0
 42
0.4514162296451592
  0
VERTEX
  5
1E1
  8
FAB
 10
639.1500468681071
 20
13.0562861562846
 30
0.0
  0
SEQEND
  5
1E2
  8
FAB
  0
CIRCLE
  5
1E3
  8
FAB
 10
630.8553953432208
 20
-6.978472419465197
 30
0.0
 40
1.625
  0
CIRCLE
  5
1E4
  8
FAB
 10
-630.8553953432211
 20
18.06639823998739
 30
-0.0000000000000039
 40
1.625
210
0.0
220
0.0
230
-1.0
  0
CIRCLE
  5
1E5
  8
FAB
 10
-648.1139491416161
 20
5.543962910262302
 30
-0.0000000000000039
 40
1.624999999997871
210
0.0
220
0.0
230
-1.0
  0
CIRCLE
  5
1E6
  8
FAB
 10
613.5968415448258
 20
5.543962910262309
 30
0.0000000000000039
 40
1.624999999998035
  0
POLYLINE
  5
1E7
  8
FAB
 66
     1
 10
0.0
 20
0.0
 30
0.0
 70
     1
  0
VERTEX
  5
1E8
  8
FAB
 10
622.5607438183345
 20
63.05628615628473
 30
0.0
 42
0.4514162296451616
  0
VERTEX
  5
1E9
  8
FAB
 10
622.5607438183345
 20
48.0316396642371
 30
0.0
  0
VERTEX
  5
1EA
  8
FAB
 10
639.1500468681072
 20
48.0316396642371
 30
0.0
 42
0.4514162296451699
  0
VERTEX
  5
1EB
  8
FAB
 10
639.1500468681072
 20
63.05628615628476
 30
0.0
  0
SEQEND
  5
1EC
  8
FAB
  0
CIRCLE
  5
1ED
  8
FAB
 10
630.8553953432208
 20
43.02152758053483
 30
0.0
 40
1.625
  0
CIRCLE
  5
1EE
  8
FAB
 10
-630.8553953432211
 20
68.0663982399874
 30
-0.0000000000000039
 40
1.625
210
0.0
220
0.0
230
-1.0
  0
CIRCLE
  5
1EF
  8
FAB
 10
-648.113949141616
 20
55.5439629102623
 30
-0.0000000000000039
 40
1.624999999997955
210
0.0
220
0.0
230
-1.0
  0
CIRCLE
  5
1F0
  8
FAB
 10
613.5968415448259
 20
55.54396291026231
 30
0.0000000000000039
 40
1.624999999998119
  0
POLYLINE
  5
1F1
  8
FAB
 66
     1
 10
0.0
 20
0.0
 30
0.0
 70
     1
  0
VERTEX
  5
1F2
  8
FAB
 10
609.2696089055939
 20
80.5439629102609
 30
0.0
 42
0.4142135623730968
  0
VERTEX
  5
1F3
  8
FAB
 10
605.8553953432208
 20
77.12974934788781
 30
0.0
  0
VERTEX
  5
1F4
  8
FAB
 10
605.8553953432208
 20
-16.04182352736598
 30
0.0
 42
0.4142135623730945
  0
VERTEX
  5
1F5
  8
FAB
 10
609.2696089055939
 20
-19.45603708973908
 30
0.0
  0
VERTEX
  5
1F6
  8
FAB
 10
652.4411817808477
 20
-19.45603708973908
 30
0.0
 42
0.4142135623730953
  0
VERTEX
  5
1F7
  8
FAB
 10
655.8553953432208
 20
-16.04182352736598
 30
0.0
  0
VERTEX
  5
1F8
  8
FAB
 10
655.8553953432208
 20
77.12974934788781
 30
0.0
 42
0.4142135623730951
  0
VERTEX
  5
1F9
  8
FAB
 10
652.4411817808477
 20
80.5439629102609
 30
0.0
  0
SEQEND
  5
1FA
  8
FAB
  0
CIRCLE
  5
1FB
  8
FAB
 10
610.8553953432208
 20
25.54396291026092
 30
0.0
 40
1.5
  0
CIRCLE
  5
1FC
  8
FAB
 10
620.8553953432208
 20
25.54396291026092
 30
0.0
 40
1.5
  0
CIRCLE
  5
1FD
  8
FAB
 10
640.8553953432208
 20
25.54396291026092
 30
0.0
 40
1.5
  0
CIRCLE
  5
1FE
  8
FAB
 10
650.8553953432208
 20
25.54396291026092
 30
0.0
 40
1.5
  0
CIRCLE
  5
1FF
  8
FAB
 10
650.8553953432208
 20
-14.45603708973908
 30
0.0
 40
1.5
  0
POLYLINE
  5
200
  8
FAB
 66
     1
 10
0.0
 20
0.0
 30
0.0
 70
     1
  0
VERTEX
  5
201
  8
FAB
 10
622.3553953432208
 20
-14.45603708973909
 30
0.0
 42
0.4142135623731091
  0
VERTEX
  5
202
  8
FAB
 10
620.8553953432208
 20
-12.95603708973908
 30
0.0
  0
VERTEX
  5
203
  8
FAB
 10
610.8553953432208
 20
-12.95603708973908
 30
0.0
 42
0.9999999999999999
  0
VERTEX
  5
204
  8
FAB
 10
610.8553953432208
 20
-15.95603708973908
 30
0.0
  0
VERTEX
  5
205
  8
FAB
 10
620.8553953432208
 20
-15.95603708973908
 30
0.0
 42
0.4142135623730813
  0
SEQEND
  5
206
  8
FAB
  0
POLYLINE
  5
207
  8
FAB
 66
     1
 10
0.0
 20
0.0
 30
0.0
 70
     1
  0
VERTEX
  5
208
  8
FAB
 10
622.3553953432208
 20
35.54396291026085
 30
0.0
 42
0.41421356237311
  0
VERTEX
  5
209
  8
FAB
 10
620.8553953432208
 20
37.04396291026086
 30
0.0
  0
VERTEX
  5
20A
  8
FAB
 10
610.8553953432208
 20
37.04396291026086
 30
0.0
 42
0.9999999999999999
  0
VERTEX
  5
20B
  8
FAB
 10
610.8553953432208
 20
34.04396291026086
 30
0.0
  0
VERTEX
  5
20C
  8
FAB
 10
620.8553953432208
 20
34.04396291026086
 30
0.0
 42
0.4142135623730803
  0
SEQEND
  5
20D
  8
FAB
  0
CIRCLE
  5
20E
  8
FAB
 10
650.8553953432208
 20
35.54396291026086
 30
0.0
 40
1.5
  0
CIRCLE
  5
20F
  8
FAB
 10
650.8553953432208
 20
75.54396291026092
 30
0.0
 40
1.5
  0
CIRCLE
  5
210
  8
FAB
 10
620.8553953432208
 20
75.54396291026092
 30
0.0
 40
1.5
  0
CIRCLE
  5
211
  8
FAB
 10
610.8553953432208
 20
75.54396291026092
 30
0.0
 40
1.5
  0
POLYLINE
  5
212
  8
FAB
 66
     1
 10
0.0
 20
0.0
 30
-0.0000000000000023
 70
     1
  0
VERTEX
  5
213
  8
FAB
 10
568.5607438183347
 20
38.05628615628456
 30
-0.0000000000000023
 42
0.4514162296451666
  0
VERTEX
  5
214
  8
FAB
 10
568.5607438183347
 20
23.03163966423693
 30
-0.0000000000000023
  0
VERTEX
  5
215
  8
FAB
 10
585.1500468681074
 20
23.03163966423693
 30
-0.0000000000000023
 42
0.4514162296451626
  0
VERTEX
  5
216
  8
FAB
 10
585.1500468681073
 20
38.05628615628449
 30
-0.0000000000000023
  0
SEQEND
  5
217
  8
FAB
  0
CIRCLE
  5
218
  8
FAB
 10
576.8553953432211
 20
18.02152758053456
 30
-0.0000000000000023
 40
1.625
  0
CIRCLE
  5
219
  8
FAB
 10
-576.8553953432213
 20
43.06639823998728
 30
-0.0000000000000016
 40
1.625
210
0.0
220
0.0
230
-1.0
  0
CIRCLE
  5
21A
  8
FAB
 10
-594.1139491416161
 20
30.54396291026214
 30
-0.0000000000000016
 40
1.624999999998032
210
0.0
220
0.0
230
-1.0
  0
CIRCLE
  5
21B
  8
FAB
 10
559.596841544826
 20
30.54396291026214
 30
0.0000000000000016
 40
1.624999999998032
  0
POLYLINE
  5
21C
  8
FAB
 66
     1
 10
0.0
 20
0.0
 30
0.0
 70
     1
  0
VERTEX
  5
21D
  8
FAB
 10
555.2696089055944
 20
80.5439629102609
 30
0.0
 42
0.4142135623730968
  0
VERTEX
  5
21E
  8
FAB
 10
551.8553953432213
 20
77.12974934788781
 30
0.0
  0
VERTEX
  5
21F
  8
FAB
 10
551.8553953432213
 20
-16.04182352736598
 30
0.0
 42
0.4142135623730945
  0
VERTEX
  5
220
  8
FAB
 10
555.2696089055944
 20
-19.45603708973908
 30
0.0
  0
VERTEX
  5
221
  8
FAB
 10
598.4411817808482
 20
-19.45603708973908
 30
0.0
 42
0.4142135623730953
  0
VERTEX
  5
222
  8
FAB
 10
601.8553953432213
 20
-16.04182352736598
 30
0.0
  0
VERTEX
  5
223
  8
FAB
 10
601.8553953432213
 20
77.12974934788781
 30
0.0
 42
0.4142135623730951
  0
VERTEX
  5
224
  8
FAB
 10
598.4411817808482
 20
80.5439629102609
 30
0.0
  0
SEQEND
  5
225
  8
FAB
  0
CIRCLE
  5
226
  8
FAB
 10
556.8553953432213
 20
5.543962910260916
 30
0.0
 40
1.5
  0
CIRCLE
  5
227
  8
FAB
 10
576.8553953432213
 20
5.543962910260916
 30
0.0
 40
1.5
  0
CIRCLE
  5
228
  8
FAB
 10
586.8553953432213
 20
5.543962910260916
 30
0.0
 40
1.5
  0
CIRCLE
  5
229
  8
FAB
 10
596.8553953432213
 20
5.543962910260916
 30
0.0
 40
1.5
  0
CIRCLE
  5
22A
  8
FAB
 10
556.8553953432213
 20
-4.456037089739084
 30
0.0
 40
1.5
  0
CIRCLE
  5
22B
  8
FAB
 10
566.8553953432213
 20
-4.456037089739084
 30
0.0
 40
1.5
  0
CIRCLE
  5
22C
  8
FAB
 10
576.8553953432213
 20
-4.456037089739084
 30
0.0
 40
1.5
  0
CIRCLE
  5
22D
  8
FAB
 10
596.8553953432213
 20
-4.456037089739084
 30
0.0
 40
1.5
  0
CIRCLE
  5
22E
  8
FAB
 10
576.8553953432213
 20
-14.45603708973908
 30
0.0
 40
1.5
  0
CIRCLE
  5
22F
  8
FAB
 10
596.8553953432213
 20
-14.45603708973908
 30
0.0
 40
1.5
  0
POLYLINE
  5
230
  8
FAB
 66
     1
 10
0.0
 20
0.0
 30
0.0
 70
     1
  0
VERTEX
  5
231
  8
FAB
 10
586.8553953432213
 20
-15.95603708973908
 30
0.0
 42
0.4142135623730815
  0
VERTEX
  5
232
  8
FAB
 10
588.3553953432213
 20
-14.45603708973908
 30
0.0
  0
VERTEX
  5
233
  8
FAB
 10
588.3553953432213
 20
-4.456037089739084
 30
0.0
 42
0.9999999999999999
  0
VERTEX
  5
234
  8
FAB
 10
585.3553953432213
 20
-4.456037089739084
 30
0.0
  0
VERTEX
  5
235
  8
FAB
 10
585.3553953432213
 20
-14.45603708973908
 30
0.0
 42
0.4142135623731082
  0
SEQEND
  5
236
  8
FAB
  0
POLYLINE
  5
237
  8
FAB
 66
     1
 10
0.0
 20
0.0
 30
0.0
 70
     1
  0
VERTEX
  5
238
  8
FAB
 10
568.3553953432213
 20
-14.45603708973909
 30
0.0
 42
0.4142135623731091
  0
VERTEX
  5
239
  8
FAB
 10
566.8553953432213
 20
-12.95603708973908
 30
0.0
  0
VERTEX
  5
23A
  8
FAB
 10
556.8553953432213
 20
-12.95603708973908
 30
0.0
 42
0.9999999999999999
  0
VERTEX
  5
23B
  8
FAB
 10
556.8553953432213
 20
-15.95603708973908
 30
0.0
  0
VERTEX
  5
23C
  8
FAB
 10
566.8553953432213
 20
-15.95603708973908
 30
0.0
 42
0.4142135623730813
  0
SEQEND
  5
23D
  8
FAB
  0
POLYLINE
  5
23E
  8
FAB
 66
     1
 10
0.0
 20
0.0
 30
0.0
 70
     1
  0
VERTEX
  5
23F
  8
FAB
 10
598.3553953432213
 20
65.54396291026092
 30
0.0
 42
0.414213562373106
  0
VERTEX
  5
240
  8
FAB
 10
596.8553953432213
 20
67.04396291026092
 30
0.0
  0
VERTEX
  5
241
  8
FAB
 10
586.8553953432213
 20
67.04396291026092
 30
0.0
 42
0.9999999999999999
  0
VERTEX
  5
242
  8
FAB
 10
586.8553953432213
 20
64.04396291026092
 30
0.0
  0
VERTEX
  5
243
  8
FAB
 10
596.8553953432213
 20
64.04396291026092
 30
0.0
 42
0.4142135623730813
  0
SEQEND
  5
244
  8
FAB
  0
CIRCLE
  5
245
  8
FAB
 10
596.8553953432213
 20
55.54396291026086
 30
0.0
 40
1.5
  0
CIRCLE
  5
246
  8
FAB
 10
586.8553953432213
 20
55.54396291026086
 30
0.0
 40
1.5
  0
CIRCLE
  5
247
  8
FAB
 10
596.8553953432213
 20
75.54396291026092
 30
0.0
 40
1.5
  0
CIRCLE
  5
248
  8
FAB
 10
586.8553953432213
 20
75.54396291026092
 30
0.0
 40
1.5
  0
POLYLINE
  5
249
  8
FAB
 66
     1
 10
0.0
 20
0.0
 30
0.0
 70
     1
  0
VERTEX
  5
24A
  8
FAB
 10
566.8553953432213
 20
54.04396291026086
 30
0.0
 42
0.4142135623730803
  0
VERTEX
  5
24B
  8
FAB
 10
568.3553953432213
 20
55.54396291026086
 30
0.0
  0
VERTEX
  5
24C
  8
FAB
 10
568.3553953432213
 20
65.54396291026092
 30
0.0
 42
0.9999999999999999
  0
VERTEX
  5
24D
  8
FAB
 10
565.3553953432213
 20
65.54396291026092
 30
0.0
  0
VERTEX
  5
24E
  8
FAB
 10
565.3553953432213
 20
55.54396291026086
 30
0.0
 42
0.4142135623731083
  0
SEQEND
  5
24F
  8
FAB
  0
CIRCLE
  5
250
  8
FAB
 10
576.8553953432213
 20
55.54396291026086
 30
0.0
 40
1.5
  0
CIRCLE
  5
251
  8
FAB
 10
556.8553953432213
 20
55.54396291026086
 30
0.0
 40
1.5
  0
CIRCLE
  5
252
  8
FAB
 10
576.8553953432213
 20
65.54396291026092
 30
0.0
 40
1.5
  0
CIRCLE
  5
253
  8
FAB
 10
556.8553953432213
 20
65.54396291026092
 30
0.0
 40
1.5
  0
CIRCLE
  5
254
  8
FAB
 10
576.8553953432213
 20
75.54396291026092
 30
0.0
 40
1.5
  0
CIRCLE
  5
255
  8
FAB
 10
566.8553953432213
 20
75.54396291026092
 30
0.0
 40
1.5
  0
CIRCLE
  5
256
  8
FAB
 10
556.8553953432213
 20
75.54396291026092
 30
0.0
 40
1.5
  0
CIRCLE
  5
257
  8
FAB
 10
715.7135528804399
 20
359.4029364013313
 30
0.0
 40
1.625
  0
CIRCLE
  5
258
  8
FAB
 10
-715.7135528804404
 20
389.4074807417753
 30
0.0
 40
1.625
210
0.0
220
0.0
230
-1.0
  0
CIRCLE
  5
259
  8
FAB
 10
735.7135528804403
 20
374.4052085715545
 30
0.0
 40
1.624999999998016
  0
POLYLINE
  5
25A
  8
FAB
 66
     1
 10
0.0
 20
0.0
 30
0.0
 70
     1
  0
VERTEX
  5
25B
  8
FAB
 10
740.3898442351508
 20
374.405208571553
 30
0.0
 42
-0.4142135623729616
  0
VERTEX
  5
25C
  8
FAB
 10
736.3898442351506
 20
370.4052085715546
 30
0.0
  0
VERTEX
  5
25D
  8
FAB
 10
735.3770746130963
 20
370.4052085715547
 30
0.0
  0
VERTEX
  5
25E
  8
FAB
 10
735.1228175866746
 20
370.404353366042
 30
0.0
  0
VERTEX
  5
25F
  8
FAB
 10
734.8715420666754
 20
370.3985558939646
 30
0.0
  0
VERTEX
  5
260
  8
FAB
 10
734.7479113425184
 20
370.3924017361401
 30
0.0
  0
VERTEX
  5
261
  8
FAB
 10
734.6260662902037
 20
370.3834033980824
 30
0.0
  0
VERTEX
  5
262
  8
FAB
 10
734.5063230809938
 20
370.3711028231037
 30
0.0
  0
VERTEX
  5
263
  8
FAB
 10
734.4473336720578
 20
370.3635816214876
 30
0.0
  0
VERTEX
  5
264
  8
FAB
 10
734.388980162838
 20
370.355080669543
 30
0.0
  0
VERTEX
  5
265
  8
FAB
 10
734.33129680684
 20
370.3455537110245
 30
0.0
  0
VERTEX
  5
266
  8
FAB
 10
734.2743165340744
 20
370.3349569948919
 30
0.0
  0
VERTEX
  5
267
  8
FAB
 10
734.2180708971114
 20
370.3232492966886
 30
0.0
  0
VERTEX
  5
268
  8
FAB
 10
734.1625900171332
 20
370.3103919399209
 30
0.0
  0
VERTEX
  5
269
  8
FAB
 10
734.1079025299873
 20
370.2963488174371
 30
0.0
  0
VERTEX
  5
26A
  8
FAB
 10
734.0540355322403
 20
370.281086412806
 30
0.0
  0
VERTEX
  5
26B
  8
FAB
 10
734.00101452723
 20
370.264573821696
 30
0.0
  0
VERTEX
  5
26C
  8
FAB
 10
733.9488633711201
 20
370.2467827732543
 30
0.0
  0
VERTEX
  5
26D
  8
FAB
 10
733.8976042189521
 20
370.2276876514856
 30
0.0
  0
VERTEX
  5
26E
  8
FAB
 10
733.8472574706991
 20
370.2072655166307
 30
0.0
  0
VERTEX
  5
26F
  8
FAB
 10
733.7978417173192
 20
370.1854961265465
 30
0.0
  0
VERTEX
  5
270
  8
FAB
 10
733.7493736868087
 20
370.1623619580837
 30
0.0
  0
VERTEX
  5
271
  8
FAB
 10
733.7018681902546
 20
370.1378482284666
 30
0.0
  0
VERTEX
  5
272
  8
FAB
 10
733.6553380678886
 20
370.1119429166719
 30
0.0
  0
VERTEX
  5
273
  8
FAB
 10
733.6097941351402
 20
370.0846367848069
 30
0.0
  0
VERTEX
  5
274
  8
FAB
 10
733.5652451286896
 20
370.0559233994898
 30
0.0
  0
VERTEX
  5
275
  8
FAB
 10
733.5216976525217
 20
370.0257991532273
 30
0.0
  0
VERTEX
  5
276
  8
FAB
 10
733.4791561239776
 20
369.9942632857944
 30
0.0
  0
VERTEX
  5
277
  8
FAB
 10
733.4376227198103
 20
369.961317905613
 30
0.0
  0
VERTEX
  5
278
  8
FAB
 10
733.3970973222356
 20
369.9269680111311
 30
0.0
  0
VERTEX
  5
279
  8
FAB
 10
733.3575774649869
 20
369.8912215122012
 30
0.0
  0
VERTEX
  5
27A
  8
FAB
 10
733.3190582793679
 20
369.85408925146
 30
0.0
  0
VERTEX
  5
27B
  8
FAB
 10
733.2815324403055
 20
369.8155850257066
 30
0.0
  0
VERTEX
  5
27C
  8
FAB
 10
733.2449901124029
 20
369.7757256072821
 30
0.0
  0
VERTEX
  5
27D
  8
FAB
 10
733.2094188959942
 20
369.734530765448
 30
0.0
  0
VERTEX
  5
27E
  8
FAB
 10
733.1748037731961
 20
369.6920232877655
 30
0.0
  0
VERTEX
  5
27F
  8
FAB
 10
733.1411270539617
 20
369.6482290014742
 30
0.0
  0
VERTEX
  5
280
  8
FAB
 10
733.1083683221337
 20
369.6031767948714
 30
0.0
  0
VERTEX
  5
281
  8
FAB
 10
733.0765043814979
 20
369.5568986386907
 30
0.0
  0
VERTEX
  5
282
  8
FAB
 10
733.0455092018353
 20
369.5094296074807
 30
0.0
  0
VERTEX
  5
283
  8
FAB
 10
733.0153538649773
 20
369.4608079009849
 30
0.0
  0
VERTEX
  5
284
  8
FAB
 10
732.9860065108574
 20
369.4110748655195
 30
0.0
  0
VERTEX
  5
285
  8
FAB
 10
732.9574322835642
 20
369.3602750153534
 30
0.0
  0
VERTEX
  5
286
  8
FAB
 10
732.9295932773964
 20
369.3084560540861
 30
0.0
  0
VERTEX
  5
287
  8
FAB
 10
732.8759537329921
 20
369.2019676875766
 30
0.0
  0
VERTEX
  5
288
  8
FAB
 10
732.8247215862305
 20
369.0920559938113
 30
0.0
  0
VERTEX
  5
289
  8
FAB
 10
732.7754782964466
 20
368.9792195981607
 30
0.0
  0
VERTEX
  5
28A
  8
FAB
 10
732.5880974974141
 20
368.510471729449
 30
0.0
 42
-0.0971469262994383
  0
VERTEX
  5
28B
  8
FAB
 10
729.2591916738515
 20
363.3282854946303
 30
0.0
 42
-0.2043018768846572
  0
VERTEX
  5
28C
  8
FAB
 10
727.0943844000869
 20
362.4052085715535
 30
0.0
  0
VERTEX
  5
28D
  8
FAB
 10
722.7135528804399
 20
362.4052085715536
 30
0.0
  0
VERTEX
  5
28E
  8
FAB
 10
722.3399719478227
 20
362.4037895041708
 30
0.0
  0
VERTEX
  5
28F
  8
FAB
 10
721.9745392085649
 20
362.3942222434287
 30
0.0
  0
VERTEX
  5
290
  8
FAB
 10
721.7971529246904
 20
362.3841085273032
 30
0.0
  0
VERTEX
  5
291
  8
FAB
 10
721.6243957759477
 20
362.3693656760458
 30
0.0
  0
VERTEX
  5
292
  8
FAB
 10
721.5399811150171
 20
362.3600303369765
 30
0.0
  0
VERTEX
  5
293
  8
FAB
 10
721.4569887401201
 20
362.3492727118735
 30
0.0
  0
VERTEX
  5
294
  8
FAB
 10
721.3754980446436
 20
362.33701340735
 30
0.0
  0
VERTEX
  5
295
  8
FAB
 10
721.2955841304399
 20
362.3231773215537
 30
0.0
  0
VERTEX
  5
296
  8
FAB
 10
721.2173178078272
 20
362.3076936441664
 30
0.0
  0
VERTEX
  5
297
  8
FAB
 10
721.1407655955888
 20
362.2904958564047
 30
0.0
  0
VERTEX
  5
298
  8
FAB
 10
721.0659897209741
 20
362.2715217310194
 30
0.0
  0
VERTEX
  5
299
  8
FAB
 10
720.9930481196977
 20
362.2507133322958
 30
0.0
  0
VERTEX
  5
29A
  8
FAB
 10
720.92199443594
 20
362.2280170160536
 30
0.0
  0
VERTEX
  5
29B
  8
FAB
 10
720.8528780223467
 20
362.2033834296469
 30
0.0
  0
VERTEX
  5
29C
  8
FAB
 10
720.8190605410971
 20
362.1903259108965
 30
0.0
  0
VERTEX
  5
29D
  8
FAB
 10
720.7857439400293
 20
362.1767675119642
 30
0.0
  0
VERTEX
  5
29E
  8
FAB
 10
720.75293318123
 20
362.1627032707635
 30
0.0
  0
VERTEX
  5
29F
  8
FAB
 10
720.7206329585649
 20
362.1481284934286
 30
0.0
  0
VERTEX
  5
2A0
  8
FAB
 10
720.688847697679
 20
362.1330387543146
 30
0.0
  0
VERTEX
  5
2A1
  8
FAB
 10
720.6575815559961
 20
362.1174298959975
 30
0.0
  0
VERTEX
  5
2A2
  8
FAB
 10
720.6268384227194
 20
362.1012980292741
 30
0.0
  0
VERTEX
  5
2A3
  8
FAB
 10
720.596621918831
 20
362.0846395331624
 30
0.0
  0
VERTEX
  5
2A4
  8
FAB
 10
720.5669353970923
 20
362.0674510549012
 30
0.0
  0
VERTEX
  5
2A5
  8
FAB
 10
720.5377819420435
 20
362.04972950995
 30
0.0
  0
VERTEX
  5
2A6
  8
FAB
 10
720.5091643700041
 20
362.0314720819894
 30
0.0
  0
VERTEX
  5
2A7
  8
FAB
 10
720.4810852290727
 20
362.0126762229208
 30
0.0
  0
VERTEX
  5
2A8
  8
FAB
 10
720.453546799127
 20
361.9933396528664
 30
0.0
  0
VERTEX
  5
2A9
  8
FAB
 10
720.4265510918237
 20
361.9734603601698
 30
0.0
  0
VERTEX
  5
2AA
  8
FAB
 10
720.4000998505987
 20
361.9530366013948
 30
0.0
  0
VERTEX
  5
2AB
  8
FAB
 10
720.374194550667
 20
361.9320669013266
 30
0.0
  0
VERTEX
  5
2AC
  8
FAB
 10
720.3488363990225
 20
361.9105500529711
 30
0.0
  0
VERTEX
  5
2AD
  8
FAB
 10
720.3240263344385
 20
361.8884851175551
 30
0.0
  0
VERTEX
  5
2AE
  8
FAB
 10
720.2997650274672
 20
361.8658714245263
 30
0.0
  0
VERTEX
  5
2AF
  8
FAB
 10
720.2760528804399
 20
361.8427085715536
 30
0.0
  0
VERTEX
  5
2B0
  8
FAB
 10
720.2528900274672
 20
361.8189964245263
 30
0.0
  0
VERTEX
  5
2B1
  8
FAB
 10
720.2302763344385
 20
361.794735117555
 30
0.0
  0
VERTEX
  5
2B2
  8
FAB
 10
720.2082113990225
 20
361.769925052971
 30
0.0
  0
VERTEX
  5
2B3
  8
FAB
 10
720.186694550667
 20
361.7445669013266
 30
0.0
  0
VERTEX
  5
2B4
  8
FAB
 10
720.1657248505987
 20
361.7186616013948
 30
0.0
  0
VERTEX
  5
2B5
  8
FAB
 10
720.1453010918237
 20
361.6922103601698
 30
0.0
  0
VERTEX
  5
2B6
  8
FAB
 10
720.125421799127
 20
361.6652146528666
 30
0.0
  0
VERTEX
  5
2B7
  8
FAB
 10
720.1060852290727
 20
361.6376762229208
 30
0.0
  0
VERTEX
  5
2B8
  8
FAB
 10
720.0872893700041
 20
361.6095970819895
 30
0.0
  0
VERTEX
  5
2B9
  8
FAB
 10
720.0690319420435
 20
361.5809795099501
 30
0.0
  0
VERTEX
  5
2BA
  8
FAB
 10
720.0513103970923
 20
361.5518260549013
 30
0.0
  0
VERTEX
  5
2BB
  8
FAB
 10
720.034121918831
 20
361.5221395331625
 30
0.0
  0
VERTEX
  5
2BC
  8
FAB
 10
720.0174634227194
 20
361.4919230292742
 30
0.0
  0
VERTEX
  5
2BD
  8
FAB
 10
720.0013315559961
 20
361.4611798959974
 30
0.0
  0
VERTEX
  5
2BE
  8
FAB
 10
719.985722697679
 20
361.4299137543146
 30
0.0
  0
VERTEX
  5
2BF
  8
FAB
 10
719.9706329585649
 20
361.3981284934286
 30
0.0
  0
VERTEX
  5
2C0
  8
FAB
 10
719.95605818123
 20
361.3658282707636
 30
0.0
  0
VERTEX
  5
2C1
  8
FAB
 10
719.9419939400293
 20
361.3330175119643
 30
0.0
  0
VERTEX
  5
2C2
  8
FAB
 10
719.9284355410971
 20
361.2997009108964
 30
0.0
  0
VERTEX
  5
2C3
  8
FAB
 10
719.9153780223467
 20
361.2658834296469
 30
0.0
  0
VERTEX
  5
2C4
  8
FAB
 10
719.89074443594
 20
361.1967670160536
 30
0.0
  0
VERTEX
  5
2C5
  8
FAB
 10
719.8680481196978
 20
361.1257133322958
 30
0.0
  0
VERTEX
  5
2C6
  8
FAB
 10
719.8472397209744
 20
361.0527717310194
 30
0.0
  0
VERTEX
  5
2C7
  8
FAB
 10
719.8282655955891
 20
360.9779958564047
 30
0.0
  0
VERTEX
  5
2C8
  8
FAB
 10
719.8110678078274
 20
360.9014436441664
 30
0.0
  0
VERTEX
  5
2C9
  8
FAB
 10
719.7955841304401
 20
360.8231773215537
 30
0.0
  0
VERTEX
  5
2CA
  8
FAB
 10
719.7817480446438
 20
360.74326340735
 30
0.0
  0
VERTEX
  5
2CB
  8
FAB
 10
719.7694887401203
 20
360.6617727118735
 30
0.0
  0
VERTEX
  5
2CC
  8
FAB
 10
719.7587311150173
 20
360.5787803369765
 30
0.0
  0
VERTEX
  5
2CD
  8
FAB
 10
719.749395775948
 20
360.4943656760458
 30
0.0
  0
VERTEX
  5
2CE
  8
FAB
 10
719.7346529246906
 20
360.3216085273032
 30
0.0
  0
VERTEX
  5
2CF
  8
FAB
 10
719.7245392085651
 20
360.1442222434288
 30
0.0
  0
VERTEX
  5
2D0
  8
FAB
 10
719.714971947823
 20
359.778789504171
 30
0.0
  0
VERTEX
  5
2D1
  8
FAB
 10
719.71355288044
 20
359.4052085715538
 30
0.0
  0
VERTEX
  5
2D2
  8
FAB
 10
719.7135528804399
 20
359.4029364013312
 30
0.0
 42
-0.9999999999999859
  0
VERTEX
  5
2D3
  8
FAB
 10
711.7135528804399
 20
359.4029364013315
 30
0.0
  0
VERTEX
  5
2D4
  8
FAB
 10
711.71355288044
 20
359.4052085715536
 30
0.0
  0
VERTEX
  5
2D5
  8
FAB
 10
711.7121338130573
 20
359.7787895041708
 30
0.0
  0
VERTEX
  5
2D6
  8
FAB
 10
711.7025665523151
 20
360.1442222434287
 30
0.0
  0
VERTEX
  5
2D7
  8
FAB
 10
711.6924528361897
 20
360.3216085273032
 30
0.0
  0
VERTEX
  5
2D8
  8
FAB
 10
711.6777099849323
 20
360.4943656760458
 30
0.0
  0
VERTEX
  5
2D9
  8
FAB
 10
711.668374645863
 20
360.5787803369765
 30
0.0
  0
VERTEX
  5
2DA
  8
FAB
 10
711.65761702076
 20
360.6617727118735
 30
0.0
  0
VERTEX
  5
2DB
  8
FAB
 10
711.6453577162365
 20
360.7432634073501
 30
0.0
  0
VERTEX
  5
2DC
  8
FAB
 10
711.6315216304401
 20
360.8231773215537
 30
0.0
  0
VERTEX
  5
2DD
  8
FAB
 10
711.6160379530529
 20
360.9014436441664
 30
0.0
  0
VERTEX
  5
2DE
  8
FAB
 10
711.5988401652912
 20
360.9779958564047
 30
0.0
  0
VERTEX
  5
2DF
  8
FAB
 10
711.5798660399059
 20
361.0527717310196
 30
0.0
  0
VERTEX
  5
2E0
  8
FAB
 10
711.5590576411823
 20
361.125713332296
 30
0.0
  0
VERTEX
  5
2E1
  8
FAB
 10
711.5363613249401
 20
361.1967670160537
 30
0.0
  0
VERTEX
  5
2E2
  8
FAB
 10
711.5117277385334
 20
361.265883429647
 30
0.0
  0
VERTEX
  5
2E3
  8
FAB
 10
711.498670219783
 20
361.2997009108966
 30
0.0
  0
VERTEX
  5
2E4
  8
FAB
 10
711.4851118208508
 20
361.3330175119644
 30
0.0
  0
VERTEX
  5
2E5
  8
FAB
 10
711.4710475796501
 20
361.3658282707637
 30
0.0
  0
VERTEX
  5
2E6
  8
FAB
 10
711.4564728023151
 20
361.3981284934288
 30
0.0
  0
VERTEX
  5
2E7
  8
FAB
 10
711.4413830632011
 20
361.4299137543147
 30
0.0
  0
VERTEX
  5
2E8
  8
FAB
 10
711.425774204884
 20
361.4611798959976
 30
0.0
  0
VERTEX
  5
2E9
  8
FAB
 10
711.4096423381607
 20
361.4919230292743
 30
0.0
  0
VERTEX
  5
2EA
  8
FAB
 10
711.392983842049
 20
361.5221395331627
 30
0.0
  0
VERTEX
  5
2EB
  8
FAB
 10
711.3757953637878
 20
361.5518260549014
 30
0.0
  0
VERTEX
  5
2EC
  8
FAB
 10
711.3580738188365
 20
361.5809795099503
 30
0.0
  0
VERTEX
  5
2ED
  8
FAB
 10
711.3398163908759
 20
361.6095970819897
 30
0.0
  0
VERTEX
  5
2EE
  8
FAB
 10
711.3210205318071
 20
361.6376762229211
 30
0.0
  0
VERTEX
  5
2EF
  8
FAB
 10
711.3016839617528
 20
361.6652146528668
 30
0.0
  0
VERTEX
  5
2F0
  8
FAB
 10
711.2818046690561
 20
361.6922103601701
 30
0.0
  0
VERTEX
  5
2F1
  8
FAB
 10
711.2613809102811
 20
361.7186616013951
 30
0.0
  0
VERTEX
  5
2F2
  8
FAB
 10
711.240411210213
 20
361.7445669013268
 30
0.0
  0
VERTEX
  5
2F3
  8
FAB
 10
711.2188943618576
 20
361.7699250529712
 30
0.0
  0
VERTEX
  5
2F4
  8
FAB
 10
711.1968294264416
 20
361.7947351175553
 30
0.0
  0
VERTEX
  5
2F5
  8
FAB
 10
711.1742157334129
 20
361.8189964245266
 30
0.0
  0
VERTEX
  5
2F6
  8
FAB
 10
711.15105288044
 20
361.8427085715538
 30
0.0
  0
VERTEX
  5
2F7
  8
FAB
 10
711.1273407334128
 20
361.8658714245266
 30
0.0
  0
VERTEX
  5
2F8
  8
FAB
 10
711.1030794264414
 20
361.8884851175553
 30
0.0
  0
VERTEX
  5
2F9
  8
FAB
 10
711.0782693618576
 20
361.9105500529713
 30
0.0
  0
VERTEX
  5
2FA
  8
FAB
 10
711.0529112102131
 20
361.9320669013268
 30
0.0
  0
VERTEX
  5
2FB
  8
FAB
 10
711.0270059102813
 20
361.953036601395
 30
0.0
  0
VERTEX
  5
2FC
  8
FAB
 10
711.0005546690563
 20
361.97346036017
 30
0.0
  0
VERTEX
  5
2FD
  8
FAB
 10
710.973558961753
 20
361.9933396528667
 30
0.0
  0
VERTEX
  5
2FE
  8
FAB
 10
710.9460205318073
 20
362.012676222921
 30
0.0
  0
VERTEX
  5
2FF
  8
FAB
 10
710.917941390876
 20
362.0314720819896
 30
0.0
  0
VERTEX
  5
300
  8
FAB
 10
710.8893238188366
 20
362.0497295099502
 30
0.0
  0
VERTEX
  5
301
  8
FAB
 10
710.8601703637878
 20
362.0674510549014
 30
0.0
  0
VERTEX
  5
302
  8
FAB
 10
710.830483842049
 20
362.0846395331627
 30
0.0
  0
VERTEX
  5
303
  8
FAB
 10
710.8002673381607
 20
362.1012980292743
 30
0.0
  0
VERTEX
  5
304
  8
FAB
 10
710.769524204884
 20
362.1174298959976
 30
0.0
  0
VERTEX
  5
305
  8
FAB
 10
710.7382580632011
 20
362.1330387543147
 30
0.0
  0
VERTEX
  5
306
  8
FAB
 10
710.706472802315
 20
362.1481284934288
 30
0.0
  0
VERTEX
  5
307
  8
FAB
 10
710.6741725796498
 20
362.1627032707637
 30
0.0
  0
VERTEX
  5
308
  8
FAB
 10
710.6413618208505
 20
362.1767675119644
 30
0.0
  0
VERTEX
  5
309
  8
FAB
 10
710.6080452197828
 20
362.1903259108967
 30
0.0
  0
VERTEX
  5
30A
  8
FAB
 10
710.5742277385332
 20
362.2033834296471
 30
0.0
  0
VERTEX
  5
30B
  8
FAB
 10
710.5051113249399
 20
362.2280170160537
 30
0.0
  0
VERTEX
  5
30C
  8
FAB
 10
710.4340576411821
 20
362.250713332296
 30
0.0
  0
VERTEX
  5
30D
  8
FAB
 10
710.3611160399057
 20
362.2715217310196
 30
0.0
  0
VERTEX
  5
30E
  8
FAB
 10
710.286340165291
 20
362.2904958564048
 30
0.0
  0
VERTEX
  5
30F
  8
FAB
 10
710.2097879530527
 20
362.3076936441665
 30
0.0
  0
VERTEX
  5
310
  8
FAB
 10
710.1315216304399
 20
362.3231773215538
 30
0.0
  0
VERTEX
  5
311
  8
FAB
 10
710.0516077162363
 20
362.3370134073501
 30
0.0
  0
VERTEX
  5
312
  8
FAB
 10
709.9701170207597
 20
362.3492727118736
 30
0.0
  0
VERTEX
  5
313
  8
FAB
 10
709.8871246458627
 20
362.3600303369766
 30
0.0
  0
VERTEX
  5
314
  8
FAB
 10
709.8027099849321
 20
362.369365676046
 30
0.0
  0
VERTEX
  5
315
  8
FAB
 10
709.6299528361894
 20
362.3841085273033
 30
0.0
  0
VERTEX
  5
316
  8
FAB
 10
709.4525665523149
 20
362.3942222434288
 30
0.0
  0
VERTEX
  5
317
  8
FAB
 10
709.0871338130571
 20
362.403789504171
 30
0.0
  0
VERTEX
  5
318
  8
FAB
 10
708.7135528804399
 20
362.4052085715537
 30
0.0
  0
VERTEX
  5
319
  8
FAB
 10
708.3327213607935
 20
362.4052085715537
 30
0.0
 42
-0.2043018768846356
  0
VERTEX
  5
31A
  8
FAB
 10
706.1679140870287
 20
363.3282854946307
 30
0.0
 42
-0.0696475409925323
  0
VERTEX
  5
31B
  8
FAB
 10
703.5702665811077
 20
366.9240687750315
 30
0.0
 42
0.2779037445362458
  0
VERTEX
  5
31C
  8
FAB
 10
700.918400399983
 20
368.5213550631836
 30
0.0
  0
VERTEX
  5
31D
  8
FAB
 10
696.2117211655391
 20
368.5213550631836
 30
0.0
 42
-0.4142135623732773
  0
VERTEX
  5
31E
  8
FAB
 10
695.2117211655393
 20
369.5213550631836
 30
0.0
  0
VERTEX
  5
31F
  8
FAB
 10
695.2117211655391
 20
371.0636200018238
 30
0.0
 42
-0.414213562373238
  0
VERTEX
  5
320
  8
FAB
 10
696.2117211655391
 20
372.0636200018238
 30
0.0
  0
VERTEX
  5
321
  8
FAB
 10
703.6968688377814
 20
372.0636200018236
 30
0.0
 42
-0.3111722180473467
  0
VERTEX
  5
322
  8
FAB
 10
706.500205646313
 20
370.1319377157697
 30
0.0
 42
0.1215850668255669
  0
VERTEX
  5
323
  8
FAB
 10
709.7762989472465
 20
365.4052085715535
 30
0.0
  0
VERTEX
  5
324
  8
FAB
 10
725.6508068136341
 20
365.4052085715533
 30
0.0
 42
0.4514162296451406
  0
VERTEX
  5
325
  8
FAB
 10
725.6508068136343
 20
383.4052085715529
 30
0.0
  0
VERTEX
  5
326
  8
FAB
 10
709.7762989472467
 20
383.4052085715533
 30
0.0
 42
0.1215850668255491
  0
VERTEX
  5
327
  8
FAB
 10
706.500205646313
 20
378.6784794273373
 30
0.0
 42
-0.3111722180474247
  0
VERTEX
  5
328
  8
FAB
 10
703.6968688377815
 20
376.7467971412833
 30
0.0
  0
VERTEX
  5
329
  8
FAB
 10
696.2117211655391
 20
376.7467971412834
 30
0.0
 42
-0.4142135623731462
  0
VERTEX
  5
32A
  8
FAB
 10
695.2117211655393
 20
377.7467971412835
 30
0.0
  0
VERTEX
  5
32B
  8
FAB
 10
695.2117211655393
 20
379.2890620799236
 30
0.0
 42
-0.4142135623729764
  0
VERTEX
  5
32C
  8
FAB
 10
696.2117211655393
 20
380.2890620799236
 30
0.0
  0
VERTEX
  5
32D
  8
FAB
 10
700.9184003999832
 20
380.2890620799235
 30
0.0
 42
0.2779037445362912
  0
VERTEX
  5
32E
  8
FAB
 10
703.570266581108
 20
381.8863483680755
 30
0.0
 42
-0.0696475409925339
  0
VERTEX
  5
32F
  8
FAB
 10
706.1679140870292
 20
385.4821316484761
 30
0.0
 42
-0.2043018768847117
  0
VERTEX
  5
330
  8
FAB
 10
708.3327213607938
 20
386.4052085715531
 30
0.0
  0
VERTEX
  5
331
  8
FAB
 10
708.7135528804404
 20
386.405208571553
 30
0.0
  0
VERTEX
  5
332
  8
FAB
 10
709.0871338130576
 20
386.4066276389358
 30
0.0
  0
VERTEX
  5
333
  8
FAB
 10
709.4525665523154
 20
386.416194899678
 30
0.0
  0
VERTEX
  5
334
  8
FAB
 10
709.6299528361899
 20
386.4263086158035
 30
0.0
  0
VERTEX
  5
335
  8
FAB
 10
709.8027099849324
 20
386.4410514670608
 30
0.0
  0
VERTEX
  5
336
  8
FAB
 10
709.8871246458632
 20
386.4503868061302
 30
0.0
  0
VERTEX
  5
337
  8
FAB
 10
709.9701170207602
 20
386.4611444312332
 30
0.0
  0
VERTEX
  5
338
  8
FAB
 10
710.0516077162367
 20
386.4734037357566
 30
0.0
  0
VERTEX
  5
339
  8
FAB
 10
710.1315216304403
 20
386.487239821553
 30
0.0
  0
VERTEX
  5
33A
  8
FAB
 10
710.209787953053
 20
386.5027234989402
 30
0.0
  0
VERTEX
  5
33B
  8
FAB
 10
710.2863401652914
 20
386.5199212867019
 30
0.0
  0
VERTEX
  5
33C
  8
FAB
 10
710.3611160399062
 20
386.5388954120872
 30
0.0
  0
VERTEX
  5
33D
  8
FAB
 10
710.4340576411826
 20
386.5597038108108
 30
0.0
  0
VERTEX
  5
33E
  8
FAB
 10
710.5051113249403
 20
386.582400127053
 30
0.0
  0
VERTEX
  5
33F
  8
FAB
 10
710.5742277385336
 20
386.6070337134597
 30
0.0
  0
VERTEX
  5
340
  8
FAB
 10
710.6080452197832
 20
386.6200912322101
 30
0.0
  0
VERTEX
  5
341
  8
FAB
 10
710.641361820851
 20
386.6336496311424
 30
0.0
  0
VERTEX
  5
342
  8
FAB
 10
710.6741725796503
 20
386.647713872343
 30
0.0
  0
VERTEX
  5
343
  8
FAB
 10
710.7064728023154
 20
386.662288649678
 30
0.0
  0
VERTEX
  5
344
  8
FAB
 10
710.7382580632013
 20
386.677378388792
 30
0.0
  0
VERTEX
  5
345
  8
FAB
 10
710.7695242048842
 20
386.6929872471092
 30
0.0
  0
VERTEX
  5
346
  8
FAB
 10
710.8002673381609
 20
386.7091191138325
 30
0.0
  0
VERTEX
  5
347
  8
FAB
 10
710.8304838420493
 20
386.7257776099441
 30
0.0
  0
VERTEX
  5
348
  8
FAB
 10
710.860170363788
 20
386.7429660882053
 30
0.0
  0
VERTEX
  5
349
  8
FAB
 10
710.8893238188368
 20
386.7606876331565
 30
0.0
  0
VERTEX
  5
34A
  8
FAB
 10
710.9179413908762
 20
386.7789450611172
 30
0.0
  0
VERTEX
  5
34B
  8
FAB
 10
710.9460205318076
 20
386.7977409201858
 30
0.0
  0
VERTEX
  5
34C
  8
FAB
 10
710.9735589617533
 20
386.8170774902401
 30
0.0
  0
VERTEX
  5
34D
  8
FAB
 10
711.0005546690567
 20
386.8369567829368
 30
0.0
  0
VERTEX
  5
34E
  8
FAB
 10
711.0270059102818
 20
386.8573805417118
 30
0.0
  0
VERTEX
  5
34F
  8
FAB
 10
711.0529112102136
 20
386.87835024178
 30
0.0
  0
VERTEX
  5
350
  8
FAB
 10
711.078269361858
 20
386.8998670901356
 30
0.0
  0
VERTEX
  5
351
  8
FAB
 10
711.1030794264418
 20
386.9219320255515
 30
0.0
  0
VERTEX
  5
352
  8
FAB
 10
711.1273407334132
 20
386.9445457185802
 30
0.0
  0
VERTEX
  5
353
  8
FAB
 10
711.1510528804405
 20
386.967708571553
 30
0.0
  0
VERTEX
  5
354
  8
FAB
 10
711.1742157334133
 20
386.9914207185802
 30
0.0
  0
VERTEX
  5
355
  8
FAB
 10
711.196829426442
 20
387.0156820255515
 30
0.0
  0
VERTEX
  5
356
  8
FAB
 10
711.218894361858
 20
387.0404920901356
 30
0.0
  0
VERTEX
  5
357
  8
FAB
 10
711.2404112102134
 20
387.06585024178
 30
0.0
  0
VERTEX
  5
358
  8
FAB
 10
711.2613809102816
 20
387.0917555417118
 30
0.0
  0
VERTEX
  5
359
  8
FAB
 10
711.2818046690566
 20
387.1182067829368
 30
0.0
  0
VERTEX
  5
35A
  8
FAB
 10
711.3016839617533
 20
387.1452024902401
 30
0.0
  0
VERTEX
  5
35B
  8
FAB
 10
711.3210205318076
 20
387.1727409201858
 30
0.0
  0
VERTEX
  5
35C
  8
FAB
 10
711.3398163908763
 20
387.2008200611172
 30
0.0
  0
VERTEX
  5
35D
  8
FAB
 10
711.3580738188369
 20
387.2294376331565
 30
0.0
  0
VERTEX
  5
35E
  8
FAB
 10
711.3757953637883
 20
387.2585910882053
 30
0.0
  0
VERTEX
  5
35F
  8
FAB
 10
711.3929838420495
 20
387.2882776099441
 30
0.0
  0
VERTEX
  5
360
  8
FAB
 10
711.4096423381611
 20
387.3184941138325
 30
0.0
  0
VERTEX
  5
361
  8
FAB
 10
711.4257742048844
 20
387.3492372471092
 30
0.0
  0
VERTEX
  5
362
  8
FAB
 10
711.4413830632016
 20
387.380503388792
 30
0.0
  0
VERTEX
  5
363
  8
FAB
 10
711.4564728023156
 20
387.412288649678
 30
0.0
  0
VERTEX
  5
364
  8
FAB
 10
711.4710475796505
 20
387.444588872343
 30
0.0
  0
VERTEX
  5
365
  8
FAB
 10
711.4851118208512
 20
387.4773996311424
 30
0.0
  0
VERTEX
  5
366
  8
FAB
 10
711.4986702197834
 20
387.5107162322101
 30
0.0
  0
VERTEX
  5
367
  8
FAB
 10
711.5117277385339
 20
387.5445337134597
 30
0.0
  0
VERTEX
  5
368
  8
FAB
 10
711.5363613249406
 20
387.613650127053
 30
0.0
  0
VERTEX
  5
369
  8
FAB
 10
711.5590576411828
 20
387.6847038108108
 30
0.0
  0
VERTEX
  5
36A
  8
FAB
 10
711.5798660399064
 20
387.7576454120872
 30
0.0
  0
VERTEX
  5
36B
  8
FAB
 10
711.5988401652917
 20
387.832421286702
 30
0.0
  0
VERTEX
  5
36C
  8
FAB
 10
711.6160379530534
 20
387.9089734989403
 30
0.0
  0
VERTEX
  5
36D
  8
FAB
 10
711.6315216304406
 20
387.987239821553
 30
0.0
  0
VERTEX
  5
36E
  8
FAB
 10
711.645357716237
 20
388.0671537357567
 30
0.0
  0
VERTEX
  5
36F
  8
FAB
 10
711.6576170207604
 20
388.1486444312333
 30
0.0
  0
VERTEX
  5
370
  8
FAB
 10
711.6683746458634
 20
388.2316368061303
 30
0.0
  0
VERTEX
  5
371
  8
FAB
 10
711.6777099849328
 20
388.3160514670609
 30
0.0
  0
VERTEX
  5
372
  8
FAB
 10
711.6924528361901
 20
388.4888086158036
 30
0.0
  0
VERTEX
  5
373
  8
FAB
 10
711.7025665523156
 20
388.6661948996781
 30
0.0
  0
VERTEX
  5
374
  8
FAB
 10
711.7121338130578
 20
389.0316276389359
 30
0.0
  0
VERTEX
  5
375
  8
FAB
 10
711.7135528804405
 20
389.4052085715531
 30
0.0
  0
VERTEX
  5
376
  8
FAB
 10
711.7135528804404
 20
389.4074807417753
 30
0.0
 42
-1.000000000000007
  0
VERTEX
  5
377
  8
FAB
 10
719.7135528804404
 20
389.4074807417753
 30
0.0
  0
VERTEX
  5
378
  8
FAB
 10
719.7135528804405
 20
389.4052085715527
 30
0.0
  0
VERTEX
  5
379
  8
FAB
 10
719.7149719478234
 20
389.0316276389356
 30
0.0
  0
VERTEX
  5
37A
  8
FAB
 10
719.7245392085656
 20
388.6661948996777
 30
0.0
  0
VERTEX
  5
37B
  8
FAB
 10
719.7346529246911
 20
388.4888086158032
 30
0.0
  0
VERTEX
  5
37C
  8
FAB
 10
719.7493957759484
 20
388.3160514670606
 30
0.0
  0
VERTEX
  5
37D
  8
FAB
 10
719.7587311150178
 20
388.2316368061299
 30
0.0
  0
VERTEX
  5
37E
  8
FAB
 10
719.7694887401208
 20
388.1486444312329
 30
0.0
  0
VERTEX
  5
37F
  8
FAB
 10
719.7817480446442
 20
388.0671537357564
 30
0.0
  0
VERTEX
  5
380
  8
FAB
 10
719.7955841304406
 20
387.9872398215527
 30
0.0
  0
VERTEX
  5
381
  8
FAB
 10
719.8110678078278
 20
387.90897349894
 30
0.0
  0
VERTEX
  5
382
  8
FAB
 10
719.8282655955895
 20
387.8324212867017
 30
0.0
  0
VERTEX
  5
383
  8
FAB
 10
719.8472397209748
 20
387.757645412087
 30
0.0
  0
VERTEX
  5
384
  8
FAB
 10
719.8680481196983
 20
387.6847038108106
 30
0.0
  0
VERTEX
  5
385
  8
FAB
 10
719.8907444359404
 20
387.6136501270528
 30
0.0
  0
VERTEX
  5
386
  8
FAB
 10
719.9153780223471
 20
387.5445337134595
 30
0.0
  0
VERTEX
  5
387
  8
FAB
 10
719.9284355410975
 20
387.51071623221
 30
0.0
  0
VERTEX
  5
388
  8
FAB
 10
719.9419939400298
 20
387.4773996311421
 30
0.0
  0
VERTEX
  5
389
  8
FAB
 10
719.9560581812304
 20
387.4445888723428
 30
0.0
  0
VERTEX
  5
38A
  8
FAB
 10
719.9706329585654
 20
387.4122886496778
 30
0.0
  0
VERTEX
  5
38B
  8
FAB
 10
719.9857226976794
 20
387.3805033887919
 30
0.0
  0
VERTEX
  5
38C
  8
FAB
 10
720.0013315559966
 20
387.349237247109
 30
0.0
  0
VERTEX
  5
38D
  8
FAB
 10
720.0174634227199
 20
387.3184941138322
 30
0.0
  0
VERTEX
  5
38E
  8
FAB
 10
720.0341219188315
 20
387.2882776099439
 30
0.0
  0
VERTEX
  5
38F
  8
FAB
 10
720.0513103970927
 20
387.2585910882052
 30
0.0
  0
VERTEX
  5
390
  8
FAB
 10
720.0690319420439
 20
387.2294376331563
 30
0.0
  0
VERTEX
  5
391
  8
FAB
 10
720.0872893700046
 20
387.2008200611169
 30
0.0
  0
VERTEX
  5
392
  8
FAB
 10
720.1060852290732
 20
387.1727409201856
 30
0.0
  0
VERTEX
  5
393
  8
FAB
 10
720.1254217991275
 20
387.1452024902399
 30
0.0
  0
VERTEX
  5
394
  8
FAB
 10
720.1453010918242
 20
387.1182067829366
 30
0.0
  0
VERTEX
  5
395
  8
FAB
 10
720.1657248505992
 20
387.0917555417116
 30
0.0
  0
VERTEX
  5
396
  8
FAB
 10
720.1866945506674
 20
387.0658502417799
 30
0.0
  0
VERTEX
  5
397
  8
FAB
 10
720.208211399023
 20
387.0404920901354
 30
0.0
  0
VERTEX
  5
398
  8
FAB
 10
720.2302763344389
 20
387.0156820255514
 30
0.0
  0
VERTEX
  5
399
  8
FAB
 10
720.2528900274676
 20
386.9914207185801
 30
0.0
  0
VERTEX
  5
39A
  8
FAB
 10
720.2760528804404
 20
386.9677085715528
 30
0.0
  0
VERTEX
  5
39B
  8
FAB
 10
720.2997650274676
 20
386.9445457185801
 30
0.0
  0
VERTEX
  5
39C
  8
FAB
 10
720.3240263344389
 20
386.9219320255513
 30
0.0
  0
VERTEX
  5
39D
  8
FAB
 10
720.348836399023
 20
386.8998670901353
 30
0.0
  0
VERTEX
  5
39E
  8
FAB
 10
720.3741945506674
 20
386.8783502417799
 30
0.0
  0
VERTEX
  5
39F
  8
FAB
 10
720.4000998505992
 20
386.8573805417116
 30
0.0
  0
VERTEX
  5
3A0
  8
FAB
 10
720.4265510918242
 20
386.8369567829366
 30
0.0
  0
VERTEX
  5
3A1
  8
FAB
 10
720.4535467991275
 20
386.81707749024
 30
0.0
  0
VERTEX
  5
3A2
  8
FAB
 10
720.4810852290732
 20
386.7977409201856
 30
0.0
  0
VERTEX
  5
3A3
  8
FAB
 10
720.5091643700046
 20
386.778945061117
 30
0.0
  0
VERTEX
  5
3A4
  8
FAB
 10
720.5377819420439
 20
386.7606876331564
 30
0.0
  0
VERTEX
  5
3A5
  8
FAB
 10
720.5669353970927
 20
386.7429660882052
 30
0.0
  0
VERTEX
  5
3A6
  8
FAB
 10
720.5966219188315
 20
386.725777609944
 30
0.0
  0
VERTEX
  5
3A7
  8
FAB
 10
720.6268384227199
 20
386.7091191138323
 30
0.0
  0
VERTEX
  5
3A8
  8
FAB
 10
720.6575815559966
 20
386.6929872471089
 30
0.0
  0
VERTEX
  5
3A9
  8
FAB
 10
720.6888476976794
 20
386.6773783887918
 30
0.0
  0
VERTEX
  5
3AA
  8
FAB
 10
720.7206329585654
 20
386.6622886496778
 30
0.0
  0
VERTEX
  5
3AB
  8
FAB
 10
720.7529331812304
 20
386.6477138723429
 30
0.0
  0
VERTEX
  5
3AC
  8
FAB
 10
720.7857439400298
 20
386.6336496311422
 30
0.0
  0
VERTEX
  5
3AD
  8
FAB
 10
720.8190605410975
 20
386.6200912322099
 30
0.0
  0
VERTEX
  5
3AE
  8
FAB
 10
720.8528780223471
 20
386.6070337134595
 30
0.0
  0
VERTEX
  5
3AF
  8
FAB
 10
720.9219944359404
 20
386.5824001270528
 30
0.0
  0
VERTEX
  5
3B0
  8
FAB
 10
720.9930481196982
 20
386.5597038108106
 30
0.0
  0
VERTEX
  5
3B1
  8
FAB
 10
721.0659897209746
 20
386.538895412087
 30
0.0
  0
VERTEX
  5
3B2
  8
FAB
 10
721.1407655955893
 20
386.5199212867017
 30
0.0
  0
VERTEX
  5
3B3
  8
FAB
 10
721.2173178078276
 20
386.50272349894
 30
0.0
  0
VERTEX
  5
3B4
  8
FAB
 10
721.2955841304404
 20
386.4872398215527
 30
0.0
  0
VERTEX
  5
3B5
  8
FAB
 10
721.375498044644
 20
386.4734037357564
 30
0.0
  0
VERTEX
  5
3B6
  8
FAB
 10
721.4569887401204
 20
386.4611444312329
 30
0.0
  0
VERTEX
  5
3B7
  8
FAB
 10
721.5399811150173
 20
386.4503868061299
 30
0.0
  0
VERTEX
  5
3B8
  8
FAB
 10
721.6243957759481
 20
386.4410514670606
 30
0.0
  0
VERTEX
  5
3B9
  8
FAB
 10
721.7971529246906
 20
386.4263086158032
 30
0.0
  0
VERTEX
  5
3BA
  8
FAB
 10
721.9745392085651
 20
386.4161948996777
 30
0.0
  0
VERTEX
  5
3BB
  8
FAB
 10
722.339971947823
 20
386.4066276389356
 30
0.0
  0
VERTEX
  5
3BC
  8
FAB
 10
722.7135528804403
 20
386.4052085715527
 30
0.0
  0
VERTEX
  5
3BD
  8
FAB
 10
727.0943844000873
 20
386.4052085715527
 30
0.0
 42
-0.2043018768846065
  0
VERTEX
  5
3BE
  8
FAB
 10
729.2591916738518
 20
385.4821316484758
 30
0.0
 42
-0.0971469262994463
  0
VERTEX
  5
3BF
  8
FAB
 10
732.5880974974143
 20
380.299945413657
 30
0.0
  0
VERTEX
  5
3C0
  8
FAB
 10
732.7754782964469
 20
379.8311975449453
 30
0.0
  0
VERTEX
  5
3C1
  8
FAB
 10
732.8247215862307
 20
379.7183611492947
 30
0.0
  0
VERTEX
  5
3C2
  8
FAB
 10
732.8759537329923
 20
379.6084494555294
 30
0.0
  0
VERTEX
  5
3C3
  8
FAB
 10
732.9295932773966
 20
379.5019610890199
 30
0.0
  0
VERTEX
  5
3C4
  8
FAB
 10
732.9574322835645
 20
379.4501421277527
 30
0.0
  0
VERTEX
  5
3C5
  8
FAB
 10
732.9860065108576
 20
379.3993422775865
 30
0.0
  0
VERTEX
  5
3C6
  8
FAB
 10
733.0153538649776
 20
379.3496092421211
 30
0.0
  0
VERTEX
  5
3C7
  8
FAB
 10
733.0455092018356
 20
379.3009875356254
 30
0.0
  0
VERTEX
  5
3C8
  8
FAB
 10
733.0765043814981
 20
379.2535185044154
 30
0.0
  0
VERTEX
  5
3C9
  8
FAB
 10
733.108368322134
 20
379.2072403482346
 30
0.0
  0
VERTEX
  5
3CA
  8
FAB
 10
733.1411270539619
 20
379.1621881416319
 30
0.0
  0
VERTEX
  5
3CB
  8
FAB
 10
733.1748037731963
 20
379.1183938553406
 30
0.0
  0
VERTEX
  5
3CC
  8
FAB
 10
733.2094188959944
 20
379.0758863776581
 30
0.0
  0
VERTEX
  5
3CD
  8
FAB
 10
733.2449901124031
 20
379.0346915358239
 30
0.0
  0
VERTEX
  5
3CE
  8
FAB
 10
733.2815324403057
 20
378.9948321173994
 30
0.0
  0
VERTEX
  5
3CF
  8
FAB
 10
733.3190582793682
 20
378.9563278916461
 30
0.0
  0
VERTEX
  5
3D0
  8
FAB
 10
733.3575774649871
 20
378.9191956309049
 30
0.0
  0
VERTEX
  5
3D1
  8
FAB
 10
733.3970973222358
 20
378.883449131975
 30
0.0
  0
VERTEX
  5
3D2
  8
FAB
 10
733.4376227198105
 20
378.849099237493
 30
0.0
  0
VERTEX
  5
3D3
  8
FAB
 10
733.4791561239779
 20
378.8161538573117
 30
0.0
  0
VERTEX
  5
3D4
  8
FAB
 10
733.5216976525219
 20
378.7846179898787
 30
0.0
  0
VERTEX
  5
3D5
  8
FAB
 10
733.5652451286899
 20
378.7544937436162
 30
0.0
  0
VERTEX
  5
3D6
  8
FAB
 10
733.6097941351404
 20
378.725780358299
 30
0.0
  0
VERTEX
  5
3D7
  8
FAB
 10
733.6553380678888
 20
378.6984742264341
 30
0.0
  0
VERTEX
  5
3D8
  8
FAB
 10
733.7018681902548
 20
378.6725689146393
 30
0.0
  0
VERTEX
  5
3D9
  8
FAB
 10
733.7493736868089
 20
378.6480551850223
 30
0.0
  0
VERTEX
  5
3DA
  8
FAB
 10
733.7978417173194
 20
378.6249210165595
 30
0.0
  0
VERTEX
  5
3DB
  8
FAB
 10
733.8472574706991
 20
378.6031516264752
 30
0.0
  0
VERTEX
  5
3DC
  8
FAB
 10
733.8976042189521
 20
378.5827294916204
 30
0.0
  0
VERTEX
  5
3DD
  8
FAB
 10
733.9488633711201
 20
378.5636343698516
 30
0.0
  0
VERTEX
  5
3DE
  8
FAB
 10
734.00101452723
 20
378.54584332141
 30
0.0
  0
VERTEX
  5
3DF
  8
FAB
 10
734.0540355322403
 20
378.5293307303
 30
0.0
  0
VERTEX
  5
3E0
  8
FAB
 10
734.1079025299873
 20
378.5140683256689
 30
0.0
  0
VERTEX
  5
3E1
  8
FAB
 10
734.1625900171332
 20
378.500025203185
 30
0.0
  0
VERTEX
  5
3E2
  8
FAB
 10
734.2180708971114
 20
378.4871678464174
 30
0.0
  0
VERTEX
  5
3E3
  8
FAB
 10
734.2743165340745
 20
378.475460148214
 30
0.0
  0
VERTEX
  5
3E4
  8
FAB
 10
734.3312968068401
 20
378.4648634320814
 30
0.0
  0
VERTEX
  5
3E5
  8
FAB
 10
734.3889801628382
 20
378.4553364735629
 30
0.0
  0
VERTEX
  5
3E6
  8
FAB
 10
734.4473336720578
 20
378.4468355216183
 30
0.0
  0
VERTEX
  5
3E7
  8
FAB
 10
734.506323080994
 20
378.4393143200022
 30
0.0
  0
VERTEX
  5
3E8
  8
FAB
 10
734.6260662902037
 20
378.4270137450236
 30
0.0
  0
VERTEX
  5
3E9
  8
FAB
 10
734.7479113425184
 20
378.4180154069659
 30
0.0
  0
VERTEX
  5
3EA
  8
FAB
 10
734.8715420666754
 20
378.4118612491413
 30
0.0
  0
VERTEX
  5
3EB
  8
FAB
 10
735.1228175866746
 20
378.406063777064
 30
0.0
  0
VERTEX
  5
3EC
  8
FAB
 10
735.3770746130963
 20
378.4052085715512
 30
0.0
  0
VERTEX
  5
3ED
  8
FAB
 10
736.3898442351508
 20
378.4052085715514
 30
0.0
 42
-0.4142135623729715
  0
SEQEND
  5
3EE
  8
FAB
  0
POLYLINE
  5
3EF
  8
FAB
 66
     1
 10
0.0
 20
0.0
 30
0.0
 70
     1
  0
VERTEX
  5
3F0
  8
FAB
 10
661.2696089055944
 20
295.5439629102609
 30
0.0
 42
0.4142135623730951
  0
VERTEX
  5
3F1
  8
FAB
 10
657.8553953432213
 20
292.1297493478878
 30
0.0
  0
VERTEX
  5
3F2
  8
FAB
 10
657.8553953432213
 20
198.958176472634
 30
0.0
 42
0.4142135623730951
  0
VERTEX
  5
3F3
  8
FAB
 10
661.2696089055944
 20
195.5439629102609
 30
0.0
  0
VERTEX
  5
3F4
  8
FAB
 10
704.4411817808482
 20
195.5439629102609
 30
0.0
 42
0.4142135623730951
  0
VERTEX
  5
3F5
  8
FAB
 10
707.8553953432213
 20
198.958176472634
 30
0.0
  0
VERTEX
  5
3F6
  8
FAB
 10
707.8553953432213
 20
292.1297493478878
 30
0.0
 42
0.4142135623730951
  0
VERTEX
  5
3F7
  8
FAB
 10
704.4411817808482
 20
295.5439629102609
 30
0.0
  0
SEQEND
  5
3F8
  8
FAB
  0
CIRCLE
  5
3F9
  8
FAB
 10
662.8553953432213
 20
240.5439629102609
 30
0.0
 40
1.5
  0
CIRCLE
  5
3FA
  8
FAB
 10
672.8553953432213
 20
240.5439629102609
 30
0.0
 40
1.5
  0
CIRCLE
  5
3FB
  8
FAB
 10
682.8553953432213
 20
240.5439629102609
 30
0.0
 40
1.5
  0
CIRCLE
  5
3FC
  8
FAB
 10
692.8553953432213
 20
240.5439629102609
 30
0.0
 40
1.5
  0
CIRCLE
  5
3FD
  8
FAB
 10
702.8553953432213
 20
240.5439629102609
 30
0.0
 40
1.5
  0
CIRCLE
  5
3FE
  8
FAB
 10
662.8553953432213
 20
230.5439629102609
 30
0.0
 40
1.5
  0
CIRCLE
  5
3FF
  8
FAB
 10
682.8553953432213
 20
230.5439629102609
 30
0.0
 40
1.5
  0
CIRCLE
  5
400
  8
FAB
 10
662.8553953432213
 20
220.5439629102609
 30
0.0
 40
1.5
  0
CIRCLE
  5
401
  8
FAB
 10
682.8553953432213
 20
220.5439629102609
 30
0.0
 40
1.5
  0
CIRCLE
  5
402
  8
FAB
 10
692.8553953432213
 20
220.5439629102609
 30
0.0
 40
1.5
  0
CIRCLE
  5
403
  8
FAB
 10
702.8553953432213
 20
220.5439629102609
 30
0.0
 40
1.5
  0
CIRCLE
  5
404
  8
FAB
 10
662.8553953432213
 20
210.5439629102609
 30
0.0
 40
1.5
  0
CIRCLE
  5
405
  8
FAB
 10
672.8553953432213
 20
210.5439629102609
 30
0.0
 40
1.5
  0
CIRCLE
  5
406
  8
FAB
 10
682.8553953432213
 20
210.5439629102609
 30
0.0
 40
1.5
  0
CIRCLE
  5
407
  8
FAB
 10
702.8553953432213
 20
210.5439629102609
 30
0.0
 40
1.5
  0
CIRCLE
  5
408
  8
FAB
 10
682.8553953432213
 20
200.5439629102609
 30
0.0
 40
1.5
  0
CIRCLE
  5
409
  8
FAB
 10
702.8553953432213
 20
200.5439629102609
 30
0.0
 40
1.5
  0
POLYLINE
  5
40A
  8
FAB
 66
     1
 10
0.0
 20
0.0
 30
0.0
 70
     1
  0
VERTEX
  5
40B
  8
FAB
 10
672.8553953432213
 20
219.0439629102609
 30
0.0
 42
0.4142135623730793
  0
VERTEX
  5
40C
  8
FAB
 10
674.3553953432213
 20
220.5439629102609
 30
0.0
  0
VERTEX
  5
40D
  8
FAB
 10
674.3553953432213
 20
230.5439629102609
 30
0.0
 42
0.9999999999999999
  0
VERTEX
  5
40E
  8
FAB
 10
671.3553953432213
 20
230.5439629102609
 30
0.0
  0
VERTEX
  5
40F
  8
FAB
 10
671.3553953432213
 20
220.5439629102609
 30
0.0
 42
0.4142135623731107
  0
SEQEND
  5
410
  8
FAB
  0
POLYLINE
  5
411
  8
FAB
 66
     1
 10
0.0
 20
0.0
 30
0.0
 70
     1
  0
VERTEX
  5
412
  8
FAB
 10
692.8553953432213
 20
199.0439629102609
 30
0.0
 42
0.4142135623730793
  0
VERTEX
  5
413
  8
FAB
 10
694.3553953432213
 20
200.5439629102609
 30
0.0
  0
VERTEX
  5
414
  8
FAB
 10
694.3553953432213
 20
210.5439629102609
 30
0.0
 42
0.9999999999999999
  0
VERTEX
  5
415
  8
FAB
 10
691.3553953432213
 20
210.5439629102609
 30
0.0
  0
VERTEX
  5
416
  8
FAB
 10
691.3553953432213
 20
200.5439629102609
 30
0.0
 42
0.4142135623731107
  0
SEQEND
  5
417
  8
FAB
  0
POLYLINE
  5
418
  8
FAB
 66
     1
 10
0.0
 20
0.0
 30
0.0
 70
     1
  0
VERTEX
  5
419
  8
FAB
 10
704.3553953432213
 20
230.5439629102609
 30
0.0
 42
0.4142135623731107
  0
VERTEX
  5
41A
  8
FAB
 10
702.8553953432213
 20
232.0439629102609
 30
0.0
  0
VERTEX
  5
41B
  8
FAB
 10
692.8553953432213
 20
232.0439629102609
 30
0.0
 42
0.9999999999999999
  0
VERTEX
  5
41C
  8
FAB
 10
692.8553953432213
 20
229.0439629102609
 30
0.0
  0
VERTEX
  5
41D
  8
FAB
 10
702.8553953432213
 20
229.0439629102609
 30
0.0
 42
0.4142135623730793
  0
SEQEND
  5
41E
  8
FAB
  0
POLYLINE
  5
41F
  8
FAB
 66
     1
 10
0.0
 20
0.0
 30
0.0
 70
     1
  0
VERTEX
  5
420
  8
FAB
 10
674.3553953432213
 20
200.5439629102609
 30
0.0
 42
0.4142135623731107
  0
VERTEX
  5
421
  8
FAB
 10
672.8553953432213
 20
202.0439629102609
 30
0.0
  0
VERTEX
  5
422
  8
FAB
 10
662.8553953432213
 20
202.0439629102609
 30
0.0
 42
0.9999999999999999
  0
VERTEX
  5
423
  8
FAB
 10
662.8553953432213
 20
199.0439629102609
 30
0.0
  0
VERTEX
  5
424
  8
FAB
 10
672.8553953432213
 20
199.0439629102609
 30
0.0
 42
0.4142135623730793
  0
SEQEND
  5
425
  8
FAB
  0
POLYLINE
  5
426
  8
FAB
 66
     1
 10
0.0
 20
0.0
 30
0.0
 70
     1
  0
VERTEX
  5
427
  8
FAB
 10
674.3553953432213
 20
250.5439629102609
 30
0.0
 42
0.4142135623731107
  0
VERTEX
  5
428
  8
FAB
 10
672.8553953432213
 20
252.0439629102609
 30
0.0
  0
VERTEX
  5
429
  8
FAB
 10
662.8553953432213
 20
252.0439629102609
 30
0.0
 42
0.9999999999999999
  0
VERTEX
  5
42A
  8
FAB
 10
662.8553953432213
 20
249.0439629102609
 30
0.0
  0
VERTEX
  5
42B
  8
FAB
 10
672.8553953432213
 20
249.0439629102609
 30
0.0
 42
0.4142135623730793
  0
SEQEND
  5
42C
  8
FAB
  0
POLYLINE
  5
42D
  8
FAB
 66
     1
 10
0.0
 20
0.0
 30
0.0
 70
     1
  0
VERTEX
  5
42E
  8
FAB
 10
704.3553953432213
 20
280.5439629102609
 30
0.0
 42
0.4142135623731075
  0
VERTEX
  5
42F
  8
FAB
 10
702.8553953432213
 20
282.0439629102609
 30
0.0
  0
VERTEX
  5
430
  8
FAB
 10
692.8553953432213
 20
282.0439629102609
 30
0.0
 42
0.9999999999999999
  0
VERTEX
  5
431
  8
FAB
 10
692.8553953432213
 20
279.0439629102609
 30
0.0
  0
VERTEX
  5
432
  8
FAB
 10
702.8553953432213
 20
279.0439629102609
 30
0.0
 42
0.4142135623730715
  0
SEQEND
  5
433
  8
FAB
  0
POLYLINE
  5
434
  8
FAB
 66
     1
 10
0.0
 20
0.0
 30
0.0
 70
     1
  0
VERTEX
  5
435
  8
FAB
 10
692.8553953432213
 20
249.0439629102609
 30
0.0
 42
0.4142135623730793
  0
VERTEX
  5
436
  8
FAB
 10
694.3553953432213
 20
250.5439629102609
 30
0.0
  0
VERTEX
  5
437
  8
FAB
 10
694.3553953432213
 20
260.5439629102609
 30
0.0
 42
0.9999999999999999
  0
VERTEX
  5
438
  8
FAB
 10
691.3553953432213
 20
260.5439629102609
 30
0.0
  0
VERTEX
  5
439
  8
FAB
 10
691.3553953432213
 20
250.5439629102609
 30
0.0
 42
0.4142135623731107
  0
SEQEND
  5
43A
  8
FAB
  0
CIRCLE
  5
43B
  8
FAB
 10
702.8553953432213
 20
250.5439629102609
 30
0.0
 40
1.5
  0
CIRCLE
  5
43C
  8
FAB
 10
682.8553953432213
 20
250.5439629102609
 30
0.0
 40
1.5
  0
CIRCLE
  5
43D
  8
FAB
 10
702.8553953432213
 20
260.5439629102609
 30
0.0
 40
1.5
  0
CIRCLE
  5
43E
  8
FAB
 10
702.8553953432213
 20
270.5439629102609
 30
0.0
 40
1.5
  0
CIRCLE
  5
43F
  8
FAB
 10
692.8553953432213
 20
270.5439629102609
 30
0.0
 40
1.5
  0
CIRCLE
  5
440
  8
FAB
 10
702.8553953432213
 20
290.5439629102609
 30
0.0
 40
1.5
  0
CIRCLE
  5
441
  8
FAB
 10
692.8553953432213
 20
290.5439629102609
 30
0.0
 40
1.5
  0
POLYLINE
  5
442
  8
FAB
 66
     1
 10
0.0
 20
0.0
 30
0.0
 70
     1
  0
VERTEX
  5
443
  8
FAB
 10
672.8553953432213
 20
269.0439629102609
 30
0.0
 42
0.4142135623730715
  0
VERTEX
  5
444
  8
FAB
 10
674.3553953432213
 20
270.5439629102609
 30
0.0
  0
VERTEX
  5
445
  8
FAB
 10
674.3553953432213
 20
280.5439629102609
 30
0.0
 42
0.9999999999999999
  0
VERTEX
  5
446
  8
FAB
 10
671.3553953432213
 20
280.5439629102609
 30
0.0
  0
VERTEX
  5
447
  8
FAB
 10
671.3553953432213
 20
270.5439629102609
 30
0.0
 42
0.4142135623731075
  0
SEQEND
  5
448
  8
FAB
  0
CIRCLE
  5
449
  8
FAB
 10
682.8553953432213
 20
260.5439629102609
 30
0.0
 40
1.5
  0
CIRCLE
  5
44A
  8
FAB
 10
672.8553953432213
 20
260.5439629102609
 30
0.0
 40
1.5
  0
CIRCLE
  5
44B
  8
FAB
 10
662.8553953432213
 20
260.5439629102609
 30
0.0
 40
1.5
  0
CIRCLE
  5
44C
  8
FAB
 10
682.8553953432213
 20
270.5439629102609
 30
0.0
 40
1.5
  0
CIRCLE
  5
44D
  8
FAB
 10
662.8553953432213
 20
270.5439629102609
 30
0.0
 40
1.5
  0
CIRCLE
  5
44E
  8
FAB
 10
682.8553953432213
 20
280.5439629102609
 30
0.0
 40
1.5
  0
CIRCLE
  5
44F
  8
FAB
 10
662.8553953432213
 20
280.5439629102609
 30
0.0
 40
1.5
  0
CIRCLE
  5
450
  8
FAB
 10
682.8553953432213
 20
290.5439629102609
 30
0.0
 40
1.5
  0
CIRCLE
  5
451
  8
FAB
 10
672.8553953432213
 20
290.5439629102609
 30
0.0
 40
1.5
  0
CIRCLE
  5
452
  8
FAB
 10
662.8553953432213
 20
290.5439629102609
 30
0.0
 40
1.5
  0
POLYLINE
  5
453
  8
FAB
 66
     1
 10
0.0
 20
0.0
 30
0.0
 70
     1
  0
VERTEX
  5
454
  8
FAB
 10
556.2696089055944
 20
194.5439629102609
 30
0.0
  0
VERTEX
  5
455
  8
FAB
 10
649.4411817808482
 20
194.5439629102609
 30
0.0
 42
0.4142135623730951
  0
VERTEX
  5
456
  8
FAB
 10
652.8553953432213
 20
197.958176472634
 30
0.0
  0
VERTEX
  5
457
  8
FAB
 10
652.8553953432213
 20
291.1297493478878
 30
0.0
 42
0.4142135623730951
  0
VERTEX
  5
458
  8
FAB
 10
649.4411817808482
 20
294.5439629102609
 30
0.0
  0
VERTEX
  5
459
  8
FAB
 10
556.2696089055944
 20
294.5439629102609
 30
0.0
 42
0.4142135623730951
  0
VERTEX
  5
45A
  8
FAB
 10
552.8553953432213
 20
291.1297493478878
 30
0.0
  0
VERTEX
  5
45B
  8
FAB
 10
552.8553953432213
 20
197.958176472634
 30
0.0
 42
0.4142135623730951
  0
SEQEND
  5
45C
  8
FAB
  0
CIRCLE
  5
45D
  8
DEFAULT
 10
-754.0392309757436
 20
315.2533076565033
 30
4.999999999999998
 40
1.500000000000114
210
0.0
220
0.0
230
-1.0
  0
CIRCLE
  5
45E
  8
DEFAULT
 10
-774.0392309757435
 20
315.2533076565033
 30
4.999999999999998
 40
1.5
210
0.0
220
0.0
230
-1.0
  0
CIRCLE
  5
45F
  8
DEFAULT
 10
754.0392309757435
 20
355.2442604095302
 30
-4.999999999999998
 40
1.5
  0
CIRCLE
  5
460
  8
DEFAULT
 10
774.0392309757437
 20
355.2442604095304
 30
-4.999999999999998
 40
1.500000000000227
  0
CIRCLE
  5
461
  8
DEFAULT
 10
-744.0392309757435
 20
335.2533076565034
 30
4.999999999999996
 40
1.500000000000085
210
0.0
220
0.0
230
-1.0
  0
CIRCLE
  5
462
  8
FAB
 10
-670.8553953432231
 20
335.5439629102609
 30
0.0
 40
1.5
210
0.0
220
0.0
230
-1.0
  0
CIRCLE
  5
463
  8
FAB
 10
-650.8553953432231
 20
335.5439629102609
 30
0.0
 40
1.5
210
0.0
220
0.0
230
-1.0
  0
CIRCLE
  5
464
  8
FAB
 10
-650.8553953432231
 20
375.5439629102607
 30
0.0
 40
1.5
210
0.0
220
0.0
230
-1.0
  0
CIRCLE
  5
465
  8
FAB
 10
-670.8553953432231
 20
375.5439629102609
 30
0.0
 40
1.5
210
0.0
220
0.0
230
-1.0
  0
CIRCLE
  5
466
  8
FAB
 10
-640.8553953432231
 20
355.5439629102608
 30
0.0
 40
1.5
210
0.0
220
0.0
230
-1.0
  0
POLYLINE
  5
467
  8
FAB
 66
     1
 10
0.0
 20
0.0
 30
0.0000000000000022
 70
     1
  0
VERTEX
  5
468
  8
FAB
 10
670.5067828574685
 20
344.4735388070592
 30
0.0000000000000022
 42
-1.91265891133465
  0
VERTEX
  5
469
  8
FAB
 10
670.4977203689263
 20
366.5860555429189
 30
0.0000000000000022
 42
-0.1353060866689491
  0
VERTEX
  5
46A
  8
FAB
 10
675.2237370185624
 20
360.8223175249935
 30
0.0000000000000022
 42
0.2960710528572227
  0
VERTEX
  5
46B
  8
FAB
 10
677.9637338347384
 20
359.0439629102607
 30
0.0000000000000022
  0
VERTEX
  5
46C
  8
FAB
 10
684.5391376186896
 20
359.0439629102608
 30
0.0000000000000022
 42
0.4142135623731264
  0
VERTEX
  5
46D
  8
FAB
 10
687.0391376186896
 20
361.5439629102608
 30
0.0000000000000022
  0
VERTEX
  5
46E
  8
FAB
 10
687.0391376186897
 20
362.5439629102608
 30
0.0000000000000022
 42
0.4142135623731104
  0
VERTEX
  5
46F
  8
FAB
 10
684.5391376186897
 20
365.0439629102608
 30
0.0000000000000022
  0
VERTEX
  5
470
  8
FAB
 10
679.1034721524952
 20
365.0439629102606
 30
0.0000000000000022
 42
-0.2328366833754201
  0
VERTEX
  5
471
  8
FAB
 10
676.7257048145531
 20
366.2146946175777
 30
0.0000000000000022
 42
0.0357128917157399
  0
VERTEX
  5
472
  8
FAB
 10
675.0660317257386
 20
368.0799255431814
 30
0.0000000000000022
 42
0.0816018176388099
  0
VERTEX
  5
473
  8
FAB
 10
675.2237370185624
 20
369.0398009504905
 30
0.0000000000000022
  0
VERTEX
  5
474
  8
FAB
 10
675.2237370185622
 20
376.6336124220301
 30
0.0000000000000022
  0
VERTEX
  5
475
  8
FAB
 10
675.2221468365351
 20
376.7312779916268
 30
0.0000000000000022
  0
VERTEX
  5
476
  8
FAB
 10
675.2172992746797
 20
376.8300431190927
 30
0.0000000000000022
  0
VERTEX
  5
477
  8
FAB
 10
675.2090837491321
 20
376.9297625499638
 30
0.0000000000000022
  0
VERTEX
  5
478
  8
FAB
 10
675.1973971408628
 20
377.0302803902844
 30
0.0000000000000022
  0
VERTEX
  5
479
  8
FAB
 10
675.1821448991848
 20
377.1314304729995
 30
0.0000000000000022
  0
VERTEX
  5
47A
  8
FAB
 10
675.163242139421
 20
377.2330368496648
 30
0.0000000000000022
  0
VERTEX
  5
47B
  8
FAB
 10
675.1406147192166
 20
377.3349144107802
 30
0.0000000000000022
  0
VERTEX
  5
47C
  8
FAB
 10
675.1278842859224
 20
377.3858947157761
 30
0.0000000000000022
  0
VERTEX
  5
47D
  8
FAB
 10
675.1142002769751
 20
377.4368696359813
 30
0.0000000000000022
  0
VERTEX
  5
47E
  8
FAB
 10
675.0995568992997
 20
377.4878138113726
 30
0.0000000000000022
  0
VERTEX
  5
47F
  8
FAB
 10
675.0839492151996
 20
377.5387014730113
 30
0.0000000000000022
  0
VERTEX
  5
480
  8
FAB
 10
675.0673731688361
 20
377.5895064772758
 30
0.0000000000000022
  0
VERTEX
  5
481
  8
FAB
 10
675.0498256111616
 20
377.6402023418977
 30
0.0000000000000022
  0
VERTEX
  5
482
  8
FAB
 10
675.0313043231731
 20
377.6907622837235
 30
0.0000000000000022
  0
VERTEX
  5
483
  8
FAB
 10
675.0118080373603
 20
377.7411592581222
 30
0.0000000000000022
  0
VERTEX
  5
484
  8
FAB
 10
674.9913364572174
 20
377.7913659999359
 30
0.0000000000000022
  0
VERTEX
  5
485
  8
FAB
 10
674.9698902747083
 20
377.8413550658731
 30
0.0000000000000022
  0
VERTEX
  5
486
  8
FAB
 10
674.9474711855627
 20
377.8910988782246
 30
0.0000000000000022
  0
VERTEX
  5
487
  8
FAB
 10
674.9240819023065
 20
377.9405697697788
 30
0.0000000000000022
  0
VERTEX
  5
488
  8
FAB
 10
674.8997261649233
 20
377.9897400298002
 30
0.0000000000000022
  0
VERTEX
  5
489
  8
FAB
 10
674.8744087490608
 20
378.038581950929
 30
0.0000000000000022
  0
VERTEX
  5
48A
  8
FAB
 10
674.848135471704
 20
378.08706787685
 30
0.0000000000000022
  0
VERTEX
  5
48B
  8
FAB
 10
674.8209131942457
 20
378.135170250574
 30
0.0000000000000022
  0
VERTEX
  5
48C
  8
FAB
 10
674.7927498228976
 20
378.1828616631661
 30
0.0000000000000022
  0
VERTEX
  5
48D
  8
FAB
 10
674.7636543063975
 20
378.2301149027532
 30
0.0000000000000022
  0
VERTEX
  5
48E
  8
FAB
 10
674.733636630979
 20
378.276903003634
 30
0.0000000000000022
  0
VERTEX
  5
48F
  8
FAB
 10
674.7027078125845
 20
378.323199295317
 30
0.0000000000000022
  0
VERTEX
  5
490
  8
FAB
 10
674.6708798863106
 20
378.3689774513041
 30
0.0000000000000022
  0
VERTEX
  5
491
  8
FAB
 10
674.6381658930986
 20
378.4142115374414
 30
0.0000000000000022
  0
VERTEX
  5
492
  8
FAB
 10
674.6045798636848
 20
378.4588760596525
 30
0.0000000000000022
  0
VERTEX
  5
493
  8
FAB
 10
674.5701367998448
 20
378.5029460108781
 30
0.0000000000000022
  0
VERTEX
  5
494
  8
FAB
 10
674.53485265298
 20
378.5463969170395
 30
0.0000000000000022
  0
VERTEX
  5
495
  8
FAB
 10
674.4987443001063
 20
378.5892048818541
 30
0.0000000000000022
  0
VERTEX
  5
496
  8
FAB
 10
674.4618295173173
 20
378.6313466303312
 30
0.0000000000000022
  0
VERTEX
  5
497
  8
FAB
 10
674.4241269508084
 20
378.6727995507821
 30
0.0000000000000022
  0
VERTEX
  5
498
  8
FAB
 10
674.3856560855633
 20
378.7135417351885
 30
0.0000000000000022
  0
VERTEX
  5
499
  8
FAB
 10
674.3464372118058
 20
378.753552017774
 30
0.0000000000000022
  0
VERTEX
  5
49A
  8
FAB
 10
674.3064913893467
 20
378.7928100116402
 30
0.0000000000000022
  0
VERTEX
  5
49B
  8
FAB
 10
674.265840409951
 20
378.8312961433326
 30
0.0000000000000022
  0
VERTEX
  5
49C
  8
FAB
 10
674.22450675787
 20
378.8689916852135
 30
0.0000000000000022
  0
VERTEX
  5
49D
  8
FAB
 10
674.1825135686847
 20
378.9058787855293
 30
0.0000000000000022
  0
VERTEX
  5
49E
  8
FAB
 10
674.1398845866212
 20
378.9419404960744
 30
0.0000000000000022
  0
VERTEX
  5
49F
  8
FAB
 10
674.0966441204982
 20
378.9771607973611
 30
0.0000000000000022
  0
VERTEX
  5
4A0
  8
FAB
 10
674.0528169984798
 20
379.0115246212216
 30
0.0000000000000022
  0
VERTEX
  5
4A1
  8
FAB
 10
674.0084285218018
 20
379.0450178707807
 30
0.0000000000000022
  0
VERTEX
  5
4A2
  8
FAB
 10
673.9635044176554
 20
379.0776274377474
 30
0.0000000000000022
  0
VERTEX
  5
4A3
  8
FAB
 10
673.9180707914009
 20
379.1093412169949
 30
0.0000000000000022
  0
VERTEX
  5
4A4
  8
FAB
 10
673.8721540782952
 20
379.1401481184009
 30
0.0000000000000022
  0
VERTEX
  5
4A5
  8
FAB
 10
673.8257809949124
 20
379.1700380759455
 30
0.0000000000000022
  0
VERTEX
  5
4A6
  8
FAB
 10
673.7789784904361
 20
379.1990020540673
 30
0.0000000000000022
  0
VERTEX
  5
4A7
  8
FAB
 10
673.7317736979987
 20
379.2270320512984
 30
0.0000000000000022
  0
VERTEX
  5
4A8
  8
FAB
 10
673.6841938862443
 20
379.2541211012067
 30
0.0000000000000022
  0
VERTEX
  5
4A9
  8
FAB
 10
673.6362664112789
 20
379.2802632706899
 30
0.0000000000000022
  0
VERTEX
  5
4AA
  8
FAB
 10
673.5880186691763
 20
379.3054536556735
 30
0.0000000000000022
  0
VERTEX
  5
4AB
  8
FAB
 10
673.5394780491955
 20
379.3296883742813
 30
0.0000000000000022
  0
VERTEX
  5
4AC
  8
FAB
 10
673.490671887858
 20
379.352964557551
 30
0.0000000000000022
  0
VERTEX
  5
4AD
  8
FAB
 10
673.4416274240308
 20
379.3752803377827
 30
0.0000000000000022
  0
VERTEX
  5
4AE
  8
FAB
 10
672.6260203891067
 20
379.7211191990551
 30
0.0000000000000022
  0
VERTEX
  5
4AF
  8
FAB
 10
671.7924147712621
 20
380.041507353386
 30
0.0000000000000022
  0
VERTEX
  5
4B0
  8
FAB
 10
670.9419457400729
 20
380.3352457064222
 30
0.0000000000000022
  0
VERTEX
  5
4B1
  8
FAB
 10
670.0758464550784
 20
380.6011991054469
 30
0.0000000000000022
  0
VERTEX
  5
4B2
  8
FAB
 10
669.7620882403196
 20
380.68865369166
 30
0.0000000000000022
  0
VERTEX
  5
4B3
  8
FAB
 10
669.6055124064607
 20
380.7291535710535
 30
0.0000000000000022
  0
VERTEX
  5
4B4
  8
FAB
 10
669.4495890716803
 20
380.7665734189069
 30
0.0000000000000022
  0
VERTEX
  5
4B5
  8
FAB
 10
669.2946914128365
 20
380.8002300473464
 30
0.0000000000000022
  0
VERTEX
  5
4B6
  8
FAB
 10
669.141213187127
 20
380.8294566664162
 30
0.0000000000000022
  0
VERTEX
  5
4B7
  8
FAB
 10
668.9895622561662
 20
380.8536077963938
 30
0.0000000000000022
  0
VERTEX
  5
4B8
  8
FAB
 10
668.9145517459633
 20
380.8635853764669
 30
0.0000000000000022
  0
VERTEX
  5
4B9
  8
FAB
 10
668.840154110062
 20
380.8720641801056
 30
0.0000000000000022
  0
VERTEX
  5
4BA
  8
FAB
 10
668.7664214142219
 20
380.8789717033634
 30
0.0000000000000022
  0
VERTEX
  5
4BB
  8
FAB
 10
668.6934053914929
 20
380.8842376952421
 30
0.0000000000000022
  0
VERTEX
  5
4BC
  8
FAB
 10
668.6211572398433
 20
380.8877943112025
 30
0.0000000000000022
  0
VERTEX
  5
4BD
  8
FAB
 10
668.549727419786
 20
380.8895762666734
 30
0.0000000000000022
  0
VERTEX
  5
4BE
  8
FAB
 10
668.4791654520069
 20
380.8895209905621
 30
0.0000000000000022
  0
VERTEX
  5
4BF
  8
FAB
 10
668.409519714992
 20
380.887568778764
 30
0.0000000000000022
  0
VERTEX
  5
4C0
  8
FAB
 10
668.3408372426547
 20
380.8836629476725
 30
0.0000000000000022
  0
VERTEX
  5
4C1
  8
FAB
 10
668.2731635219636
 20
380.8777499876888
 30
0.0000000000000022
  0
VERTEX
  5
4C2
  8
FAB
 10
668.2065422905695
 20
380.8697797167318
 30
0.0000000000000022
  0
VERTEX
  5
4C3
  8
FAB
 10
668.1410153344327
 20
380.8597054337481
 30
0.0000000000000022
  0
VERTEX
  5
4C4
  8
FAB
 10
668.1086746842306
 20
380.8538656832882
 30
0.0000000000000022
  0
VERTEX
  5
4C5
  8
FAB
 10
668.0766222854509
 20
380.8474840722213
 30
0.0000000000000022
  0
VERTEX
  5
4C6
  8
FAB
 10
668.0448627223068
 20
380.8405558103147
 30
0.0000000000000022
  0
VERTEX
  5
4C7
  8
FAB
 10
668.0134004190861
 20
380.8330763536827
 30
0.0000000000000022
  0
VERTEX
  5
4C8
  8
FAB
 10
667.9822396338266
 20
380.8250414095844
 30
0.0000000000000022
  0
VERTEX
  5
4C9
  8
FAB
 10
667.9513844519927
 20
380.8164469412204
 30
0.0000000000000022
  0
VERTEX
  5
4CA
  8
FAB
 10
667.9208387801505
 20
380.8072891725303
 30
0.0000000000000022
  0
VERTEX
  5
4CB
  8
FAB
 10
667.8906063396441
 20
380.7975645929897
 30
0.0000000000000022
  0
VERTEX
  5
4CC
  8
FAB
 10
667.8606906602716
 20
380.7872699624074
 30
0.0000000000000022
  0
VERTEX
  5
4CD
  8
FAB
 10
667.8310950739606
 20
380.7764023157226
 30
0.0000000000000022
  0
VERTEX
  5
4CE
  8
FAB
 10
667.801822708444
 20
380.7649589678022
 30
0.0000000000000022
  0
VERTEX
  5
4CF
  8
FAB
 10
667.7728764809362
 20
380.7529375182378
 30
0.0000000000000022
  0
VERTEX
  5
4D0
  8
FAB
 10
667.7442590918091
 20
380.7403358561429
 30
0.0000000000000022
  0
VERTEX
  5
4D1
  8
FAB
 10
667.7159730182673
 20
380.7271521649504
 30
0.0000000000000022
  0
VERTEX
  5
4D2
  8
FAB
 10
667.6880205080242
 20
380.7133849272093
 30
0.0000000000000022
  0
VERTEX
  5
4D3
  8
FAB
 10
667.6604035729786
 20
380.6990329293822
 30
0.0000000000000022
  0
VERTEX
  5
4D4
  8
FAB
 10
667.6331239828892
 20
380.6840952666423
 30
0.0000000000000022
  0
VERTEX
  5
4D5
  8
FAB
 10
667.6061832590515
 20
380.6685713476707
 30
0.0000000000000022
  0
VERTEX
  5
4D6
  8
FAB
 10
667.5795826679735
 20
380.6524608994538
 30
0.0000000000000022
  0
VERTEX
  5
4D7
  8
FAB
 10
667.5533232150513
 20
380.6357639720802
 30
0.0000000000000022
  0
VERTEX
  5
4D8
  8
FAB
 10
667.5274056382447
 20
380.6184809435375
 30
0.0000000000000022
  0
VERTEX
  5
4D9
  8
FAB
 10
667.501830401754
 20
380.6006125245102
 30
0.0000000000000022
  0
VERTEX
  5
4DA
  8
FAB
 10
667.4765976896948
 20
380.5821597631768
 30
0.0000000000000022
  0
VERTEX
  5
4DB
  8
FAB
 10
667.4517073997747
 20
380.5631240500065
 30
0.0000000000000022
  0
VERTEX
  5
4DC
  8
FAB
 10
667.4271591369686
 20
380.5435071225569
 30
0.0000000000000022
  0
VERTEX
  5
4DD
  8
FAB
 10
667.4029522071944
 20
380.5233110702706
 30
0.0000000000000022
  0
VERTEX
  5
4DE
  8
FAB
 10
667.3790856109899
 20
380.502538339273
 30
0.0000000000000022
  0
VERTEX
  5
4DF
  8
FAB
 10
667.3555580371874
 20
380.4811917371691
 30
0.0000000000000022
  0
VERTEX
  5
4E0
  8
FAB
 10
667.3323678565904
 20
380.4592744378407
 30
0.0000000000000022
  0
VERTEX
  5
4E1
  8
FAB
 10
667.3095131156489
 20
380.4367899862441
 30
0.0000000000000022
  0
VERTEX
  5
4E2
  8
FAB
 10
667.2869915301358
 20
380.4137423032064
 30
0.0000000000000022
  0
VERTEX
  5
4E3
  8
FAB
 10
667.2648004788223
 20
380.3901356902232
 30
0.0000000000000022
  0
VERTEX
  5
4E4
  8
FAB
 10
667.242936997154
 20
380.365974834256
 30
0.0000000000000022
  0
VERTEX
  5
4E5
  8
FAB
 10
667.2213977709266
 20
380.3412648125287
 30
0.0000000000000022
  0
VERTEX
  5
4E6
  8
FAB
 10
667.200179129962
 20
380.3160110973256
 30
0.0000000000000022
  0
VERTEX
  5
4E7
  8
FAB
 10
667.179277041784
 20
380.290219560788
 30
0.0000000000000022
  0
VERTEX
  5
4E8
  8
FAB
 10
667.1384045444469
 20
380.2370485403433
 30
0.0000000000000022
  0
VERTEX
  5
4E9
  8
FAB
 10
667.0987405328257
 20
380.1818069077614
 30
0.0000000000000022
  0
VERTEX
  5
4EA
  8
FAB
 10
667.060239059316
 20
380.1245565243435
 30
0.0000000000000022
  0
VERTEX
  5
4EB
  8
FAB
 10
667.0228477724265
 20
380.0653661096352
 30
0.0000000000000022
  0
VERTEX
  5
4EC
  8
FAB
 10
666.9865077144052
 20
380.0043113949365
 30
0.0000000000000022
  0
VERTEX
  5
4ED
  8
FAB
 10
666.9511531188681
 20
379.9414752768108
 30
0.0000000000000022
  0
VERTEX
  5
4EE
  8
FAB
 10
666.9167112084258
 20
379.8769479705963
 30
0.0000000000000022
  0
VERTEX
  5
4EF
  8
FAB
 10
666.8831019923116
 20
379.8108271639144
 30
0.0000000000000022
  0
VERTEX
  5
4F0
  8
FAB
 10
666.8180243988752
 20
379.674234082112
 30
0.0000000000000022
  0
VERTEX
  5
4F1
  8
FAB
 10
666.7551284547105
 20
379.5326328114251
 30
0.0000000000000022
  0
VERTEX
  5
4F2
  8
FAB
 10
666.5048946932897
 20
378.9395129398634
 30
0.0000000000000022
 42
-0.5916229389655803
  0
VERTEX
  5
4F3
  8
FAB
 10
655.3835424733676
 20
378.0126527115156
 30
0.0000000000000022
  0
VERTEX
  5
4F4
  8
FAB
 10
655.0385807965308
 20
378.5561686348427
 30
0.0000000000000022
  0
VERTEX
  5
4F5
  8
FAB
 10
654.953113064218
 20
378.6854051868929
 30
0.0000000000000022
  0
VERTEX
  5
4F6
  8
FAB
 10
654.866322792513
 20
378.8093415088535
 30
0.0000000000000022
  0
VERTEX
  5
4F7
  8
FAB
 10
654.822232156748
 20
378.8689867628301
 30
0.0000000000000022
  0
VERTEX
  5
4F8
  8
FAB
 10
654.7775840885856
 20
378.9269226623362
 30
0.0000000000000022
  0
VERTEX
  5
4F9
  8
FAB
 10
654.7323158711481
 20
378.9830396264087
 30
0.0000000000000022
  0
VERTEX
  5
4FA
  8
FAB
 10
654.6863706645254
 20
379.0372366373257
 30
0.0000000000000022
  0
VERTEX
  5
4FB
  8
FAB
 10
654.6396973316043
 20
379.0894210557151
 30
0.0000000000000022
  0
VERTEX
  5
4FC
  8
FAB
 10
654.5922502638994
 20
379.1395084356635
 30
0.0000000000000022
  0
VERTEX
  5
4FD
  8
FAB
 10
654.5439892073819
 20
379.1874223398252
 30
0.0000000000000022
  0
VERTEX
  5
4FE
  8
FAB
 10
654.4948790883109
 20
379.233094154531
 30
0.0000000000000022
  0
VERTEX
  5
4FF
  8
FAB
 10
654.4699960433961
 20
379.2550699303523
 30
0.0000000000000022
  0
VERTEX
  5
500
  8
FAB
 10
654.444889839062
 20
379.276462904897
 30
0.0000000000000022
  0
VERTEX
  5
501
  8
FAB
 10
654.4195574704861
 20
379.297266619531
 30
0.0000000000000022
  0
VERTEX
  5
502
  8
FAB
 10
654.3939962239579
 20
379.3174750699332
 30
0.0000000000000022
  0
VERTEX
  5
503
  8
FAB
 10
654.3682036714345
 20
379.337082700317
 30
0.0000000000000022
  0
VERTEX
  5
504
  8
FAB
 10
654.3421776650988
 20
379.3560843976529
 30
0.0000000000000022
  0
VERTEX
  5
505
  8
FAB
 10
654.315916331916
 20
379.3744754858907
 30
0.0000000000000022
  0
VERTEX
  5
506
  8
FAB
 10
654.2894180681916
 20
379.3922517201813
 30
0.0000000000000022
  0
VERTEX
  5
507
  8
FAB
 10
654.2626815341274
 20
379.4094092810991
 30
0.0000000000000022
  0
VERTEX
  5
508
  8
FAB
 10
654.23570564838
 20
379.425944768864
 30
0.0000000000000022
  0
VERTEX
  5
509
  8
FAB
 10
654.2084895826168
 20
379.441855197564
 30
0.0000000000000022
  0
VERTEX
  5
50A
  8
FAB
 10
654.1810327560744
 20
379.4571379893766
 30
0.0000000000000022
  0
VERTEX
  5
50B
  8
FAB
 10
654.1533348301145
 20
379.4717909687915
 30
0.0000000000000022
  0
VERTEX
  5
50C
  8
FAB
 10
654.1253957027824
 20
379.4858123568327
 30
0.0000000000000022
  0
VERTEX
  5
50D
  8
FAB
 10
654.0972155033629
 20
379.4992007652805
 30
0.0000000000000022
  0
VERTEX
  5
50E
  8
FAB
 10
654.0687945869383
 20
379.5119551908936
 30
0.0000000000000022
  0
VERTEX
  5
50F
  8
FAB
 10
654.0401335289456
 20
379.5240750096315
 30
0.0000000000000022
  0
VERTEX
  5
510
  8
FAB
 10
654.0112331197331
 20
379.5355599708765
 30
0.0000000000000022
  0
VERTEX
  5
511
  8
FAB
 10
653.9820943591182
 20
379.5464101916558
 30
0.0000000000000022
  0
VERTEX
  5
512
  8
FAB
 10
653.9527184509443
 20
379.5566261508637
 30
0.0000000000000022
  0
VERTEX
  5
513
  8
FAB
 10
653.923106797638
 20
379.5662086834838
 30
0.0000000000000022
  0
VERTEX
  5
514
  8
FAB
 10
653.8932609947665
 20
379.5751589748112
 30
0.0000000000000022
  0
VERTEX
  5
515
  8
FAB
 10
653.8631828255939
 20
379.5834785546745
 30
0.0000000000000022
  0
VERTEX
  5
516
  8
FAB
 10
653.8328742556398
 20
379.5911692916579
 30
0.0000000000000022
  0
VERTEX
  5
517
  8
FAB
 10
653.8023374272357
 20
379.5982333873238
 30
0.0000000000000022
  0
VERTEX
  5
518
  8
FAB
 10
653.7715746540821
 20
379.6046733704341
 30
0.0000000000000022
  0
VERTEX
  5
519
  8
FAB
 10
653.7405884158056
 20
379.6104920911736
 30
0.0000000000000022
  0
VERTEX
  5
51A
  8
FAB
 10
653.7093813525169
 20
379.6156927153706
 30
0.0000000000000022
  0
VERTEX
  5
51B
  8
FAB
 10
653.677956259367
 20
379.6202787187207
 30
0.0000000000000022
  0
VERTEX
  5
51C
  8
FAB
 10
653.6463160811046
 20
379.6242538810075
 30
0.0000000000000022
  0
VERTEX
  5
51D
  8
FAB
 10
653.6144639066341
 20
379.6276222803257
 30
0.0000000000000022
  0
VERTEX
  5
51E
  8
FAB
 10
653.5824029635718
 20
379.6303882873029
 30
0.0000000000000022
  0
VERTEX
  5
51F
  8
FAB
 10
653.5501366128033
 20
379.6325565593216
 30
0.0000000000000022
  0
VERTEX
  5
520
  8
FAB
 10
653.5176683430414
 20
379.6341320347418
 30
0.0000000000000022
  0
VERTEX
  5
521
  8
FAB
 10
653.4850017653819
 20
379.6351199271229
 30
0.0000000000000022
  0
VERTEX
  5
522
  8
FAB
 10
653.4521406078625
 20
379.6355257194455
 30
0.0000000000000022
  0
VERTEX
  5
523
  8
FAB
 10
653.3858500174404
 20
379.6346142482793
 30
0.0000000000000022
  0
VERTEX
  5
524
  8
FAB
 10
653.3188285280668
 20
379.6314466539625
 30
0.0000000000000022
  0
VERTEX
  5
525
  8
FAB
 10
653.2511096187494
 20
379.6260759101768
 30
0.0000000000000022
  0
VERTEX
  5
526
  8
FAB
 10
653.1827281170421
 20
379.6185587466747
 30
0.0000000000000022
  0
VERTEX
  5
527
  8
FAB
 10
653.1137200248745
 20
379.6089554643893
 30
0.0000000000000022
  0
VERTEX
  5
528
  8
FAB
 10
653.0441223443825
 20
379.5973297505425
 30
0.0000000000000022
  0
VERTEX
  5
529
  8
FAB
 10
652.9739729037378
 20
379.5837484937539
 30
0.0000000000000022
  0
VERTEX
  5
52A
  8
FAB
 10
652.903310182978
 20
379.5682815991498
 30
0.0000000000000022
  0
VERTEX
  5
52B
  8
FAB
 10
652.8321731398364
 20
379.5510018034719
 30
0.0000000000000022
  0
VERTEX
  5
52C
  8
FAB
 10
652.7606010355721
 20
379.5319844901867
 30
0.0000000000000022
  0
VERTEX
  5
52D
  8
FAB
 10
652.6886332608001
 20
379.5113075045934
 30
0.0000000000000022
  0
VERTEX
  5
52E
  8
FAB
 10
652.6163091613212
 20
379.4890509689336
 30
0.0000000000000022
  0
VERTEX
  5
52F
  8
FAB
 10
652.4707481023524
 20
379.4401300117437
 30
0.0000000000000022
  0
VERTEX
  5
530
  8
FAB
 10
652.3242251103219
 20
379.385901109527
 30
0.0000000000000022
  0
VERTEX
  5
531
  8
FAB
 10
652.177035572974
 20
379.3270683512334
 30
0.0000000000000022
  0
VERTEX
  5
532
  8
FAB
 10
652.0294574406985
 20
379.2643545073354
 30
0.0000000000000022
  0
VERTEX
  5
533
  8
FAB
 10
651.8817456530899
 20
379.1984951133128
 30
0.0000000000000022
  0
VERTEX
  5
534
  8
FAB
 10
651.5867923756255
 20
379.0603101427434
 30
0.0000000000000022
 42
0.0552225609026256
  0
VERTEX
  5
535
  8
FAB
 10
646.7127854460178
 20
376.0236149020964
 30
0.0000000000000022
  0
VERTEX
  5
536
  8
FAB
 10
646.4587485175995
 20
375.819757694777
 30
0.0000000000000022
  0
VERTEX
  5
537
  8
FAB
 10
646.3345285524979
 20
375.7161930664085
 30
0.0000000000000022
  0
VERTEX
  5
538
  8
FAB
 10
646.2131910525391
 20
375.6113620478809
 30
0.0000000000000022
  0
VERTEX
  5
539
  8
FAB
 10
646.0955086222464
 20
375.5051693035293
 30
0.0000000000000022
  0
VERTEX
  5
53A
  8
FAB
 10
645.9822525495529
 20
375.397545779026
 30
0.0000000000000022
  0
VERTEX
  5
53B
  8
FAB
 10
645.8741850384966
 20
375.2884463060953
 30
0.0000000000000022
  0
VERTEX
  5
53C
  8
FAB
 10
645.8223307869814
 20
375.2333349157609
 30
0.0000000000000022
  0
VERTEX
  5
53D
  8
FAB
 10
645.772051441915
 20
375.1778472072274
 30
0.0000000000000022
  0
VERTEX
  5
53E
  8
FAB
 10
645.7234362650786
 20
375.1219831857617
 30
0.0000000000000022
  0
VERTEX
  5
53F
  8
FAB
 10
645.6765724941403
 20
375.065743900393
 30
0.0000000000000022
  0
VERTEX
  5
540
  8
FAB
 10
645.6315450999266
 20
375.00913136906
 30
0.0000000000000022
  0
VERTEX
  5
541
  8
FAB
 10
645.5884365436945
 20
374.9521485037581
 30
0.0000000000000022
  0
VERTEX
  5
542
  8
FAB
 10
645.5473265344026
 20
374.894799035687
 30
0.0000000000000022
  0
VERTEX
  5
543
  8
FAB
 10
645.5082917859838
 20
374.8370874403978
 30
0.0000000000000022
  0
VERTEX
  5
544
  8
FAB
 10
645.4714057746161
 20
374.7790188629405
 30
0.0000000000000022
  0
VERTEX
  5
545
  8
FAB
 10
645.4367384959947
 20
374.7205990430111
 30
0.0000000000000022
  0
VERTEX
  5
546
  8
FAB
 10
645.4043562226036
 20
374.6618342400993
 30
0.0000000000000022
  0
VERTEX
  5
547
  8
FAB
 10
645.3743212609877
 20
374.6027311586354
 30
0.0000000000000022
  0
VERTEX
  5
548
  8
FAB
 10
645.36020234872
 20
374.5730549618235
 30
0.0000000000000022
  0
VERTEX
  5
549
  8
FAB
 10
645.3466917090235
 20
374.5432968731378
 30
0.0000000000000022
  0
VERTEX
  5
54A
  8
FAB
 10
645.3337959067061
 20
374.5134578224386
 30
0.0000000000000022
  0
VERTEX
  5
54B
  8
FAB
 10
645.3215212131925
 20
374.4835387533604
 30
0.0000000000000022
  0
VERTEX
  5
54C
  8
FAB
 10
645.3098735989396
 20
374.4535406209726
 30
0.0000000000000022
  0
VERTEX
  5
54D
  8
FAB
 10
645.2988587258512
 20
374.42346438944
 30
0.0000000000000022
  0
VERTEX
  5
54E
  8
FAB
 10
645.2884819396922
 20
374.393311029684
 30
0.0000000000000022
  0
VERTEX
  5
54F
  8
FAB
 10
645.2787482625039
 20
374.3630815170433
 30
0.0000000000000022
  0
VERTEX
  5
550
  8
FAB
 10
645.2696623850185
 20
374.3327768289348
 30
0.0000000000000022
  0
VERTEX
  5
551
  8
FAB
 10
645.2612286590738
 20
374.3023979425144
 30
0.0000000000000022
  0
VERTEX
  5
552
  8
FAB
 10
645.2534510900283
 20
374.271945832338
 30
0.0000000000000022
  0
VERTEX
  5
553
  8
FAB
 10
645.2463333291756
 20
374.2414214680223
 30
0.0000000000000022
  0
VERTEX
  5
554
  8
FAB
 10
645.2398786661588
 20
374.2108258119054
 30
0.0000000000000022
  0
VERTEX
  5
555
  8
FAB
 10
645.234090021386
 20
374.180159816708
 30
0.0000000000000022
  0
VERTEX
  5
556
  8
FAB
 10
645.2289699384444
 20
374.1494244231941
 30
0.0000000000000022
  0
VERTEX
  5
557
  8
FAB
 10
645.2245205765159
 20
374.1186205578319
 30
0.0000000000000022
  0
VERTEX
  5
558
  8
FAB
 10
645.220743702791
 20
374.0877491304546
 30
0.0000000000000022
  0
VERTEX
  5
559
  8
FAB
 10
645.2176406848831
 20
374.0568110319211
 30
0.0000000000000022
  0
VERTEX
  5
55A
  8
FAB
 10
645.2152124832451
 20
374.0258071317774
 30
0.0000000000000022
  0
VERTEX
  5
55B
  8
FAB
 10
645.2134596435824
 20
373.9947382759168
 30
0.0000000000000022
  0
VERTEX
  5
55C
  8
FAB
 10
645.2123822892681
 20
373.9636052842411
 30
0.0000000000000022
  0
VERTEX
  5
55D
  8
FAB
 10
645.2119801137583
 20
373.9324089483214
 30
0.0000000000000022
  0
VERTEX
  5
55E
  8
FAB
 10
645.212252373006
 20
373.9011500290591
 30
0.0000000000000022
  0
VERTEX
  5
55F
  8
FAB
 10
645.2131978778766
 20
373.8698292543463
 30
0.0000000000000022
  0
VERTEX
  5
560
  8
FAB
 10
645.214814986562
 20
373.8384473167272
 30
0.0000000000000022
  0
VERTEX
  5
561
  8
FAB
 10
645.2171015969959
 20
373.8070048710587
 30
0.0000000000000022
  0
VERTEX
  5
562
  8
FAB
 10
645.2200551392681
 20
373.7755025321711
 30
0.0000000000000022
  0
VERTEX
  5
563
  8
FAB
 10
645.2236725680395
 20
373.7439408725292
 30
0.0000000000000022
  0
VERTEX
  5
564
  8
FAB
 10
645.2279503549569
 20
373.712320419893
 30
0.0000000000000022
  0
VERTEX
  5
565
  8
FAB
 10
645.2328844810672
 20
373.680641654979
 30
0.0000000000000022
  0
VERTEX
  5
566
  8
FAB
 10
645.2384704292328
 20
373.64890500912
 30
0.0000000000000022
  0
VERTEX
  5
567
  8
FAB
 10
645.2447031765464
 20
373.6171108619274
 30
0.0000000000000022
  0
VERTEX
  5
568
  8
FAB
 10
645.2515771867448
 20
373.5852595389505
 30
0.0000000000000022
  0
VERTEX
  5
569
  8
FAB
 10
645.2590864026248
 20
373.553351309339
 30
0.0000000000000022
  0
VERTEX
  5
56A
  8
FAB
 10
645.2672242384571
 20
373.5213863835022
 30
0.0000000000000022
  0
VERTEX
  5
56B
  8
FAB
 10
645.2759835724014
 20
373.4893649107711
 30
0.0000000000000022
  0
VERTEX
  5
56C
  8
FAB
 10
645.2953355211984
 20
373.4251526025209
 30
0.0000000000000022
  0
VERTEX
  5
56D
  8
FAB
 10
645.3170742638329
 20
373.3607142687729
 30
0.0000000000000022
  0
VERTEX
  5
56E
  8
FAB
 10
645.3411227518886
 20
373.2960486667463
 30
0.0000000000000022
  0
VERTEX
  5
56F
  8
FAB
 10
645.3673946309881
 20
373.2311533518422
 30
0.0000000000000022
  0
VERTEX
  5
570
  8
FAB
 10
645.3957939980633
 20
373.1660246027909
 30
0.0000000000000022
  0
VERTEX
  5
571
  8
FAB
 10
645.4262151586283
 20
373.1006573467995
 30
0.0000000000000022
  0
VERTEX
  5
572
  8
FAB
 10
645.4585423840512
 20
373.0350450846988
 30
0.0000000000000022
  0
VERTEX
  5
573
  8
FAB
 10
645.4926496688245
 20
372.969179816091
 30
0.0000000000000022
  0
VERTEX
  5
574
  8
FAB
 10
645.5656475536503
 20
372.8366503025032
 30
0.0000000000000022
  0
VERTEX
  5
575
  8
FAB
 10
645.6439860078789
 20
372.7029719338768
 30
0.0000000000000022
  0
VERTEX
  5
576
  8
FAB
 10
645.9798275396608
 20
372.1537738067173
 30
0.0000000000000022
 42
-0.5916229390018684
  0
VERTEX
  5
577
  8
FAB
 10
640.2462404326711
 20
362.5793535123849
 30
0.0000000000000022
  0
VERTEX
  5
578
  8
FAB
 10
639.6035472857466
 20
362.6161453089193
 30
0.0000000000000022
  0
VERTEX
  5
579
  8
FAB
 10
639.4487202853543
 20
362.6220967458935
 30
0.0000000000000022
  0
VERTEX
  5
57A
  8
FAB
 10
639.2974272781008
 20
362.6238825566312
 30
0.0000000000000022
  0
VERTEX
  5
57B
  8
FAB
 10
639.2232620165476
 20
362.6228556862329
 30
0.0000000000000022
  0
VERTEX
  5
57C
  8
FAB
 10
639.1501601377649
 20
362.6203790432089
 30
0.0000000000000022
  0
VERTEX
  5
57D
  8
FAB
 10
639.078174074668
 20
362.6163377703275
 30
0.0000000000000022
  0
VERTEX
  5
57E
  8
FAB
 10
639.007352731994
 20
362.6106267786635
 30
0.0000000000000022
  0
VERTEX
  5
57F
  8
FAB
 10
638.9377415349044
 20
362.6031504982827
 30
0.0000000000000022
  0
VERTEX
  5
580
  8
FAB
 10
638.8693824775878
 20
362.5938226289285
 30
0.0000000000000022
  0
VERTEX
  5
581
  8
FAB
 10
638.802314171863
 20
362.5825658907062
 30
0.0000000000000022
  0
VERTEX
  5
582
  8
FAB
 10
638.7365718957811
 20
362.5693117747693
 30
0.0000000000000022
  0
VERTEX
  5
583
  8
FAB
 10
638.7042081436311
 20
362.561916628122
 30
0.0000000000000022
  0
VERTEX
  5
584
  8
FAB
 10
638.6721876422283
 20
362.5540002940047
 30
0.0000000000000022
  0
VERTEX
  5
585
  8
FAB
 10
638.6405138853506
 20
362.5455565646459
 30
0.0000000000000022
  0
VERTEX
  5
586
  8
FAB
 10
638.6091901675279
 20
362.5365797337182
 30
0.0000000000000022
  0
VERTEX
  5
587
  8
FAB
 10
638.578219585562
 20
362.5270645885471
 30
0.0000000000000022
  0
VERTEX
  5
588
  8
FAB
 10
638.5476050400441
 20
362.5170064023199
 30
0.0000000000000022
  0
VERTEX
  5
589
  8
FAB
 10
638.5173492368754
 20
362.506400926295
 30
0.0000000000000022
  0
VERTEX
  5
58A
  8
FAB
 10
638.487454688784
 20
362.4952443820101
 30
0.0000000000000022
  0
VERTEX
  5
58B
  8
FAB
 10
638.4579237168454
 20
362.4835334534918
 30
0.0000000000000022
  0
VERTEX
  5
58C
  8
FAB
 10
638.4287584519996
 20
362.4712652794642
 30
0.0000000000000022
  0
VERTEX
  5
58D
  8
FAB
 10
638.3999608365721
 20
362.4584374455577
 30
0.0000000000000022
  0
VERTEX
  5
58E
  8
FAB
 10
638.371532625791
 20
362.4450479765184
 30
0.0000000000000022
  0
VERTEX
  5
58F
  8
FAB
 10
638.3434753893066
 20
362.4310953284164
 30
0.0000000000000022
  0
VERTEX
  5
590
  8
FAB
 10
638.3157905127096
 20
362.4165783808553
 30
0.0000000000000022
  0
VERTEX
  5
591
  8
FAB
 10
638.2884791990507
 20
362.4014964291807
 30
0.0000000000000022
  0
VERTEX
  5
592
  8
FAB
 10
638.261542470359
 20
362.3858491766894
 30
0.0000000000000022
  0
VERTEX
  5
593
  8
FAB
 10
638.2349811691611
 20
362.3696367268382
 30
0.0000000000000022
  0
VERTEX
  5
594
  8
FAB
 10
638.2087959599996
 20
362.3528595754524
 30
0.0000000000000022
  0
VERTEX
  5
595
  8
FAB
 10
638.1829873309521
 20
362.3355186029359
 30
0.0000000000000022
  0
VERTEX
  5
596
  8
FAB
 10
638.15755559515
 20
362.3176150664788
 30
0.0000000000000022
  0
VERTEX
  5
597
  8
FAB
 10
638.1325008922975
 20
362.299150592267
 30
0.0000000000000022
  0
VERTEX
  5
598
  8
FAB
 10
638.1078231901897
 20
362.2801271676913
 30
0.0000000000000022
  0
VERTEX
  5
599
  8
FAB
 10
638.0835222862331
 20
362.2605471335554
 30
0.0000000000000022
  0
VERTEX
  5
59A
  8
FAB
 10
638.0595978089622
 20
362.2404131762862
 30
0.0000000000000022
  0
VERTEX
  5
59B
  8
FAB
 10
638.0360492195601
 20
362.2197283201415
 30
0.0000000000000022
  0
VERTEX
  5
59C
  8
FAB
 10
638.0128758133767
 20
362.1984959194194
 30
0.0000000000000022
  0
VERTEX
  5
59D
  8
FAB
 10
637.9900767214474
 20
362.1767196506674
 30
0.0000000000000022
  0
VERTEX
  5
59E
  8
FAB
 10
637.9676509120118
 20
362.1544035048911
 30
0.0000000000000022
  0
VERTEX
  5
59F
  8
FAB
 10
637.9455971920335
 20
362.1315517797631
 30
0.0000000000000022
  0
VERTEX
  5
5A0
  8
FAB
 10
637.9239142087175
 20
362.1081690718319
 30
0.0000000000000022
  0
VERTEX
  5
5A1
  8
FAB
 10
637.9026004510301
 20
362.0842602687312
 30
0.0000000000000022
  0
VERTEX
  5
5A2
  8
FAB
 10
637.8816542512174
 20
362.0598305413881
 30
0.0000000000000022
  0
VERTEX
  5
5A3
  8
FAB
 10
637.861073786324
 20
362.0348853362328
 30
0.0000000000000022
  0
VERTEX
  5
5A4
  8
FAB
 10
637.8408570797126
 20
362.009430367407
 30
0.0000000000000022
  0
VERTEX
  5
5A5
  8
FAB
 10
637.821002002581
 20
361.983471608973
 30
0.0000000000000022
  0
VERTEX
  5
5A6
  8
FAB
 10
637.801506275483
 20
361.9570152871225
 30
0.0000000000000022
  0
VERTEX
  5
5A7
  8
FAB
 10
637.7635830094905
 20
361.9026360718408
 30
0.0000000000000022
  0
VERTEX
  5
5A8
  8
FAB
 10
637.7270660909817
 20
361.8463472776255
 30
0.0000000000000022
  0
VERTEX
  5
5A9
  8
FAB
 10
637.6919320160897
 20
361.7882069959833
 30
0.0000000000000022
  0
VERTEX
  5
5AA
  8
FAB
 10
637.6581550164381
 20
361.7282766045496
 30
0.0000000000000022
  0
VERTEX
  5
5AB
  8
FAB
 10
637.6257071077422
 20
361.6666205177737
 30
0.0000000000000022
  0
VERTEX
  5
5AC
  8
FAB
 10
637.5945581384126
 20
361.6033059376044
 30
0.0000000000000022
  0
VERTEX
  5
5AD
  8
FAB
 10
637.5646758381572
 20
361.5384026041756
 30
0.0000000000000022
  0
VERTEX
  5
5AE
  8
FAB
 10
637.5360258665842
 20
361.4719825464915
 30
0.0000000000000022
  0
VERTEX
  5
5AF
  8
FAB
 10
637.5085718618045
 20
361.4041198331125
 30
0.0000000000000022
  0
VERTEX
  5
5B0
  8
FAB
 10
637.4822754890344
 20
361.3348903228403
 30
0.0000000000000022
  0
VERTEX
  5
5B1
  8
FAB
 10
637.4570964891977
 20
361.2643714154035
 30
0.0000000000000022
  0
VERTEX
  5
5B2
  8
FAB
 10
637.4329927275294
 20
361.1926418021434
 30
0.0000000000000022
  0
VERTEX
  5
5B3
  8
FAB
 10
637.3878332928049
 20
361.0458701856916
 30
0.0000000000000022
  0
VERTEX
  5
5B4
  8
FAB
 10
637.3464244398482
 20
360.89522136251
 30
0.0000000000000022
  0
VERTEX
  5
5B5
  8
FAB
 10
637.3083665231823
 20
360.741345931293
 30
0.0000000000000022
  0
VERTEX
  5
5B6
  8
FAB
 10
637.2732345521486
 20
360.5848912223396
 30
0.0000000000000022
  0
VERTEX
  5
5B7
  8
FAB
 10
637.2405797461909
 20
360.4264933194893
 30
0.0000000000000022
  0
VERTEX
  5
5B8
  8
FAB
 10
637.1807968894891
 20
360.1063081667685
 30
0.0000000000000022
 42
0.088158862265842
  0
VERTEX
  5
5B9
  8
FAB
 10
637.1807968894893
 20
350.9816176537529
 30
0.0000000000000022
  0
VERTEX
  5
5BA
  8
FAB
 10
637.2405797461912
 20
350.6614325010321
 30
0.0000000000000022
  0
VERTEX
  5
5BB
  8
FAB
 10
637.2732345521489
 20
350.5030345981817
 30
0.0000000000000022
  0
VERTEX
  5
5BC
  8
FAB
 10
637.3083665231825
 20
350.3465798892285
 30
0.0000000000000022
  0
VERTEX
  5
5BD
  8
FAB
 10
637.3464244398484
 20
350.1927044580115
 30
0.0000000000000022
  0
VERTEX
  5
5BE
  8
FAB
 10
637.3878332928051
 20
350.0420556348299
 30
0.0000000000000022
  0
VERTEX
  5
5BF
  8
FAB
 10
637.4329927275296
 20
349.8952840183781
 30
0.0000000000000022
  0
VERTEX
  5
5C0
  8
FAB
 10
637.457096489198
 20
349.8235544051179
 30
0.0000000000000022
  0
VERTEX
  5
5C1
  8
FAB
 10
637.4822754890346
 20
349.7530354976811
 30
0.0000000000000022
  0
VERTEX
  5
5C2
  8
FAB
 10
637.5085718618047
 20
349.683805987409
 30
0.0000000000000022
  0
VERTEX
  5
5C3
  8
FAB
 10
637.5360258665844
 20
349.6159432740299
 30
0.0000000000000022
  0
VERTEX
  5
5C4
  8
FAB
 10
637.5646758381574
 20
349.5495232163458
 30
0.0000000000000022
  0
VERTEX
  5
5C5
  8
FAB
 10
637.5945581384128
 20
349.4846198829169
 30
0.0000000000000022
  0
VERTEX
  5
5C6
  8
FAB
 10
637.6257071077424
 20
349.4213053027477
 30
0.0000000000000022
  0
VERTEX
  5
5C7
  8
FAB
 10
637.6581550164383
 20
349.3596492159717
 30
0.0000000000000022
  0
VERTEX
  5
5C8
  8
FAB
 10
637.6919320160899
 20
349.299718824538
 30
0.0000000000000022
  0
VERTEX
  5
5C9
  8
FAB
 10
637.7270660909819
 20
349.2415785428959
 30
0.0000000000000022
  0
VERTEX
  5
5CA
  8
FAB
 10
637.7635830094907
 20
349.1852897486805
 30
0.0000000000000022
  0
VERTEX
  5
5CB
  8
FAB
 10
637.8015062754832
 20
349.1309105333988
 30
0.0000000000000022
  0
VERTEX
  5
5CC
  8
FAB
 10
637.8210020025813
 20
349.1044542115484
 30
0.0000000000000022
  0
VERTEX
  5
5CD
  8
FAB
 10
637.8408570797128
 20
349.0784954531144
 30
0.0000000000000022
  0
VERTEX
  5
5CE
  8
FAB
 10
637.8610737863243
 20
349.0530404842885
 30
0.0000000000000022
  0
VERTEX
  5
5CF
  8
FAB
 10
637.8816542512176
 20
349.0280952791333
 30
0.0000000000000022
  0
VERTEX
  5
5D0
  8
FAB
 10
637.9026004510304
 20
349.0036655517902
 30
0.0000000000000022
  0
VERTEX
  5
5D1
  8
FAB
 10
637.9239142087177
 20
348.9797567486895
 30
0.0000000000000022
  0
VERTEX
  5
5D2
  8
FAB
 10
637.9455971920337
 20
348.9563740407583
 30
0.0000000000000022
  0
VERTEX
  5
5D3
  8
FAB
 10
637.967650912012
 20
348.9335223156303
 30
0.0000000000000022
  0
VERTEX
  5
5D4
  8
FAB
 10
637.9900767214476
 20
348.911206169854
 30
0.0000000000000022
  0
VERTEX
  5
5D5
  8
FAB
 10
638.0128758133769
 20
348.889429901102
 30
0.0000000000000022
  0
VERTEX
  5
5D6
  8
FAB
 10
638.0360492195604
 20
348.8681975003799
 30
0.0000000000000022
  0
VERTEX
  5
5D7
  8
FAB
 10
638.0595978089624
 20
348.8475126442352
 30
0.0000000000000022
  0
VERTEX
  5
5D8
  8
FAB
 10
638.0835222862333
 20
348.827378686966
 30
0.0000000000000022
  0
VERTEX
  5
5D9
  8
FAB
 10
638.10782319019
 20
348.8077986528301
 30
0.0000000000000022
  0
VERTEX
  5
5DA
  8
FAB
 10
638.1325008922977
 20
348.7887752282543
 30
0.0000000000000022
  0
VERTEX
  5
5DB
  8
FAB
 10
638.1575555951501
 20
348.7703107540426
 30
0.0000000000000022
  0
VERTEX
  5
5DC
  8
FAB
 10
638.1829873309522
 20
348.7524072175855
 30
0.0000000000000022
  0
VERTEX
  5
5DD
  8
FAB
 10
638.2087959599996
 20
348.7350662450689
 30
0.0000000000000022
  0
VERTEX
  5
5DE
  8
FAB
 10
638.2349811691611
 20
348.7182890936832
 30
0.0000000000000022
  0
VERTEX
  5
5DF
  8
FAB
 10
638.261542470359
 20
348.702076643832
 30
0.0000000000000022
  0
VERTEX
  5
5E0
  8
FAB
 10
638.2884791990507
 20
348.6864293913407
 30
0.0000000000000022
  0
VERTEX
  5
5E1
  8
FAB
 10
638.3157905127096
 20
348.6713474396661
 30
0.0000000000000022
  0
VERTEX
  5
5E2
  8
FAB
 10
638.3434753893066
 20
348.656830492105
 30
0.0000000000000022
  0
VERTEX
  5
5E3
  8
FAB
 10
638.371532625791
 20
348.642877844003
 30
0.0000000000000022
  0
VERTEX
  5
5E4
  8
FAB
 10
638.3999608365721
 20
348.6294883749637
 30
0.0000000000000022
  0
VERTEX
  5
5E5
  8
FAB
 10
638.4287584519996
 20
348.6166605410572
 30
0.0000000000000022
  0
VERTEX
  5
5E6
  8
FAB
 10
638.4579237168454
 20
348.6043923670296
 30
0.0000000000000022
  0
VERTEX
  5
5E7
  8
FAB
 10
638.487454688784
 20
348.5926814385112
 30
0.0000000000000022
  0
VERTEX
  5
5E8
  8
FAB
 10
638.5173492368754
 20
348.5815248942264
 30
0.0000000000000022
  0
VERTEX
  5
5E9
  8
FAB
 10
638.5476050400441
 20
348.5709194182015
 30
0.0000000000000022
  0
VERTEX
  5
5EA
  8
FAB
 10
638.578219585562
 20
348.5608612319743
 30
0.0000000000000022
  0
VERTEX
  5
5EB
  8
FAB
 10
638.6091901675279
 20
348.5513460868032
 30
0.0000000000000022
  0
VERTEX
  5
5EC
  8
FAB
 10
638.6405138853506
 20
348.5423692558755
 30
0.0000000000000022
  0
VERTEX
  5
5ED
  8
FAB
 10
638.6721876422283
 20
348.5339255265167
 30
0.0000000000000022
  0
VERTEX
  5
5EE
  8
FAB
 10
638.7042081436311
 20
348.5260091923993
 30
0.0000000000000022
  0
VERTEX
  5
5EF
  8
FAB
 10
638.7365718957811
 20
348.5186140457521
 30
0.0000000000000022
  0
VERTEX
  5
5F0
  8
FAB
 10
638.802314171863
 20
348.5053599298151
 30
0.0000000000000022
  0
VERTEX
  5
5F1
  8
FAB
 10
638.8693824775878
 20
348.4941031915928
 30
0.0000000000000022
  0
VERTEX
  5
5F2
  8
FAB
 10
638.9377415349044
 20
348.4847753222385
 30
0.0000000000000022
  0
VERTEX
  5
5F3
  8
FAB
 10
639.0073527319942
 20
348.4772990418579
 30
0.0000000000000022
  0
VERTEX
  5
5F4
  8
FAB
 10
639.0781740746683
 20
348.4715880501939
 30
0.0000000000000022
  0
VERTEX
  5
5F5
  8
FAB
 10
639.1501601377652
 20
348.4675467773125
 30
0.0000000000000022
  0
VERTEX
  5
5F6
  8
FAB
 10
639.2232620165478
 20
348.4650701342885
 30
0.0000000000000022
  0
VERTEX
  5
5F7
  8
FAB
 10
639.297427278101
 20
348.4640432638902
 30
0.0000000000000022
  0
VERTEX
  5
5F8
  8
FAB
 10
639.4487202853544
 20
348.4658290746279
 30
0.0000000000000022
  0
VERTEX
  5
5F9
  8
FAB
 10
639.6035472857466
 20
348.4717805116021
 30
0.0000000000000022
  0
VERTEX
  5
5FA
  8
FAB
 10
640.2462404326711
 20
348.5085723081362
 30
0.0000000000000022
 42
-0.5916229389657358
  0
VERTEX
  5
5FB
  8
FAB
 10
645.9798275398251
 20
338.9341520140853
 30
0.0000000000000022
  0
VERTEX
  5
5FC
  8
FAB
 10
645.6439860080231
 20
338.3849538868917
 30
0.0000000000000022
  0
VERTEX
  5
5FD
  8
FAB
 10
645.5656475537896
 20
338.251275518257
 30
0.0000000000000022
  0
VERTEX
  5
5FE
  8
FAB
 10
645.4926496689591
 20
338.1187460046608
 30
0.0000000000000022
  0
VERTEX
  5
5FF
  8
FAB
 10
645.4585423841833
 20
338.0528807360488
 30
0.0000000000000022
  0
VERTEX
  5
600
  8
FAB
 10
645.426215158758
 20
337.987268473944
 30
0.0000000000000022
  0
VERTEX
  5
601
  8
FAB
 10
645.3957939981905
 20
337.9219012179483
 30
0.0000000000000022
  0
VERTEX
  5
602
  8
FAB
 10
645.3673946311128
 20
337.8567724688929
 30
0.0000000000000022
  0
VERTEX
  5
603
  8
FAB
 10
645.341122752011
 20
337.7918771539846
 30
0.0000000000000022
  0
VERTEX
  5
604
  8
FAB
 10
645.3170742639527
 20
337.7272115519538
 30
0.0000000000000022
  0
VERTEX
  5
605
  8
FAB
 10
645.2953355213156
 20
337.6627732182016
 30
0.0000000000000022
  0
VERTEX
  5
606
  8
FAB
 10
645.2759835725161
 20
337.5985609099471
 30
0.0000000000000022
  0
VERTEX
  5
607
  8
FAB
 10
645.2672242385706
 20
337.5665394372138
 30
0.0000000000000022
  0
VERTEX
  5
608
  8
FAB
 10
645.2590864027371
 20
337.5345745113749
 30
0.0000000000000022
  0
VERTEX
  5
609
  8
FAB
 10
645.2515771868559
 20
337.5026662817612
 30
0.0000000000000022
  0
VERTEX
  5
60A
  8
FAB
 10
645.2447031766562
 20
337.4708149587823
 30
0.0000000000000022
  0
VERTEX
  5
60B
  8
FAB
 10
645.2384704293415
 20
337.4390208115875
 30
0.0000000000000022
  0
VERTEX
  5
60C
  8
FAB
 10
645.2328844811746
 20
337.4072841657264
 30
0.0000000000000022
  0
VERTEX
  5
60D
  8
FAB
 10
645.2279503550628
 20
337.3756054008101
 30
0.0000000000000022
  0
VERTEX
  5
60E
  8
FAB
 10
645.2236725681444
 20
337.3439849481719
 30
0.0000000000000022
  0
VERTEX
  5
60F
  8
FAB
 10
645.2200551393717
 20
337.3124232885278
 30
0.0000000000000022
  0
VERTEX
  5
610
  8
FAB
 10
645.2171015970982
 20
337.280920949638
 30
0.0000000000000022
  0
VERTEX
  5
611
  8
FAB
 10
645.214814986663
 20
337.2494785039672
 30
0.0000000000000022
  0
VERTEX
  5
612
  8
FAB
 10
645.2131978779762
 20
337.218096566346
 30
0.0000000000000022
  0
VERTEX
  5
613
  8
FAB
 10
645.2122523731043
 20
337.186775791631
 30
0.0000000000000022
  0
VERTEX
  5
614
  8
FAB
 10
645.2119801138554
 20
337.1555168723665
 30
0.0000000000000022
  0
VERTEX
  5
615
  8
FAB
 10
645.2123822893641
 20
337.1243205364447
 30
0.0000000000000022
  0
VERTEX
  5
616
  8
FAB
 10
645.213459643677
 20
337.0931875447668
 30
0.0000000000000022
  0
VERTEX
  5
617
  8
FAB
 10
645.2152124833383
 20
337.062118688904
 30
0.0000000000000022
  0
VERTEX
  5
618
  8
FAB
 10
645.2176406849751
 20
337.031114788758
 30
0.0000000000000022
  0
VERTEX
  5
619
  8
FAB
 10
645.2207437028817
 20
337.0001766902224
 30
0.0000000000000022
  0
VERTEX
  5
61A
  8
FAB
 10
645.2245205766055
 20
336.9693052628428
 30
0.0000000000000022
  0
VERTEX
  5
61B
  8
FAB
 10
645.2289699385328
 20
336.9385013974784
 30
0.0000000000000022
  0
VERTEX
  5
61C
  8
FAB
 10
645.2340900214729
 20
336.9077660039623
 30
0.0000000000000022
  0
VERTEX
  5
61D
  8
FAB
 10
645.2398786662445
 20
336.8771000087626
 30
0.0000000000000022
  0
VERTEX
  5
61E
  8
FAB
 10
645.24633332926
 20
336.8465043526435
 30
0.0000000000000022
  0
VERTEX
  5
61F
  8
FAB
 10
645.2534510901115
 20
336.8159799883255
 30
0.0000000000000022
  0
VERTEX
  5
620
  8
FAB
 10
645.2612286591557
 20
336.7855278781469
 30
0.0000000000000022
  0
VERTEX
  5
621
  8
FAB
 10
645.2696623850991
 20
336.7551489917242
 30
0.0000000000000022
  0
VERTEX
  5
622
  8
FAB
 10
645.2787482625831
 20
336.7248443036135
 30
0.0000000000000022
  0
VERTEX
  5
623
  8
FAB
 10
645.2884819397701
 20
336.6946147909705
 30
0.0000000000000022
  0
VERTEX
  5
624
  8
FAB
 10
645.2988587259276
 20
336.6644614312123
 30
0.0000000000000022
  0
VERTEX
  5
625
  8
FAB
 10
645.3098735990148
 20
336.6343851996775
 30
0.0000000000000022
  0
VERTEX
  5
626
  8
FAB
 10
645.3215212132664
 20
336.6043870672873
 30
0.0000000000000022
  0
VERTEX
  5
627
  8
FAB
 10
645.3337959067786
 20
336.5744679982069
 30
0.0000000000000022
  0
VERTEX
  5
628
  8
FAB
 10
645.3466917090948
 20
336.5446289475054
 30
0.0000000000000022
  0
VERTEX
  5
629
  8
FAB
 10
645.3602023487899
 20
336.5148708588173
 30
0.0000000000000022
  0
VERTEX
  5
62A
  8
FAB
 10
645.3743212610563
 20
336.4851946620033
 30
0.0000000000000022
  0
VERTEX
  5
62B
  8
FAB
 10
645.4043562226697
 20
336.4260915805348
 30
0.0000000000000022
  0
VERTEX
  5
62C
  8
FAB
 10
645.4367384960581
 20
336.3673267776185
 30
0.0000000000000022
  0
VERTEX
  5
62D
  8
FAB
 10
645.4714057746767
 20
336.3089069576846
 30
0.0000000000000022
  0
VERTEX
  5
62E
  8
FAB
 10
645.5082917860418
 20
336.2508383802227
 30
0.0000000000000022
  0
VERTEX
  5
62F
  8
FAB
 10
645.547326534458
 20
336.1931267849288
 30
0.0000000000000022
  0
VERTEX
  5
630
  8
FAB
 10
645.5884365437471
 20
336.1357773168532
 30
0.0000000000000022
  0
VERTEX
  5
631
  8
FAB
 10
645.6315450999766
 20
336.0787944515467
 30
0.0000000000000022
  0
VERTEX
  5
632
  8
FAB
 10
645.6765724941877
 20
336.0221819202092
 30
0.0000000000000022
  0
VERTEX
  5
633
  8
FAB
 10
645.7234362651234
 20
335.965942634836
 30
0.0000000000000022
  0
VERTEX
  5
634
  8
FAB
 10
645.772051441957
 20
335.9100786133657
 30
0.0000000000000022
  0
VERTEX
  5
635
  8
FAB
 10
645.8223307870207
 20
335.8545909048275
 30
0.0000000000000022
  0
VERTEX
  5
636
  8
FAB
 10
645.8741850385334
 20
335.7994795144886
 30
0.0000000000000022
  0
VERTEX
  5
637
  8
FAB
 10
645.9822525495844
 20
335.6903800415488
 30
0.0000000000000022
  0
VERTEX
  5
638
  8
FAB
 10
646.0955086222725
 20
335.5827565170366
 30
0.0000000000000022
  0
VERTEX
  5
639
  8
FAB
 10
646.2131910525599
 20
335.476563772676
 30
0.0000000000000022
  0
VERTEX
  5
63A
  8
FAB
 10
646.3345285525133
 20
335.3717327541394
 30
0.0000000000000022
  0
VERTEX
  5
63B
  8
FAB
 10
646.4587485176098
 20
335.268168125762
 30
0.0000000000000022
  0
VERTEX
  5
63C
  8
FAB
 10
646.7127854460177
 20
335.0643109184249
 30
0.0000000000000022
 42
0.0552225609023296
  0
VERTEX
  5
63D
  8
FAB
 10
651.5867923756257
 20
332.0276156777777
 30
0.0000000000000022
  0
VERTEX
  5
63E
  8
FAB
 10
651.8817456530901
 20
331.8894307072084
 30
0.0000000000000022
  0
VERTEX
  5
63F
  8
FAB
 10
652.0294574406985
 20
331.8235713131857
 30
0.0000000000000022
  0
VERTEX
  5
640
  8
FAB
 10
652.177035572974
 20
331.7608574692878
 30
0.0000000000000022
  0
VERTEX
  5
641
  8
FAB
 10
652.3242251103219
 20
331.7020247109941
 30
0.0000000000000022
  0
VERTEX
  5
642
  8
FAB
 10
652.4707481023524
 20
331.6477958087775
 30
0.0000000000000022
  0
VERTEX
  5
643
  8
FAB
 10
652.6163091613212
 20
331.5988748515876
 30
0.0000000000000022
  0
VERTEX
  5
644
  8
FAB
 10
652.6886332608001
 20
331.5766183159278
 30
0.0000000000000022
  0
VERTEX
  5
645
  8
FAB
 10
652.7606010355721
 20
331.5559413303345
 30
0.0000000000000022
  0
VERTEX
  5
646
  8
FAB
 10
652.8321731398364
 20
331.5369240170493
 30
0.0000000000000022
  0
VERTEX
  5
647
  8
FAB
 10
652.903310182978
 20
331.5196442213715
 30
0.0000000000000022
  0
VERTEX
  5
648
  8
FAB
 10
652.9739729037378
 20
331.5041773267674
 30
0.0000000000000022
  0
VERTEX
  5
649
  8
FAB
 10
653.0441223443825
 20
331.4905960699787
 30
0.0000000000000022
  0
VERTEX
  5
64A
  8
FAB
 10
653.1137200248745
 20
331.4789703561319
 30
0.0000000000000022
  0
VERTEX
  5
64B
  8
FAB
 10
653.1827281170421
 20
331.4693670738466
 30
0.0000000000000022
  0
VERTEX
  5
64C
  8
FAB
 10
653.2511096187494
 20
331.4618499103445
 30
0.0000000000000022
  0
VERTEX
  5
64D
  8
FAB
 10
653.3188285280668
 20
331.4564791665587
 30
0.0000000000000022
  0
VERTEX
  5
64E
  8
FAB
 10
653.3858500174404
 20
331.4533115722419
 30
0.0000000000000022
  0
VERTEX
  5
64F
  8
FAB
 10
653.4521406078625
 20
331.4524001010757
 30
0.0000000000000022
  0
VERTEX
  5
650
  8
FAB
 10
653.4850017653819
 20
331.4528058933982
 30
0.0000000000000022
  0
VERTEX
  5
651
  8
FAB
 10
653.5176683430414
 20
331.4537937857793
 30
0.0000000000000022
  0
VERTEX
  5
652
  8
FAB
 10
653.5501366128033
 20
331.4553692611996
 30
0.0000000000000022
  0
VERTEX
  5
653
  8
FAB
 10
653.5824029635718
 20
331.4575375332183
 30
0.0000000000000022
  0
VERTEX
  5
654
  8
FAB
 10
653.6144639066341
 20
331.4603035401955
 30
0.0000000000000022
  0
VERTEX
  5
655
  8
FAB
 10
653.6463160811046
 20
331.4636719395137
 30
0.0000000000000022
  0
VERTEX
  5
656
  8
FAB
 10
653.677956259367
 20
331.4676471018005
 30
0.0000000000000022
  0
VERTEX
  5
657
  8
FAB
 10
653.7093813525169
 20
331.4722331051506
 30
0.0000000000000022
  0
VERTEX
  5
658
  8
FAB
 10
653.7405884158056
 20
331.4774337293477
 30
0.0000000000000022
  0
VERTEX
  5
659
  8
FAB
 10
653.7715746540821
 20
331.4832524500872
 30
0.0000000000000022
  0
VERTEX
  5
65A
  8
FAB
 10
653.8023374272357
 20
331.4896924331975
 30
0.0000000000000022
  0
VERTEX
  5
65B
  8
FAB
 10
653.8328742556398
 20
331.4967565288633
 30
0.0000000000000022
  0
VERTEX
  5
65C
  8
FAB
 10
653.8631828255939
 20
331.5044472658467
 30
0.0000000000000022
  0
VERTEX
  5
65D
  8
FAB
 10
653.8932609947665
 20
331.5127668457101
 30
0.0000000000000022
  0
VERTEX
  5
65E
  8
FAB
 10
653.923106797638
 20
331.5217171370375
 30
0.0000000000000022
  0
VERTEX
  5
65F
  8
FAB
 10
653.9527184509443
 20
331.5312996696576
 30
0.0000000000000022
  0
VERTEX
  5
660
  8
FAB
 10
653.9820943591182
 20
331.5415156288655
 30
0.0000000000000022
  0
VERTEX
  5
661
  8
FAB
 10
654.0112331197331
 20
331.5523658496448
 30
0.0000000000000022
  0
VERTEX
  5
662
  8
FAB
 10
654.0401335289456
 20
331.5638508108897
 30
0.0000000000000022
  0
VERTEX
  5
663
  8
FAB
 10
654.0687945869383
 20
331.5759706296276
 30
0.0000000000000022
  0
VERTEX
  5
664
  8
FAB
 10
654.0972155033629
 20
331.5887250552407
 30
0.0000000000000022
  0
VERTEX
  5
665
  8
FAB
 10
654.1253957027824
 20
331.6021134636886
 30
0.0000000000000022
  0
VERTEX
  5
666
  8
FAB
 10
654.1533348301145
 20
331.6161348517297
 30
0.0000000000000022
  0
VERTEX
  5
667
  8
FAB
 10
654.1810327560744
 20
331.6307878311447
 30
0.0000000000000022
  0
VERTEX
  5
668
  8
FAB
 10
654.2084895826168
 20
331.6460706229573
 30
0.0000000000000022
  0
VERTEX
  5
669
  8
FAB
 10
654.23570564838
 20
331.6619810516572
 30
0.0000000000000022
  0
VERTEX
  5
66A
  8
FAB
 10
654.2626815341274
 20
331.6785165394222
 30
0.0000000000000022
  0
VERTEX
  5
66B
  8
FAB
 10
654.2894180681916
 20
331.69567410034
 30
0.0000000000000022
  0
VERTEX
  5
66C
  8
FAB
 10
654.315916331916
 20
331.7134503346306
 30
0.0000000000000022
  0
VERTEX
  5
66D
  8
FAB
 10
654.3421776650988
 20
331.7318414228683
 30
0.0000000000000022
  0
VERTEX
  5
66E
  8
FAB
 10
654.3682036714345
 20
331.7508431202043
 30
0.0000000000000022
  0
VERTEX
  5
66F
  8
FAB
 10
654.3939962239579
 20
331.7704507505881
 30
0.0000000000000022
  0
VERTEX
  5
670
  8
FAB
 10
654.4195574704861
 20
331.7906592009903
 30
0.0000000000000022
  0
VERTEX
  5
671
  8
FAB
 10
654.444889839062
 20
331.8114629156243
 30
0.0000000000000022
  0
VERTEX
  5
672
  8
FAB
 10
654.4699960433961
 20
331.832855890169
 30
0.0000000000000022
  0
VERTEX
  5
673
  8
FAB
 10
654.4948790883109
 20
331.8548316659903
 30
0.0000000000000022
  0
VERTEX
  5
674
  8
FAB
 10
654.5439892073819
 20
331.9005034806962
 30
0.0000000000000022
  0
VERTEX
  5
675
  8
FAB
 10
654.5922502638994
 20
331.9484173848579
 30
0.0000000000000022
  0
VERTEX
  5
676
  8
FAB
 10
654.6396973316043
 20
331.9985047648063
 30
0.0000000000000022
  0
VERTEX
  5
677
  8
FAB
 10
654.6863706645254
 20
332.0506891831957
 30
0.0000000000000022
  0
VERTEX
  5
678
  8
FAB
 10
654.7323158711481
 20
332.1048861941127
 30
0.0000000000000022
  0
VERTEX
  5
679
  8
FAB
 10
654.7775840885856
 20
332.1610031581852
 30
0.0000000000000022
  0
VERTEX
  5
67A
  8
FAB
 10
654.822232156748
 20
332.2189390576913
 30
0.0000000000000022
  0
VERTEX
  5
67B
  8
FAB
 10
654.866322792513
 20
332.2785843116678
 30
0.0000000000000022
  0
VERTEX
  5
67C
  8
FAB
 10
654.953113064218
 20
332.4025206336285
 30
0.0000000000000022
  0
VERTEX
  5
67D
  8
FAB
 10
655.0385807965308
 20
332.5317571856787
 30
0.0000000000000022
  0
VERTEX
  5
67E
  8
FAB
 10
655.3835424733674
 20
333.0752731090057
 30
0.0000000000000022
 42
-0.5916229389656978
  0
VERTEX
  5
67F
  8
FAB
 10
666.5048946932899
 20
332.1484128806579
 30
0.0000000000000022
  0
VERTEX
  5
680
  8
FAB
 10
666.7551284547108
 20
331.5552930090963
 30
0.0000000000000022
  0
VERTEX
  5
681
  8
FAB
 10
666.8180243988754
 20
331.4136917384094
 30
0.0000000000000022
  0
VERTEX
  5
682
  8
FAB
 10
666.8831019923118
 20
331.277098656607
 30
0.0000000000000022
  0
VERTEX
  5
683
  8
FAB
 10
666.916711208426
 20
331.2109778499251
 30
0.0000000000000022
  0
VERTEX
  5
684
  8
FAB
 10
666.9511531188683
 20
331.1464505437106
 30
0.0000000000000022
  0
VERTEX
  5
685
  8
FAB
 10
666.9865077144054
 20
331.0836144255849
 30
0.0000000000000022
  0
VERTEX
  5
686
  8
FAB
 10
667.0228477724268
 20
331.0225597108861
 30
0.0000000000000022
  0
VERTEX
  5
687
  8
FAB
 10
667.0602390593162
 20
330.9633692961779
 30
0.0000000000000022
  0
VERTEX
  5
688
  8
FAB
 10
667.0987405328259
 20
330.90611891276
 30
0.0000000000000022
  0
VERTEX
  5
689
  8
FAB
 10
667.1384045444471
 20
330.8508772801781
 30
0.0000000000000022
  0
VERTEX
  5
68A
  8
FAB
 10
667.1792770417841
 20
330.7977062597333
 30
0.0000000000000022
  0
VERTEX
  5
68B
  8
FAB
 10
667.200179129962
 20
330.7719147231958
 30
0.0000000000000022
  0
VERTEX
  5
68C
  8
FAB
 10
667.2213977709266
 20
330.7466610079927
 30
0.0000000000000022
  0
VERTEX
  5
68D
  8
FAB
 10
667.242936997154
 20
330.7219509862654
 30
0.0000000000000022
  0
VERTEX
  5
68E
  8
FAB
 10
667.2648004788223
 20
330.6977901302982
 30
0.0000000000000022
  0
VERTEX
  5
68F
  8
FAB
 10
667.2869915301358
 20
330.674183517315
 30
0.0000000000000022
  0
VERTEX
  5
690
  8
FAB
 10
667.3095131156489
 20
330.6511358342773
 30
0.0000000000000022
  0
VERTEX
  5
691
  8
FAB
 10
667.3323678565904
 20
330.6286513826806
 30
0.0000000000000022
  0
VERTEX
  5
692
  8
FAB
 10
667.3555580371874
 20
330.6067340833523
 30
0.0000000000000022
  0
VERTEX
  5
693
  8
FAB
 10
667.3790856109899
 20
330.5853874812484
 30
0.0000000000000022
  0
VERTEX
  5
694
  8
FAB
 10
667.4029522071944
 20
330.5646147502508
 30
0.0000000000000022
  0
VERTEX
  5
695
  8
FAB
 10
667.4271591369686
 20
330.5444186979645
 30
0.0000000000000022
  0
VERTEX
  5
696
  8
FAB
 10
667.4517073997747
 20
330.5248017705148
 30
0.0000000000000022
  0
VERTEX
  5
697
  8
FAB
 10
667.4765976896948
 20
330.5057660573445
 30
0.0000000000000022
  0
VERTEX
  5
698
  8
FAB
 10
667.501830401754
 20
330.4873132960112
 30
0.0000000000000022
  0
VERTEX
  5
699
  8
FAB
 10
667.5274056382447
 20
330.4694448769839
 30
0.0000000000000022
  0
VERTEX
  5
69A
  8
FAB
 10
667.5533232150513
 20
330.4521618484412
 30
0.0000000000000022
  0
VERTEX
  5
69B
  8
FAB
 10
667.5795826679735
 20
330.4354649210675
 30
0.0000000000000022
  0
VERTEX
  5
69C
  8
FAB
 10
667.6061832590515
 20
330.4193544728507
 30
0.0000000000000022
  0
VERTEX
  5
69D
  8
FAB
 10
667.6331239828892
 20
330.4038305538791
 30
0.0000000000000022
  0
VERTEX
  5
69E
  8
FAB
 10
667.6604035729786
 20
330.3888928911392
 30
0.0000000000000022
  0
VERTEX
  5
69F
  8
FAB
 10
667.6880205080242
 20
330.3745408933121
 30
0.0000000000000022
  0
VERTEX
  5
6A0
  8
FAB
 10
667.7159730182673
 20
330.3607736555709
 30
0.0000000000000022
  0
VERTEX
  5
6A1
  8
FAB
 10
667.7442590918091
 20
330.3475899643785
 30
0.0000000000000022
  0
VERTEX
  5
6A2
  8
FAB
 10
667.7728764809362
 20
330.3349883022836
 30
0.0000000000000022
  0
VERTEX
  5
6A3
  8
FAB
 10
667.801822708444
 20
330.3229668527192
 30
0.0000000000000022
  0
VERTEX
  5
6A4
  8
FAB
 10
667.8310950739606
 20
330.3115235047987
 30
0.0000000000000022
  0
VERTEX
  5
6A5
  8
FAB
 10
667.8606906602716
 20
330.3006558581139
 30
0.0000000000000022
  0
VERTEX
  5
6A6
  8
FAB
 10
667.8906063396441
 20
330.2903612275317
 30
0.0000000000000022
  0
VERTEX
  5
6A7
  8
FAB
 10
667.9208387801505
 20
330.2806366479911
 30
0.0000000000000022
  0
VERTEX
  5
6A8
  8
FAB
 10
667.9513844519927
 20
330.271478879301
 30
0.0000000000000022
  0
VERTEX
  5
6A9
  8
FAB
 10
667.9822396338266
 20
330.262884410937
 30
0.0000000000000022
  0
VERTEX
  5
6AA
  8
FAB
 10
668.0134004190861
 20
330.2548494668387
 30
0.0000000000000022
  0
VERTEX
  5
6AB
  8
FAB
 10
668.0448627223068
 20
330.2473700102067
 30
0.0000000000000022
  0
VERTEX
  5
6AC
  8
FAB
 10
668.0766222854509
 20
330.2404417483
 30
0.0000000000000022
  0
VERTEX
  5
6AD
  8
FAB
 10
668.1086746842306
 20
330.2340601372332
 30
0.0000000000000022
  0
VERTEX
  5
6AE
  8
FAB
 10
668.1410153344327
 20
330.2282203867733
 30
0.0000000000000022
  0
VERTEX
  5
6AF
  8
FAB
 10
668.2065422905695
 20
330.2181461037895
 30
0.0000000000000022
  0
VERTEX
  5
6B0
  8
FAB
 10
668.2731635219636
 20
330.2101758328325
 30
0.0000000000000022
  0
VERTEX
  5
6B1
  8
FAB
 10
668.3408372426545
 20
330.2042628728487
 30
0.0000000000000022
  0
VERTEX
  5
6B2
  8
FAB
 10
668.4095197149918
 20
330.2003570417573
 30
0.0000000000000022
  0
VERTEX
  5
6B3
  8
FAB
 10
668.4791654520067
 20
330.1984048299592
 30
0.0000000000000022
  0
VERTEX
  5
6B4
  8
FAB
 10
668.5497274197859
 20
330.1983495538479
 30
0.0000000000000022
  0
VERTEX
  5
6B5
  8
FAB
 10
668.6211572398433
 20
330.2001315093188
 30
0.0000000000000022
  0
VERTEX
  5
6B6
  8
FAB
 10
668.6934053914929
 20
330.2036881252791
 30
0.0000000000000022
  0
VERTEX
  5
6B7
  8
FAB
 10
668.7664214142217
 20
330.2089541171579
 30
0.0000000000000022
  0
VERTEX
  5
6B8
  8
FAB
 10
668.8401541100618
 20
330.2158616404157
 30
0.0000000000000022
  0
VERTEX
  5
6B9
  8
FAB
 10
668.9145517459631
 20
330.2243404440545
 30
0.0000000000000022
  0
VERTEX
  5
6BA
  8
FAB
 10
668.989562256166
 20
330.2343180241275
 30
0.0000000000000022
  0
VERTEX
  5
6BB
  8
FAB
 10
669.1412131871268
 20
330.2584691541051
 30
0.0000000000000022
  0
VERTEX
  5
6BC
  8
FAB
 10
669.2946914128363
 20
330.2876957731748
 30
0.0000000000000022
  0
VERTEX
  5
6BD
  8
FAB
 10
669.4495890716801
 20
330.3213524016144
 30
0.0000000000000022
  0
VERTEX
  5
6BE
  8
FAB
 10
669.6055124064604
 20
330.3587722494678
 30
0.0000000000000022
  0
VERTEX
  5
6BF
  8
FAB
 10
669.7620882403194
 20
330.3992721288614
 30
0.0000000000000022
  0
VERTEX
  5
6C0
  8
FAB
 10
670.0758464550781
 20
330.4867267150743
 30
0.0000000000000022
  0
VERTEX
  5
6C1
  8
FAB
 10
670.9419457400726
 20
330.7526801140991
 30
0.0000000000000022
  0
VERTEX
  5
6C2
  8
FAB
 10
671.7924147712622
 20
331.0464184671354
 30
0.0000000000000022
  0
VERTEX
  5
6C3
  8
FAB
 10
672.6260203891069
 20
331.3668066214663
 30
0.0000000000000022
  0
VERTEX
  5
6C4
  8
FAB
 10
673.4416274240313
 20
331.7126454827388
 30
0.0000000000000022
  0
VERTEX
  5
6C5
  8
FAB
 10
673.4906718878584
 20
331.7349612629705
 30
0.0000000000000022
  0
VERTEX
  5
6C6
  8
FAB
 10
673.5394780491961
 20
331.7582374462402
 30
0.0000000000000022
  0
VERTEX
  5
6C7
  8
FAB
 10
673.5880186691768
 20
331.782472164848
 30
0.0000000000000022
  0
VERTEX
  5
6C8
  8
FAB
 10
673.6362664112792
 20
331.8076625498316
 30
0.0000000000000022
  0
VERTEX
  5
6C9
  8
FAB
 10
673.6841938862445
 20
331.8338047193147
 30
0.0000000000000022
  0
VERTEX
  5
6CA
  8
FAB
 10
673.731773697999
 20
331.8608937692231
 30
0.0000000000000022
  0
VERTEX
  5
6CB
  8
FAB
 10
673.7789784904362
 20
331.8889237664542
 30
0.0000000000000022
  0
VERTEX
  5
6CC
  8
FAB
 10
673.8257809949126
 20
331.917887744576
 30
0.0000000000000022
  0
VERTEX
  5
6CD
  8
FAB
 10
673.8721540782954
 20
331.9477777021206
 30
0.0000000000000022
  0
VERTEX
  5
6CE
  8
FAB
 10
673.9180707914011
 20
331.9785846035266
 30
0.0000000000000022
  0
VERTEX
  5
6CF
  8
FAB
 10
673.9635044176557
 20
332.010298382774
 30
0.0000000000000022
  0
VERTEX
  5
6D0
  8
FAB
 10
674.0084285218021
 20
332.0429079497408
 30
0.0000000000000022
  0
VERTEX
  5
6D1
  8
FAB
 10
674.0528169984799
 20
332.0764011992998
 30
0.0000000000000022
  0
VERTEX
  5
6D2
  8
FAB
 10
674.0966441204986
 20
332.1107650231604
 30
0.0000000000000022
  0
VERTEX
  5
6D3
  8
FAB
 10
674.1398845866214
 20
332.145985324447
 30
0.0000000000000022
  0
VERTEX
  5
6D4
  8
FAB
 10
674.182513568685
 20
332.1820470349921
 30
0.0000000000000022
  0
VERTEX
  5
6D5
  8
FAB
 10
674.2245067578704
 20
332.2189341353081
 30
0.0000000000000022
  0
VERTEX
  5
6D6
  8
FAB
 10
674.2658404099514
 20
332.2566296771889
 30
0.0000000000000022
  0
VERTEX
  5
6D7
  8
FAB
 10
674.3064913893469
 20
332.2951158088812
 30
0.0000000000000022
  0
VERTEX
  5
6D8
  8
FAB
 10
674.3464372118062
 20
332.3343738027475
 30
0.0000000000000022
  0
VERTEX
  5
6D9
  8
FAB
 10
674.3856560855638
 20
332.3743840853329
 30
0.0000000000000022
  0
VERTEX
  5
6DA
  8
FAB
 10
674.424126950809
 20
332.4151262697393
 30
0.0000000000000022
  0
VERTEX
  5
6DB
  8
FAB
 10
674.4618295173177
 20
332.4565791901905
 30
0.0000000000000022
  0
VERTEX
  5
6DC
  8
FAB
 10
674.4987443001068
 20
332.4987209386674
 30
0.0000000000000022
  0
VERTEX
  5
6DD
  8
FAB
 10
674.5348526529805
 20
332.5415289034818
 30
0.0000000000000022
  0
VERTEX
  5
6DE
  8
FAB
 10
674.5701367998452
 20
332.5849798096432
 30
0.0000000000000022
  0
VERTEX
  5
6DF
  8
FAB
 10
674.6045798636851
 20
332.6290497608688
 30
0.0000000000000022
  0
VERTEX
  5
6E0
  8
FAB
 10
674.6381658930989
 20
332.67371428308
 30
0.0000000000000022
  0
VERTEX
  5
6E1
  8
FAB
 10
674.6708798863108
 20
332.7189483692172
 30
0.0000000000000022
  0
VERTEX
  5
6E2
  8
FAB
 10
674.7027078125848
 20
332.7647265252044
 30
0.0000000000000022
  0
VERTEX
  5
6E3
  8
FAB
 10
674.7336366309794
 20
332.8110228168874
 30
0.0000000000000022
  0
VERTEX
  5
6E4
  8
FAB
 10
674.7636543063977
 20
332.8578109177682
 30
0.0000000000000022
  0
VERTEX
  5
6E5
  8
FAB
 10
674.7927498228978
 20
332.9050641573553
 30
0.0000000000000022
  0
VERTEX
  5
6E6
  8
FAB
 10
674.8209131942461
 20
332.9527555699476
 30
0.0000000000000022
  0
VERTEX
  5
6E7
  8
FAB
 10
674.8481354717044
 20
333.0008579436715
 30
0.0000000000000022
  0
VERTEX
  5
6E8
  8
FAB
 10
674.8744087490613
 20
333.0493438695924
 30
0.0000000000000022
  0
VERTEX
  5
6E9
  8
FAB
 10
674.8997261649238
 20
333.0981857907211
 30
0.0000000000000022
  0
VERTEX
  5
6EA
  8
FAB
 10
674.924081902307
 20
333.1473560507426
 30
0.0000000000000022
  0
VERTEX
  5
6EB
  8
FAB
 10
674.9474711855632
 20
333.1968269422968
 30
0.0000000000000022
  0
VERTEX
  5
6EC
  8
FAB
 10
674.9698902747087
 20
333.2465707546482
 30
0.0000000000000022
  0
VERTEX
  5
6ED
  8
FAB
 10
674.9913364572178
 20
333.2965598205855
 30
0.0000000000000022
  0
VERTEX
  5
6EE
  8
FAB
 10
675.0118080373605
 20
333.3467665623992
 30
0.0000000000000022
  0
VERTEX
  5
6EF
  8
FAB
 10
675.0313043231736
 20
333.3971635367978
 30
0.0000000000000022
  0
VERTEX
  5
6F0
  8
FAB
 10
675.049825611162
 20
333.4477234786237
 30
0.0000000000000022
  0
VERTEX
  5
6F1
  8
FAB
 10
675.0673731688366
 20
333.4984193432455
 30
0.0000000000000022
  0
VERTEX
  5
6F2
  8
FAB
 10
675.0839492151999
 20
333.5492243475101
 30
0.0000000000000022
  0
VERTEX
  5
6F3
  8
FAB
 10
675.0995568992998
 20
333.6001120091487
 30
0.0000000000000022
  0
VERTEX
  5
6F4
  8
FAB
 10
675.1142002769753
 20
333.65105618454
 30
0.0000000000000022
  0
VERTEX
  5
6F5
  8
FAB
 10
675.1278842859227
 20
333.7020311047453
 30
0.0000000000000022
  0
VERTEX
  5
6F6
  8
FAB
 10
675.1406147192167
 20
333.753011409741
 30
0.0000000000000022
  0
VERTEX
  5
6F7
  8
FAB
 10
675.1632421394212
 20
333.8548889708566
 30
0.0000000000000022
  0
VERTEX
  5
6F8
  8
FAB
 10
675.1821448991848
 20
333.9564953475219
 30
0.0000000000000022
  0
VERTEX
  5
6F9
  8
FAB
 10
675.197397140863
 20
334.057645430237
 30
0.0000000000000022
  0
VERTEX
  5
6FA
  8
FAB
 10
675.2090837491324
 20
334.1581632705576
 30
0.0000000000000022
  0
VERTEX
  5
6FB
  8
FAB
 10
675.2172992746799
 20
334.2578827014287
 30
0.0000000000000022
  0
VERTEX
  5
6FC
  8
FAB
 10
675.222146836535
 20
334.3566478288946
 30
0.0000000000000022
  0
VERTEX
  5
6FD
  8
FAB
 10
675.2237370185624
 20
334.4543133984913
 30
0.0000000000000022
  0
VERTEX
  5
6FE
  8
FAB
 10
675.2237370185624
 20
342.0134436038807
 30
0.0000000000000022
 42
0.0839083204930861
  0
VERTEX
  5
6FF
  8
FAB
 10
675.0571169407121
 20
342.9993230167694
 30
0.0000000000000022
 42
0.0358908422135126
  0
VERTEX
  5
700
  8
FAB
 10
676.725704814553
 20
344.8732312029436
 30
0.0000000000000022
 42
-0.2328366833752675
  0
VERTEX
  5
701
  8
FAB
 10
679.1034721524952
 20
346.0439629102609
 30
0.0000000000000022
  0
VERTEX
  5
702
  8
FAB
 10
684.5391376186897
 20
346.0439629102607
 30
0.0000000000000022
 42
0.4142135623730143
  0
VERTEX
  5
703
  8
FAB
 10
687.0391376186897
 20
348.5439629102607
 30
0.0000000000000022
  0
VERTEX
  5
704
  8
FAB
 10
687.0391376186897
 20
349.5439629102607
 30
0.0000000000000022
 42
0.414213562373055
  0
VERTEX
  5
705
  8
FAB
 10
684.5391376186897
 20
352.0439629102608
 30
0.0000000000000022
  0
VERTEX
  5
706
  8
FAB
 10
677.9876697548641
 20
352.0439629102607
 30
0.0000000000000022
 42
0.2975919408848758
  0
VERTEX
  5
707
  8
FAB
 10
675.2408856528009
 20
350.250270125133
 30
0.0000000000000022
 42
-0.1377089894176004
  0
SEQEND
  5
708
  8
FAB
  0
POLYLINE
  5
709
  8
DEFAULT
 66
     1
 10
0.0
 20
0.0
 30
-5.0
 70
     1
  0
VERTEX
  5
70A
  8
DEFAULT
 10
739.9624217472953
 20
335.2487840330167
 30
-5.0
  0
VERTEX
  5
70B
  8
DEFAULT
 10
739.9685994085504
 20
334.685707720149
 30
-5.0
  0
VERTEX
  5
70C
  8
DEFAULT
 10
739.9870627170982
 20
334.1199370095848
 30
-5.0
  0
VERTEX
  5
70D
  8
DEFAULT
 10
740.0179884852523
 20
333.5518555557587
 30
-5.0
  0
VERTEX
  5
70E
  8
DEFAULT
 10
740.0615382804502
 20
332.981858289036
 30
-5.0
  0
VERTEX
  5
70F
  8
DEFAULT
 10
740.1178576377998
 20
332.4103506967488
 30
-5.0
  0
VERTEX
  5
710
  8
DEFAULT
 10
740.187075310754
 20
331.8377480430279
 30
-5.0
  0
VERTEX
  5
711
  8
DEFAULT
 10
740.2693025651803
 20
331.2644745295715
 30
-5.0
  0
VERTEX
  5
712
  8
DEFAULT
 10
740.3646325220094
 20
330.6909623999953
 30
-5.0
  0
VERTEX
  5
713
  8
DEFAULT
 10
740.4306282123188
 20
330.3375025396548
 30
-5.0
  0
VERTEX
  5
714
  8
DEFAULT
 10
740.4650494876583
 20
330.1710676204339
 30
-5.0
  0
VERTEX
  5
715
  8
DEFAULT
 10
740.5013153804823
 20
330.0105592791235
 30
-5.0
  0
VERTEX
  5
716
  8
DEFAULT
 10
740.5400090283164
 20
329.8556132099098
 30
-5.0
  0
VERTEX
  5
717
  8
DEFAULT
 10
740.5816584840162
 20
329.7060662766287
 30
-5.0
  0
VERTEX
  5
718
  8
DEFAULT
 10
740.6267447880124
 20
329.5619137486946
 30
-5.0
  0
VERTEX
  5
719
  8
DEFAULT
 10
740.6507155342068
 20
329.4918936252532
 30
-5.0
  0
VERTEX
  5
71A
  8
DEFAULT
 10
740.6757070849158
 20
329.4232748833005
 30
-5.0
  0
VERTEX
  5
71B
  8
DEFAULT
 10
740.7017682733624
 20
329.3560871099259
 30
-5.0
  0
VERTEX
  5
71C
  8
DEFAULT
 10
740.7289455971156
 20
329.290364292998
 30
-5.0
  0
VERTEX
  5
71D
  8
DEFAULT
 10
740.7572832329191
 20
329.2261441261925
 30
-5.0
  0
VERTEX
  5
71E
  8
DEFAULT
 10
740.7868230367386
 20
329.1634673504671
 30
-5.0
  0
VERTEX
  5
71F
  8
DEFAULT
 10
740.8176045313347
 20
329.1023771263546
 30
-5.0
  0
VERTEX
  5
720
  8
DEFAULT
 10
740.8496648833993
 20
329.0429184324514
 30
-5.0
  0
VERTEX
  5
721
  8
DEFAULT
 10
740.8830388720579
 20
328.9851374863331
 30
-5.0
  0
VERTEX
  5
722
  8
DEFAULT
 10
740.9177588503321
 20
328.9290811848439
 30
-5.0
  0
VERTEX
  5
723
  8
DEFAULT
 10
740.9538547009953
 20
328.8747965613232
 30
-5.0
  0
VERTEX
  5
724
  8
DEFAULT
 10
740.9913537880868
 20
328.82233025784
 30
-5.0
  0
VERTEX
  5
725
  8
DEFAULT
 10
741.0106373951687
 20
328.7967933179598
 30
-5.0
  0
VERTEX
  5
726
  8
DEFAULT
 10
741.0302809052266
 20
328.7717280109462
 30
-5.0
  0
VERTEX
  5
727
  8
DEFAULT
 10
741.050287006994
 20
328.7471398300478
 30
-5.0
  0
VERTEX
  5
728
  8
DEFAULT
 10
741.0706582217425
 20
328.7230341498255
 30
-5.0
  0
VERTEX
  5
729
  8
DEFAULT
 10
741.0913969015404
 20
328.6994162110912
 30
-5.0
  0
VERTEX
  5
72A
  8
DEFAULT
 10
741.112505227511
 20
328.6762911060172
 30
-5.0
  0
VERTEX
  5
72B
  8
DEFAULT
 10
741.1339852080941
 20
328.6536637634113
 30
-5.0
  0
VERTEX
  5
72C
  8
DEFAULT
 10
741.1558386773148
 20
328.6315389341545
 30
-5.0
  0
VERTEX
  5
72D
  8
DEFAULT
 10
741.1780672930681
 20
328.6099211768043
 30
-5.0
  0
VERTEX
  5
72E
  8
DEFAULT
 10
741.200672535418
 20
328.5888148433591
 30
-5.0
  0
VERTEX
  5
72F
  8
DEFAULT
 10
741.2236557049202
 20
328.5682240651849
 30
-5.0
  0
VERTEX
  5
730
  8
DEFAULT
 10
741.2470179209696
 20
328.5481527391058
 30
-5.0
  0
VERTEX
  5
731
  8
DEFAULT
 10
741.2707601201745
 20
328.5286045136567
 30
-5.0
  0
VERTEX
  5
732
  8
DEFAULT
 10
741.2948830547642
 20
328.5095827754995
 30
-5.0
  0
VERTEX
  5
733
  8
DEFAULT
 10
741.3193872910294
 20
328.4910906360063
 30
-5.0
  0
VERTEX
  5
734
  8
DEFAULT
 10
741.3442732077986
 20
328.4731309180063
 30
-5.0
  0
VERTEX
  5
735
  8
DEFAULT
 10
741.3695409949538
 20
328.455706142702
 30
-5.0
  0
VERTEX
  5
736
  8
DEFAULT
 10
741.3951906519862
 20
328.4388185167529
 30
-5.0
  0
VERTEX
  5
737
  8
DEFAULT
 10
741.421221986593
 20
328.4224699195312
 30
-5.0
  0
VERTEX
  5
738
  8
DEFAULT
 10
741.4476346133167
 20
328.4066618905478
 30
-5.0
  0
VERTEX
  5
739
  8
DEFAULT
 10
741.4744279522305
 20
328.3913956170522
 30
-5.0
  0
VERTEX
  5
73A
  8
DEFAULT
 10
741.5016012276647
 20
328.3766719218071
 30
-5.0
  0
VERTEX
  5
73B
  8
DEFAULT
 10
741.5291534669803
 20
328.3624912510381
 30
-5.0
  0
VERTEX
  5
73C
  8
DEFAULT
 10
741.5570834993875
 20
328.3488536625612
 30
-5.0
  0
VERTEX
  5
73D
  8
DEFAULT
 10
741.585389954806
 20
328.3357588140877
 30
-5.0
  0
VERTEX
  5
73E
  8
DEFAULT
 10
741.6140712627747
 20
328.3232059517076
 30
-5.0
  0
VERTEX
  5
73F
  8
DEFAULT
 10
741.6431256513999
 20
328.3111938985533
 30
-5.0
  0
VERTEX
  5
740
  8
DEFAULT
 10
741.6725511463503
 20
328.2997210436419
 30
-5.0
  0
VERTEX
  5
741
  8
DEFAULT
 10
741.7023455698899
 20
328.2887853308973
 30
-5.0
  0
VERTEX
  5
742
  8
DEFAULT
 10
741.7325065399548
 20
328.2783842483529
 30
-5.0
  0
VERTEX
  5
743
  8
DEFAULT
 10
741.7630314692667
 20
328.2685148175329
 30
-5.0
  0
VERTEX
  5
744
  8
DEFAULT
 10
741.793917564483
 20
328.2591735830126
 30
-5.0
  0
VERTEX
  5
745
  8
DEFAULT
 10
741.8251618253825
 20
328.2503566021557
 30
-5.0
  0
VERTEX
  5
746
  8
DEFAULT
 10
741.8567610440841
 20
328.2420594350289
 30
-5.0
  0
VERTEX
  5
747
  8
DEFAULT
 10
741.9210104805858
 20
328.2270042364547
 30
-5.0
  0
VERTEX
  5
748
  8
DEFAULT
 10
741.9866360298352
 20
328.213962149571
 30
-5.0
  0
VERTEX
  5
749
  8
DEFAULT
 10
742.0536044796289
 20
328.202878763387
 30
-5.0
  0
VERTEX
  5
74A
  8
DEFAULT
 10
742.1218792288311
 20
328.1936908007137
 30
-5.0
  0
VERTEX
  5
74B
  8
DEFAULT
 10
742.1914202672639
 20
328.1863258353952
 30
-5.0
  0
VERTEX
  5
74C
  8
DEFAULT
 10
742.2621841559105
 20
328.1807020192035
 30
-5.0
  0
VERTEX
  5
74D
  8
DEFAULT
 10
742.3341240069402
 20
328.1767278178295
 30
-5.0
  0
VERTEX
  5
74E
  8
DEFAULT
 10
742.407189463051
 20
328.174301755343
 30
-5.0
  0
VERTEX
  5
74F
  8
DEFAULT
 10
742.4813266756025
 20
328.1733121664312
 30
-5.0
  0
VERTEX
  5
750
  8
DEFAULT
 10
742.6325833747767
 20
328.1751433631572
 30
-5.0
  0
VERTEX
  5
751
  8
DEFAULT
 10
743.4300760651917
 20
328.2179170543789
 30
-5.0
  0
VERTEX
  5
752
  8
DEFAULT
 10
743.5799060380039
 20
328.2216769212399
 30
-5.0
  0
VERTEX
  5
753
  8
DEFAULT
 10
743.730980986012
 20
328.221809164703
 30
-5.0
  0
VERTEX
  5
754
  8
DEFAULT
 10
743.8830550746568
 20
328.2182730163224
 30
-5.0
  0
VERTEX
  5
755
  8
DEFAULT
 10
744.0358756346741
 20
328.2110397924288
 30
-5.0
  0
VERTEX
  5
756
  8
DEFAULT
 10
744.1891845086242
 20
328.2000932506157
 30
-5.0
  0
VERTEX
  5
757
  8
DEFAULT
 10
744.342719468179
 20
328.1854298447917
 30
-5.0
  0
VERTEX
  5
758
  8
DEFAULT
 10
744.4962156862747
 20
328.1670588738627
 30
-5.0
  0
VERTEX
  5
759
  8
DEFAULT
 10
744.6494072470658
 20
328.1450025207381
 30
-5.0
  0
VERTEX
  5
75A
  8
DEFAULT
 10
744.8020286757567
 20
328.1192957800814
 30
-5.0
  0
VERTEX
  5
75B
  8
DEFAULT
 10
744.9538164699129
 20
328.0899862750049
 30
-5.0
  0
VERTEX
  5
75C
  8
DEFAULT
 10
745.1045106137395
 20
328.0571339647032
 30
-5.0
  0
VERTEX
  5
75D
  8
DEFAULT
 10
745.2538560570866
 20
328.020810746769
 30
-5.0
  0
VERTEX
  5
75E
  8
DEFAULT
 10
745.401604141594
 20
327.981099959617
 30
-5.0
  0
VERTEX
  5
75F
  8
DEFAULT
 10
745.5475139573985
 20
327.9380957919774
 30
-5.0
  0
VERTEX
  5
760
  8
DEFAULT
 10
745.6913536151468
 20
327.8919026078194
 30
-5.0
  0
VERTEX
  5
761
  8
DEFAULT
 10
745.8329014196959
 20
327.8426341962446
 30
-5.0
  0
VERTEX
  5
762
  8
DEFAULT
 10
746.0227454724204
 20
327.7705119242249
 30
-5.0
  0
VERTEX
  5
763
  8
DEFAULT
 10
746.2117253730465
 20
327.6917031918671
 30
-5.0
  0
VERTEX
  5
764
  8
DEFAULT
 10
746.3995054814475
 20
327.6061777765146
 30
-5.0
  0
VERTEX
  5
765
  8
DEFAULT
 10
746.5857436736972
 20
327.5139270405812
 30
-5.0
  0
VERTEX
  5
766
  8
DEFAULT
 10
746.7700930209511
 20
327.4149648000143
 30
-5.0
  0
VERTEX
  5
767
  8
DEFAULT
 10
746.9522035832505
 20
327.3093280404544
 30
-5.0
  0
VERTEX
  5
768
  8
DEFAULT
 10
747.1317243025345
 20
327.1970774649486
 30
-5.0
  0
VERTEX
  5
769
  8
DEFAULT
 10
747.3083049766898
 20
327.0782978588836
 30
-5.0
  0
VERTEX
  5
76A
  8
DEFAULT
 10
747.481598294259
 20
326.9530982600248
 30
-5.0
  0
VERTEX
  5
76B
  8
DEFAULT
 10
747.651261907488
 20
326.8216119241261
 30
-5.0
  0
VERTEX
  5
76C
  8
DEFAULT
 10
747.816960519865
 20
326.6839960794993
 30
-5.0
  0
VERTEX
  5
76D
  8
DEFAULT
 10
747.9783679631669
 20
326.5404314671017
 30
-5.0
  0
VERTEX
  5
76E
  8
DEFAULT
 10
748.1351692383968
 20
326.3911216660886
 30
-5.0
  0
VERTEX
  5
76F
  8
DEFAULT
 10
748.2870624948614
 20
326.2362922082601
 30
-5.0
  0
VERTEX
  5
770
  8
DEFAULT
 10
748.4337609220565
 20
326.0761894883667
 30
-5.0
  0
VERTEX
  5
771
  8
DEFAULT
 10
748.5749945299629
 20
325.9110794806825
 30
-5.0
  0
VERTEX
  5
772
  8
DEFAULT
 10
748.7105117948521
 20
325.7412462755762
 30
-5.0
  0
VERTEX
  5
773
  8
DEFAULT
 10
748.8400811496628
 20
325.5669904528536
 30
-5.0
  0
VERTEX
  5
774
  8
DEFAULT
 10
748.9634923004546
 20
325.3886273113943
 30
-5.0
  0
VERTEX
  5
775
  8
DEFAULT
 10
749.0805573532521
 20
325.2064849769252
 30
-5.0
  0
VERTEX
  5
776
  8
DEFAULT
 10
749.1911117387576
 20
325.0209024116569
 30
-5.0
  0
VERTEX
  5
777
  8
DEFAULT
 10
749.2950149257664
 20
324.8322273508633
 30
-5.0
  0
VERTEX
  5
778
  8
DEFAULT
 10
749.392150917658
 20
324.6408141923261
 30
-5.0
  0
VERTEX
  5
779
  8
DEFAULT
 10
749.4824285299094
 20
324.4470218648341
 30
-5.0
  0
VERTEX
  5
77A
  8
DEFAULT
 10
749.5657814501086
 20
324.251211701675
 30
-5.0
  0
VERTEX
  5
77B
  8
DEFAULT
 10
749.6421680853578
 20
324.0537453442648
 30
-5.0
  0
VERTEX
  5
77C
  8
DEFAULT
 10
749.7115712051537
 20
323.8549826998015
 30
-5.0
  0
VERTEX
  5
77D
  8
DEFAULT
 10
749.7739973907343
 20
323.6552799751208
 30
-5.0
  0
VERTEX
  5
77E
  8
DEFAULT
 10
749.8294763044664
 20
323.4549878068673
 30
-5.0
  0
VERTEX
  5
77F
  8
DEFAULT
 10
749.878059795011
 20
323.2544495057157
 30
-5.0
  0
VERTEX
  5
780
  8
DEFAULT
 10
749.9198208557729
 20
323.0539994297851
 30
-5.0
  0
VERTEX
  5
781
  8
DEFAULT
 10
749.9548524554444
 20
322.8539614996304
 30
-5.0
  0
VERTEX
  5
782
  8
DEFAULT
 10
749.973904589704
 20
322.7254812229704
 30
-5.0
  0
VERTEX
  5
783
  8
DEFAULT
 10
749.9904129045261
 20
322.5959453936705
 30
-5.0
  0
VERTEX
  5
784
  8
DEFAULT
 10
750.0043257224913
 20
322.465425018808
 30
-5.0
  0
VERTEX
  5
785
  8
DEFAULT
 10
750.015593823571
 20
322.3339939286939
 30
-5.0
  0
VERTEX
  5
786
  8
DEFAULT
 10
750.0241706204124
 20
322.201728680841
 30
-5.0
  0
VERTEX
  5
787
  8
DEFAULT
 10
750.0300123298734
 20
322.0687084516573
 30
-5.0
  0
VERTEX
  5
788
  8
DEFAULT
 10
750.0330781398455
 20
321.9350149159623
 30
-5.0
  0
VERTEX
  5
789
  8
DEFAULT
 10
750.0333303704002
 20
321.8007321145082
 30
-5.0
  0
VERTEX
  5
78A
  8
DEFAULT
 10
750.0307346282972
 20
321.665946309771
 30
-5.0
  0
VERTEX
  5
78B
  8
DEFAULT
 10
750.0252599538958
 20
321.5307458303656
 30
-5.0
  0
VERTEX
  5
78C
  8
DEFAULT
 10
750.0168789595341
 20
321.3952209045185
 30
-5.0
  0
VERTEX
  5
78D
  8
DEFAULT
 10
750.005567958462
 20
321.259463483126
 30
-5.0
  0
VERTEX
  5
78E
  8
DEFAULT
 10
749.9913070834558
 20
321.1235670530042
 30
-5.0
  0
VERTEX
  5
78F
  8
DEFAULT
 10
749.9740803942767
 20
320.9876264410196
 30
-5.0
  0
VERTEX
  5
790
  8
DEFAULT
 10
749.953875973194
 20
320.8517376098699
 30
-5.0
  0
VERTEX
  5
791
  8
DEFAULT
 10
749.9306860078487
 20
320.7159974463564
 30
-5.0
  0
VERTEX
  5
792
  8
DEFAULT
 10
749.9045068608096
 20
320.5805035430618
 30
-5.0
  0
VERTEX
  5
793
  8
DEFAULT
 10
749.8753391252346
 20
320.4453539744039
 30
-5.0
  0
VERTEX
  5
794
  8
DEFAULT
 10
749.8431876661456
 20
320.3106470680994
 30
-5.0
  0
VERTEX
  5
795
  8
DEFAULT
 10
749.8080616469051
 20
320.1764811731154
 30
-5.0
  0
VERTEX
  5
796
  8
DEFAULT
 10
749.7699745405764
 20
320.0429544252252
 30
-5.0
  0
VERTEX
  5
797
  8
DEFAULT
 10
749.7289441259478
 20
319.9101645113202
 30
-5.0
  0
VERTEX
  5
798
  8
DEFAULT
 10
749.6849924681001
 20
319.7782084336491
 30
-5.0
  0
VERTEX
  5
799
  8
DEFAULT
 10
749.6381458834968
 20
319.6471822751637
 30
-5.0
  0
VERTEX
  5
79A
  8
DEFAULT
 10
749.5884348896875
 20
319.5171809671601
 30
-5.0
  0
VERTEX
  5
79B
  8
DEFAULT
 10
749.5358941398064
 20
319.3882980603871
 30
-5.0
  0
VERTEX
  5
79C
  8
DEFAULT
 10
749.4805623421621
 20
319.2606255007803
 30
-5.0
  0
VERTEX
  5
79D
  8
DEFAULT
 10
749.4224821653074
 20
319.13425341095
 30
-5.0
  0
VERTEX
  5
79E
  8
DEFAULT
 10
749.3617001290775
 20
319.0092698785118
 30
-5.0
  0
VERTEX
  5
79F
  8
DEFAULT
 10
749.2982664821776
 20
318.8857607523025
 30
-5.0
  0
VERTEX
  5
7A0
  8
DEFAULT
 10
749.2322350669901
 20
318.7638094474655
 30
-5.0
  0
VERTEX
  5
7A1
  8
DEFAULT
 10
748.7378456814828
 20
317.941433005857
 30
-5.0
  0
VERTEX
  5
7A2
  8
DEFAULT
 10
748.6652052043464
 20
317.8092108724457
 30
-5.0
  0
VERTEX
  5
7A3
  8
DEFAULT
 10
748.6314483883846
 20
317.7437481337362
 30
-5.0
  0
VERTEX
  5
7A4
  8
DEFAULT
 10
748.5995583287007
 20
317.6786671979327
 30
-5.0
  0
VERTEX
  5
7A5
  8
DEFAULT
 10
748.569642294084
 20
317.6139358463103
 30
-5.0
  0
VERTEX
  5
7A6
  8
DEFAULT
 10
748.5417990128589
 20
317.5495259501571
 30
-5.0
  0
VERTEX
  5
7A7
  8
DEFAULT
 10
748.5161189124984
 20
317.4854131778371
 30
-5.0
  0
VERTEX
  5
7A8
  8
DEFAULT
 10
748.4926843348605
 20
317.4215767220928
 30
-5.0
  0
VERTEX
  5
7A9
  8
DEFAULT
 10
748.4715697311808
 20
317.3579990451271
 30
-5.0
  0
VERTEX
  5
7AA
  8
DEFAULT
 10
748.452841840501
 20
317.2946656393152
 30
-5.0
  0
VERTEX
  5
7AB
  8
DEFAULT
 10
748.4443917005486
 20
317.2630867772662
 30
-5.0
  0
VERTEX
  5
7AC
  8
DEFAULT
 10
748.4365598548108
 20
317.2315648016786
 30
-5.0
  0
VERTEX
  5
7AD
  8
DEFAULT
 10
748.4293525484441
 20
317.2000986529003
 30
-5.0
  0
VERTEX
  5
7AE
  8
DEFAULT
 10
748.4227755738157
 20
317.1686874204906
 30
-5.0
  0
VERTEX
  5
7AF
  8
DEFAULT
 10
748.4168342749537
 20
317.1373303371185
 30
-5.0
  0
VERTEX
  5
7B0
  8
DEFAULT
 10
748.4115335519252
 20
317.1060267725983
 30
-5.0
  0
VERTEX
  5
7B1
  8
DEFAULT
 10
748.4068778651655
 20
317.0747762280579
 30
-5.0
  0
VERTEX
  5
7B2
  8
DEFAULT
 10
748.4028712397647
 20
317.0435783302293
 30
-5.0
  0
VERTEX
  5
7B3
  8
DEFAULT
 10
748.399517269732
 20
317.0124328258574
 30
-5.0
  0
VERTEX
  5
7B4
  8
DEFAULT
 10
748.3968191222465
 20
316.9813395762179
 30
-5.0
  0
VERTEX
  5
7B5
  8
DEFAULT
 10
748.3947795419083
 20
316.9502985517399
 30
-5.0
  0
VERTEX
  5
7B6
  8
DEFAULT
 10
748.3934008550002
 20
316.9193098267285
 30
-5.0
  0
VERTEX
  5
7B7
  8
DEFAULT
 10
748.3926849737694
 20
316.8883735741795
 30
-5.0
  0
VERTEX
  5
7B8
  8
DEFAULT
 10
748.392633400742
 20
316.8574900606844
 30
-5.0
  0
VERTEX
  5
7B9
  8
DEFAULT
 10
748.3932472330757
 20
316.8266596414201
 30
-5.0
  0
VERTEX
  5
7BA
  8
DEFAULT
 10
748.3945271669595
 20
316.7958827552185
 30
-5.0
  0
VERTEX
  5
7BB
  8
DEFAULT
 10
748.3964735020726
 20
316.7651599197149
 30
-5.0
  0
VERTEX
  5
7BC
  8
DEFAULT
 10
748.3990861461006
 20
316.7344917265675
 30
-5.0
  0
VERTEX
  5
7BD
  8
DEFAULT
 10
748.4023646193255
 20
316.7038788367505
 30
-5.0
  0
VERTEX
  5
7BE
  8
DEFAULT
 10
748.4063080592879
 20
316.6733219759128
 30
-5.0
  0
VERTEX
  5
7BF
  8
DEFAULT
 10
748.4109152255289
 20
316.6428219298032
 30
-5.0
  0
VERTEX
  5
7C0
  8
DEFAULT
 10
748.4161845044194
 20
316.6123795397575
 30
-5.0
  0
VERTEX
  5
7C1
  8
DEFAULT
 10
748.4221139140744
 20
316.5819956982464
 30
-5.0
  0
VERTEX
  5
7C2
  8
DEFAULT
 10
748.4287011093627
 20
316.5516713444838
 30
-5.0
  0
VERTEX
  5
7C3
  8
DEFAULT
 10
748.4359433870137
 20
316.5214074600896
 30
-5.0
  0
VERTEX
  5
7C4
  8
DEFAULT
 10
748.4438376908184
 20
316.4912050648101
 30
-5.0
  0
VERTEX
  5
7C5
  8
DEFAULT
 10
748.4523806169354
 20
316.461065212291
 30
-5.0
  0
VERTEX
  5
7C6
  8
DEFAULT
 10
748.4615684193
 20
316.4309889859046
 30
-5.0
  0
VERTEX
  5
7C7
  8
DEFAULT
 10
748.4713970151327
 20
316.4009774946273
 30
-5.0
  0
VERTEX
  5
7C8
  8
DEFAULT
 10
748.4818619905591
 20
316.3710318689688
 30
-5.0
  0
VERTEX
  5
7C9
  8
DEFAULT
 10
748.4929586063336
 20
316.3411532569509
 30
-5.0
  0
VERTEX
  5
7CA
  8
DEFAULT
 10
748.504681803668
 20
316.3113428201347
 30
-5.0
  0
VERTEX
  5
7CB
  8
DEFAULT
 10
748.51702621017
 20
316.2816017296982
 30
-5.0
  0
VERTEX
  5
7CC
  8
DEFAULT
 10
748.5299861458849
 20
316.2519311625588
 30
-5.0
  0
VERTEX
  5
7CD
  8
DEFAULT
 10
748.5435556294449
 20
316.2223322975464
 30
-5.0
  0
VERTEX
  5
7CE
  8
DEFAULT
 10
748.5577283843224
 20
316.1928063116207
 30
-5.0
  0
VERTEX
  5
7CF
  8
DEFAULT
 10
748.5878571643598
 20
316.1339776531582
 30
-5.0
  0
VERTEX
  5
7D0
  8
DEFAULT
 10
748.6203166146602
 20
316.0754544246913
 30
-5.0
  0
VERTEX
  5
7D1
  8
DEFAULT
 10
748.6550465585923
 20
316.0172455996019
 30
-5.0
  0
VERTEX
  5
7D2
  8
DEFAULT
 10
748.6919827317827
 20
315.9593597742483
 30
-5.0
  0
VERTEX
  5
7D3
  8
DEFAULT
 10
748.7310570054817
 20
315.9018050580028
 30
-5.0
  0
VERTEX
  5
7D4
  8
DEFAULT
 10
748.7721976153723
 20
315.8445889662063
 30
-5.0
  0
VERTEX
  5
7D5
  8
DEFAULT
 10
748.8153293954158
 20
315.7877183160392
 30
-5.0
  0
VERTEX
  5
7D6
  8
DEFAULT
 10
748.8603740162946
 20
315.7311991253075
 30
-5.0
  0
VERTEX
  5
7D7
  8
DEFAULT
 10
748.9072502279823
 20
315.675036514144
 30
-5.0
  0
VERTEX
  5
7D8
  8
DEFAULT
 10
748.9558741059644
 20
315.619234609623
 30
-5.0
  0
VERTEX
  5
7D9
  8
DEFAULT
 10
749.0061593006048
 20
315.5637964532831
 30
-5.0
  0
VERTEX
  5
7DA
  8
DEFAULT
 10
749.0580172891572
 20
315.5087239115498
 30
-5.0
  0
VERTEX
  5
7DB
  8
DEFAULT
 10
749.1660882180213
 20
315.3996767447426
 30
-5.0
  0
VERTEX
  5
7DC
  8
DEFAULT
 10
749.2793449433382
 20
315.2920813154404
 30
-5.0
  0
VERTEX
  5
7DD
  8
DEFAULT
 10
749.3970271402269
 20
315.1859017753209
 30
-5.0
  0
VERTEX
  5
7DE
  8
DEFAULT
 10
749.5183643492013
 20
315.0810758515777
 30
-5.0
  0
VERTEX
  5
7DF
  8
DEFAULT
 10
749.6425841793201
 20
314.9775126485658
 30
-5.0
  0
VERTEX
  5
7E0
  8
DEFAULT
 10
749.8966210785383
 20
314.7736556646673
 30
-5.0
  0
VERTEX
  5
7E1
  8
DEFAULT
 10
750.3385096702892
 20
314.4334989437554
 30
-5.0
  0
VERTEX
  5
7E2
  8
DEFAULT
 10
750.8212338593232
 20
314.0785829836651
 30
-5.0
  0
VERTEX
  5
7E3
  8
DEFAULT
 10
751.3254305657705
 20
313.7247540139369
 30
-5.0
  0
VERTEX
  5
7E4
  8
DEFAULT
 10
751.8275308412225
 20
313.3894658329236
 30
-5.0
  0
VERTEX
  5
7E5
  8
DEFAULT
 10
752.5349739485093
 20
312.9455726270915
 30
-5.0
  0
VERTEX
  5
7E6
  8
DEFAULT
 10
753.2618343692573
 20
312.5214327676908
 30
-5.0
  0
VERTEX
  5
7E7
  8
DEFAULT
 10
754.00733848652
 20
312.1181922877003
 30
-5.0
  0
VERTEX
  5
7E8
  8
DEFAULT
 10
754.7706280081463
 20
311.7369604240203
 30
-5.0
  0
VERTEX
  5
7E9
  8
DEFAULT
 10
755.0944109129589
 20
311.5852688355863
 30
-5.0
  0
VERTEX
  5
7EA
  8
DEFAULT
 10
755.2492660200272
 20
311.516334500021
 30
-5.0
  0
VERTEX
  5
7EB
  8
DEFAULT
 10
755.4005985209221
 20
311.4522476037039
 30
-5.0
  0
VERTEX
  5
7EC
  8
DEFAULT
 10
755.5489845710157
 20
311.3933007871702
 30
-5.0
  0
VERTEX
  5
7ED
  8
DEFAULT
 10
755.6948190429742
 20
311.3398521671626
 30
-5.0
  0
VERTEX
  5
7EE
  8
DEFAULT
 10
755.8383513251204
 20
311.2923085412899
 30
-5.0
  0
VERTEX
  5
7EF
  8
DEFAULT
 10
755.9092993980671
 20
311.2708878723676
 30
-5.0
  0
VERTEX
  5
7F0
  8
DEFAULT
 10
755.979713707748
 20
311.2511106191731
 30
-5.0
  0
VERTEX
  5
7F1
  8
DEFAULT
 10
756.0495962914381
 20
311.2330349668563
 30
-5.0
  0
VERTEX
  5
7F2
  8
DEFAULT
 10
756.118944553469
 20
311.2167195921837
 30
-5.0
  0
VERTEX
  5
7F3
  8
DEFAULT
 10
756.1877518059489
 20
311.202223287168
 30
-5.0
  0
VERTEX
  5
7F4
  8
DEFAULT
 10
756.256007775563
 20
311.1896045902473
 30
-5.0
  0
VERTEX
  5
7F5
  8
DEFAULT
 10
756.3236990816441
 20
311.1789214238896
 30
-5.0
  0
VERTEX
  5
7F6
  8
DEFAULT
 10
756.3908096898574
 20
311.1702307378189
 30
-5.0
  0
VERTEX
  5
7F7
  8
DEFAULT
 10
756.457321345111
 20
311.1635881573112
 30
-5.0
  0
VERTEX
  5
7F8
  8
DEFAULT
 10
756.5232139866965
 20
311.1590476362356
 30
-5.0
  0
VERTEX
  5
7F9
  8
DEFAULT
 10
756.5884661481257
 20
311.1566611146899
 30
-5.0
  0
VERTEX
  5
7FA
  8
DEFAULT
 10
756.6530553436979
 20
311.1564781812376
 30
-5.0
  0
VERTEX
  5
7FB
  8
DEFAULT
 10
756.6850941163003
 20
311.1572278314156
 30
-5.0
  0
VERTEX
  5
7FC
  8
DEFAULT
 10
756.716958443433
 20
311.1585457398677
 30
-5.0
  0
VERTEX
  5
7FD
  8
DEFAULT
 10
756.7486453929973
 20
311.1604372962994
 30
-5.0
  0
VERTEX
  5
7FE
  8
DEFAULT
 10
756.7801520376908
 20
311.162907681902
 30
-5.0
  0
VERTEX
  5
7FF
  8
DEFAULT
 10
756.8114754659075
 20
311.1659618593926
 30
-5.0
  0
VERTEX
  5
800
  8
DEFAULT
 10
756.8426127925118
 20
311.1696045631418
 30
-5.0
  0
VERTEX
  5
801
  8
DEFAULT
 10
756.8735611694891
 20
311.1738402893965
 30
-5.0
  0
VERTEX
  5
802
  8
DEFAULT
 10
756.9043177964775
 20
311.1786732865982
 30
-5.0
  0
VERTEX
  5
803
  8
DEFAULT
 10
756.9348799311857
 20
311.1841075458005
 30
-5.0
  0
VERTEX
  5
804
  8
DEFAULT
 10
756.965244899693
 20
311.1901467911893
 30
-5.0
  0
VERTEX
  5
805
  8
DEFAULT
 10
756.9954101066421
 20
311.1967944707088
 30
-5.0
  0
VERTEX
  5
806
  8
DEFAULT
 10
757.0253730453203
 20
311.2040537467952
 30
-5.0
  0
VERTEX
  5
807
  8
DEFAULT
 10
757.0551313076301
 20
311.2119274872236
 30
-5.0
  0
VERTEX
  5
808
  8
DEFAULT
 10
757.0846825939561
 20
311.2204182560675
 30
-5.0
  0
VERTEX
  5
809
  8
DEFAULT
 10
757.1140247229202
 20
311.229528304777
 30
-5.0
  0
VERTEX
  5
80A
  8
DEFAULT
 10
757.1431556410317
 20
311.2392595633751
 30
-5.0
  0
VERTEX
  5
80B
  8
DEFAULT
 10
757.17207343223
 20
311.2496136317776
 30
-5.0
  0
VERTEX
  5
80C
  8
DEFAULT
 10
757.200776327319
 20
311.2605917712364
 30
-5.0
  0
VERTEX
  5
80D
  8
DEFAULT
 10
757.2292627132939
 20
311.2721948959091
 30
-5.0
  0
VERTEX
  5
80E
  8
DEFAULT
 10
757.2575311425602
 20
311.2844235645573
 30
-5.0
  0
VERTEX
  5
80F
  8
DEFAULT
 10
757.2855803420422
 20
311.2972779723733
 30
-5.0
  0
VERTEX
  5
810
  8
DEFAULT
 10
757.3134092221819
 20
311.3107579429383
 30
-5.0
  0
VERTEX
  5
811
  8
DEFAULT
 10
757.3410168858287
 20
311.3248629203129
 30
-5.0
  0
VERTEX
  5
812
  8
DEFAULT
 10
757.3684026370155
 20
311.3395919612589
 30
-5.0
  0
VERTEX
  5
813
  8
DEFAULT
 10
757.395565989622
 20
311.3549437275948
 30
-5.0
  0
VERTEX
  5
814
  8
DEFAULT
 10
757.4225066759274
 20
311.3709164786844
 30
-5.0
  0
VERTEX
  5
815
  8
DEFAULT
 10
757.4492246550471
 20
311.3875080640582
 30
-5.0
  0
VERTEX
  5
816
  8
DEFAULT
 10
757.4757201212525
 20
311.4047159161666
 30
-5.0
  0
VERTEX
  5
817
  8
DEFAULT
 10
757.5019935121791
 20
311.4225370432655
 30
-5.0
  0
VERTEX
  5
818
  8
DEFAULT
 10
757.5280455169159
 20
311.4409680224325
 30
-5.0
  0
VERTEX
  5
819
  8
DEFAULT
 10
757.5538770839762
 20
311.4600049927101
 30
-5.0
  0
VERTEX
  5
81A
  8
DEFAULT
 10
757.5794894291549
 20
311.4796436483792
 30
-5.0
  0
VERTEX
  5
81B
  8
DEFAULT
 10
757.6048840432644
 20
311.4998792323556
 30
-5.0
  0
VERTEX
  5
81C
  8
DEFAULT
 10
757.6300626997541
 20
311.5207065297091
 30
-5.0
  0
VERTEX
  5
81D
  8
DEFAULT
 10
757.679780691747
 20
311.564113077556
 30
-5.0
  0
VERTEX
  5
81E
  8
DEFAULT
 10
757.7286635275586
 20
311.6098121767744
 30
-5.0
  0
VERTEX
  5
81F
  8
DEFAULT
 10
757.7767363196018
 20
311.6577449914803
 30
-5.0
  0
VERTEX
  5
820
  8
DEFAULT
 10
757.8240293933801
 20
311.7078447773576
 30
-5.0
  0
VERTEX
  5
821
  8
DEFAULT
 10
757.8705785031864
 20
311.76003670017
 30
-5.0
  0
VERTEX
  5
822
  8
DEFAULT
 10
757.9164250405275
 20
311.8142376598515
 30
-5.0
  0
VERTEX
  5
823
  8
DEFAULT
 10
757.9616162354439
 20
311.8703561194897
 30
-5.0
  0
VERTEX
  5
824
  8
DEFAULT
 10
758.0062053509288
 20
311.9282919384574
 30
-5.0
  0
VERTEX
  5
825
  8
DEFAULT
 10
758.050251870692
 20
311.9879362089124
 30
-5.0
  0
VERTEX
  5
826
  8
DEFAULT
 10
758.1369872436264
 20
312.1118696728128
 30
-5.0
  0
VERTEX
  5
827
  8
DEFAULT
 10
758.567378105888
 20
312.784617855248
 30
-5.0
  0
VERTEX
  5
828
  8
DEFAULT
 10
758.67165091622
 20
312.9368509079868
 30
-5.0
  0
VERTEX
  5
829
  8
DEFAULT
 10
758.7815866099152
 20
313.0874463135405
 30
-5.0
  0
VERTEX
  5
82A
  8
DEFAULT
 10
758.8970107226986
 20
313.2360193896747
 30
-5.0
  0
VERTEX
  5
82B
  8
DEFAULT
 10
759.0177191661854
 20
313.3821877699637
 30
-5.0
  0
VERTEX
  5
82C
  8
DEFAULT
 10
759.1434792092848
 20
313.5255745150286
 30
-5.0
  0
VERTEX
  5
82D
  8
DEFAULT
 10
759.2740308277693
 20
313.6658112333421
 30
-5.0
  0
VERTEX
  5
82E
  8
DEFAULT
 10
759.4090884085617
 20
313.8025411592252
 30
-5.0
  0
VERTEX
  5
82F
  8
DEFAULT
 10
759.5483427869746
 20
313.9354221352688
 30
-5.0
  0
VERTEX
  5
830
  8
DEFAULT
 10
759.6914635872305
 20
314.0641294475537
 30
-5.0
  0
VERTEX
  5
831
  8
DEFAULT
 10
759.8381018293968
 20
314.1883584646782
 30
-5.0
  0
VERTEX
  5
832
  8
DEFAULT
 10
759.98789275967
 20
314.3078270356922
 30
-5.0
  0
VERTEX
  5
833
  8
DEFAULT
 10
760.1404588559448
 20
314.4222776074168
 30
-5.0
  0
VERTEX
  5
834
  8
DEFAULT
 10
760.2954129570134
 20
314.5314790281368
 30
-5.0
  0
VERTEX
  5
835
  8
DEFAULT
 10
760.4523614616504
 20
314.6352280120167
 30
-5.0
  0
VERTEX
  5
836
  8
DEFAULT
 10
760.6109075433088
 20
314.7333502465656
 30
-5.0
  0
VERTEX
  5
837
  8
DEFAULT
 10
760.7706543271829
 20
314.8257011337436
 30
-5.0
  0
VERTEX
  5
838
  8
DEFAULT
 10
760.9163258101387
 20
314.9045402798351
 30
-5.0
  0
VERTEX
  5
839
  8
DEFAULT
 10
761.06479132395
 20
314.9799526443343
 30
-5.0
  0
VERTEX
  5
83A
  8
DEFAULT
 10
761.2159349287143
 20
315.0518038698066
 30
-5.0
  0
VERTEX
  5
83B
  8
DEFAULT
 10
761.3696325713639
 20
315.1199645767969
 30
-5.0
  0
VERTEX
  5
83C
  8
DEFAULT
 10
761.5257523358688
 20
315.1843109523534
 30
-5.0
  0
VERTEX
  5
83D
  8
DEFAULT
 10
761.6841547432662
 20
315.2447253249262
 30
-5.0
  0
VERTEX
  5
83E
  8
DEFAULT
 10
761.844693100812
 20
315.3010967208143
 30
-5.0
  0
VERTEX
  5
83F
  8
DEFAULT
 10
762.007213899015
 20
315.3533213973566
 30
-5.0
  0
VERTEX
  5
840
  8
DEFAULT
 10
762.1715572548014
 20
315.4013033481425
 30
-5.0
  0
VERTEX
  5
841
  8
DEFAULT
 10
762.3375573985123
 20
315.4449547756735
 30
-5.0
  0
VERTEX
  5
842
  8
DEFAULT
 10
762.5050432019405
 20
315.4841965271109
 30
-5.0
  0
VERTEX
  5
843
  8
DEFAULT
 10
762.6738387441133
 20
315.5189584890342
 30
-5.0
  0
VERTEX
  5
844
  8
DEFAULT
 10
762.8437639110812
 20
315.5491799374618
 30
-5.0
  0
VERTEX
  5
845
  8
DEFAULT
 10
763.0146350255428
 20
315.5748098397918
 30
-5.0
  0
VERTEX
  5
846
  8
DEFAULT
 10
763.1862655017779
 20
315.5958071057599
 30
-5.0
  0
VERTEX
  5
847
  8
DEFAULT
 10
763.3584665210354
 20
315.6121407850108
 30
-5.0
  0
VERTEX
  5
848
  8
DEFAULT
 10
763.5310477222782
 20
315.6237902094047
 30
-5.0
  0
VERTEX
  5
849
  8
DEFAULT
 10
763.7038179029901
 20
315.6307450787431
 30
-5.0
  0
VERTEX
  5
84A
  8
DEFAULT
 10
763.8765857246337
 20
315.6330054891778
 30
-5.0
  0
VERTEX
  5
84B
  8
DEFAULT
 10
764.0491604173028
 20
315.6305819041569
 30
-5.0
  0
VERTEX
  5
84C
  8
DEFAULT
 10
764.2213524781317
 20
315.623495068354
 30
-5.0
  0
VERTEX
  5
84D
  8
DEFAULT
 10
764.3929743581265
 20
315.6117758656089
 30
-5.0
  0
VERTEX
  5
84E
  8
DEFAULT
 10
764.5638411322403
 20
315.5954651224738
 30
-5.0
  0
VERTEX
  5
84F
  8
DEFAULT
 10
764.7337711477558
 20
315.5746133594953
 30
-5.0
  0
VERTEX
  5
850
  8
DEFAULT
 10
764.9025866463234
 20
315.5492804928625
 30
-5.0
  0
VERTEX
  5
851
  8
DEFAULT
 10
765.0701143553551
 20
315.5195354895129
 30
-5.0
  0
VERTEX
  5
852
  8
DEFAULT
 10
765.2361860448725
 20
315.4854559791927
 30
-5.0
  0
VERTEX
  5
853
  8
DEFAULT
 10
765.4006390463362
 20
315.4471278273218
 30
-5.0
  0
VERTEX
  5
854
  8
DEFAULT
 10
765.5633167304729
 20
315.4046446728087
 30
-5.0
  0
VERTEX
  5
855
  8
DEFAULT
 10
765.7240689415868
 20
315.3581074351907
 30
-5.0
  0
VERTEX
  5
856
  8
DEFAULT
 10
765.882752386371
 20
315.3076237956424
 30
-5.0
  0
VERTEX
  5
857
  8
DEFAULT
 10
766.0392309757435
 20
315.2533076565028
 30
-5.0
  0
VERTEX
  5
858
  8
DEFAULT
 10
766.180017954807
 20
315.2004882908813
 30
-5.0
  0
VERTEX
  5
859
  8
DEFAULT
 10
766.320483017554
 20
315.1439570274548
 30
-5.0
  0
VERTEX
  5
85A
  8
DEFAULT
 10
766.4604893295738
 20
315.0836898233906
 30
-5.0
  0
VERTEX
  5
85B
  8
DEFAULT
 10
766.5998972163717
 20
315.0196689560875
 30
-5.0
  0
VERTEX
  5
85C
  8
DEFAULT
 10
766.7385645060197
 20
314.9518832883394
 30
-5.0
  0
VERTEX
  5
85D
  8
DEFAULT
 10
766.8763468969952
 20
314.8803285127937
 30
-5.0
  0
VERTEX
  5
85E
  8
DEFAULT
 10
767.0130983498843
 20
314.8050073731501
 30
-5.0
  0
VERTEX
  5
85F
  8
DEFAULT
 10
767.14867150136
 20
314.7259298596342
 30
-5.0
  0
VERTEX
  5
860
  8
DEFAULT
 10
767.282918098566
 20
314.6431133763811
 30
-5.0
  0
VERTEX
  5
861
  8
DEFAULT
 10
767.4156894517654
 20
314.5565828785171
 30
-5.0
  0
VERTEX
  5
862
  8
DEFAULT
 10
767.5468369028571
 20
314.4663709769023
 30
-5.0
  0
VERTEX
  5
863
  8
DEFAULT
 10
767.6762123071304
 20
314.3725180087076
 30
-5.0
  0
VERTEX
  5
864
  8
DEFAULT
 10
767.8036685253904
 20
314.2750720722399
 30
-5.0
  0
VERTEX
  5
865
  8
DEFAULT
 10
767.9290599234093
 20
314.1740890247022
 30
-5.0
  0
VERTEX
  5
866
  8
DEFAULT
 10
768.0522428754716
 20
314.0696324418628
 30
-5.0
  0
VERTEX
  5
867
  8
DEFAULT
 10
768.1730762686595
 20
313.9617735389374
 30
-5.0
  0
VERTEX
  5
868
  8
DEFAULT
 10
768.2914220044162
 20
313.8505910523121
 30
-5.0
  0
VERTEX
  5
869
  8
DEFAULT
 10
768.4071454938588
 20
313.7361710820998
 30
-5.0
  0
VERTEX
  5
86A
  8
DEFAULT
 10
768.520116143298
 20
313.6186068958711
 30
-5.0
  0
VERTEX
  5
86B
  8
DEFAULT
 10
768.6302078264307
 20
313.4979986942772
 30
-5.0
  0
VERTEX
  5
86C
  8
DEFAULT
 10
768.7372993397373
 20
313.3744533396418
 30
-5.0
  0
VERTEX
  5
86D
  8
DEFAULT
 10
768.8412748377214
 20
313.2480840489604
 30
-5.0
  0
VERTEX
  5
86E
  8
DEFAULT
 10
768.9420242447612
 20
313.1190100530908
 30
-5.0
  0
VERTEX
  5
86F
  8
DEFAULT
 10
769.0394436405497
 20
312.9873562242555
 30
-5.0
  0
VERTEX
  5
870
  8
DEFAULT
 10
769.1334356162959
 20
312.8532526742757
 30
-5.0
  0
VERTEX
  5
871
  8
DEFAULT
 10
769.2239095991421
 20
312.7168343262486
 30
-5.0
  0
VERTEX
  5
872
  8
DEFAULT
 10
769.3107821425258
 20
312.5782404626239
 30
-5.0
  0
VERTEX
  5
873
  8
DEFAULT
 10
769.3939771805364
 20
312.4376142528533
 30
-5.0
  0
VERTEX
  5
874
  8
DEFAULT
 10
769.4734262446555
 20
312.2951022639655
 30
-5.0
  0
VERTEX
  5
875
  8
DEFAULT
 10
769.5490686416283
 20
312.1508539575542
 30
-5.0
  0
VERTEX
  5
876
  8
DEFAULT
 10
769.6208515915713
 20
312.0050211767627
 30
-5.0
  0
VERTEX
  5
877
  8
DEFAULT
 10
769.6887303258104
 20
311.8577576269001
 30
-5.0
  0
VERTEX
  5
878
  8
DEFAULT
 10
770.0122021662393
 20
311.0987699108007
 30
-5.0
  0
VERTEX
  5
879
  8
DEFAULT
 10
770.0772226188423
 20
310.9627488268895
 30
-5.0
  0
VERTEX
  5
87A
  8
DEFAULT
 10
770.110684103079
 20
310.8972467255075
 30
-5.0
  0
VERTEX
  5
87B
  8
DEFAULT
 10
770.1449152448972
 20
310.8335078169024
 30
-5.0
  0
VERTEX
  5
87C
  8
DEFAULT
 10
770.1800063220711
 20
310.7715952955298
 30
-5.0
  0
VERTEX
  5
87D
  8
DEFAULT
 10
770.2160391009742
 20
310.7115683679114
 30
-5.0
  0
VERTEX
  5
87E
  8
DEFAULT
 10
770.2530872496696
 20
310.6534822387089
 30
-5.0
  0
VERTEX
  5
87F
  8
DEFAULT
 10
770.2912167139027
 20
310.5973880901656
 30
-5.0
  0
VERTEX
  5
880
  8
DEFAULT
 10
770.3304860614226
 20
310.5433330567879
 30
-5.0
  0
VERTEX
  5
881
  8
DEFAULT
 10
770.3709467993966
 20
310.4913601969639
 30
-5.0
  0
VERTEX
  5
882
  8
DEFAULT
 10
770.3916381780905
 20
310.4661669159669
 30
-5.0
  0
VERTEX
  5
883
  8
DEFAULT
 10
770.4126436690908
 20
310.4415084630616
 30
-5.0
  0
VERTEX
  5
884
  8
DEFAULT
 10
770.4339678530926
 20
310.417389060798
 30
-5.0
  0
VERTEX
  5
885
  8
DEFAULT
 10
770.4556149214845
 20
310.3938126714003
 30
-5.0
  0
VERTEX
  5
886
  8
DEFAULT
 10
770.4775886841405
 20
310.3707829959085
 30
-5.0
  0
VERTEX
  5
887
  8
DEFAULT
 10
770.4998925770292
 20
310.3483034733655
 30
-5.0
  0
VERTEX
  5
888
  8
DEFAULT
 10
770.5225296696586
 20
310.3263772800568
 30
-5.0
  0
VERTEX
  5
889
  8
DEFAULT
 10
770.5455026723729
 20
310.3050073288081
 30
-5.0
  0
VERTEX
  5
88A
  8
DEFAULT
 10
770.5688139435214
 20
310.2841962683519
 30
-5.0
  0
VERTEX
  5
88B
  8
DEFAULT
 10
770.592465496509
 20
310.2639464827653
 30
-5.0
  0
VERTEX
  5
88C
  8
DEFAULT
 10
770.6164590067442
 20
310.2442600909879
 30
-5.0
  0
VERTEX
  5
88D
  8
DEFAULT
 10
770.6407958185022
 20
310.2251389464257
 30
-5.0
  0
VERTEX
  5
88E
  8
DEFAULT
 10
770.6654769517082
 20
310.2065846366462
 30
-5.0
  0
VERTEX
  5
88F
  8
DEFAULT
 10
770.6905031086568
 20
310.1885984831675
 30
-5.0
  0
VERTEX
  5
890
  8
DEFAULT
 10
770.7158746806756
 20
310.1711815413515
 30
-5.0
  0
VERTEX
  5
891
  8
DEFAULT
 10
770.7415917547437
 20
310.1543346003991
 30
-5.0
  0
VERTEX
  5
892
  8
DEFAULT
 10
770.7676541200747
 20
310.1380581834573
 30
-5.0
  0
VERTEX
  5
893
  8
DEFAULT
 10
770.79406127467
 20
310.1223525478388
 30
-5.0
  0
VERTEX
  5
894
  8
DEFAULT
 10
770.8208124318514
 20
310.107217685358
 30
-5.0
  0
VERTEX
  5
895
  8
DEFAULT
 10
770.8479065267799
 20
310.0926533227868
 30
-5.0
  0
VERTEX
  5
896
  8
DEFAULT
 10
770.8753422229656
 20
310.078658922434
 30
-5.0
  0
VERTEX
  5
897
  8
DEFAULT
 10
770.9031179187759
 20
310.0652336828486
 30
-5.0
  0
VERTEX
  5
898
  8
DEFAULT
 10
770.9312317539457
 20
310.0523765396517
 30
-5.0
  0
VERTEX
  5
899
  8
DEFAULT
 10
770.9596816160937
 20
310.0400861664966
 30
-5.0
  0
VERTEX
  5
89A
  8
DEFAULT
 10
770.9884651472512
 20
310.0283609761608
 30
-5.0
  0
VERTEX
  5
89B
  8
DEFAULT
 10
771.0175797504032
 20
310.017199121769
 30
-5.0
  0
VERTEX
  5
89C
  8
DEFAULT
 10
771.0470225960484
 20
310.006598498151
 30
-5.0
  0
VERTEX
  5
89D
  8
DEFAULT
 10
771.0767906287768
 20
309.9965567433316
 30
-5.0
  0
VERTEX
  5
89E
  8
DEFAULT
 10
771.1068805738718
 20
309.9870712401571
 30
-5.0
  0
VERTEX
  5
89F
  8
DEFAULT
 10
771.1372889439328
 20
309.978139118055
 30
-5.0
  0
VERTEX
  5
8A0
  8
DEFAULT
 10
771.1680120455269
 20
309.969757254929
 30
-5.0
  0
VERTEX
  5
8A1
  8
DEFAULT
 10
771.1990459858611
 20
309.9619222791881
 30
-5.0
  0
VERTEX
  5
8A2
  8
DEFAULT
 10
771.230386679486
 20
309.9546305719107
 30
-5.0
  0
VERTEX
  5
8A3
  8
DEFAULT
 10
771.2620298550232
 20
309.9478782691398
 30
-5.0
  0
VERTEX
  5
8A4
  8
DEFAULT
 10
771.2939710619219
 20
309.9416612643124
 30
-5.0
  0
VERTEX
  5
8A5
  8
DEFAULT
 10
771.3262056772397
 20
309.9359752108188
 30
-5.0
  0
VERTEX
  5
8A6
  8
DEFAULT
 10
771.3915358202892
 20
309.9261773874213
 30
-5.0
  0
VERTEX
  5
8A7
  8
DEFAULT
 10
771.4579801121776
 20
309.9184453304964
 30
-5.0
  0
VERTEX
  5
8A8
  8
DEFAULT
 10
771.5254960609677
 20
309.9127359160707
 30
-5.0
  0
VERTEX
  5
8A9
  8
DEFAULT
 10
771.5940390760127
 20
309.9090024685626
 30
-5.0
  0
VERTEX
  5
8AA
  8
DEFAULT
 10
771.6635626903822
 20
309.907194872175
 30
-5.0
  0
VERTEX
  5
8AB
  8
DEFAULT
 10
771.7340187842424
 20
309.9072596894134
 30
-5.0
  0
VERTEX
  5
8AC
  8
DEFAULT
 10
771.8053578089061
 20
309.9091402863456
 30
-5.0
  0
VERTEX
  5
8AD
  8
DEFAULT
 10
771.8775290112644
 20
309.9127769641884
 30
-5.0
  0
VERTEX
  5
8AE
  8
DEFAULT
 10
771.9504806582694
 20
309.9181070967801
 30
-5.0
  0
VERTEX
  5
8AF
  8
DEFAULT
 10
772.024160261149
 20
309.9250652734844
 30
-5.0
  0
VERTEX
  5
8B0
  8
DEFAULT
 10
772.0985147990158
 20
309.9335834470493
 30
-5.0
  0
VERTEX
  5
8B1
  8
DEFAULT
 10
772.1734909415305
 20
309.943591085943
 30
-5.0
  0
VERTEX
  5
8B2
  8
DEFAULT
 10
772.3250944986435
 20
309.9677811536469
 30
-5.0
  0
VERTEX
  5
8B3
  8
DEFAULT
 10
772.4785464712282
 20
309.9970275628995
 30
-5.0
  0
VERTEX
  5
8B4
  8
DEFAULT
 10
772.6334314230683
 20
310.0306929790786
 30
-5.0
  0
VERTEX
  5
8B5
  8
DEFAULT
 10
772.7893497178222
 20
310.0681160267023
 30
-5.0
  0
VERTEX
  5
8B6
  8
DEFAULT
 10
772.9459241050863
 20
310.1086167503855
 30
-5.0
  0
VERTEX
  5
8B7
  8
DEFAULT
 10
773.2596820875989
 20
310.1960714613166
 30
-5.0
  0
VERTEX
  5
8B8
  8
DEFAULT
 10
774.0621717739532
 20
310.442492239472
 30
-5.0
  0
VERTEX
  5
8B9
  8
DEFAULT
 10
774.9182405232496
 20
310.7368489346006
 30
-5.0
  0
VERTEX
  5
8BA
  8
DEFAULT
 10
775.7879201337308
 20
311.0685811647868
 30
-5.0
  0
VERTEX
  5
8BB
  8
DEFAULT
 10
776.2135952513187
 20
311.2437035087071
 30
-5.0
  0
VERTEX
  5
8BC
  8
DEFAULT
 10
776.6254630565513
 20
311.4219902289812
 30
-5.0
  0
VERTEX
  5
8BD
  8
DEFAULT
 10
776.6757070717366
 20
311.4448651972749
 30
-5.0
  0
VERTEX
  5
8BE
  8
DEFAULT
 10
776.7256614655005
 20
311.4687292259482
 30
-5.0
  0
VERTEX
  5
8BF
  8
DEFAULT
 10
776.7752976740929
 20
311.4935779471682
 30
-5.0
  0
VERTEX
  5
8C0
  8
DEFAULT
 10
776.8245871639274
 20
311.5194059119867
 30
-5.0
  0
VERTEX
  5
8C1
  8
DEFAULT
 10
776.873501482048
 20
311.5462065859567
 30
-5.0
  0
VERTEX
  5
8C2
  8
DEFAULT
 10
776.92201230714
 20
311.5739723475451
 30
-5.0
  0
VERTEX
  5
8C3
  8
DEFAULT
 10
776.9700915009049
 20
311.6026944893981
 30
-5.0
  0
VERTEX
  5
8C4
  8
DEFAULT
 10
777.0177111596133
 20
311.632363222496
 30
-5.0
  0
VERTEX
  5
8C5
  8
DEFAULT
 10
777.0648436656498
 20
311.6629676832262
 30
-5.0
  0
VERTEX
  5
8C6
  8
DEFAULT
 10
777.1114617388582
 20
311.694495943387
 30
-5.0
  0
VERTEX
  5
8C7
  8
DEFAULT
 10
777.1575384874864
 20
311.7269350231173
 30
-5.0
  0
VERTEX
  5
8C8
  8
DEFAULT
 10
777.2030474585487
 20
311.7602709067392
 30
-5.0
  0
VERTEX
  5
8C9
  8
DEFAULT
 10
777.2479626874035
 20
311.7944885614808
 30
-5.0
  0
VERTEX
  5
8CA
  8
DEFAULT
 10
777.2922587463564
 20
311.8295719590324
 30
-5.0
  0
VERTEX
  5
8CB
  8
DEFAULT
 10
777.3359107921015
 20
311.8655040998769
 30
-5.0
  0
VERTEX
  5
8CC
  8
DEFAULT
 10
777.3788946118192
 20
311.9022670403209
 30
-5.0
  0
VERTEX
  5
8CD
  8
DEFAULT
 10
777.4211866677455
 20
311.9398419221339
 30
-5.0
  0
VERTEX
  5
8CE
  8
DEFAULT
 10
777.46276414005
 20
311.9782090046996
 30
-5.0
  0
VERTEX
  5
8CF
  8
DEFAULT
 10
777.5036049678505
 20
312.0173476995593
 30
-5.0
  0
VERTEX
  5
8D0
  8
DEFAULT
 10
777.5436878882158
 20
312.0572366072234
 30
-5.0
  0
VERTEX
  5
8D1
  8
DEFAULT
 10
777.5829924730089
 20
312.0978535561118
 30
-5.0
  0
VERTEX
  5
8D2
  8
DEFAULT
 10
777.6214991634362
 20
312.1391756434759
 30
-5.0
  0
VERTEX
  5
8D3
  8
DEFAULT
 10
777.6591893021846
 20
312.1811792781423
 30
-5.0
  0
VERTEX
  5
8D4
  8
DEFAULT
 10
777.6960451630314
 20
312.2238402249135
 30
-5.0
  0
VERTEX
  5
8D5
  8
DEFAULT
 10
777.7320499778349
 20
312.2671336504508
 30
-5.0
  0
VERTEX
  5
8D6
  8
DEFAULT
 10
777.7671879608198
 20
312.3110341704599
 30
-5.0
  0
VERTEX
  5
8D7
  8
DEFAULT
 10
777.8014443300907
 20
312.3555158979945
 30
-5.0
  0
VERTEX
  5
8D8
  8
DEFAULT
 10
777.8348053263173
 20
312.4005524926886
 30
-5.0
  0
VERTEX
  5
8D9
  8
DEFAULT
 10
777.8672582285528
 20
312.446117210728
 30
-5.0
  0
VERTEX
  5
8DA
  8
DEFAULT
 10
777.8987913671592
 20
312.4921829553666
 30
-5.0
  0
VERTEX
  5
8DB
  8
DEFAULT
 10
777.9293941338274
 20
312.5387223277961
 30
-5.0
  0
VERTEX
  5
8DC
  8
DEFAULT
 10
777.9590569886986
 20
312.5857076781789
 30
-5.0
  0
VERTEX
  5
8DD
  8
DEFAULT
 10
777.9877714646007
 20
312.6331111566536
 30
-5.0
  0
VERTEX
  5
8DE
  8
DEFAULT
 10
778.0155301684327
 20
312.6809047641278
 30
-5.0
  0
VERTEX
  5
8DF
  8
DEFAULT
 10
778.0423267797431
 20
312.7290604026797
 30
-5.0
  0
VERTEX
  5
8E0
  8
DEFAULT
 10
778.0681560465558
 20
312.7775499253901
 30
-5.0
  0
VERTEX
  5
8E1
  8
DEFAULT
 10
778.0930137785139
 20
312.826345185438
 30
-5.0
  0
VERTEX
  5
8E2
  8
DEFAULT
 10
778.1168968374234
 20
312.8754180842991
 30
-5.0
  0
VERTEX
  5
8E3
  8
DEFAULT
 10
778.1398031252849
 20
312.924740618891
 30
-5.0
  0
VERTEX
  5
8E4
  8
DEFAULT
 10
778.161731569916
 20
312.974284927526
 30
-5.0
  0
VERTEX
  5
8E5
  8
DEFAULT
 10
778.1826821082706
 20
313.0240233345311
 30
-5.0
  0
VERTEX
  5
8E6
  8
DEFAULT
 10
778.2026556675767
 20
313.0739283934161
 30
-5.0
  0
VERTEX
  5
8E7
  8
DEFAULT
 10
778.2216541444097
 20
313.1239729284709
 30
-5.0
  0
VERTEX
  5
8E8
  8
DEFAULT
 10
778.2396803818375
 20
313.1741300746927
 30
-5.0
  0
VERTEX
  5
8E9
  8
DEFAULT
 10
778.2567381447691
 20
313.2243733159481
 30
-5.0
  0
VERTEX
  5
8EA
  8
DEFAULT
 10
778.272832093643
 20
313.2746765212912
 30
-5.0
  0
VERTEX
  5
8EB
  8
DEFAULT
 10
778.2879677566011
 20
313.3250139793658
 30
-5.0
  0
VERTEX
  5
8EC
  8
DEFAULT
 10
778.3021515002873
 20
313.3753604308354
 30
-5.0
  0
VERTEX
  5
8ED
  8
DEFAULT
 10
778.3276927052739
 20
313.4759817171088
 30
-5.0
  0
VERTEX
  5
8EE
  8
DEFAULT
 10
778.3495222295363
 20
313.5763484497375
 30
-5.0
  0
VERTEX
  5
8EF
  8
DEFAULT
 10
778.3677179624069
 20
313.6762776610815
 30
-5.0
  0
VERTEX
  5
8F0
  8
DEFAULT
 10
778.3823680703603
 20
313.7755960189789
 30
-5.0
  0
VERTEX
  5
8F1
  8
DEFAULT
 10
778.3935698808267
 20
313.8741403664183
 30
-5.0
  0
VERTEX
  5
8F2
  8
DEFAULT
 10
778.4014287573253
 20
313.9717581314088
 30
-5.0
  0
VERTEX
  5
8F3
  8
DEFAULT
 10
778.4060569808647
 20
314.0683076122161
 30
-5.0
  0
VERTEX
  5
8F4
  8
DEFAULT
 10
778.4075726510828
 20
314.1636581447335
 30
-5.0
  0
VERTEX
  5
8F5
  8
DEFAULT
 10
778.4075726510828
 20
321.7227883501231
 30
-5.0
  0
VERTEX
  5
8F6
  8
DEFAULT
 10
778.240952573233
 20
322.7086677630118
 30
-5.0
 42
0.0363446761204423
  0
VERTEX
  5
8F7
  8
DEFAULT
 10
779.9095404470735
 20
324.582575949186
 30
-5.0
 42
-0.232836683375229
  0
VERTEX
  5
8F8
  8
DEFAULT
 10
782.2873077850157
 20
325.753307656503
 30
-5.0
  0
VERTEX
  5
8F9
  8
DEFAULT
 10
787.72297325121
 20
325.753307656503
 30
-5.0
 42
0.4142135623729712
  0
VERTEX
  5
8FA
  8
DEFAULT
 10
790.2229732512099
 20
328.253307656503
 30
-5.0
  0
VERTEX
  5
8FB
  8
DEFAULT
 10
790.2229732512101
 20
329.253307656503
 30
-5.0
 42
0.414213562372903
  0
VERTEX
  5
8FC
  8
DEFAULT
 10
787.7229732512099
 20
331.7533076565033
 30
-5.0
  0
VERTEX
  5
8FD
  8
DEFAULT
 10
779.0007123725605
 20
331.7533076565032
 30
-5.0
 42
0.2837581018639872
  0
VERTEX
  5
8FE
  8
DEFAULT
 10
776.3190265663226
 20
330.09813524271
 30
-5.0
 42
-4.224843291817455
  0
VERTEX
  5
8FF
  8
DEFAULT
 10
776.3190265663221
 20
340.3994328233233
 30
-5.0
 42
0.2837581018640113
  0
VERTEX
  5
900
  8
DEFAULT
 10
779.0007123725605
 20
338.7442604095302
 30
-5.0
  0
VERTEX
  5
901
  8
DEFAULT
 10
787.72297325121
 20
338.7442604095303
 30
-5.0
 42
0.4142135623729416
  0
VERTEX
  5
902
  8
DEFAULT
 10
790.22297325121
 20
341.2442604095305
 30
-5.0
  0
VERTEX
  5
903
  8
DEFAULT
 10
790.2229732512101
 20
342.2442604095305
 30
-5.0
 42
0.4142135623729846
  0
VERTEX
  5
904
  8
DEFAULT
 10
787.7229732512101
 20
344.7442604095305
 30
-5.0
  0
VERTEX
  5
905
  8
DEFAULT
 10
782.2873077850157
 20
344.7442604095305
 30
-5.0
 42
-0.2328366833752261
  0
VERTEX
  5
906
  8
DEFAULT
 10
779.9095404470735
 20
345.9149921168475
 30
-5.0
 42
0.0363446761204736
  0
VERTEX
  5
907
  8
DEFAULT
 10
778.240952573233
 20
347.7889003030217
 30
-5.0
  0
VERTEX
  5
908
  8
DEFAULT
 10
778.4075726510828
 20
348.7747797159104
 30
-5.0
  0
VERTEX
  5
909
  8
DEFAULT
 10
778.4075726510828
 20
356.3339099213
 30
-5.0
  0
VERTEX
  5
90A
  8
DEFAULT
 10
778.4060569808647
 20
356.4292604538175
 30
-5.0
  0
VERTEX
  5
90B
  8
DEFAULT
 10
778.4014287573253
 20
356.5258099346246
 30
-5.0
  0
VERTEX
  5
90C
  8
DEFAULT
 10
778.3935698808267
 20
356.6234276996153
 30
-5.0
  0
VERTEX
  5
90D
  8
DEFAULT
 10
778.3823680703603
 20
356.7219720470547
 30
-5.0
  0
VERTEX
  5
90E
  8
DEFAULT
 10
778.3677179624069
 20
356.821290404952
 30
-5.0
  0
VERTEX
  5
90F
  8
DEFAULT
 10
778.3495222295363
 20
356.9212196162961
 30
-5.0
  0
VERTEX
  5
910
  8
DEFAULT
 10
778.3276927052739
 20
357.0215863489247
 30
-5.0
  0
VERTEX
  5
911
  8
DEFAULT
 10
778.3021515002873
 20
357.1222076351982
 30
-5.0
  0
VERTEX
  5
912
  8
DEFAULT
 10
778.2879677566011
 20
357.1725540866677
 30
-5.0
  0
VERTEX
  5
913
  8
DEFAULT
 10
778.272832093643
 20
357.2228915447423
 30
-5.0
  0
VERTEX
  5
914
  8
DEFAULT
 10
778.2567381447691
 20
357.2731947500854
 30
-5.0
  0
VERTEX
  5
915
  8
DEFAULT
 10
778.2396803818375
 20
357.3234379913408
 30
-5.0
  0
VERTEX
  5
916
  8
DEFAULT
 10
778.2216541444097
 20
357.3735951375626
 30
-5.0
  0
VERTEX
  5
917
  8
DEFAULT
 10
778.2026556675767
 20
357.4236396726173
 30
-5.0
  0
VERTEX
  5
918
  8
DEFAULT
 10
778.1826821082706
 20
357.4735447315023
 30
-5.0
  0
VERTEX
  5
919
  8
DEFAULT
 10
778.161731569916
 20
357.5232831385076
 30
-5.0
  0
VERTEX
  5
91A
  8
DEFAULT
 10
778.1398031252849
 20
357.5728274471426
 30
-5.0
  0
VERTEX
  5
91B
  8
DEFAULT
 10
778.1168968374234
 20
357.6221499817346
 30
-5.0
  0
VERTEX
  5
91C
  8
DEFAULT
 10
778.0930137785139
 20
357.6712228805955
 30
-5.0
  0
VERTEX
  5
91D
  8
DEFAULT
 10
778.0681560465558
 20
357.7200181406435
 30
-5.0
  0
VERTEX
  5
91E
  8
DEFAULT
 10
778.0423267797431
 20
357.7685076633539
 30
-5.0
  0
VERTEX
  5
91F
  8
DEFAULT
 10
778.0155301684327
 20
357.8166633019058
 30
-5.0
  0
VERTEX
  5
920
  8
DEFAULT
 10
777.9877714646007
 20
357.86445690938
 30
-5.0
  0
VERTEX
  5
921
  8
DEFAULT
 10
777.9590569886986
 20
357.9118603878546
 30
-5.0
  0
VERTEX
  5
922
  8
DEFAULT
 10
777.9293941338274
 20
357.9588457382375
 30
-5.0
  0
VERTEX
  5
923
  8
DEFAULT
 10
777.8987913671592
 20
358.0053851106669
 30
-5.0
  0
VERTEX
  5
924
  8
DEFAULT
 10
777.8672582285528
 20
358.0514508553053
 30
-5.0
  0
VERTEX
  5
925
  8
DEFAULT
 10
777.8348053263173
 20
358.0970155733449
 30
-5.0
  0
VERTEX
  5
926
  8
DEFAULT
 10
777.8014443300907
 20
358.1420521680391
 30
-5.0
  0
VERTEX
  5
927
  8
DEFAULT
 10
777.7671879608198
 20
358.1865338955736
 30
-5.0
  0
VERTEX
  5
928
  8
DEFAULT
 10
777.7320499778349
 20
358.2304344155828
 30
-5.0
  0
VERTEX
  5
929
  8
DEFAULT
 10
777.6960451630314
 20
358.2737278411201
 30
-5.0
  0
VERTEX
  5
92A
  8
DEFAULT
 10
777.6591893021846
 20
358.3163887878914
 30
-5.0
  0
VERTEX
  5
92B
  8
DEFAULT
 10
777.6214991634362
 20
358.3583924225578
 30
-5.0
  0
VERTEX
  5
92C
  8
DEFAULT
 10
777.5829924730089
 20
358.3997145099218
 30
-5.0
  0
VERTEX
  5
92D
  8
DEFAULT
 10
777.5436878882158
 20
358.44033145881
 30
-5.0
  0
VERTEX
  5
92E
  8
DEFAULT
 10
777.5036049678505
 20
358.4802203664739
 30
-5.0
  0
VERTEX
  5
92F
  8
DEFAULT
 10
777.46276414005
 20
358.5193590613337
 30
-5.0
  0
VERTEX
  5
930
  8
DEFAULT
 10
777.4211866677455
 20
358.5577261438996
 30
-5.0
  0
VERTEX
  5
931
  8
DEFAULT
 10
777.3788946118192
 20
358.5953010257126
 30
-5.0
  0
VERTEX
  5
932
  8
DEFAULT
 10
777.3359107921015
 20
358.6320639661563
 30
-5.0
  0
VERTEX
  5
933
  8
DEFAULT
 10
777.2922587463564
 20
358.667996107001
 30
-5.0
  0
VERTEX
  5
934
  8
DEFAULT
 10
777.2479626874035
 20
358.7030795045525
 30
-5.0
  0
VERTEX
  5
935
  8
DEFAULT
 10
777.2030474585487
 20
358.7372971592942
 30
-5.0
  0
VERTEX
  5
936
  8
DEFAULT
 10
777.1575384874864
 20
358.7706330429162
 30
-5.0
  0
VERTEX
  5
937
  8
DEFAULT
 10
777.1114617388582
 20
358.8030721226464
 30
-5.0
  0
VERTEX
  5
938
  8
DEFAULT
 10
777.0648436656498
 20
358.8346003828071
 30
-5.0
  0
VERTEX
  5
939
  8
DEFAULT
 10
777.0177111596133
 20
358.8652048435375
 30
-5.0
  0
VERTEX
  5
93A
  8
DEFAULT
 10
776.9700915009049
 20
358.8948735766352
 30
-5.0
  0
VERTEX
  5
93B
  8
DEFAULT
 10
776.92201230714
 20
358.9235957184883
 30
-5.0
  0
VERTEX
  5
93C
  8
DEFAULT
 10
776.873501482048
 20
358.9513614800769
 30
-5.0
  0
VERTEX
  5
93D
  8
DEFAULT
 10
776.8245871639274
 20
358.9781621540469
 30
-5.0
  0
VERTEX
  5
93E
  8
DEFAULT
 10
776.7752976740929
 20
359.0039901188655
 30
-5.0
  0
VERTEX
  5
93F
  8
DEFAULT
 10
776.7256614655005
 20
359.0288388400854
 30
-5.0
  0
VERTEX
  5
940
  8
DEFAULT
 10
776.6757070717366
 20
359.0527028687588
 30
-5.0
  0
VERTEX
  5
941
  8
DEFAULT
 10
776.6254630565513
 20
359.0755778370524
 30
-5.0
  0
VERTEX
  5
942
  8
DEFAULT
 10
776.2135952513187
 20
359.2538645573265
 30
-5.0
  0
VERTEX
  5
943
  8
DEFAULT
 10
775.7879201337308
 20
359.4289869012466
 30
-5.0
  0
VERTEX
  5
944
  8
DEFAULT
 10
774.9182405232496
 20
359.760719131433
 30
-5.0
  0
VERTEX
  5
945
  8
DEFAULT
 10
774.0621717739532
 20
360.0550758265613
 30
-5.0
  0
VERTEX
  5
946
  8
DEFAULT
 10
773.2596820875989
 20
360.3014966047168
 30
-5.0
  0
VERTEX
  5
947
  8
DEFAULT
 10
772.9459241050863
 20
360.3889513156479
 30
-5.0
  0
VERTEX
  5
948
  8
DEFAULT
 10
772.7893497178222
 20
360.4294520393309
 30
-5.0
  0
VERTEX
  5
949
  8
DEFAULT
 10
772.6334314230683
 20
360.4668750869548
 30
-5.0
  0
VERTEX
  5
94A
  8
DEFAULT
 10
772.4785464712282
 20
360.500540503134
 30
-5.0
  0
VERTEX
  5
94B
  8
DEFAULT
 10
772.3250944986435
 20
360.5297869123863
 30
-5.0
  0
VERTEX
  5
94C
  8
DEFAULT
 10
772.1734909415305
 20
360.5539769800903
 30
-5.0
  0
VERTEX
  5
94D
  8
DEFAULT
 10
772.0985147990158
 20
360.563984618984
 30
-5.0
  0
VERTEX
  5
94E
  8
DEFAULT
 10
772.024160261149
 20
360.572502792549
 30
-5.0
  0
VERTEX
  5
94F
  8
DEFAULT
 10
771.9504806582694
 20
360.5794609692533
 30
-5.0
  0
VERTEX
  5
950
  8
DEFAULT
 10
771.8775290112644
 20
360.584791101845
 30
-5.0
  0
VERTEX
  5
951
  8
DEFAULT
 10
771.8053578089061
 20
360.5884277796877
 30
-5.0
  0
VERTEX
  5
952
  8
DEFAULT
 10
771.7340187842424
 20
360.5903083766199
 30
-5.0
  0
VERTEX
  5
953
  8
DEFAULT
 10
771.6635626903822
 20
360.5903731938582
 30
-5.0
  0
VERTEX
  5
954
  8
DEFAULT
 10
771.5940390760127
 20
360.5885655974707
 30
-5.0
  0
VERTEX
  5
955
  8
DEFAULT
 10
771.5254960609677
 20
360.5848321499627
 30
-5.0
  0
VERTEX
  5
956
  8
DEFAULT
 10
771.4579801121776
 20
360.5791227355369
 30
-5.0
  0
VERTEX
  5
957
  8
DEFAULT
 10
771.3915358202892
 20
360.5713906786119
 30
-5.0
  0
VERTEX
  5
958
  8
DEFAULT
 10
771.3262056772397
 20
360.5615928552145
 30
-5.0
  0
VERTEX
  5
959
  8
DEFAULT
 10
771.2939710619219
 20
360.5559068017209
 30
-5.0
  0
VERTEX
  5
95A
  8
DEFAULT
 10
771.2620298550232
 20
360.5496897968936
 30
-5.0
  0
VERTEX
  5
95B
  8
DEFAULT
 10
771.230386679486
 20
360.5429374941226
 30
-5.0
  0
VERTEX
  5
95C
  8
DEFAULT
 10
771.1990459858611
 20
360.5356457868451
 30
-5.0
  0
VERTEX
  5
95D
  8
DEFAULT
 10
771.1680120455269
 20
360.5278108111043
 30
-5.0
  0
VERTEX
  5
95E
  8
DEFAULT
 10
771.1372889439328
 20
360.5194289479782
 30
-5.0
  0
VERTEX
  5
95F
  8
DEFAULT
 10
771.1068805738718
 20
360.5104968258763
 30
-5.0
  0
VERTEX
  5
960
  8
DEFAULT
 10
771.0767906287768
 20
360.5010113227017
 30
-5.0
  0
VERTEX
  5
961
  8
DEFAULT
 10
771.0470225960484
 20
360.4909695678823
 30
-5.0
  0
VERTEX
  5
962
  8
DEFAULT
 10
771.0175797504032
 20
360.4803689442642
 30
-5.0
  0
VERTEX
  5
963
  8
DEFAULT
 10
770.9884651472512
 20
360.4692070898725
 30
-5.0
  0
VERTEX
  5
964
  8
DEFAULT
 10
770.9596816160937
 20
360.4574818995367
 30
-5.0
  0
VERTEX
  5
965
  8
DEFAULT
 10
770.9312317539457
 20
360.4451915263817
 30
-5.0
  0
VERTEX
  5
966
  8
DEFAULT
 10
770.9031179187759
 20
360.4323343831848
 30
-5.0
  0
VERTEX
  5
967
  8
DEFAULT
 10
770.8753422229656
 20
360.4189091435994
 30
-5.0
  0
VERTEX
  5
968
  8
DEFAULT
 10
770.8479065267799
 20
360.4049147432465
 30
-5.0
  0
VERTEX
  5
969
  8
DEFAULT
 10
770.8208124318514
 20
360.3903503806753
 30
-5.0
  0
VERTEX
  5
96A
  8
DEFAULT
 10
770.79406127467
 20
360.3752155181944
 30
-5.0
  0
VERTEX
  5
96B
  8
DEFAULT
 10
770.7676541200747
 20
360.3595098825759
 30
-5.0
  0
VERTEX
  5
96C
  8
DEFAULT
 10
770.7415917547437
 20
360.3432334656342
 30
-5.0
  0
VERTEX
  5
96D
  8
DEFAULT
 10
770.7158746806756
 20
360.3263865246818
 30
-5.0
  0
VERTEX
  5
96E
  8
DEFAULT
 10
770.6905031086568
 20
360.3089695828658
 30
-5.0
  0
VERTEX
  5
96F
  8
DEFAULT
 10
770.6654769517082
 20
360.2909834293872
 30
-5.0
  0
VERTEX
  5
970
  8
DEFAULT
 10
770.6407958185022
 20
360.2724291196076
 30
-5.0
  0
VERTEX
  5
971
  8
DEFAULT
 10
770.6164590067442
 20
360.2533079750456
 30
-5.0
  0
VERTEX
  5
972
  8
DEFAULT
 10
770.592465496509
 20
360.2336215832681
 30
-5.0
  0
VERTEX
  5
973
  8
DEFAULT
 10
770.5688139435214
 20
360.2133717976813
 30
-5.0
  0
VERTEX
  5
974
  8
DEFAULT
 10
770.5455026723729
 20
360.1925607372252
 30
-5.0
  0
VERTEX
  5
975
  8
DEFAULT
 10
770.5225296696586
 20
360.1711907859767
 30
-5.0
  0
VERTEX
  5
976
  8
DEFAULT
 10
770.4998925770292
 20
360.1492645926679
 30
-5.0
  0
VERTEX
  5
977
  8
DEFAULT
 10
770.4775886841405
 20
360.126785070125
 30
-5.0
  0
VERTEX
  5
978
  8
DEFAULT
 10
770.4556149214845
 20
360.103755394633
 30
-5.0
  0
VERTEX
  5
979
  8
DEFAULT
 10
770.4339678530926
 20
360.0801790052353
 30
-5.0
  0
VERTEX
  5
97A
  8
DEFAULT
 10
770.4126436690908
 20
360.0560596029719
 30
-5.0
  0
VERTEX
  5
97B
  8
DEFAULT
 10
770.3916381780905
 20
360.0314011500665
 30
-5.0
  0
VERTEX
  5
97C
  8
DEFAULT
 10
770.3709467993966
 20
360.0062078690694
 30
-5.0
  0
VERTEX
  5
97D
  8
DEFAULT
 10
770.3304860614226
 20
359.9542350092456
 30
-5.0
  0
VERTEX
  5
97E
  8
DEFAULT
 10
770.2912167139027
 20
359.9001799758679
 30
-5.0
  0
VERTEX
  5
97F
  8
DEFAULT
 10
770.2530872496696
 20
359.8440858273247
 30
-5.0
  0
VERTEX
  5
980
  8
DEFAULT
 10
770.2160391009742
 20
359.785999698122
 30
-5.0
  0
VERTEX
  5
981
  8
DEFAULT
 10
770.1800063220711
 20
359.7259727705034
 30
-5.0
  0
VERTEX
  5
982
  8
DEFAULT
 10
770.1449152448972
 20
359.664060249131
 30
-5.0
  0
VERTEX
  5
983
  8
DEFAULT
 10
770.110684103079
 20
359.6003213405259
 30
-5.0
  0
VERTEX
  5
984
  8
DEFAULT
 10
770.0772226188423
 20
359.5348192391439
 30
-5.0
  0
VERTEX
  5
985
  8
DEFAULT
 10
770.0122021662393
 20
359.3987981552327
 30
-5.0
  0
VERTEX
  5
986
  8
DEFAULT
 10
769.6887303258104
 20
358.6398104391334
 30
-5.0
  0
VERTEX
  5
987
  8
DEFAULT
 10
769.6208515915713
 20
358.4925468892707
 30
-5.0
  0
VERTEX
  5
988
  8
DEFAULT
 10
769.5490686416283
 20
358.3467141084792
 30
-5.0
  0
VERTEX
  5
989
  8
DEFAULT
 10
769.4734262446555
 20
358.202465802068
 30
-5.0
  0
VERTEX
  5
98A
  8
DEFAULT
 10
769.3939771805364
 20
358.0599538131803
 30
-5.0
  0
VERTEX
  5
98B
  8
DEFAULT
 10
769.3107821425258
 20
357.9193276034097
 30
-5.0
  0
VERTEX
  5
98C
  8
DEFAULT
 10
769.2239095991421
 20
357.7807337397849
 30
-5.0
  0
VERTEX
  5
98D
  8
DEFAULT
 10
769.1334356162959
 20
357.6443153917578
 30
-5.0
  0
VERTEX
  5
98E
  8
DEFAULT
 10
769.0394436405497
 20
357.510211841778
 30
-5.0
  0
VERTEX
  5
98F
  8
DEFAULT
 10
768.9420242447612
 20
357.3785580129427
 30
-5.0
  0
VERTEX
  5
990
  8
DEFAULT
 10
768.8412748377214
 20
357.2494840170733
 30
-5.0
  0
VERTEX
  5
991
  8
DEFAULT
 10
768.7372993397373
 20
357.1231147263916
 30
-5.0
  0
VERTEX
  5
992
  8
DEFAULT
 10
768.6302078264307
 20
356.9995693717563
 30
-5.0
  0
VERTEX
  5
993
  8
DEFAULT
 10
768.520116143298
 20
356.8789611701623
 30
-5.0
  0
VERTEX
  5
994
  8
DEFAULT
 10
768.4071454938588
 20
356.7613969839336
 30
-5.0
  0
VERTEX
  5
995
  8
DEFAULT
 10
768.2914220044162
 20
356.6469770137213
 30
-5.0
  0
VERTEX
  5
996
  8
DEFAULT
 10
768.1730762686595
 20
356.5357945270961
 30
-5.0
  0
VERTEX
  5
997
  8
DEFAULT
 10
768.0522428754716
 20
356.4279356241705
 30
-5.0
  0
VERTEX
  5
998
  8
DEFAULT
 10
767.9290599234093
 20
356.3234790413311
 30
-5.0
  0
VERTEX
  5
999
  8
DEFAULT
 10
767.8036685253904
 20
356.2224959937933
 30
-5.0
  0
VERTEX
  5
99A
  8
DEFAULT
 10
767.6762123071304
 20
356.1250500573259
 30
-5.0
  0
VERTEX
  5
99B
  8
DEFAULT
 10
767.5468369028571
 20
356.0311970891311
 30
-5.0
  0
VERTEX
  5
99C
  8
DEFAULT
 10
767.4156894517654
 20
355.9409851875165
 30
-5.0
  0
VERTEX
  5
99D
  8
DEFAULT
 10
767.282918098566
 20
355.8544546896525
 30
-5.0
  0
VERTEX
  5
99E
  8
DEFAULT
 10
767.14867150136
 20
355.7716382063994
 30
-5.0
  0
VERTEX
  5
99F
  8
DEFAULT
 10
767.0130983498843
 20
355.6925606928833
 30
-5.0
  0
VERTEX
  5
9A0
  8
DEFAULT
 10
766.8763468969952
 20
355.6172395532397
 30
-5.0
  0
VERTEX
  5
9A1
  8
DEFAULT
 10
766.7385645060197
 20
355.5456847776938
 30
-5.0
  0
VERTEX
  5
9A2
  8
DEFAULT
 10
766.5998972163717
 20
355.477899109946
 30
-5.0
  0
VERTEX
  5
9A3
  8
DEFAULT
 10
766.4604893295738
 20
355.4138782426429
 30
-5.0
  0
VERTEX
  5
9A4
  8
DEFAULT
 10
766.320483017554
 20
355.3536110385785
 30
-5.0
  0
VERTEX
  5
9A5
  8
DEFAULT
 10
766.180017954807
 20
355.2970797751519
 30
-5.0
  0
VERTEX
  5
9A6
  8
DEFAULT
 10
766.0392309757435
 20
355.2442604095305
 30
-5.0
  0
VERTEX
  5
9A7
  8
DEFAULT
 10
765.882752386371
 20
355.1899442703908
 30
-5.0
  0
VERTEX
  5
9A8
  8
DEFAULT
 10
765.7240689415868
 20
355.1394606308427
 30
-5.0
  0
VERTEX
  5
9A9
  8
DEFAULT
 10
765.5633167304729
 20
355.0929233932245
 30
-5.0
  0
VERTEX
  5
9AA
  8
DEFAULT
 10
765.4006390463362
 20
355.0504402387114
 30
-5.0
  0
VERTEX
  5
9AB
  8
DEFAULT
 10
765.2361860448725
 20
355.0121120868405
 30
-5.0
  0
VERTEX
  5
9AC
  8
DEFAULT
 10
765.0701143553551
 20
354.9780325765204
 30
-5.0
  0
VERTEX
  5
9AD
  8
DEFAULT
 10
764.9025866463234
 20
354.9482875731709
 30
-5.0
  0
VERTEX
  5
9AE
  8
DEFAULT
 10
764.7337711477558
 20
354.922954706538
 30
-5.0
  0
VERTEX
  5
9AF
  8
DEFAULT
 10
764.5638411322403
 20
354.9021029435596
 30
-5.0
  0
VERTEX
  5
9B0
  8
DEFAULT
 10
764.3929743581265
 20
354.8857922004246
 30
-5.0
  0
VERTEX
  5
9B1
  8
DEFAULT
 10
764.2213524781317
 20
354.8740729976794
 30
-5.0
  0
VERTEX
  5
9B2
  8
DEFAULT
 10
764.0491604173028
 20
354.8669861618764
 30
-5.0
  0
VERTEX
  5
9B3
  8
DEFAULT
 10
763.8765857246337
 20
354.8645625768557
 30
-5.0
  0
VERTEX
  5
9B4
  8
DEFAULT
 10
763.7038179029901
 20
354.8668229872904
 30
-5.0
  0
VERTEX
  5
9B5
  8
DEFAULT
 10
763.5310477222782
 20
354.8737778566287
 30
-5.0
  0
VERTEX
  5
9B6
  8
DEFAULT
 10
763.3584665210354
 20
354.8854272810226
 30
-5.0
  0
VERTEX
  5
9B7
  8
DEFAULT
 10
763.1862655017779
 20
354.9017609602736
 30
-5.0
  0
VERTEX
  5
9B8
  8
DEFAULT
 10
763.0146350255428
 20
354.9227582262417
 30
-5.0
  0
VERTEX
  5
9B9
  8
DEFAULT
 10
762.8437639110812
 20
354.9483881285715
 30
-5.0
  0
VERTEX
  5
9BA
  8
DEFAULT
 10
762.6738387441133
 20
354.9786095769992
 30
-5.0
  0
VERTEX
  5
9BB
  8
DEFAULT
 10
762.5050432019405
 20
355.0133715389225
 30
-5.0
  0
VERTEX
  5
9BC
  8
DEFAULT
 10
762.3375573985123
 20
355.0526132903601
 30
-5.0
  0
VERTEX
  5
9BD
  8
DEFAULT
 10
762.1715572548014
 20
355.096264717891
 30
-5.0
  0
VERTEX
  5
9BE
  8
DEFAULT
 10
762.007213899015
 20
355.1442466686768
 30
-5.0
  0
VERTEX
  5
9BF
  8
DEFAULT
 10
761.844693100812
 20
355.1964713452189
 30
-5.0
  0
VERTEX
  5
9C0
  8
DEFAULT
 10
761.6841547432662
 20
355.2528427411071
 30
-5.0
  0
VERTEX
  5
9C1
  8
DEFAULT
 10
761.5257523358688
 20
355.31325711368
 30
-5.0
  0
VERTEX
  5
9C2
  8
DEFAULT
 10
761.3696325713639
 20
355.3776034892364
 30
-5.0
  0
VERTEX
  5
9C3
  8
DEFAULT
 10
761.2159349287143
 20
355.4457641962268
 30
-5.0
  0
VERTEX
  5
9C4
  8
DEFAULT
 10
761.06479132395
 20
355.5176154216992
 30
-5.0
  0
VERTEX
  5
9C5
  8
DEFAULT
 10
760.9163258101387
 20
355.5930277861981
 30
-5.0
  0
VERTEX
  5
9C6
  8
DEFAULT
 10
760.7706543271829
 20
355.6718669322899
 30
-5.0
  0
VERTEX
  5
9C7
  8
DEFAULT
 10
760.6109075433088
 20
355.7642178194679
 30
-5.0
  0
VERTEX
  5
9C8
  8
DEFAULT
 10
760.4523614616504
 20
355.8623400540169
 30
-5.0
  0
VERTEX
  5
9C9
  8
DEFAULT
 10
760.2954129570134
 20
355.9660890378966
 30
-5.0
  0
VERTEX
  5
9CA
  8
DEFAULT
 10
760.1404588559448
 20
356.0752904586166
 30
-5.0
  0
VERTEX
  5
9CB
  8
DEFAULT
 10
759.98789275967
 20
356.1897410303412
 30
-5.0
  0
VERTEX
  5
9CC
  8
DEFAULT
 10
759.8381018293968
 20
356.3092096013552
 30
-5.0
  0
VERTEX
  5
9CD
  8
DEFAULT
 10
759.6914635872305
 20
356.43343861848
 30
-5.0
  0
VERTEX
  5
9CE
  8
DEFAULT
 10
759.5483427869746
 20
356.5621459307647
 30
-5.0
  0
VERTEX
  5
9CF
  8
DEFAULT
 10
759.4090884085617
 20
356.6950269068084
 30
-5.0
  0
VERTEX
  5
9D0
  8
DEFAULT
 10
759.2740308277693
 20
356.8317568326914
 30
-5.0
  0
VERTEX
  5
9D1
  8
DEFAULT
 10
759.1434792092848
 20
356.9719935510049
 30
-5.0
  0
VERTEX
  5
9D2
  8
DEFAULT
 10
759.0177191661854
 20
357.1153802960696
 30
-5.0
  0
VERTEX
  5
9D3
  8
DEFAULT
 10
758.8970107226986
 20
357.2615486763588
 30
-5.0
  0
VERTEX
  5
9D4
  8
DEFAULT
 10
758.7815866099152
 20
357.410121752493
 30
-5.0
  0
VERTEX
  5
9D5
  8
DEFAULT
 10
758.67165091622
 20
357.5607171580467
 30
-5.0
  0
VERTEX
  5
9D6
  8
DEFAULT
 10
758.567378105888
 20
357.7129502107854
 30
-5.0
  0
VERTEX
  5
9D7
  8
DEFAULT
 10
758.1369872436264
 20
358.3856983932207
 30
-5.0
  0
VERTEX
  5
9D8
  8
DEFAULT
 10
758.050251870692
 20
358.5096318571211
 30
-5.0
  0
VERTEX
  5
9D9
  8
DEFAULT
 10
758.0062053509288
 20
358.569276127576
 30
-5.0
  0
VERTEX
  5
9DA
  8
DEFAULT
 10
757.9616162354439
 20
358.6272119465438
 30
-5.0
  0
VERTEX
  5
9DB
  8
DEFAULT
 10
757.9164250405275
 20
358.6833304061819
 30
-5.0
  0
VERTEX
  5
9DC
  8
DEFAULT
 10
757.8705785031864
 20
358.7375313658636
 30
-5.0
  0
VERTEX
  5
9DD
  8
DEFAULT
 10
757.8240293933801
 20
358.7897232886759
 30
-5.0
  0
VERTEX
  5
9DE
  8
DEFAULT
 10
757.7767363196018
 20
358.8398230745531
 30
-5.0
  0
VERTEX
  5
9DF
  8
DEFAULT
 10
757.7286635275586
 20
358.8877558892589
 30
-5.0
  0
VERTEX
  5
9E0
  8
DEFAULT
 10
757.679780691747
 20
358.9334549884774
 30
-5.0
  0
VERTEX
  5
9E1
  8
DEFAULT
 10
757.6300626997541
 20
358.9768615363244
 30
-5.0
  0
VERTEX
  5
9E2
  8
DEFAULT
 10
757.6048840432644
 20
358.997688833678
 30
-5.0
  0
VERTEX
  5
9E3
  8
DEFAULT
 10
757.5794894291549
 20
359.0179244176543
 30
-5.0
  0
VERTEX
  5
9E4
  8
DEFAULT
 10
757.5538770839762
 20
359.0375630733234
 30
-5.0
  0
VERTEX
  5
9E5
  8
DEFAULT
 10
757.5280455169159
 20
359.0566000436011
 30
-5.0
  0
VERTEX
  5
9E6
  8
DEFAULT
 10
757.5019935121791
 20
359.0750310227678
 30
-5.0
  0
VERTEX
  5
9E7
  8
DEFAULT
 10
757.4757201212525
 20
359.0928521498669
 30
-5.0
  0
VERTEX
  5
9E8
  8
DEFAULT
 10
757.4492246550471
 20
359.1100600019753
 30
-5.0
  0
VERTEX
  5
9E9
  8
DEFAULT
 10
757.4225066759274
 20
359.1266515873489
 30
-5.0
  0
VERTEX
  5
9EA
  8
DEFAULT
 10
757.395565989622
 20
359.1426243384387
 30
-5.0
  0
VERTEX
  5
9EB
  8
DEFAULT
 10
757.3684026370155
 20
359.1579761047747
 30
-5.0
  0
VERTEX
  5
9EC
  8
DEFAULT
 10
757.3410168858287
 20
359.1727051457206
 30
-5.0
  0
VERTEX
  5
9ED
  8
DEFAULT
 10
757.3134092221819
 20
359.1868101230951
 30
-5.0
  0
VERTEX
  5
9EE
  8
DEFAULT
 10
757.2855803420422
 20
359.2002900936602
 30
-5.0
  0
VERTEX
  5
9EF
  8
DEFAULT
 10
757.2575311425602
 20
359.2131445014761
 30
-5.0
  0
VERTEX
  5
9F0
  8
DEFAULT
 10
757.2292627132939
 20
359.2253731701243
 30
-5.0
  0
VERTEX
  5
9F1
  8
DEFAULT
 10
757.200776327319
 20
359.236976294797
 30
-5.0
  0
VERTEX
  5
9F2
  8
DEFAULT
 10
757.17207343223
 20
359.2479544342558
 30
-5.0
  0
VERTEX
  5
9F3
  8
DEFAULT
 10
757.1431556410317
 20
359.2583085026583
 30
-5.0
  0
VERTEX
  5
9F4
  8
DEFAULT
 10
757.1140247229202
 20
359.2680397612563
 30
-5.0
  0
VERTEX
  5
9F5
  8
DEFAULT
 10
757.0846825939561
 20
359.2771498099657
 30
-5.0
  0
VERTEX
  5
9F6
  8
DEFAULT
 10
757.0551313076301
 20
359.2856405788096
 30
-5.0
  0
VERTEX
  5
9F7
  8
DEFAULT
 10
757.0253730453203
 20
359.2935143192382
 30
-5.0
  0
VERTEX
  5
9F8
  8
DEFAULT
 10
756.9954101066421
 20
359.3007735953247
 30
-5.0
  0
VERTEX
  5
9F9
  8
DEFAULT
 10
756.965244899693
 20
359.3074212748439
 30
-5.0
  0
VERTEX
  5
9FA
  8
DEFAULT
 10
756.9348799311857
 20
359.3134605202329
 30
-5.0
  0
VERTEX
  5
9FB
  8
DEFAULT
 10
756.9043177964775
 20
359.3188947794353
 30
-5.0
  0
VERTEX
  5
9FC
  8
DEFAULT
 10
756.8735611694891
 20
359.323727776637
 30
-5.0
  0
VERTEX
  5
9FD
  8
DEFAULT
 10
756.8426127925118
 20
359.3279635028918
 30
-5.0
  0
VERTEX
  5
9FE
  8
DEFAULT
 10
756.8114754659075
 20
359.3316062066409
 30
-5.0
  0
VERTEX
  5
9FF
  8
DEFAULT
 10
756.7801520376908
 20
359.3346603841314
 30
-5.0
  0
VERTEX
  5
A00
  8
DEFAULT
 10
756.7486453929973
 20
359.3371307697342
 30
-5.0
  0
VERTEX
  5
A01
  8
DEFAULT
 10
756.716958443433
 20
359.3390223261659
 30
-5.0
  0
VERTEX
  5
A02
  8
DEFAULT
 10
756.6850941163003
 20
359.3403402346181
 30
-5.0
  0
VERTEX
  5
A03
  8
DEFAULT
 10
756.6530553436979
 20
359.3410898847958
 30
-5.0
  0
VERTEX
  5
A04
  8
DEFAULT
 10
756.5884661481257
 20
359.3409069513433
 30
-5.0
  0
VERTEX
  5
A05
  8
DEFAULT
 10
756.5232139866965
 20
359.3385204297978
 30
-5.0
  0
VERTEX
  5
A06
  8
DEFAULT
 10
756.457321345111
 20
359.3339799087221
 30
-5.0
  0
VERTEX
  5
A07
  8
DEFAULT
 10
756.3908096898574
 20
359.3273373282145
 30
-5.0
  0
VERTEX
  5
A08
  8
DEFAULT
 10
756.3236990816441
 20
359.3186466421436
 30
-5.0
  0
VERTEX
  5
A09
  8
DEFAULT
 10
756.256007775563
 20
359.3079634757859
 30
-5.0
  0
VERTEX
  5
A0A
  8
DEFAULT
 10
756.1877518059489
 20
359.2953447788652
 30
-5.0
  0
VERTEX
  5
A0B
  8
DEFAULT
 10
756.118944553469
 20
359.2808484738495
 30
-5.0
  0
VERTEX
  5
A0C
  8
DEFAULT
 10
756.0495962914381
 20
359.2645330991768
 30
-5.0
  0
VERTEX
  5
A0D
  8
DEFAULT
 10
755.979713707748
 20
359.2464574468602
 30
-5.0
  0
VERTEX
  5
A0E
  8
DEFAULT
 10
755.9092993980671
 20
359.2266801936657
 30
-5.0
  0
VERTEX
  5
A0F
  8
DEFAULT
 10
755.8383513251204
 20
359.2052595247436
 30
-5.0
  0
VERTEX
  5
A10
  8
DEFAULT
 10
755.6948190429742
 20
359.1577158988708
 30
-5.0
  0
VERTEX
  5
A11
  8
DEFAULT
 10
755.5489845710157
 20
359.1042672788633
 30
-5.0
  0
VERTEX
  5
A12
  8
DEFAULT
 10
755.4005985209221
 20
359.0453204623296
 30
-5.0
  0
VERTEX
  5
A13
  8
DEFAULT
 10
755.2492660200272
 20
358.9812335660125
 30
-5.0
  0
VERTEX
  5
A14
  8
DEFAULT
 10
755.0944109129589
 20
358.9122992304473
 30
-5.0
  0
VERTEX
  5
A15
  8
DEFAULT
 10
754.7706280081463
 20
358.7606076420132
 30
-5.0
  0
VERTEX
  5
A16
  8
DEFAULT
 10
754.00733848652
 20
358.3793757783334
 30
-5.0
  0
VERTEX
  5
A17
  8
DEFAULT
 10
753.2618343692573
 20
357.9761352983427
 30
-5.0
  0
VERTEX
  5
A18
  8
DEFAULT
 10
752.5349739485093
 20
357.5519954389424
 30
-5.0
  0
VERTEX
  5
A19
  8
DEFAULT
 10
751.8275308412225
 20
357.1081022331099
 30
-5.0
  0
VERTEX
  5
A1A
  8
DEFAULT
 10
751.3254305657705
 20
356.7728140520967
 30
-5.0
  0
VERTEX
  5
A1B
  8
DEFAULT
 10
750.8212338593232
 20
356.4189850823684
 30
-5.0
  0
VERTEX
  5
A1C
  8
DEFAULT
 10
750.3385096702892
 20
356.0640691222781
 30
-5.0
  0
VERTEX
  5
A1D
  8
DEFAULT
 10
749.8966210785383
 20
355.723912401366
 30
-5.0
  0
VERTEX
  5
A1E
  8
DEFAULT
 10
749.6425841793201
 20
355.5200554174674
 30
-5.0
  0
VERTEX
  5
A1F
  8
DEFAULT
 10
749.5183643492013
 20
355.4164922144557
 30
-5.0
  0
VERTEX
  5
A20
  8
DEFAULT
 10
749.3970271402269
 20
355.3116662907124
 30
-5.0
  0
VERTEX
  5
A21
  8
DEFAULT
 10
749.2793449433382
 20
355.2054867505929
 30
-5.0
  0
VERTEX
  5
A22
  8
DEFAULT
 10
749.1660882180213
 20
355.0978913212907
 30
-5.0
  0
VERTEX
  5
A23
  8
DEFAULT
 10
749.0580172891572
 20
354.9888441544836
 30
-5.0
  0
VERTEX
  5
A24
  8
DEFAULT
 10
749.0061593006048
 20
354.9337716127501
 30
-5.0
  0
VERTEX
  5
A25
  8
DEFAULT
 10
748.9558741059644
 20
354.8783334564104
 30
-5.0
  0
VERTEX
  5
A26
  8
DEFAULT
 10
748.9072502279823
 20
354.8225315518895
 30
-5.0
  0
VERTEX
  5
A27
  8
DEFAULT
 10
748.8603740162946
 20
354.7663689407259
 30
-5.0
  0
VERTEX
  5
A28
  8
DEFAULT
 10
748.8153293954158
 20
354.7098497499941
 30
-5.0
  0
VERTEX
  5
A29
  8
DEFAULT
 10
748.7721976153723
 20
354.652979099827
 30
-5.0
  0
VERTEX
  5
A2A
  8
DEFAULT
 10
748.7310570054817
 20
354.5957630080305
 30
-5.0
  0
VERTEX
  5
A2B
  8
DEFAULT
 10
748.6919827317827
 20
354.5382082917849
 30
-5.0
  0
VERTEX
  5
A2C
  8
DEFAULT
 10
748.6550465585923
 20
354.4803224664315
 30
-5.0
  0
VERTEX
  5
A2D
  8
DEFAULT
 10
748.6203166146602
 20
354.422113641342
 30
-5.0
  0
VERTEX
  5
A2E
  8
DEFAULT
 10
748.5878571643598
 20
354.3635904128753
 30
-5.0
  0
VERTEX
  5
A2F
  8
DEFAULT
 10
748.5577283843224
 20
354.3047617544127
 30
-5.0
  0
VERTEX
  5
A30
  8
DEFAULT
 10
748.5435556294449
 20
354.2752357684871
 30
-5.0
  0
VERTEX
  5
A31
  8
DEFAULT
 10
748.5299861458849
 20
354.2456369034746
 30
-5.0
  0
VERTEX
  5
A32
  8
DEFAULT
 10
748.51702621017
 20
354.2159663363353
 30
-5.0
  0
VERTEX
  5
A33
  8
DEFAULT
 10
748.504681803668
 20
354.1862252458987
 30
-5.0
  0
VERTEX
  5
A34
  8
DEFAULT
 10
748.4929586063336
 20
354.1564148090827
 30
-5.0
  0
VERTEX
  5
A35
  8
DEFAULT
 10
748.4818619905591
 20
354.1265361970645
 30
-5.0
  0
VERTEX
  5
A36
  8
DEFAULT
 10
748.4713970151327
 20
354.0965905714061
 30
-5.0
  0
VERTEX
  5
A37
  8
DEFAULT
 10
748.4615684193
 20
354.0665790801287
 30
-5.0
  0
VERTEX
  5
A38
  8
DEFAULT
 10
748.4523806169354
 20
354.0365028537423
 30
-5.0
  0
VERTEX
  5
A39
  8
DEFAULT
 10
748.4438376908184
 20
354.0063630012233
 30
-5.0
  0
VERTEX
  5
A3A
  8
DEFAULT
 10
748.4359433870137
 20
353.9761606059437
 30
-5.0
  0
VERTEX
  5
A3B
  8
DEFAULT
 10
748.4287011093627
 20
353.9458967215495
 30
-5.0
  0
VERTEX
  5
A3C
  8
DEFAULT
 10
748.4221139140744
 20
353.9155723677869
 30
-5.0
  0
VERTEX
  5
A3D
  8
DEFAULT
 10
748.4161845044194
 20
353.885188526276
 30
-5.0
  0
VERTEX
  5
A3E
  8
DEFAULT
 10
748.4109152255289
 20
353.8547461362301
 30
-5.0
  0
VERTEX
  5
A3F
  8
DEFAULT
 10
748.4063080592879
 20
353.8242460901205
 30
-5.0
  0
VERTEX
  5
A40
  8
DEFAULT
 10
748.4023646193255
 20
353.7936892292829
 30
-5.0
  0
VERTEX
  5
A41
  8
DEFAULT
 10
748.3990861461006
 20
353.7630763394659
 30
-5.0
  0
VERTEX
  5
A42
  8
DEFAULT
 10
748.3964735020726
 20
353.7324081463185
 30
-5.0
  0
VERTEX
  5
A43
  8
DEFAULT
 10
748.3945271669595
 20
353.7016853108146
 30
-5.0
  0
VERTEX
  5
A44
  8
DEFAULT
 10
748.3932472330757
 20
353.6709084246132
 30
-5.0
  0
VERTEX
  5
A45
  8
DEFAULT
 10
748.392633400742
 20
353.6400780053489
 30
-5.0
  0
VERTEX
  5
A46
  8
DEFAULT
 10
748.3926849737694
 20
353.6091944918539
 30
-5.0
  0
VERTEX
  5
A47
  8
DEFAULT
 10
748.3934008550002
 20
353.5782582393049
 30
-5.0
  0
VERTEX
  5
A48
  8
DEFAULT
 10
748.3947795419083
 20
353.5472695142934
 30
-5.0
  0
VERTEX
  5
A49
  8
DEFAULT
 10
748.3968191222465
 20
353.5162284898155
 30
-5.0
  0
VERTEX
  5
A4A
  8
DEFAULT
 10
748.399517269732
 20
353.485135240176
 30
-5.0
  0
VERTEX
  5
A4B
  8
DEFAULT
 10
748.4028712397647
 20
353.453989735804
 30
-5.0
  0
VERTEX
  5
A4C
  8
DEFAULT
 10
748.4068778651655
 20
353.4227918379755
 30
-5.0
  0
VERTEX
  5
A4D
  8
DEFAULT
 10
748.4115335519252
 20
353.391541293435
 30
-5.0
  0
VERTEX
  5
A4E
  8
DEFAULT
 10
748.4168342749537
 20
353.3602377289147
 30
-5.0
  0
VERTEX
  5
A4F
  8
DEFAULT
 10
748.4227755738157
 20
353.3288806455426
 30
-5.0
  0
VERTEX
  5
A50
  8
DEFAULT
 10
748.4293525484441
 20
353.297469413133
 30
-5.0
  0
VERTEX
  5
A51
  8
DEFAULT
 10
748.4365598548108
 20
353.2660032643548
 30
-5.0
  0
VERTEX
  5
A52
  8
DEFAULT
 10
748.4443917005486
 20
353.2344812887674
 30
-5.0
  0
VERTEX
  5
A53
  8
DEFAULT
 10
748.452841840501
 20
353.2029024267181
 30
-5.0
  0
VERTEX
  5
A54
  8
DEFAULT
 10
748.4715697311808
 20
353.1395690209064
 30
-5.0
  0
VERTEX
  5
A55
  8
DEFAULT
 10
748.4926843348605
 20
353.0759913439407
 30
-5.0
  0
VERTEX
  5
A56
  8
DEFAULT
 10
748.5161189124984
 20
353.0121548881964
 30
-5.0
  0
VERTEX
  5
A57
  8
DEFAULT
 10
748.5417990128589
 20
352.9480421158763
 30
-5.0
  0
VERTEX
  5
A58
  8
DEFAULT
 10
748.569642294084
 20
352.8836322197232
 30
-5.0
  0
VERTEX
  5
A59
  8
DEFAULT
 10
748.5995583287007
 20
352.8189008681007
 30
-5.0
  0
VERTEX
  5
A5A
  8
DEFAULT
 10
748.6314483883846
 20
352.7538199322971
 30
-5.0
  0
VERTEX
  5
A5B
  8
DEFAULT
 10
748.6652052043464
 20
352.6883571935877
 30
-5.0
  0
VERTEX
  5
A5C
  8
DEFAULT
 10
748.7378456814828
 20
352.5561350601764
 30
-5.0
  0
VERTEX
  5
A5D
  8
DEFAULT
 10
749.2322350669901
 20
351.7337586185682
 30
-5.0
  0
VERTEX
  5
A5E
  8
DEFAULT
 10
749.2982664821776
 20
351.6118073137311
 30
-5.0
  0
VERTEX
  5
A5F
  8
DEFAULT
 10
749.3617001290775
 20
351.4882981875218
 30
-5.0
  0
VERTEX
  5
A60
  8
DEFAULT
 10
749.4224821653074
 20
351.3633146550836
 30
-5.0
  0
VERTEX
  5
A61
  8
DEFAULT
 10
749.4805623421621
 20
351.2369425652533
 30
-5.0
  0
VERTEX
  5
A62
  8
DEFAULT
 10
749.5358941398064
 20
351.1092700056463
 30
-5.0
  0
VERTEX
  5
A63
  8
DEFAULT
 10
749.5884348896875
 20
350.9803870988733
 30
-5.0
  0
VERTEX
  5
A64
  8
DEFAULT
 10
749.6381458834968
 20
350.8503857908698
 30
-5.0
  0
VERTEX
  5
A65
  8
DEFAULT
 10
749.6849924681001
 20
350.7193596323843
 30
-5.0
  0
VERTEX
  5
A66
  8
DEFAULT
 10
749.7289441259478
 20
350.5874035547131
 30
-5.0
  0
VERTEX
  5
A67
  8
DEFAULT
 10
749.7699745405764
 20
350.4546136408084
 30
-5.0
  0
VERTEX
  5
A68
  8
DEFAULT
 10
749.8080616469051
 20
350.3210868929181
 30
-5.0
  0
VERTEX
  5
A69
  8
DEFAULT
 10
749.8431876661456
 20
350.1869209979342
 30
-5.0
  0
VERTEX
  5
A6A
  8
DEFAULT
 10
749.8753391252346
 20
350.0522140916297
 30
-5.0
  0
VERTEX
  5
A6B
  8
DEFAULT
 10
749.9045068608096
 20
349.9170645229716
 30
-5.0
  0
VERTEX
  5
A6C
  8
DEFAULT
 10
749.9306860078487
 20
349.781570619677
 30
-5.0
  0
VERTEX
  5
A6D
  8
DEFAULT
 10
749.953875973194
 20
349.6458304561636
 30
-5.0
  0
VERTEX
  5
A6E
  8
DEFAULT
 10
749.9740803942767
 20
349.5099416250138
 30
-5.0
  0
VERTEX
  5
A6F
  8
DEFAULT
 10
749.9913070834558
 20
349.3740010130293
 30
-5.0
  0
VERTEX
  5
A70
  8
DEFAULT
 10
750.005567958462
 20
349.2381045829076
 30
-5.0
  0
VERTEX
  5
A71
  8
DEFAULT
 10
750.0168789595341
 20
349.1023471615151
 30
-5.0
  0
VERTEX
  5
A72
  8
DEFAULT
 10
750.0252599538958
 20
348.9668222356677
 30
-5.0
  0
VERTEX
  5
A73
  8
DEFAULT
 10
750.0307346282972
 20
348.8316217562623
 30
-5.0
  0
VERTEX
  5
A74
  8
DEFAULT
 10
750.0333303704002
 20
348.6968359515253
 30
-5.0
  0
VERTEX
  5
A75
  8
DEFAULT
 10
750.0330781398455
 20
348.5625531500709
 30
-5.0
  0
VERTEX
  5
A76
  8
DEFAULT
 10
750.0300123298734
 20
348.4288596143758
 30
-5.0
  0
VERTEX
  5
A77
  8
DEFAULT
 10
750.0241706204124
 20
348.2958393851923
 30
-5.0
  0
VERTEX
  5
A78
  8
DEFAULT
 10
750.015593823571
 20
348.1635741373394
 30
-5.0
  0
VERTEX
  5
A79
  8
DEFAULT
 10
750.0043257224913
 20
348.0321430472253
 30
-5.0
  0
VERTEX
  5
A7A
  8
DEFAULT
 10
749.9904129045261
 20
347.9016226723628
 30
-5.0
  0
VERTEX
  5
A7B
  8
DEFAULT
 10
749.973904589704
 20
347.772086843063
 30
-5.0
  0
VERTEX
  5
A7C
  8
DEFAULT
 10
749.9548524554444
 20
347.643606566403
 30
-5.0
  0
VERTEX
  5
A7D
  8
DEFAULT
 10
749.9198208557729
 20
347.4435686362485
 30
-5.0
  0
VERTEX
  5
A7E
  8
DEFAULT
 10
749.878059795011
 20
347.2431185603178
 30
-5.0
  0
VERTEX
  5
A7F
  8
DEFAULT
 10
749.8294763044664
 20
347.0425802591663
 30
-5.0
  0
VERTEX
  5
A80
  8
DEFAULT
 10
749.7739973907343
 20
346.8422880909126
 30
-5.0
  0
VERTEX
  5
A81
  8
DEFAULT
 10
749.7115712051537
 20
346.6425853662321
 30
-5.0
  0
VERTEX
  5
A82
  8
DEFAULT
 10
749.6421680853578
 20
346.4438227217686
 30
-5.0
  0
VERTEX
  5
A83
  8
DEFAULT
 10
749.5657814501086
 20
346.2463563643586
 30
-5.0
  0
VERTEX
  5
A84
  8
DEFAULT
 10
749.4824285299094
 20
346.0505462011992
 30
-5.0
  0
VERTEX
  5
A85
  8
DEFAULT
 10
749.392150917658
 20
345.8567538737074
 30
-5.0
  0
VERTEX
  5
A86
  8
DEFAULT
 10
749.2950149257664
 20
345.66534071517
 30
-5.0
  0
VERTEX
  5
A87
  8
DEFAULT
 10
749.1911117387576
 20
345.4766656543765
 30
-5.0
  0
VERTEX
  5
A88
  8
DEFAULT
 10
749.0805573532521
 20
345.291083089108
 30
-5.0
  0
VERTEX
  5
A89
  8
DEFAULT
 10
748.9634923004546
 20
345.1089407546393
 30
-5.0
  0
VERTEX
  5
A8A
  8
DEFAULT
 10
748.8400811496628
 20
344.9305776131798
 30
-5.0
  0
VERTEX
  5
A8B
  8
DEFAULT
 10
748.7105117948521
 20
344.7563217904574
 30
-5.0
  0
VERTEX
  5
A8C
  8
DEFAULT
 10
748.5749945299629
 20
344.5864885853509
 30
-5.0
  0
VERTEX
  5
A8D
  8
DEFAULT
 10
748.4337609220565
 20
344.421378577667
 30
-5.0
  0
VERTEX
  5
A8E
  8
DEFAULT
 10
748.2870624948614
 20
344.2612758577733
 30
-5.0
  0
VERTEX
  5
A8F
  8
DEFAULT
 10
748.1351692383968
 20
344.1064463999451
 30
-5.0
  0
VERTEX
  5
A90
  8
DEFAULT
 10
747.9783679631669
 20
343.9571365989317
 30
-5.0
  0
VERTEX
  5
A91
  8
DEFAULT
 10
747.816960519865
 20
343.8135719865343
 30
-5.0
  0
VERTEX
  5
A92
  8
DEFAULT
 10
747.651261907488
 20
343.6759561419073
 30
-5.0
  0
VERTEX
  5
A93
  8
DEFAULT
 10
747.481598294259
 20
343.5444698060087
 30
-5.0
  0
VERTEX
  5
A94
  8
DEFAULT
 10
747.3083049766898
 20
343.4192702071497
 30
-5.0
  0
VERTEX
  5
A95
  8
DEFAULT
 10
747.1317243025345
 20
343.300490601085
 30
-5.0
  0
VERTEX
  5
A96
  8
DEFAULT
 10
746.9522035832505
 20
343.1882400255791
 30
-5.0
  0
VERTEX
  5
A97
  8
DEFAULT
 10
746.7700930209511
 20
343.0826032660194
 30
-5.0
  0
VERTEX
  5
A98
  8
DEFAULT
 10
746.5857436736972
 20
342.9836410254524
 30
-5.0
  0
VERTEX
  5
A99
  8
DEFAULT
 10
746.3995054814475
 20
342.8913902895189
 30
-5.0
  0
VERTEX
  5
A9A
  8
DEFAULT
 10
746.2117253730465
 20
342.8058648741663
 30
-5.0
  0
VERTEX
  5
A9B
  8
DEFAULT
 10
746.0227454724204
 20
342.7270561418088
 30
-5.0
  0
VERTEX
  5
A9C
  8
DEFAULT
 10
745.8329014196959
 20
342.6549338697888
 30
-5.0
  0
VERTEX
  5
A9D
  8
DEFAULT
 10
745.6913536151468
 20
342.605665458214
 30
-5.0
  0
VERTEX
  5
A9E
  8
DEFAULT
 10
745.5475139573985
 20
342.5594722740559
 30
-5.0
  0
VERTEX
  5
A9F
  8
DEFAULT
 10
745.401604141594
 20
342.5164681064164
 30
-5.0
  0
VERTEX
  5
AA0
  8
DEFAULT
 10
745.2538560570866
 20
342.4767573192646
 30
-5.0
  0
VERTEX
  5
AA1
  8
DEFAULT
 10
745.1045106137395
 20
342.4404341013305
 30
-5.0
  0
VERTEX
  5
AA2
  8
DEFAULT
 10
744.9538164699129
 20
342.4075817910286
 30
-5.0
  0
VERTEX
  5
AA3
  8
DEFAULT
 10
744.8020286757567
 20
342.3782722859521
 30
-5.0
  0
VERTEX
  5
AA4
  8
DEFAULT
 10
744.6494072470658
 20
342.3525655452954
 30
-5.0
  0
VERTEX
  5
AA5
  8
DEFAULT
 10
744.4962156862747
 20
342.3305091921707
 30
-5.0
  0
VERTEX
  5
AA6
  8
DEFAULT
 10
744.342719468179
 20
342.3121382212419
 30
-5.0
  0
VERTEX
  5
AA7
  8
DEFAULT
 10
744.1891845086242
 20
342.2974748154179
 30
-5.0
  0
VERTEX
  5
AA8
  8
DEFAULT
 10
744.0358756346741
 20
342.2865282736048
 30
-5.0
  0
VERTEX
  5
AA9
  8
DEFAULT
 10
743.8830550746568
 20
342.279295049711
 30
-5.0
  0
VERTEX
  5
AAA
  8
DEFAULT
 10
743.730980986012
 20
342.2757589013304
 30
-5.0
  0
VERTEX
  5
AAB
  8
DEFAULT
 10
743.5799060380039
 20
342.2758911447936
 30
-5.0
  0
VERTEX
  5
AAC
  8
DEFAULT
 10
743.4300760651917
 20
342.2796510116546
 30
-5.0
  0
VERTEX
  5
AAD
  8
DEFAULT
 10
742.6325833747767
 20
342.3224247028762
 30
-5.0
  0
VERTEX
  5
AAE
  8
DEFAULT
 10
742.4813266756025
 20
342.3242558996023
 30
-5.0
  0
VERTEX
  5
AAF
  8
DEFAULT
 10
742.407189463051
 20
342.3232663106906
 30
-5.0
  0
VERTEX
  5
AB0
  8
DEFAULT
 10
742.3341240069402
 20
342.3208402482039
 30
-5.0
  0
VERTEX
  5
AB1
  8
DEFAULT
 10
742.2621841559105
 20
342.31686604683
 30
-5.0
  0
VERTEX
  5
AB2
  8
DEFAULT
 10
742.1914202672639
 20
342.3112422306382
 30
-5.0
  0
VERTEX
  5
AB3
  8
DEFAULT
 10
742.1218792288311
 20
342.3038772653197
 30
-5.0
  0
VERTEX
  5
AB4
  8
DEFAULT
 10
742.0536044796289
 20
342.2946893026462
 30
-5.0
  0
VERTEX
  5
AB5
  8
DEFAULT
 10
741.9866360298352
 20
342.2836059164622
 30
-5.0
  0
VERTEX
  5
AB6
  8
DEFAULT
 10
741.9210104805858
 20
342.2705638295787
 30
-5.0
  0
VERTEX
  5
AB7
  8
DEFAULT
 10
741.8567610440841
 20
342.2555086310045
 30
-5.0
  0
VERTEX
  5
AB8
  8
DEFAULT
 10
741.8251618253825
 20
342.2472114638779
 30
-5.0
  0
VERTEX
  5
AB9
  8
DEFAULT
 10
741.793917564483
 20
342.238394483021
 30
-5.0
  0
VERTEX
  5
ABA
  8
DEFAULT
 10
741.7630314692667
 20
342.2290532485006
 30
-5.0
  0
VERTEX
  5
ABB
  8
DEFAULT
 10
741.7325065399548
 20
342.2191838176806
 30
-5.0
  0
VERTEX
  5
ABC
  8
DEFAULT
 10
741.7023455698899
 20
342.2087827351362
 30
-5.0
  0
VERTEX
  5
ABD
  8
DEFAULT
 10
741.6725511463503
 20
342.1978470223915
 30
-5.0
  0
VERTEX
  5
ABE
  8
DEFAULT
 10
741.6431256513999
 20
342.18637416748
 30
-5.0
  0
VERTEX
  5
ABF
  8
DEFAULT
 10
741.6140712627747
 20
342.1743621143259
 30
-5.0
  0
VERTEX
  5
AC0
  8
DEFAULT
 10
741.585389954806
 20
342.1618092519459
 30
-5.0
  0
VERTEX
  5
AC1
  8
DEFAULT
 10
741.5570834993875
 20
342.1487144034724
 30
-5.0
  0
VERTEX
  5
AC2
  8
DEFAULT
 10
741.5291534669803
 20
342.1350768149953
 30
-5.0
  0
VERTEX
  5
AC3
  8
DEFAULT
 10
741.5016012276647
 20
342.1208961442263
 30
-5.0
  0
VERTEX
  5
AC4
  8
DEFAULT
 10
741.4744279522305
 20
342.1061724489812
 30
-5.0
  0
VERTEX
  5
AC5
  8
DEFAULT
 10
741.4476346133167
 20
342.0909061754857
 30
-5.0
  0
VERTEX
  5
AC6
  8
DEFAULT
 10
741.421221986593
 20
342.0750981465023
 30
-5.0
  0
VERTEX
  5
AC7
  8
DEFAULT
 10
741.3951906519862
 20
342.0587495492805
 30
-5.0
  0
VERTEX
  5
AC8
  8
DEFAULT
 10
741.3695409949538
 20
342.0418619233315
 30
-5.0
  0
VERTEX
  5
AC9
  8
DEFAULT
 10
741.3442732077986
 20
342.0244371480271
 30
-5.0
  0
VERTEX
  5
ACA
  8
DEFAULT
 10
741.3193872910294
 20
342.006477430027
 30
-5.0
  0
VERTEX
  5
ACB
  8
DEFAULT
 10
741.2948830547642
 20
341.9879852905339
 30
-5.0
  0
VERTEX
  5
ACC
  8
DEFAULT
 10
741.2707601201745
 20
341.9689635523767
 30
-5.0
  0
VERTEX
  5
ACD
  8
DEFAULT
 10
741.2470179209696
 20
341.9494153269275
 30
-5.0
  0
VERTEX
  5
ACE
  8
DEFAULT
 10
741.2236557049202
 20
341.9293440008483
 30
-5.0
  0
VERTEX
  5
ACF
  8
DEFAULT
 10
741.200672535418
 20
341.9087532226741
 30
-5.0
  0
VERTEX
  5
AD0
  8
DEFAULT
 10
741.1780672930681
 20
341.8876468892288
 30
-5.0
  0
VERTEX
  5
AD1
  8
DEFAULT
 10
741.1558386773148
 20
341.8660291318787
 30
-5.0
  0
VERTEX
  5
AD2
  8
DEFAULT
 10
741.1339852080941
 20
341.843904302622
 30
-5.0
  0
VERTEX
  5
AD3
  8
DEFAULT
 10
741.112505227511
 20
341.821276960016
 30
-5.0
  0
VERTEX
  5
AD4
  8
DEFAULT
 10
741.0913969015404
 20
341.7981518549422
 30
-5.0
  0
VERTEX
  5
AD5
  8
DEFAULT
 10
741.0706582217425
 20
341.7745339162079
 30
-5.0
  0
VERTEX
  5
AD6
  8
DEFAULT
 10
741.050287006994
 20
341.7504282359854
 30
-5.0
  0
VERTEX
  5
AD7
  8
DEFAULT
 10
741.0302809052266
 20
341.7258400550872
 30
-5.0
  0
VERTEX
  5
AD8
  8
DEFAULT
 10
741.0106373951687
 20
341.7007747480735
 30
-5.0
  0
VERTEX
  5
AD9
  8
DEFAULT
 10
740.9913537880868
 20
341.6752378081935
 30
-5.0
  0
VERTEX
  5
ADA
  8
DEFAULT
 10
740.9538547009953
 20
341.6227715047102
 30
-5.0
  0
VERTEX
  5
ADB
  8
DEFAULT
 10
740.9177588503321
 20
341.5684868811894
 30
-5.0
  0
VERTEX
  5
ADC
  8
DEFAULT
 10
740.8830388720579
 20
341.5124305797003
 30
-5.0
  0
VERTEX
  5
ADD
  8
DEFAULT
 10
740.8496648833993
 20
341.454649633582
 30
-5.0
  0
VERTEX
  5
ADE
  8
DEFAULT
 10
740.8176045313347
 20
341.395190939679
 30
-5.0
  0
VERTEX
  5
ADF
  8
DEFAULT
 10
740.7868230367386
 20
341.3341007155664
 30
-5.0
  0
VERTEX
  5
AE0
  8
DEFAULT
 10
740.7572832329191
 20
341.271423939841
 30
-5.0
  0
VERTEX
  5
AE1
  8
DEFAULT
 10
740.7289455971156
 20
341.2072037730354
 30
-5.0
  0
VERTEX
  5
AE2
  8
DEFAULT
 10
740.7017682733624
 20
341.1414809561076
 30
-5.0
  0
VERTEX
  5
AE3
  8
DEFAULT
 10
740.6757070849158
 20
341.074293182733
 30
-5.0
  0
VERTEX
  5
AE4
  8
DEFAULT
 10
740.6507155342068
 20
341.0056744407802
 30
-5.0
  0
VERTEX
  5
AE5
  8
DEFAULT
 10
740.6267447880124
 20
340.9356543173389
 30
-5.0
  0
VERTEX
  5
AE6
  8
DEFAULT
 10
740.5816584840162
 20
340.7915017894048
 30
-5.0
  0
VERTEX
  5
AE7
  8
DEFAULT
 10
740.5400090283164
 20
340.6419548561237
 30
-5.0
  0
VERTEX
  5
AE8
  8
DEFAULT
 10
740.5013153804823
 20
340.4870087869099
 30
-5.0
  0
VERTEX
  5
AE9
  8
DEFAULT
 10
740.4650494876583
 20
340.3265004455994
 30
-5.0
  0
VERTEX
  5
AEA
  8
DEFAULT
 10
740.4306282123188
 20
340.1600655263785
 30
-5.0
  0
VERTEX
  5
AEB
  8
DEFAULT
 10
740.3646325220094
 20
339.8066056660382
 30
-5.0
  0
VERTEX
  5
AEC
  8
DEFAULT
 10
740.2693025651803
 20
339.233093536462
 30
-5.0
  0
VERTEX
  5
AED
  8
DEFAULT
 10
740.187075310754
 20
338.6598200230055
 30
-5.0
  0
VERTEX
  5
AEE
  8
DEFAULT
 10
740.1178576377998
 20
338.0872173692846
 30
-5.0
  0
VERTEX
  5
AEF
  8
DEFAULT
 10
740.0615382804502
 20
337.5157097769975
 30
-5.0
  0
VERTEX
  5
AF0
  8
DEFAULT
 10
740.0179884852523
 20
336.9457125102749
 30
-5.0
  0
VERTEX
  5
AF1
  8
DEFAULT
 10
739.9870627170982
 20
336.3776310564488
 30
-5.0
  0
VERTEX
  5
AF2
  8
DEFAULT
 10
739.9685994085504
 20
335.8118603458843
 30
-5.0
  0
SEQEND
  5
AF3
  8
DEFAULT
  0
CIRCLE
  5
AF4
  8
FAB
 10
715.058566578582
 20
321.882773241827
 30
0.0
 40
1.625
  0
CIRCLE
  5
AF5
  8
FAB
 10
-715.0585665785823
 20
346.9276439012797
 30
0.0
 40
1.625
210
0.0
220
0.0
230
-1.0
  0
CIRCLE
  5
AF6
  8
FAB
 10
732.3171203769771
 20
334.4052085715546
 30
0.0
 40
1.624999999998016
  0
POLYLINE
  5
AF7
  8
FAB
 66
     1
 10
0.0
 20
0.0
 30
0.0
 70
     1
  0
VERTEX
  5
AF8
  8
FAB
 10
737.8276651230384
 20
334.4052085715531
 30
0.0
 42
-0.4142135781693765
  0
VERTEX
  5
AF9
  8
FAB
 10
732.3171200797847
 20
328.8946638254902
 30
0.0
  0
VERTEX
  5
AFA
  8
FAB
 10
730.6945227491356
 20
328.8946638255371
 30
0.0
 42
0.2616171278859256
  0
VERTEX
  5
AFB
  8
FAB
 10
728.1326740928164
 20
327.4557312368167
 30
0.0
 42
-0.0544072452038547
  0
VERTEX
  5
AFC
  8
FAB
 10
726.3651462663588
 20
325.1592722687548
 30
0.0
 42
-0.2043018768846831
  0
VERTEX
  5
AFD
  8
FAB
 10
724.558176043485
 20
324.3887775768549
 30
0.0
  0
VERTEX
  5
AFE
  8
FAB
 10
723.2468500738951
 20
324.388777576855
 30
0.0
 42
0.3966729524569758
  0
VERTEX
  5
AFF
  8
FAB
 10
720.2522947024245
 20
321.5694378303589
 30
0.0
 42
-0.9643408361594089
  0
VERTEX
  5
B00
  8
FAB
 10
709.8557920402474
 20
321.818523668101
 30
0.0
 42
0.303433834475841
  0
VERTEX
  5
B01
  8
FAB
 10
707.9688696260671
 20
324.5674381731525
 30
0.0
 42
-0.1069254111706194
  0
VERTEX
  5
B02
  8
FAB
 10
707.0907972223721
 20
325.1592722687546
 30
0.0
 42
-0.069647540992559
  0
VERTEX
  5
B03
  8
FAB
 10
704.922534139738
 20
328.1606818604234
 30
0.0
 42
0.2779037445361613
  0
VERTEX
  5
B04
  8
FAB
 10
702.7090145888703
 20
329.493940850761
 30
0.0
  0
VERTEX
  5
B05
  8
FAB
 10
698.780337275038
 20
329.4939408507611
 30
0.0
 42
-0.4142135623729754
  0
VERTEX
  5
B06
  8
FAB
 10
697.9456346921465
 20
330.3286434336526
 30
0.0
  0
VERTEX
  5
B07
  8
FAB
 10
697.9456346921465
 20
331.6159759614386
 30
0.0
 42
-0.4142135623729998
  0
VERTEX
  5
B08
  8
FAB
 10
698.7803372750379
 20
332.4506785443302
 30
0.0
  0
VERTEX
  5
B09
  8
FAB
 10
705.0282093703833
 20
332.4506785443302
 30
0.0
 42
-0.3111722180473427
  0
VERTEX
  5
B0A
  8
FAB
 10
707.3681618451797
 20
330.838298350835
 30
0.0
 42
0.1215850668255494
  0
VERTEX
  5
B0B
  8
FAB
 10
710.1027253852626
 20
326.8928853255293
 30
0.0
  0
VERTEX
  5
B0C
  8
FAB
 10
723.3532181034684
 20
326.8928853255293
 30
0.0
 42
0.4514162296450744
  0
VERTEX
  5
B0D
  8
FAB
 10
723.3532181034684
 20
341.917531817577
 30
0.0
  0
VERTEX
  5
B0E
  8
FAB
 10
710.1027253852626
 20
341.9175318175772
 30
0.0
 42
0.1215850668255515
  0
VERTEX
  5
B0F
  8
FAB
 10
707.3681618451797
 20
337.9721187922714
 30
0.0
 42
-0.3111722180474459
  0
VERTEX
  5
B10
  8
FAB
 10
705.0282093703833
 20
336.3597385987763
 30
0.0
  0
VERTEX
  5
B11
  8
FAB
 10
698.7803372750379
 20
336.3597385987763
 30
0.0
 42
-0.41421356237306
  0
VERTEX
  5
B12
  8
FAB
 10
697.9456346921465
 20
337.1944411816679
 30
0.0
  0
VERTEX
  5
B13
  8
FAB
 10
697.9456346921465
 20
338.4817737094539
 30
0.0
 42
-0.414213562373277
  0
VERTEX
  5
B14
  8
FAB
 10
698.7803372750382
 20
339.3164762923453
 30
0.0
  0
VERTEX
  5
B15
  8
FAB
 10
702.7090145888704
 20
339.3164762923454
 30
0.0
 42
0.2779037445362817
  0
VERTEX
  5
B16
  8
FAB
 10
704.922534139738
 20
340.6497352826831
 30
0.0
 42
-0.0696475409925161
  0
VERTEX
  5
B17
  8
FAB
 10
707.0907972223722
 20
343.6511448743519
 30
0.0
 42
-0.1069254111705174
  0
VERTEX
  5
B18
  8
FAB
 10
707.9688696260671
 20
344.242978969954
 30
0.0
 42
0.303433834475879
  0
VERTEX
  5
B19
  8
FAB
 10
709.8557920402474
 20
346.9918934750054
 30
0.0
 42
-0.9643408361594297
  0
VERTEX
  5
B1A
  8
FAB
 10
720.2522947024248
 20
347.2409793127474
 30
0.0
 42
0.3966729524570353
  0
VERTEX
  5
B1B
  8
FAB
 10
723.2468500738952
 20
344.4216395662514
 30
0.0
  0
VERTEX
  5
B1C
  8
FAB
 10
724.5581760434852
 20
344.4216395662514
 30
0.0
 42
-0.2043018768846508
  0
VERTEX
  5
B1D
  8
FAB
 10
726.3651462663588
 20
343.6511448743516
 30
0.0
 42
-0.0544072452039154
  0
VERTEX
  5
B1E
  8
FAB
 10
728.1326740928163
 20
341.3546859062894
 30
0.0
 42
0.2616171278859157
  0
VERTEX
  5
B1F
  8
FAB
 10
730.6945227491357
 20
339.915753317569
 30
0.0
  0
VERTEX
  5
B20
  8
FAB
 10
732.3171200797847
 20
339.915753317616
 30
0.0
 42
-0.4142135781693386
  0
SEQEND
  5
B21
  8
FAB
  0
CIRCLE
  5
B22
  8
FAB
 10
-715.0585665785823
 20
346.9276439012797
 30
-0.0000000000000039
 40
1.625
210
0.0
220
0.0
230
-1.0
  0
CIRCLE
  5
B23
  8
FAB
 10
-732.3171203769772
 20
334.4052085715545
 30
-0.0000000000000039
 40
1.624999999997969
210
0.0
220
0.0
230
-1.0
  0
CIRCLE
  5
B24
  8
FAB
 10
-715.0585665785821
 20
321.8827732418271
 30
-0.0000000000000039
 40
1.624999999999886
210
0.0
220
0.0
230
-1.0
  0
POLYLINE
  5
B25
  8
FAB
 66
     1
 10
0.0
 20
0.0
 30
0.0
 70
     1
  0
VERTEX
  5
B26
  8
FAB
 10
737.8276651230385
 20
334.405208571553
 30
0.0
 42
0.4142135781693594
  0
VERTEX
  5
B27
  8
FAB
 10
732.3171200797847
 20
339.9157533176158
 30
0.0
  0
VERTEX
  5
B28
  8
FAB
 10
730.6945227491357
 20
339.915753317569
 30
0.0
 42
-0.2616171278859619
  0
VERTEX
  5
B29
  8
FAB
 10
728.1326740928165
 20
341.3546859062895
 30
0.0
 42
0.0544072452038295
  0
VERTEX
  5
B2A
  8
FAB
 10
726.3651462663589
 20
343.6511448743516
 30
0.0
 42
0.204301876884631
  0
VERTEX
  5
B2B
  8
FAB
 10
724.5581760434852
 20
344.4216395662514
 30
0.0
  0
VERTEX
  5
B2C
  8
FAB
 10
723.2468500738951
 20
344.4216395662514
 30
0.0
 42
-0.3966729524570231
  0
VERTEX
  5
B2D
  8
FAB
 10
720.2522947024245
 20
347.2409793127475
 30
0.0
 42
0.9643408361593612
  0
VERTEX
  5
B2E
  8
FAB
 10
709.8557920402475
 20
346.9918934750053
 30
0.0
 42
-0.3034338344758388
  0
VERTEX
  5
B2F
  8
FAB
 10
707.9688696260671
 20
344.2429789699538
 30
0.0
 42
0.1069254111706876
  0
VERTEX
  5
B30
  8
FAB
 10
707.0907972223723
 20
343.6511448743518
 30
0.0
 42
0.0696475409925318
  0
VERTEX
  5
B31
  8
FAB
 10
704.9225341397379
 20
340.6497352826831
 30
0.0
 42
-0.2779037445363012
  0
VERTEX
  5
B32
  8
FAB
 10
702.7090145888704
 20
339.3164762923454
 30
0.0
  0
VERTEX
  5
B33
  8
FAB
 10
698.7803372750382
 20
339.3164762923454
 30
0.0
 42
0.4142135623734681
  0
VERTEX
  5
B34
  8
FAB
 10
697.9456346921465
 20
338.4817737094539
 30
0.0
  0
VERTEX
  5
B35
  8
FAB
 10
697.9456346921465
 20
337.1944411816679
 30
0.0
 42
0.4142135623731924
  0
VERTEX
  5
B36
  8
FAB
 10
698.7803372750379
 20
336.3597385987764
 30
0.0
  0
VERTEX
  5
B37
  8
FAB
 10
705.0282093703833
 20
336.3597385987763
 30
0.0
 42
0.311172218047438
  0
VERTEX
  5
B38
  8
FAB
 10
707.3681618451797
 20
337.9721187922714
 30
0.0
 42
-0.1215850668255279
  0
VERTEX
  5
B39
  8
FAB
 10
710.1027253852626
 20
341.9175318175772
 30
0.0
  0
VERTEX
  5
B3A
  8
FAB
 10
723.3532181034684
 20
341.917531817577
 30
0.0
 42
-0.4514162296451666
  0
VERTEX
  5
B3B
  8
FAB
 10
723.3532181034684
 20
326.8928853255293
 30
0.0
  0
VERTEX
  5
B3C
  8
FAB
 10
710.1027253852626
 20
326.8928853255293
 30
0.0
 42
-0.1215850668255918
  0
VERTEX
  5
B3D
  8
FAB
 10
707.3681618451797
 20
330.838298350835
 30
0.0
 42
0.311172218047422
  0
VERTEX
  5
B3E
  8
FAB
 10
705.0282093703833
 20
332.4506785443302
 30
0.0
  0
VERTEX
  5
B3F
  8
FAB
 10
698.7803372750379
 20
332.4506785443302
 30
0.0
 42
0.41421356237306
  0
VERTEX
  5
B40
  8
FAB
 10
697.9456346921465
 20
331.6159759614386
 30
0.0
  0
VERTEX
  5
B41
  8
FAB
 10
697.9456346921465
 20
330.3286434336526
 30
0.0
 42
0.4142135623734201
  0
VERTEX
  5
B42
  8
FAB
 10
698.780337275038
 20
329.4939408507611
 30
0.0
  0
VERTEX
  5
B43
  8
FAB
 10
702.7090145888703
 20
329.4939408507611
 30
0.0
 42
-0.2779037445361793
  0
VERTEX
  5
B44
  8
FAB
 10
704.922534139738
 20
328.1606818604233
 30
0.0
 42
0.0696475409924833
  0
VERTEX
  5
B45
  8
FAB
 10
707.0907972223721
 20
325.1592722687546
 30
0.0
 42
0.106925411170442
  0
VERTEX
  5
B46
  8
FAB
 10
707.9688696260671
 20
324.5674381731526
 30
0.0
 42
-0.3034338344757279
  0
VERTEX
  5
B47
  8
FAB
 10
709.8557920402471
 20
321.818523668101
 30
0.0
 42
0.9643408361594081
  0
VERTEX
  5
B48
  8
FAB
 10
720.2522947024245
 20
321.5694378303588
 30
0.0
 42
-0.3966729524569574
  0
VERTEX
  5
B49
  8
FAB
 10
723.2468500738951
 20
324.3887775768549
 30
0.0
  0
VERTEX
  5
B4A
  8
FAB
 10
724.558176043485
 20
324.3887775768549
 30
0.0
 42
0.2043018768845732
  0
VERTEX
  5
B4B
  8
FAB
 10
726.3651462663588
 20
325.1592722687547
 30
0.0
 42
0.0544072452037972
  0
VERTEX
  5
B4C
  8
FAB
 10
728.1326740928164
 20
327.4557312368167
 30
0.0
 42
-0.261617127885978
  0
VERTEX
  5
B4D
  8
FAB
 10
730.6945227491357
 20
328.894663825537
 30
0.0
  0
VERTEX
  5
B4E
  8
FAB
 10
732.3171200797847
 20
328.8946638254902
 30
0.0
 42
0.4142135781693549
  0
SEQEND
  5
B4F
  8
FAB
  0
CIRCLE
  5
B50
  8
FAB
 10
571.2925474905162
 20
374.5538699174783
 30
7.235084533691406
 40
1.140941619873047
  0
CIRCLE
  5
B51
  8
FAB
 10
574.387547757545
 20
374.5538699174783
 30
7.235084533691406
 40
1.140942573547363
  0
CIRCLE
  5
B52
  8
FAB
 10
577.3075468801646
 20
374.5538699174783
 30
7.235084533691406
 40
1.140941619873047
  0
CIRCLE
  5
B53
  8
FAB
 10
580.3575480245738
 20
374.5538699174783
 30
7.235084533691406
 40
1.140939712524414
  0
CIRCLE
  5
B54
  8
FAB
 10
563.8553955816417
 20
367.1167180086038
 30
7.235084533691406
 40
1.140941619873047
  0
CIRCLE
  5
B55
  8
FAB
 10
563.8553955816417
 20
364.0217177415749
 30
7.235084533691406
 40
1.140942573547363
  0
CIRCLE
  5
B56
  8
FAB
 10
563.8553955816417
 20
361.1017186189553
 30
7.235084533691406
 40
1.140941619873047
  0
CIRCLE
  5
B57
  8
FAB
 10
563.8553955816417
 20
358.0517174745461
 30
7.235084533691406
 40
1.140939712524414
  0
CIRCLE
  5
B58
  8
FAB
 10
556.4182436727672
 20
374.5538699174783
 30
7.235084533691406
 40
1.140941619873047
  0
CIRCLE
  5
B59
  8
FAB
 10
553.3232434057384
 20
374.5538699174783
 30
7.235084533691406
 40
1.140942573547363
  0
CIRCLE
  5
B5A
  8
FAB
 10
550.4032442831187
 20
374.5538699174783
 30
7.235084533691406
 40
1.140941619873047
  0
CIRCLE
  5
B5B
  8
FAB
 10
547.3532431387096
 20
374.5538699174783
 30
7.235084533691406
 40
1.140939712524414
  0
CIRCLE
  5
B5C
  8
FAB
 10
563.8553955816417
 20
381.9910218263528
 30
7.235084533691406
 40
1.140941619873047
  0
CIRCLE
  5
B5D
  8
FAB
 10
563.8553955816417
 20
385.0860220933816
 30
7.235084533691406
 40
1.140942573547363
  0
CIRCLE
  5
B5E
  8
FAB
 10
563.8553955816417
 20
388.0060212160012
 30
7.235084533691406
 40
1.140941619873047
  0
CIRCLE
  5
B5F
  8
FAB
 10
563.8553955816417
 20
391.0560223604104
 30
7.235084533691406
 40
1.140939712524414
  0
CIRCLE
  5
B60
  8
FAB
 10
563.8553955816417
 20
374.5538699174783
 30
7.235084533691406
 40
5.490092277526855
  0
CIRCLE
  5
B61
  8
FAB
 10
619.823083903709
 20
373.9182406211755
 30
1.0
 40
3.449035048484802
  0
CIRCLE
  5
B62
  8
FAB
 10
619.823083903709
 20
373.9182406211755
 30
1.0
 40
2.625921089546159
  0
CIRCLE
  5
B63
  8
FAB
 10
619.823083903709
 20
373.9182406211755
 30
1.0
 40
1.299078822135925
  0
CIRCLE
  5
B64
  8
FAB
 10
604.6315473579555
 20
375.0358181739709
 30
1.0
 40
3.45051372051239
  0
CIRCLE
  5
B65
  8
FAB
 10
604.6315473579555
 20
375.0358181739709
 30
1.0
 40
2.625513911247253
  0
CIRCLE
  5
B66
  8
FAB
 10
604.6315473579555
 20
375.0358181739709
 30
1.0
 40
1.299486041069031
  0
CIRCLE
  5
B67
  8
FAB
 10
592.8554065488963
 20
374.5431555057427
 30
1.5
 40
3.450807690620422
  0
CIRCLE
  5
B68
  8
FAB
 10
592.8553949855952
 20
374.5431458497903
 30
0.0
 40
2.624182462692261
  0
CIRCLE
  5
B69
  8
FAB
 10
592.8554065488963
 20
374.5431555057427
 30
1.5
 40
1.299192070960999
  0
POLYLINE
  5
B6A
  8
FAB
 66
     1
 10
0.0
 20
0.0
 30
0.0
 70
     1
  0
VERTEX
  5
B6B
  8
FAB
 10
619.8204717897563
 20
387.0191621328256
 30
0.0
  0
VERTEX
  5
B6C
  8
FAB
 10
619.7266111635356
 20
387.0117749715707
 30
0.0
  0
VERTEX
  5
B6D
  8
FAB
 10
619.6350622438579
 20
386.9897965932748
 30
0.0
  0
VERTEX
  5
B6E
  8
FAB
 10
619.5480776094585
 20
386.9537648702523
 30
0.0
  0
VERTEX
  5
B6F
  8
FAB
 10
619.4678011202006
 20
386.9045724416634
 30
0.0
  0
VERTEX
  5
B70
  8
FAB
 10
619.396208789268
 20
386.8434266591927
 30
0.0
  0
VERTEX
  5
B71
  8
FAB
 10
619.3350610994487
 20
386.7718324209115
 30
0.0
  0
VERTEX
  5
B72
  8
FAB
 10
619.2858686708598
 20
386.6915559316537
 30
0.0
  0
VERTEX
  5
B73
  8
FAB
 10
619.249838855186
 20
386.6045712972543
 30
0.0
  0
VERTEX
  5
B74
  8
FAB
 10
619.2278585695415
 20
386.5130223775765
 30
0.0
  0
VERTEX
  5
B75
  8
FAB
 10
619.2204714082866
 20
386.4191617513558
 30
0.0
  0
VERTEX
  5
B76
  8
FAB
 10
619.2278585695415
 20
386.3253011251351
 30
0.0
  0
VERTEX
  5
B77
  8
FAB
 10
619.249838855186
 20
386.2337512517831
 30
0.0
  0
VERTEX
  5
B78
  8
FAB
 10
619.2858686708598
 20
386.146767571058
 30
0.0
  0
VERTEX
  5
B79
  8
FAB
 10
619.3350610994487
 20
386.0664901281258
 30
0.0
  0
VERTEX
  5
B7A
  8
FAB
 10
619.396208789268
 20
385.9948977971932
 30
0.0
  0
VERTEX
  5
B7B
  8
FAB
 10
619.4678011202006
 20
385.9337520147225
 30
0.0
  0
VERTEX
  5
B7C
  8
FAB
 10
619.5480776094585
 20
385.884557678785
 30
0.0
  0
VERTEX
  5
B7D
  8
FAB
 10
619.6350622438579
 20
385.8485278631112
 30
0.0
  0
VERTEX
  5
B7E
  8
FAB
 10
619.7266111635356
 20
385.826548531141
 30
0.0
  0
VERTEX
  5
B7F
  8
FAB
 10
619.8204717897563
 20
385.8191613698861
 30
0.0
  0
VERTEX
  5
B80
  8
FAB
 10
619.914332415977
 20
385.826548531141
 30
0.0
  0
VERTEX
  5
B81
  8
FAB
 10
620.0058813356547
 20
385.8485278631112
 30
0.0
  0
VERTEX
  5
B82
  8
FAB
 10
620.0928659700542
 20
385.884557678785
 30
0.0
  0
VERTEX
  5
B83
  8
FAB
 10
620.173142459312
 20
385.9337520147225
 30
0.0
  0
VERTEX
  5
B84
  8
FAB
 10
620.2447366975932
 20
385.9948977971932
 30
0.0
  0
VERTEX
  5
B85
  8
FAB
 10
620.3058824800639
 20
386.0664901281258
 30
0.0
  0
VERTEX
  5
B86
  8
FAB
 10
620.3550749086528
 20
386.146767571058
 30
0.0
  0
VERTEX
  5
B87
  8
FAB
 10
620.3911047243266
 20
386.2337512517831
 30
0.0
  0
VERTEX
  5
B88
  8
FAB
 10
620.4130850099712
 20
386.3253011251351
 30
0.0
  0
VERTEX
  5
B89
  8
FAB
 10
620.4204702638774
 20
386.4191617513558
 30
0.0
  0
VERTEX
  5
B8A
  8
FAB
 10
620.4130850099712
 20
386.5130223775765
 30
0.0
  0
VERTEX
  5
B8B
  8
FAB
 10
620.3911047243266
 20
386.6045712972543
 30
0.0
  0
VERTEX
  5
B8C
  8
FAB
 10
620.3550749086528
 20
386.6915559316537
 30
0.0
  0
VERTEX
  5
B8D
  8
FAB
 10
620.3058824800639
 20
386.7718324209115
 30
0.0
  0
VERTEX
  5
B8E
  8
FAB
 10
620.2447366975932
 20
386.8434266591927
 30
0.0
  0
VERTEX
  5
B8F
  8
FAB
 10
620.173142459312
 20
386.9045724416634
 30
0.0
  0
VERTEX
  5
B90
  8
FAB
 10
620.0928659700542
 20
386.9537648702523
 30
0.0
  0
VERTEX
  5
B91
  8
FAB
 10
620.0058813356547
 20
386.9897965932748
 30
0.0
  0
VERTEX
  5
B92
  8
FAB
 10
619.914332415977
 20
387.0117749715707
 30
0.0
  0
SEQEND
  5
B93
  8
FAB
  0
POLYLINE
  5
B94
  8
FAB
 66
     1
 10
0.0
 20
0.0
 30
0.0
 70
     1
  0
VERTEX
  5
B95
  8
FAB
 10
619.8204717897563
 20
379.0191621328256
 30
0.0
  0
VERTEX
  5
B96
  8
FAB
 10
619.7266111635356
 20
379.0117749715707
 30
0.0
  0
VERTEX
  5
B97
  8
FAB
 10
619.6350622438579
 20
378.9897956396005
 30
0.0
  0
VERTEX
  5
B98
  8
FAB
 10
619.5480776094585
 20
378.9537658239266
 30
0.0
  0
VERTEX
  5
B99
  8
FAB
 10
619.4678011202006
 20
378.9045714879891
 30
0.0
  0
VERTEX
  5
B9A
  8
FAB
 10
619.396208789268
 20
378.8434257055184
 30
0.0
  0
VERTEX
  5
B9B
  8
FAB
 10
619.3350610994487
 20
378.7718333745858
 30
0.0
  0
VERTEX
  5
B9C
  8
FAB
 10
619.2858686708598
 20
378.6915559316537
 30
0.0
  0
VERTEX
  5
B9D
  8
FAB
 10
619.249838855186
 20
378.6045722509286
 30
0.0
  0
VERTEX
  5
B9E
  8
FAB
 10
619.2278585695415
 20
378.5130223775765
 30
0.0
  0
VERTEX
  5
B9F
  8
FAB
 10
619.2204714082866
 20
378.4191617513558
 30
0.0
  0
VERTEX
  5
BA0
  8
FAB
 10
619.2278585695415
 20
378.3253011251351
 30
0.0
  0
VERTEX
  5
BA1
  8
FAB
 10
619.249838855186
 20
378.2337517286202
 30
0.0
  0
VERTEX
  5
BA2
  8
FAB
 10
619.2858686708598
 20
378.146767571058
 30
0.0
  0
VERTEX
  5
BA3
  8
FAB
 10
619.3350610994487
 20
378.066490604963
 30
0.0
  0
VERTEX
  5
BA4
  8
FAB
 10
619.396208789268
 20
377.9948977971932
 30
0.0
  0
VERTEX
  5
BA5
  8
FAB
 10
619.4678011202006
 20
377.9337515378854
 30
0.0
  0
VERTEX
  5
BA6
  8
FAB
 10
619.5480776094585
 20
377.884557678785
 30
0.0
  0
VERTEX
  5
BA7
  8
FAB
 10
619.6350622438579
 20
377.8485278631112
 30
0.0
  0
VERTEX
  5
BA8
  8
FAB
 10
619.7266111635356
 20
377.826548531141
 30
0.0
  0
VERTEX
  5
BA9
  8
FAB
 10
619.8204717897563
 20
377.8191618467233
 30
0.0
  0
VERTEX
  5
BAA
  8
FAB
 10
619.914332415977
 20
377.826548531141
 30
0.0
  0
VERTEX
  5
BAB
  8
FAB
 10
620.0058813356547
 20
377.8485278631112
 30
0.0
  0
VERTEX
  5
BAC
  8
FAB
 10
620.0928659700542
 20
377.884557678785
 30
0.0
  0
VERTEX
  5
BAD
  8
FAB
 10
620.173142459312
 20
377.9337515378854
 30
0.0
  0
VERTEX
  5
BAE
  8
FAB
 10
620.2447366975932
 20
377.9948977971932
 30
0.0
  0
VERTEX
  5
BAF
  8
FAB
 10
620.3058824800639
 20
378.066490604963
 30
0.0
  0
VERTEX
  5
BB0
  8
FAB
 10
620.3550749086528
 20
378.146767571058
 30
0.0
  0
VERTEX
  5
BB1
  8
FAB
 10
620.3911047243266
 20
378.2337517286202
 30
0.0
  0
VERTEX
  5
BB2
  8
FAB
 10
620.4130850099712
 20
378.3253011251351
 30
0.0
  0
VERTEX
  5
BB3
  8
FAB
 10
620.4204702638774
 20
378.4191617513558
 30
0.0
  0
VERTEX
  5
BB4
  8
FAB
 10
620.4130850099712
 20
378.5130223775765
 30
0.0
  0
VERTEX
  5
BB5
  8
FAB
 10
620.3911047243266
 20
378.6045722509286
 30
0.0
  0
VERTEX
  5
BB6
  8
FAB
 10
620.3550749086528
 20
378.6915559316537
 30
0.0
  0
VERTEX
  5
BB7
  8
FAB
 10
620.3058824800639
 20
378.7718333745858
 30
0.0
  0
VERTEX
  5
BB8
  8
FAB
 10
620.2447366975932
 20
378.8434257055184
 30
0.0
  0
VERTEX
  5
BB9
  8
FAB
 10
620.173142459312
 20
378.9045714879891
 30
0.0
  0
VERTEX
  5
BBA
  8
FAB
 10
620.0928659700542
 20
378.9537658239266
 30
0.0
  0
VERTEX
  5
BBB
  8
FAB
 10
620.0058813356547
 20
378.9897956396005
 30
0.0
  0
VERTEX
  5
BBC
  8
FAB
 10
619.914332415977
 20
379.0117749715707
 30
0.0
  0
SEQEND
  5
BBD
  8
FAB
  0
POLYLINE
  5
BBE
  8
FAB
 66
     1
 10
0.0
 20
0.0
 30
0.0
 70
     1
  0
VERTEX
  5
BBF
  8
FAB
 10
619.8204717897563
 20
385.0191621328256
 30
0.0
  0
VERTEX
  5
BC0
  8
FAB
 10
619.7266111635356
 20
385.0117749715707
 30
0.0
  0
VERTEX
  5
BC1
  8
FAB
 10
619.6350622438579
 20
384.9897956396005
 30
0.0
  0
VERTEX
  5
BC2
  8
FAB
 10
619.5480776094585
 20
384.9537658239266
 30
0.0
  0
VERTEX
  5
BC3
  8
FAB
 10
619.4678011202006
 20
384.9045714879891
 30
0.0
  0
VERTEX
  5
BC4
  8
FAB
 10
619.396208789268
 20
384.8434257055184
 30
0.0
  0
VERTEX
  5
BC5
  8
FAB
 10
619.3350610994487
 20
384.7718333745858
 30
0.0
  0
VERTEX
  5
BC6
  8
FAB
 10
619.2858686708598
 20
384.6915559316537
 30
0.0
  0
VERTEX
  5
BC7
  8
FAB
 10
619.249838855186
 20
384.6045722509286
 30
0.0
  0
VERTEX
  5
BC8
  8
FAB
 10
619.2278585695415
 20
384.5130223775765
 30
0.0
  0
VERTEX
  5
BC9
  8
FAB
 10
619.2204714082866
 20
384.4191617513558
 30
0.0
  0
VERTEX
  5
BCA
  8
FAB
 10
619.2278585695415
 20
384.3253011251351
 30
0.0
  0
VERTEX
  5
BCB
  8
FAB
 10
619.249838855186
 20
384.2337512517831
 30
0.0
  0
VERTEX
  5
BCC
  8
FAB
 10
619.2858686708598
 20
384.146767571058
 30
0.0
  0
VERTEX
  5
BCD
  8
FAB
 10
619.3350610994487
 20
384.0664901281258
 30
0.0
  0
VERTEX
  5
BCE
  8
FAB
 10
619.396208789268
 20
383.9948977971932
 30
0.0
  0
VERTEX
  5
BCF
  8
FAB
 10
619.4678011202006
 20
383.9337520147225
 30
0.0
  0
VERTEX
  5
BD0
  8
FAB
 10
619.5480776094585
 20
383.884557678785
 30
0.0
  0
VERTEX
  5
BD1
  8
FAB
 10
619.6350622438579
 20
383.8485278631112
 30
0.0
  0
VERTEX
  5
BD2
  8
FAB
 10
619.7266111635356
 20
383.826548531141
 30
0.0
  0
VERTEX
  5
BD3
  8
FAB
 10
619.8204717897563
 20
383.8191613698861
 30
0.0
  0
VERTEX
  5
BD4
  8
FAB
 10
619.914332415977
 20
383.826548531141
 30
0.0
  0
VERTEX
  5
BD5
  8
FAB
 10
620.0058813356547
 20
383.8485278631112
 30
0.0
  0
VERTEX
  5
BD6
  8
FAB
 10
620.0928659700542
 20
383.884557678785
 30
0.0
  0
VERTEX
  5
BD7
  8
FAB
 10
620.173142459312
 20
383.9337520147225
 30
0.0
  0
VERTEX
  5
BD8
  8
FAB
 10
620.2447366975932
 20
383.9948977971932
 30
0.0
  0
VERTEX
  5
BD9
  8
FAB
 10
620.3058824800639
 20
384.0664901281258
 30
0.0
  0
VERTEX
  5
BDA
  8
FAB
 10
620.3550749086528
 20
384.146767571058
 30
0.0
  0
VERTEX
  5
BDB
  8
FAB
 10
620.3911047243266
 20
384.2337512517831
 30
0.0
  0
VERTEX
  5
BDC
  8
FAB
 10
620.4130850099712
 20
384.3253011251351
 30
0.0
  0
VERTEX
  5
BDD
  8
FAB
 10
620.4204702638774
 20
384.4191617513558
 30
0.0
  0
VERTEX
  5
BDE
  8
FAB
 10
620.4130850099712
 20
384.5130223775765
 30
0.0
  0
VERTEX
  5
BDF
  8
FAB
 10
620.3911047243266
 20
384.6045722509286
 30
0.0
  0
VERTEX
  5
BE0
  8
FAB
 10
620.3550749086528
 20
384.6915559316537
 30
0.0
  0
VERTEX
  5
BE1
  8
FAB
 10
620.3058824800639
 20
384.7718333745858
 30
0.0
  0
VERTEX
  5
BE2
  8
FAB
 10
620.2447366975932
 20
384.8434257055184
 30
0.0
  0
VERTEX
  5
BE3
  8
FAB
 10
620.173142459312
 20
384.9045714879891
 30
0.0
  0
VERTEX
  5
BE4
  8
FAB
 10
620.0928659700542
 20
384.9537658239266
 30
0.0
  0
VERTEX
  5
BE5
  8
FAB
 10
620.0058813356547
 20
384.9897956396005
 30
0.0
  0
VERTEX
  5
BE6
  8
FAB
 10
619.914332415977
 20
385.0117749715707
 30
0.0
  0
SEQEND
  5
BE7
  8
FAB
  0
POLYLINE
  5
BE8
  8
FAB
 66
     1
 10
0.0
 20
0.0
 30
0.0
 70
     1
  0
VERTEX
  5
BE9
  8
FAB
 10
619.8204717897563
 20
389.0191621328256
 30
0.0
  0
VERTEX
  5
BEA
  8
FAB
 10
619.7266111635356
 20
389.0117749715707
 30
0.0
  0
VERTEX
  5
BEB
  8
FAB
 10
619.6350622438579
 20
388.9897965932748
 30
0.0
  0
VERTEX
  5
BEC
  8
FAB
 10
619.5480776094585
 20
388.9537648702523
 30
0.0
  0
VERTEX
  5
BED
  8
FAB
 10
619.4678011202006
 20
388.9045724416634
 30
0.0
  0
VERTEX
  5
BEE
  8
FAB
 10
619.396208789268
 20
388.8434266591927
 30
0.0
  0
VERTEX
  5
BEF
  8
FAB
 10
619.3350610994487
 20
388.7718324209115
 30
0.0
  0
VERTEX
  5
BF0
  8
FAB
 10
619.2858686708598
 20
388.6915559316537
 30
0.0
  0
VERTEX
  5
BF1
  8
FAB
 10
619.249838855186
 20
388.6045712972543
 30
0.0
  0
VERTEX
  5
BF2
  8
FAB
 10
619.2278585695415
 20
388.5130223775765
 30
0.0
  0
VERTEX
  5
BF3
  8
FAB
 10
619.2204714082866
 20
388.4191617513558
 30
0.0
  0
VERTEX
  5
BF4
  8
FAB
 10
619.2278585695415
 20
388.3253011251351
 30
0.0
  0
VERTEX
  5
BF5
  8
FAB
 10
619.249838855186
 20
388.2337522054574
 30
0.0
  0
VERTEX
  5
BF6
  8
FAB
 10
619.2858686708598
 20
388.146767571058
 30
0.0
  0
VERTEX
  5
BF7
  8
FAB
 10
619.3350610994487
 20
388.0664910818002
 30
0.0
  0
VERTEX
  5
BF8
  8
FAB
 10
619.396208789268
 20
387.9948968435189
 30
0.0
  0
VERTEX
  5
BF9
  8
FAB
 10
619.4678011202006
 20
387.9337510610482
 30
0.0
  0
VERTEX
  5
BFA
  8
FAB
 10
619.5480776094585
 20
387.8845586324593
 30
0.0
  0
VERTEX
  5
BFB
  8
FAB
 10
619.6350622438579
 20
387.8485269094369
 30
0.0
  0
VERTEX
  5
BFC
  8
FAB
 10
619.7266111635356
 20
387.826548531141
 30
0.0
  0
VERTEX
  5
BFD
  8
FAB
 10
619.8204717897563
 20
387.8191613698861
 30
0.0
  0
VERTEX
  5
BFE
  8
FAB
 10
619.914332415977
 20
387.826548531141
 30
0.0
  0
VERTEX
  5
BFF
  8
FAB
 10
620.0058813356547
 20
387.8485269094369
 30
0.0
  0
VERTEX
  5
C00
  8
FAB
 10
620.0928659700542
 20
387.8845586324593
 30
0.0
  0
VERTEX
  5
C01
  8
FAB
 10
620.173142459312
 20
387.9337510610482
 30
0.0
  0
VERTEX
  5
C02
  8
FAB
 10
620.2447366975932
 20
387.9948968435189
 30
0.0
  0
VERTEX
  5
C03
  8
FAB
 10
620.3058824800639
 20
388.0664910818002
 30
0.0
  0
VERTEX
  5
C04
  8
FAB
 10
620.3550749086528
 20
388.146767571058
 30
0.0
  0
VERTEX
  5
C05
  8
FAB
 10
620.3911047243266
 20
388.2337522054574
 30
0.0
  0
VERTEX
  5
C06
  8
FAB
 10
620.4130850099712
 20
388.3253011251351
 30
0.0
  0
VERTEX
  5
C07
  8
FAB
 10
620.4204702638774
 20
388.4191617513558
 30
0.0
  0
VERTEX
  5
C08
  8
FAB
 10
620.4130850099712
 20
388.5130223775765
 30
0.0
  0
VERTEX
  5
C09
  8
FAB
 10
620.3911047243266
 20
388.6045712972543
 30
0.0
  0
VERTEX
  5
C0A
  8
FAB
 10
620.3550749086528
 20
388.6915559316537
 30
0.0
  0
VERTEX
  5
C0B
  8
FAB
 10
620.3058824800639
 20
388.7718324209115
 30
0.0
  0
VERTEX
  5
C0C
  8
FAB
 10
620.2447366975932
 20
388.8434266591927
 30
0.0
  0
VERTEX
  5
C0D
  8
FAB
 10
620.173142459312
 20
388.9045724416634
 30
0.0
  0
VERTEX
  5
C0E
  8
FAB
 10
620.0928659700542
 20
388.9537648702523
 30
0.0
  0
VERTEX
  5
C0F
  8
FAB
 10
620.0058813356547
 20
388.9897965932748
 30
0.0
  0
VERTEX
  5
C10
  8
FAB
 10
619.914332415977
 20
389.0117749715707
 30
0.0
  0
SEQEND
  5
C11
  8
FAB
  0
POLYLINE
  5
C12
  8
FAB
 66
     1
 10
0.0
 20
0.0
 30
0.0
 70
     1
  0
VERTEX
  5
C13
  8
FAB
 10
619.8204717897563
 20
381.0191621328256
 30
0.0
  0
VERTEX
  5
C14
  8
FAB
 10
619.7266111635356
 20
381.0117749715707
 30
0.0
  0
VERTEX
  5
C15
  8
FAB
 10
619.6350622438579
 20
380.9897956396005
 30
0.0
  0
VERTEX
  5
C16
  8
FAB
 10
619.5480776094585
 20
380.9537658239266
 30
0.0
  0
VERTEX
  5
C17
  8
FAB
 10
619.4678011202006
 20
380.9045714879891
 30
0.0
  0
VERTEX
  5
C18
  8
FAB
 10
619.396208789268
 20
380.8434257055184
 30
0.0
  0
VERTEX
  5
C19
  8
FAB
 10
619.3350610994487
 20
380.7718333745858
 30
0.0
  0
VERTEX
  5
C1A
  8
FAB
 10
619.2858686708598
 20
380.6915559316537
 30
0.0
  0
VERTEX
  5
C1B
  8
FAB
 10
619.249838855186
 20
380.6045722509286
 30
0.0
  0
VERTEX
  5
C1C
  8
FAB
 10
619.2278585695415
 20
380.5130223775765
 30
0.0
  0
VERTEX
  5
C1D
  8
FAB
 10
619.2204714082866
 20
380.4191617513558
 30
0.0
  0
VERTEX
  5
C1E
  8
FAB
 10
619.2278585695415
 20
380.3253011251351
 30
0.0
  0
VERTEX
  5
C1F
  8
FAB
 10
619.249838855186
 20
380.2337512517831
 30
0.0
  0
VERTEX
  5
C20
  8
FAB
 10
619.2858686708598
 20
380.146767571058
 30
0.0
  0
VERTEX
  5
C21
  8
FAB
 10
619.3350610994487
 20
380.0664901281258
 30
0.0
  0
VERTEX
  5
C22
  8
FAB
 10
619.396208789268
 20
379.9948977971932
 30
0.0
  0
VERTEX
  5
C23
  8
FAB
 10
619.4678011202006
 20
379.9337520147225
 30
0.0
  0
VERTEX
  5
C24
  8
FAB
 10
619.5480776094585
 20
379.884557678785
 30
0.0
  0
VERTEX
  5
C25
  8
FAB
 10
619.6350622438579
 20
379.8485278631112
 30
0.0
  0
VERTEX
  5
C26
  8
FAB
 10
619.7266111635356
 20
379.826548531141
 30
0.0
  0
VERTEX
  5
C27
  8
FAB
 10
619.8204717897563
 20
379.8191613698861
 30
0.0
  0
VERTEX
  5
C28
  8
FAB
 10
619.914332415977
 20
379.826548531141
 30
0.0
  0
VERTEX
  5
C29
  8
FAB
 10
620.0058813356547
 20
379.8485278631112
 30
0.0
  0
VERTEX
  5
C2A
  8
FAB
 10
620.0928659700542
 20
379.884557678785
 30
0.0
  0
VERTEX
  5
C2B
  8
FAB
 10
620.173142459312
 20
379.9337520147225
 30
0.0
  0
VERTEX
  5
C2C
  8
FAB
 10
620.2447366975932
 20
379.9948977971932
 30
0.0
  0
VERTEX
  5
C2D
  8
FAB
 10
620.3058824800639
 20
380.0664901281258
 30
0.0
  0
VERTEX
  5
C2E
  8
FAB
 10
620.3550749086528
 20
380.146767571058
 30
0.0
  0
VERTEX
  5
C2F
  8
FAB
 10
620.3911047243266
 20
380.2337512517831
 30
0.0
  0
VERTEX
  5
C30
  8
FAB
 10
620.4130850099712
 20
380.3253011251351
 30
0.0
  0
VERTEX
  5
C31
  8
FAB
 10
620.4204702638774
 20
380.4191617513558
 30
0.0
  0
VERTEX
  5
C32
  8
FAB
 10
620.4130850099712
 20
380.5130223775765
 30
0.0
  0
VERTEX
  5
C33
  8
FAB
 10
620.3911047243266
 20
380.6045722509286
 30
0.0
  0
VERTEX
  5
C34
  8
FAB
 10
620.3550749086528
 20
380.6915559316537
 30
0.0
  0
VERTEX
  5
C35
  8
FAB
 10
620.3058824800639
 20
380.7718333745858
 30
0.0
  0
VERTEX
  5
C36
  8
FAB
 10
620.2447366975932
 20
380.8434257055184
 30
0.0
  0
VERTEX
  5
C37
  8
FAB
 10
620.173142459312
 20
380.9045714879891
 30
0.0
  0
VERTEX
  5
C38
  8
FAB
 10
620.0928659700542
 20
380.9537658239266
 30
0.0
  0
VERTEX
  5
C39
  8
FAB
 10
620.0058813356547
 20
380.9897956396005
 30
0.0
  0
VERTEX
  5
C3A
  8
FAB
 10
619.914332415977
 20
381.0117749715707
 30
0.0
  0
SEQEND
  5
C3B
  8
FAB
  0
POLYLINE
  5
C3C
  8
FAB
 66
     1
 10
0.0
 20
0.0
 30
0.0
 70
     1
  0
VERTEX
  5
C3D
  8
FAB
 10
619.8204717897563
 20
383.0191621328256
 30
0.0
  0
VERTEX
  5
C3E
  8
FAB
 10
619.7266111635356
 20
383.0117749715707
 30
0.0
  0
VERTEX
  5
C3F
  8
FAB
 10
619.6350622438579
 20
382.9897956396005
 30
0.0
  0
VERTEX
  5
C40
  8
FAB
 10
619.5480776094585
 20
382.9537658239266
 30
0.0
  0
VERTEX
  5
C41
  8
FAB
 10
619.4678011202006
 20
382.9045714879891
 30
0.0
  0
VERTEX
  5
C42
  8
FAB
 10
619.396208789268
 20
382.8434257055184
 30
0.0
  0
VERTEX
  5
C43
  8
FAB
 10
619.3350610994487
 20
382.7718333745858
 30
0.0
  0
VERTEX
  5
C44
  8
FAB
 10
619.2858686708598
 20
382.6915559316537
 30
0.0
  0
VERTEX
  5
C45
  8
FAB
 10
619.249838855186
 20
382.6045722509286
 30
0.0
  0
VERTEX
  5
C46
  8
FAB
 10
619.2278585695415
 20
382.5130223775765
 30
0.0
  0
VERTEX
  5
C47
  8
FAB
 10
619.2204714082866
 20
382.4191617513558
 30
0.0
  0
VERTEX
  5
C48
  8
FAB
 10
619.2278585695415
 20
382.3253011251351
 30
0.0
  0
VERTEX
  5
C49
  8
FAB
 10
619.249838855186
 20
382.2337512517831
 30
0.0
  0
VERTEX
  5
C4A
  8
FAB
 10
619.2858686708598
 20
382.146767571058
 30
0.0
  0
VERTEX
  5
C4B
  8
FAB
 10
619.3350610994487
 20
382.0664901281258
 30
0.0
  0
VERTEX
  5
C4C
  8
FAB
 10
619.396208789268
 20
381.9948977971932
 30
0.0
  0
VERTEX
  5
C4D
  8
FAB
 10
619.4678011202006
 20
381.9337520147225
 30
0.0
  0
VERTEX
  5
C4E
  8
FAB
 10
619.5480776094585
 20
381.884557678785
 30
0.0
  0
VERTEX
  5
C4F
  8
FAB
 10
619.6350622438579
 20
381.8485278631112
 30
0.0
  0
VERTEX
  5
C50
  8
FAB
 10
619.7266111635356
 20
381.826548531141
 30
0.0
  0
VERTEX
  5
C51
  8
FAB
 10
619.8204717897563
 20
381.8191613698861
 30
0.0
  0
VERTEX
  5
C52
  8
FAB
 10
619.914332415977
 20
381.826548531141
 30
0.0
  0
VERTEX
  5
C53
  8
FAB
 10
620.0058813356547
 20
381.8485278631112
 30
0.0
  0
VERTEX
  5
C54
  8
FAB
 10
620.0928659700542
 20
381.884557678785
 30
0.0
  0
VERTEX
  5
C55
  8
FAB
 10
620.173142459312
 20
381.9337520147225
 30
0.0
  0
VERTEX
  5
C56
  8
FAB
 10
620.2447366975932
 20
381.9948977971932
 30
0.0
  0
VERTEX
  5
C57
  8
FAB
 10
620.3058824800639
 20
382.0664901281258
 30
0.0
  0
VERTEX
  5
C58
  8
FAB
 10
620.3550749086528
 20
382.146767571058
 30
0.0
  0
VERTEX
  5
C59
  8
FAB
 10
620.3911047243266
 20
382.2337512517831
 30
0.0
  0
VERTEX
  5
C5A
  8
FAB
 10
620.4130850099712
 20
382.3253011251351
 30
0.0
  0
VERTEX
  5
C5B
  8
FAB
 10
620.4204702638774
 20
382.4191617513558
 30
0.0
  0
VERTEX
  5
C5C
  8
FAB
 10
620.4130850099712
 20
382.5130223775765
 30
0.0
  0
VERTEX
  5
C5D
  8
FAB
 10
620.3911047243266
 20
382.6045722509286
 30
0.0
  0
VERTEX
  5
C5E
  8
FAB
 10
620.3550749086528
 20
382.6915559316537
 30
0.0
  0
VERTEX
  5
C5F
  8
FAB
 10
620.3058824800639
 20
382.7718333745858
 30
0.0
  0
VERTEX
  5
C60
  8
FAB
 10
620.2447366975932
 20
382.8434257055184
 30
0.0
  0
VERTEX
  5
C61
  8
FAB
 10
620.173142459312
 20
382.9045714879891
 30
0.0
  0
VERTEX
  5
C62
  8
FAB
 10
620.0928659700542
 20
382.9537658239266
 30
0.0
  0
VERTEX
  5
C63
  8
FAB
 10
620.0058813356547
 20
382.9897956396005
 30
0.0
  0
VERTEX
  5
C64
  8
FAB
 10
619.914332415977
 20
383.0117749715707
 30
0.0
  0
SEQEND
  5
C65
  8
FAB
  0
POLYLINE
  5
C66
  8
FAB
 66
     1
 10
0.0
 20
0.0
 30
0.0
 70
     1
  0
VERTEX
  5
C67
  8
FAB
 10
619.8139162325053
 20
391.0191621328256
 30
0.0
  0
VERTEX
  5
C68
  8
FAB
 10
619.7200556062846
 20
391.0117749715707
 30
0.0
  0
VERTEX
  5
C69
  8
FAB
 10
619.6285066866069
 20
390.9897965932748
 30
0.0
  0
VERTEX
  5
C6A
  8
FAB
 10
619.5415220522075
 20
390.9537648702523
 30
0.0
  0
VERTEX
  5
C6B
  8
FAB
 10
619.4612455629497
 20
390.9045724416634
 30
0.0
  0
VERTEX
  5
C6C
  8
FAB
 10
619.3896513246684
 20
390.8434266591927
 30
0.0
  0
VERTEX
  5
C6D
  8
FAB
 10
619.3285055421977
 20
390.7718324209115
 30
0.0
  0
VERTEX
  5
C6E
  8
FAB
 10
619.2793131136089
 20
390.6915559316537
 30
0.0
  0
VERTEX
  5
C6F
  8
FAB
 10
619.2432813905864
 20
390.6045712972543
 30
0.0
  0
VERTEX
  5
C70
  8
FAB
 10
619.2213030122905
 20
390.5130223775765
 30
0.0
  0
VERTEX
  5
C71
  8
FAB
 10
619.2139158510356
 20
390.4191617513558
 30
0.0
  0
VERTEX
  5
C72
  8
FAB
 10
619.2213030122905
 20
390.3253011251351
 30
0.0
  0
VERTEX
  5
C73
  8
FAB
 10
619.2432813905864
 20
390.2337522054574
 30
0.0
  0
VERTEX
  5
C74
  8
FAB
 10
619.2793131136089
 20
390.146767571058
 30
0.0
  0
VERTEX
  5
C75
  8
FAB
 10
619.3285055421977
 20
390.0664910818002
 30
0.0
  0
VERTEX
  5
C76
  8
FAB
 10
619.3896513246684
 20
389.9948968435189
 30
0.0
  0
VERTEX
  5
C77
  8
FAB
 10
619.4612455629497
 20
389.9337510610482
 30
0.0
  0
VERTEX
  5
C78
  8
FAB
 10
619.5415220522075
 20
389.8845586324593
 30
0.0
  0
VERTEX
  5
C79
  8
FAB
 10
619.6285066866069
 20
389.8485269094369
 30
0.0
  0
VERTEX
  5
C7A
  8
FAB
 10
619.7200556062846
 20
389.826548531141
 30
0.0
  0
VERTEX
  5
C7B
  8
FAB
 10
619.8139162325053
 20
389.8191613698861
 30
0.0
  0
VERTEX
  5
C7C
  8
FAB
 10
619.907776858726
 20
389.826548531141
 30
0.0
  0
VERTEX
  5
C7D
  8
FAB
 10
619.9993257784038
 20
389.8485269094369
 30
0.0
  0
VERTEX
  5
C7E
  8
FAB
 10
620.0863104128032
 20
389.8845586324593
 30
0.0
  0
VERTEX
  5
C7F
  8
FAB
 10
620.166586902061
 20
389.9337510610482
 30
0.0
  0
VERTEX
  5
C80
  8
FAB
 10
620.2381811403422
 20
389.9948968435189
 30
0.0
  0
VERTEX
  5
C81
  8
FAB
 10
620.299326922813
 20
390.0664910818002
 30
0.0
  0
VERTEX
  5
C82
  8
FAB
 10
620.3485212587505
 20
390.146767571058
 30
0.0
  0
VERTEX
  5
C83
  8
FAB
 10
620.3845510744243
 20
390.2337522054574
 30
0.0
  0
VERTEX
  5
C84
  8
FAB
 10
620.4065275453715
 20
390.3253011251351
 30
0.0
  0
VERTEX
  5
C85
  8
FAB
 10
620.4139166139751
 20
390.4191617513558
 30
0.0
  0
VERTEX
  5
C86
  8
FAB
 10
620.4065275453715
 20
390.5130223775765
 30
0.0
  0
VERTEX
  5
C87
  8
FAB
 10
620.3845510744243
 20
390.6045712972543
 30
0.0
  0
VERTEX
  5
C88
  8
FAB
 10
620.3485212587505
 20
390.6915559316537
 30
0.0
  0
VERTEX
  5
C89
  8
FAB
 10
620.299326922813
 20
390.7718324209115
 30
0.0
  0
VERTEX
  5
C8A
  8
FAB
 10
620.2381811403422
 20
390.8434266591927
 30
0.0
  0
VERTEX
  5
C8B
  8
FAB
 10
620.166586902061
 20
390.9045724416634
 30
0.0
  0
VERTEX
  5
C8C
  8
FAB
 10
620.0863104128032
 20
390.9537648702523
 30
0.0
  0
VERTEX
  5
C8D
  8
FAB
 10
619.9993257784038
 20
390.9897965932748
 30
0.0
  0
VERTEX
  5
C8E
  8
FAB
 10
619.907776858726
 20
391.0117749715707
 30
0.0
  0
SEQEND
  5
C8F
  8
FAB
  0
POLYLINE
  5
C90
  8
FAB
 66
     1
 10
0.0
 20
0.0
 30
0.0
 70
     1
  0
VERTEX
  5
C91
  8
FAB
 10
619.8256979250102
 20
370.0191618646047
 30
0.0
  0
VERTEX
  5
C92
  8
FAB
 10
619.7318372987895
 20
370.0117748523614
 30
0.0
  0
VERTEX
  5
C93
  8
FAB
 10
619.6402883791118
 20
369.9897957588097
 30
0.0
  0
VERTEX
  5
C94
  8
FAB
 10
619.5533037447124
 20
369.953765764322
 30
0.0
  0
VERTEX
  5
C95
  8
FAB
 10
619.4730272554546
 20
369.9045720244309
 30
0.0
  0
VERTEX
  5
C96
  8
FAB
 10
619.4014330171733
 20
369.843425943937
 30
0.0
  0
VERTEX
  5
C97
  8
FAB
 10
619.3402872347026
 20
369.7718330169579
 30
0.0
  0
VERTEX
  5
C98
  8
FAB
 10
619.2910928987651
 20
369.6915561700723
 30
0.0
  0
VERTEX
  5
C99
  8
FAB
 10
619.2550630830913
 20
369.6045720721146
 30
0.0
  0
VERTEX
  5
C9A
  8
FAB
 10
619.2330847047954
 20
369.5130225563905
 30
0.0
  0
VERTEX
  5
C9B
  8
FAB
 10
619.2256975435405
 20
369.4191618705651
 30
0.0
  0
VERTEX
  5
C9C
  8
FAB
 10
619.2330847047954
 20
369.3253011251351
 30
0.0
  0
VERTEX
  5
C9D
  8
FAB
 10
619.2550630830913
 20
369.2337516094109
 30
0.0
  0
VERTEX
  5
C9E
  8
FAB
 10
619.2910928987651
 20
369.146767571058
 30
0.0
  0
VERTEX
  5
C9F
  8
FAB
 10
619.3402872347026
 20
369.0664907241723
 30
0.0
  0
VERTEX
  5
CA0
  8
FAB
 10
619.4014330171733
 20
368.9948977971932
 30
0.0
  0
VERTEX
  5
CA1
  8
FAB
 10
619.4730272554546
 20
368.9337516570947
 30
0.0
  0
VERTEX
  5
CA2
  8
FAB
 10
619.5533037447124
 20
368.8845579172036
 30
0.0
  0
VERTEX
  5
CA3
  8
FAB
 10
619.6402883791118
 20
368.8485279823205
 30
0.0
  0
VERTEX
  5
CA4
  8
FAB
 10
619.7318372987895
 20
368.8265488887689
 30
0.0
  0
VERTEX
  5
CA5
  8
FAB
 10
619.8256979250102
 20
368.8191618467233
 30
0.0
  0
VERTEX
  5
CA6
  8
FAB
 10
619.9195585512309
 20
368.8265488887689
 30
0.0
  0
VERTEX
  5
CA7
  8
FAB
 10
620.0111074709087
 20
368.8485279823205
 30
0.0
  0
VERTEX
  5
CA8
  8
FAB
 10
620.0980921053081
 20
368.8845579172036
 30
0.0
  0
VERTEX
  5
CA9
  8
FAB
 10
620.1783685945659
 20
368.9337516570947
 30
0.0
  0
VERTEX
  5
CAA
  8
FAB
 10
620.2499609254985
 20
368.9948977971932
 30
0.0
  0
VERTEX
  5
CAB
  8
FAB
 10
620.3111086153178
 20
369.0664907241723
 30
0.0
  0
VERTEX
  5
CAC
  8
FAB
 10
620.3603010439067
 20
369.146767571058
 30
0.0
  0
VERTEX
  5
CAD
  8
FAB
 10
620.3963308595805
 20
369.2337516094109
 30
0.0
  0
VERTEX
  5
CAE
  8
FAB
 10
620.4183111452251
 20
369.3253011251351
 30
0.0
  0
VERTEX
  5
CAF
  8
FAB
 10
620.4256963991313
 20
369.4191618705651
 30
0.0
  0
VERTEX
  5
CB0
  8
FAB
 10
620.4183111452251
 20
369.5130225563905
 30
0.0
  0
VERTEX
  5
CB1
  8
FAB
 10
620.3963308595805
 20
369.6045720721146
 30
0.0
  0
VERTEX
  5
CB2
  8
FAB
 10
620.3603010439067
 20
369.6915561700723
 30
0.0
  0
VERTEX
  5
CB3
  8
FAB
 10
620.3111086153178
 20
369.7718330169579
 30
0.0
  0
VERTEX
  5
CB4
  8
FAB
 10
620.2499609254985
 20
369.843425943937
 30
0.0
  0
VERTEX
  5
CB5
  8
FAB
 10
620.1783685945659
 20
369.9045720244309
 30
0.0
  0
VERTEX
  5
CB6
  8
FAB
 10
620.0980921053081
 20
369.953765764322
 30
0.0
  0
VERTEX
  5
CB7
  8
FAB
 10
620.0111074709087
 20
369.9897957588097
 30
0.0
  0
VERTEX
  5
CB8
  8
FAB
 10
619.9195585512309
 20
370.0117748523614
 30
0.0
  0
SEQEND
  5
CB9
  8
FAB
  0
POLYLINE
  5
CBA
  8
FAB
 66
     1
 10
0.0
 20
0.0
 30
0.0
 70
     1
  0
VERTEX
  5
CBB
  8
FAB
 10
619.8256979250102
 20
366.0191616559884
 30
0.0
  0
VERTEX
  5
CBC
  8
FAB
 10
619.7318372987895
 20
366.0117749715707
 30
0.0
  0
VERTEX
  5
CBD
  8
FAB
 10
619.6402883791118
 20
365.9897956396005
 30
0.0
  0
VERTEX
  5
CBE
  8
FAB
 10
619.5533037447124
 20
365.9537658239266
 30
0.0
  0
VERTEX
  5
CBF
  8
FAB
 10
619.4730272554546
 20
365.9045719648263
 30
0.0
  0
VERTEX
  5
CC0
  8
FAB
 10
619.4014330171733
 20
365.8434257055184
 30
0.0
  0
VERTEX
  5
CC1
  8
FAB
 10
619.3402872347026
 20
365.7718328977487
 30
0.0
  0
VERTEX
  5
CC2
  8
FAB
 10
619.2910928987651
 20
365.6915559316537
 30
0.0
  0
VERTEX
  5
CC3
  8
FAB
 10
619.2550630830913
 20
365.6045722509286
 30
0.0
  0
VERTEX
  5
CC4
  8
FAB
 10
619.2330847047954
 20
365.5130223775765
 30
0.0
  0
VERTEX
  5
CC5
  8
FAB
 10
619.2256975435405
 20
365.4191617513558
 30
0.0
  0
VERTEX
  5
CC6
  8
FAB
 10
619.2330847047954
 20
365.3253011251351
 30
0.0
  0
VERTEX
  5
CC7
  8
FAB
 10
619.2550630830913
 20
365.2337517286202
 30
0.0
  0
VERTEX
  5
CC8
  8
FAB
 10
619.2910928987651
 20
365.146767571058
 30
0.0
  0
VERTEX
  5
CC9
  8
FAB
 10
619.3402872347026
 20
365.066490604963
 30
0.0
  0
VERTEX
  5
CCA
  8
FAB
 10
619.4014330171733
 20
364.9948977971932
 30
0.0
  0
VERTEX
  5
CCB
  8
FAB
 10
619.4730272554546
 20
364.9337515378854
 30
0.0
  0
VERTEX
  5
CCC
  8
FAB
 10
619.5533037447124
 20
364.8845581556222
 30
0.0
  0
VERTEX
  5
CCD
  8
FAB
 10
619.6402883791118
 20
364.8485278631112
 30
0.0
  0
VERTEX
  5
CCE
  8
FAB
 10
619.7318372987895
 20
364.8265490079781
 30
0.0
  0
VERTEX
  5
CCF
  8
FAB
 10
619.8256979250102
 20
364.8191618467233
 30
0.0
  0
VERTEX
  5
CD0
  8
FAB
 10
619.9195585512309
 20
364.8265490079781
 30
0.0
  0
VERTEX
  5
CD1
  8
FAB
 10
620.0111074709087
 20
364.8485278631112
 30
0.0
  0
VERTEX
  5
CD2
  8
FAB
 10
620.0980921053081
 20
364.8845581556222
 30
0.0
  0
VERTEX
  5
CD3
  8
FAB
 10
620.1783685945659
 20
364.9337515378854
 30
0.0
  0
VERTEX
  5
CD4
  8
FAB
 10
620.2499609254985
 20
364.9948977971932
 30
0.0
  0
VERTEX
  5
CD5
  8
FAB
 10
620.3111086153178
 20
365.066490604963
 30
0.0
  0
VERTEX
  5
CD6
  8
FAB
 10
620.3603010439067
 20
365.146767571058
 30
0.0
  0
VERTEX
  5
CD7
  8
FAB
 10
620.3963308595805
 20
365.2337517286202
 30
0.0
  0
VERTEX
  5
CD8
  8
FAB
 10
620.4183111452251
 20
365.3253011251351
 30
0.0
  0
VERTEX
  5
CD9
  8
FAB
 10
620.4256963991313
 20
365.4191617513558
 30
0.0
  0
VERTEX
  5
CDA
  8
FAB
 10
620.4183111452251
 20
365.5130223775765
 30
0.0
  0
VERTEX
  5
CDB
  8
FAB
 10
620.3963308595805
 20
365.6045722509286
 30
0.0
  0
VERTEX
  5
CDC
  8
FAB
 10
620.3603010439067
 20
365.6915559316537
 30
0.0
  0
VERTEX
  5
CDD
  8
FAB
 10
620.3111086153178
 20
365.7718328977487
 30
0.0
  0
VERTEX
  5
CDE
  8
FAB
 10
620.2499609254985
 20
365.8434257055184
 30
0.0
  0
VERTEX
  5
CDF
  8
FAB
 10
620.1783685945659
 20
365.9045719648263
 30
0.0
  0
VERTEX
  5
CE0
  8
FAB
 10
620.0980921053081
 20
365.9537658239266
 30
0.0
  0
VERTEX
  5
CE1
  8
FAB
 10
620.0111074709087
 20
365.9897956396005
 30
0.0
  0
VERTEX
  5
CE2
  8
FAB
 10
619.9195585512309
 20
366.0117749715707
 30
0.0
  0
SEQEND
  5
CE3
  8
FAB
  0
POLYLINE
  5
CE4
  8
FAB
 66
     1
 10
0.0
 20
0.0
 30
0.0
 70
     1
  0
VERTEX
  5
CE5
  8
FAB
 10
619.8256979250102
 20
364.0191616559884
 30
0.0
  0
VERTEX
  5
CE6
  8
FAB
 10
619.7318372987895
 20
364.0117749715707
 30
0.0
  0
VERTEX
  5
CE7
  8
FAB
 10
619.6402883791118
 20
363.9897956396005
 30
0.0
  0
VERTEX
  5
CE8
  8
FAB
 10
619.5533037447124
 20
363.9537658239266
 30
0.0
  0
VERTEX
  5
CE9
  8
FAB
 10
619.4730272554546
 20
363.9045719648263
 30
0.0
  0
VERTEX
  5
CEA
  8
FAB
 10
619.4014330171733
 20
363.8434257055184
 30
0.0
  0
VERTEX
  5
CEB
  8
FAB
 10
619.3402872347026
 20
363.7718328977487
 30
0.0
  0
VERTEX
  5
CEC
  8
FAB
 10
619.2910928987651
 20
363.6915559316537
 30
0.0
  0
VERTEX
  5
CED
  8
FAB
 10
619.2550630830913
 20
363.6045722509286
 30
0.0
  0
VERTEX
  5
CEE
  8
FAB
 10
619.2330847047954
 20
363.5130223775765
 30
0.0
  0
VERTEX
  5
CEF
  8
FAB
 10
619.2256975435405
 20
363.4191617513558
 30
0.0
  0
VERTEX
  5
CF0
  8
FAB
 10
619.2330847047954
 20
363.3253011251351
 30
0.0
  0
VERTEX
  5
CF1
  8
FAB
 10
619.2550630830913
 20
363.2337517286202
 30
0.0
  0
VERTEX
  5
CF2
  8
FAB
 10
619.2910928987651
 20
363.146767571058
 30
0.0
  0
VERTEX
  5
CF3
  8
FAB
 10
619.3402872347026
 20
363.066490604963
 30
0.0
  0
VERTEX
  5
CF4
  8
FAB
 10
619.4014330171733
 20
362.9948977971932
 30
0.0
  0
VERTEX
  5
CF5
  8
FAB
 10
619.4730272554546
 20
362.9337515378854
 30
0.0
  0
VERTEX
  5
CF6
  8
FAB
 10
619.5533037447124
 20
362.8845581556222
 30
0.0
  0
VERTEX
  5
CF7
  8
FAB
 10
619.6402883791118
 20
362.8485278631112
 30
0.0
  0
VERTEX
  5
CF8
  8
FAB
 10
619.7318372987895
 20
362.8265490079781
 30
0.0
  0
VERTEX
  5
CF9
  8
FAB
 10
619.8256979250102
 20
362.8191618467233
 30
0.0
  0
VERTEX
  5
CFA
  8
FAB
 10
619.9195585512309
 20
362.8265490079781
 30
0.0
  0
VERTEX
  5
CFB
  8
FAB
 10
620.0111074709087
 20
362.8485278631112
 30
0.0
  0
VERTEX
  5
CFC
  8
FAB
 10
620.0980921053081
 20
362.8845581556222
 30
0.0
  0
VERTEX
  5
CFD
  8
FAB
 10
620.1783685945659
 20
362.9337515378854
 30
0.0
  0
VERTEX
  5
CFE
  8
FAB
 10
620.2499609254985
 20
362.9948977971932
 30
0.0
  0
VERTEX
  5
CFF
  8
FAB
 10
620.3111086153178
 20
363.066490604963
 30
0.0
  0
VERTEX
  5
D00
  8
FAB
 10
620.3603010439067
 20
363.146767571058
 30
0.0
  0
VERTEX
  5
D01
  8
FAB
 10
620.3963308595805
 20
363.2337517286202
 30
0.0
  0
VERTEX
  5
D02
  8
FAB
 10
620.4183111452251
 20
363.3253011251351
 30
0.0
  0
VERTEX
  5
D03
  8
FAB
 10
620.4256963991313
 20
363.4191617513558
 30
0.0
  0
VERTEX
  5
D04
  8
FAB
 10
620.4183111452251
 20
363.5130223775765
 30
0.0
  0
VERTEX
  5
D05
  8
FAB
 10
620.3963308595805
 20
363.6045722509286
 30
0.0
  0
VERTEX
  5
D06
  8
FAB
 10
620.3603010439067
 20
363.6915559316537
 30
0.0
  0
VERTEX
  5
D07
  8
FAB
 10
620.3111086153178
 20
363.7718328977487
 30
0.0
  0
VERTEX
  5
D08
  8
FAB
 10
620.2499609254985
 20
363.8434257055184
 30
0.0
  0
VERTEX
  5
D09
  8
FAB
 10
620.1783685945659
 20
363.9045719648263
 30
0.0
  0
VERTEX
  5
D0A
  8
FAB
 10
620.0980921053081
 20
363.9537658239266
 30
0.0
  0
VERTEX
  5
D0B
  8
FAB
 10
620.0111074709087
 20
363.9897956396005
 30
0.0
  0
VERTEX
  5
D0C
  8
FAB
 10
619.9195585512309
 20
364.0117749715707
 30
0.0
  0
SEQEND
  5
D0D
  8
FAB
  0
POLYLINE
  5
D0E
  8
FAB
 66
     1
 10
0.0
 20
0.0
 30
0.0
 70
     1
  0
VERTEX
  5
D0F
  8
FAB
 10
619.8256979250102
 20
368.019161894407
 30
0.0
  0
VERTEX
  5
D10
  8
FAB
 10
619.7318372987895
 20
368.0117749715707
 30
0.0
  0
VERTEX
  5
D11
  8
FAB
 10
619.6402883791118
 20
367.989795878019
 30
0.0
  0
VERTEX
  5
D12
  8
FAB
 10
619.5533037447124
 20
367.9537658239266
 30
0.0
  0
VERTEX
  5
D13
  8
FAB
 10
619.4730272554546
 20
367.9045719648263
 30
0.0
  0
VERTEX
  5
D14
  8
FAB
 10
619.4014330171733
 20
367.843425943937
 30
0.0
  0
VERTEX
  5
D15
  8
FAB
 10
619.3402872347026
 20
367.7718328977487
 30
0.0
  0
VERTEX
  5
D16
  8
FAB
 10
619.2910928987651
 20
367.6915561700723
 30
0.0
  0
VERTEX
  5
D17
  8
FAB
 10
619.2550630830913
 20
367.60457201251
 30
0.0
  0
VERTEX
  5
D18
  8
FAB
 10
619.2330847047954
 20
367.5130226159951
 30
0.0
  0
VERTEX
  5
D19
  8
FAB
 10
619.2256975435405
 20
367.4191617513558
 30
0.0
  0
VERTEX
  5
D1A
  8
FAB
 10
619.2330847047954
 20
367.3253011251351
 30
0.0
  0
VERTEX
  5
D1B
  8
FAB
 10
619.2550630830913
 20
367.2337517286202
 30
0.0
  0
VERTEX
  5
D1C
  8
FAB
 10
619.2910928987651
 20
367.146767571058
 30
0.0
  0
VERTEX
  5
D1D
  8
FAB
 10
619.3402872347026
 20
367.066490604963
 30
0.0
  0
VERTEX
  5
D1E
  8
FAB
 10
619.4014330171733
 20
366.9948977971932
 30
0.0
  0
VERTEX
  5
D1F
  8
FAB
 10
619.4730272554546
 20
366.933751776304
 30
0.0
  0
VERTEX
  5
D20
  8
FAB
 10
619.5533037447124
 20
366.8845579172036
 30
0.0
  0
VERTEX
  5
D21
  8
FAB
 10
619.6402883791118
 20
366.8485278631112
 30
0.0
  0
VERTEX
  5
D22
  8
FAB
 10
619.7318372987895
 20
366.8265487695596
 30
0.0
  0
VERTEX
  5
D23
  8
FAB
 10
619.8256979250102
 20
366.8191618467233
 30
0.0
  0
VERTEX
  5
D24
  8
FAB
 10
619.9195585512309
 20
366.8265487695596
 30
0.0
  0
VERTEX
  5
D25
  8
FAB
 10
620.0111074709087
 20
366.8485278631112
 30
0.0
  0
VERTEX
  5
D26
  8
FAB
 10
620.0980921053081
 20
366.8845579172036
 30
0.0
  0
VERTEX
  5
D27
  8
FAB
 10
620.1783685945659
 20
366.933751776304
 30
0.0
  0
VERTEX
  5
D28
  8
FAB
 10
620.2499609254985
 20
366.9948977971932
 30
0.0
  0
VERTEX
  5
D29
  8
FAB
 10
620.3111086153178
 20
367.066490604963
 30
0.0
  0
VERTEX
  5
D2A
  8
FAB
 10
620.3603010439067
 20
367.146767571058
 30
0.0
  0
VERTEX
  5
D2B
  8
FAB
 10
620.3963308595805
 20
367.2337517286202
 30
0.0
  0
VERTEX
  5
D2C
  8
FAB
 10
620.4183111452251
 20
367.3253011251351
 30
0.0
  0
VERTEX
  5
D2D
  8
FAB
 10
620.4256963991313
 20
367.4191617513558
 30
0.0
  0
VERTEX
  5
D2E
  8
FAB
 10
620.4183111452251
 20
367.5130226159951
 30
0.0
  0
VERTEX
  5
D2F
  8
FAB
 10
620.3963308595805
 20
367.60457201251
 30
0.0
  0
VERTEX
  5
D30
  8
FAB
 10
620.3603010439067
 20
367.6915561700723
 30
0.0
  0
VERTEX
  5
D31
  8
FAB
 10
620.3111086153178
 20
367.7718328977487
 30
0.0
  0
VERTEX
  5
D32
  8
FAB
 10
620.2499609254985
 20
367.843425943937
 30
0.0
  0
VERTEX
  5
D33
  8
FAB
 10
620.1783685945659
 20
367.9045719648263
 30
0.0
  0
VERTEX
  5
D34
  8
FAB
 10
620.0980921053081
 20
367.9537658239266
 30
0.0
  0
VERTEX
  5
D35
  8
FAB
 10
620.0111074709087
 20
367.989795878019
 30
0.0
  0
VERTEX
  5
D36
  8
FAB
 10
619.9195585512309
 20
368.0117749715707
 30
0.0
  0
SEQEND
  5
D37
  8
FAB
  0
POLYLINE
  5
D38
  8
FAB
 66
     1
 10
0.0
 20
0.0
 30
0.0
 70
     1
  0
VERTEX
  5
D39
  8
FAB
 10
619.8256979250102
 20
360.0191621328256
 30
0.0
  0
VERTEX
  5
D3A
  8
FAB
 10
619.7318372987895
 20
360.0117749715707
 30
0.0
  0
VERTEX
  5
D3B
  8
FAB
 10
619.6402883791118
 20
359.9897956396005
 30
0.0
  0
VERTEX
  5
D3C
  8
FAB
 10
619.5533037447124
 20
359.9537658239266
 30
0.0
  0
VERTEX
  5
D3D
  8
FAB
 10
619.4730272554546
 20
359.9045724416634
 30
0.0
  0
VERTEX
  5
D3E
  8
FAB
 10
619.4014330171733
 20
359.8434257055184
 30
0.0
  0
VERTEX
  5
D3F
  8
FAB
 10
619.3402872347026
 20
359.7718333745858
 30
0.0
  0
VERTEX
  5
D40
  8
FAB
 10
619.2910928987651
 20
359.6915559316537
 30
0.0
  0
VERTEX
  5
D41
  8
FAB
 10
619.2550630830913
 20
359.6045722509286
 30
0.0
  0
VERTEX
  5
D42
  8
FAB
 10
619.2330847047954
 20
359.5130223775765
 30
0.0
  0
VERTEX
  5
D43
  8
FAB
 10
619.2256975435405
 20
359.4191617513558
 30
0.0
  0
VERTEX
  5
D44
  8
FAB
 10
619.2330847047954
 20
359.3253011251351
 30
0.0
  0
VERTEX
  5
D45
  8
FAB
 10
619.2550630830913
 20
359.2337512517831
 30
0.0
  0
VERTEX
  5
D46
  8
FAB
 10
619.2910928987651
 20
359.146767571058
 30
0.0
  0
VERTEX
  5
D47
  8
FAB
 10
619.3402872347026
 20
359.0664910818002
 30
0.0
  0
VERTEX
  5
D48
  8
FAB
 10
619.4014330171733
 20
358.9948977971932
 30
0.0
  0
VERTEX
  5
D49
  8
FAB
 10
619.4730272554546
 20
358.9337520147225
 30
0.0
  0
VERTEX
  5
D4A
  8
FAB
 10
619.5533037447124
 20
358.884557678785
 30
0.0
  0
VERTEX
  5
D4B
  8
FAB
 10
619.6402883791118
 20
358.8485278631112
 30
0.0
  0
VERTEX
  5
D4C
  8
FAB
 10
619.7318372987895
 20
358.826548531141
 30
0.0
  0
VERTEX
  5
D4D
  8
FAB
 10
619.8256979250102
 20
358.8191623235604
 30
0.0
  0
VERTEX
  5
D4E
  8
FAB
 10
619.9195585512309
 20
358.826548531141
 30
0.0
  0
VERTEX
  5
D4F
  8
FAB
 10
620.0111074709087
 20
358.8485278631112
 30
0.0
  0
VERTEX
  5
D50
  8
FAB
 10
620.0980921053081
 20
358.884557678785
 30
0.0
  0
VERTEX
  5
D51
  8
FAB
 10
620.1783685945659
 20
358.9337520147225
 30
0.0
  0
VERTEX
  5
D52
  8
FAB
 10
620.2499609254985
 20
358.9948977971932
 30
0.0
  0
VERTEX
  5
D53
  8
FAB
 10
620.3111086153178
 20
359.0664910818002
 30
0.0
  0
VERTEX
  5
D54
  8
FAB
 10
620.3603010439067
 20
359.146767571058
 30
0.0
  0
VERTEX
  5
D55
  8
FAB
 10
620.3963308595805
 20
359.2337512517831
 30
0.0
  0
VERTEX
  5
D56
  8
FAB
 10
620.4183111452251
 20
359.3253011251351
 30
0.0
  0
VERTEX
  5
D57
  8
FAB
 10
620.4256963991313
 20
359.4191617513558
 30
0.0
  0
VERTEX
  5
D58
  8
FAB
 10
620.4183111452251
 20
359.5130223775765
 30
0.0
  0
VERTEX
  5
D59
  8
FAB
 10
620.3963308595805
 20
359.6045722509286
 30
0.0
  0
VERTEX
  5
D5A
  8
FAB
 10
620.3603010439067
 20
359.6915559316537
 30
0.0
  0
VERTEX
  5
D5B
  8
FAB
 10
620.3111086153178
 20
359.7718333745858
 30
0.0
  0
VERTEX
  5
D5C
  8
FAB
 10
620.2499609254985
 20
359.8434257055184
 30
0.0
  0
VERTEX
  5
D5D
  8
FAB
 10
620.1783685945659
 20
359.9045724416634
 30
0.0
  0
VERTEX
  5
D5E
  8
FAB
 10
620.0980921053081
 20
359.9537658239266
 30
0.0
  0
VERTEX
  5
D5F
  8
FAB
 10
620.0111074709087
 20
359.9897956396005
 30
0.0
  0
VERTEX
  5
D60
  8
FAB
 10
619.9195585512309
 20
360.0117749715707
 30
0.0
  0
SEQEND
  5
D61
  8
FAB
  0
POLYLINE
  5
D62
  8
FAB
 66
     1
 10
0.0
 20
0.0
 30
0.0
 70
     1
  0
VERTEX
  5
D63
  8
FAB
 10
619.8256979250102
 20
362.0191621328256
 30
0.0
  0
VERTEX
  5
D64
  8
FAB
 10
619.7318372987895
 20
362.0117749715707
 30
0.0
  0
VERTEX
  5
D65
  8
FAB
 10
619.6402883791118
 20
361.9897956396005
 30
0.0
  0
VERTEX
  5
D66
  8
FAB
 10
619.5533037447124
 20
361.9537658239266
 30
0.0
  0
VERTEX
  5
D67
  8
FAB
 10
619.4730272554546
 20
361.9045724416634
 30
0.0
  0
VERTEX
  5
D68
  8
FAB
 10
619.4014330171733
 20
361.8434257055184
 30
0.0
  0
VERTEX
  5
D69
  8
FAB
 10
619.3402872347026
 20
361.7718333745858
 30
0.0
  0
VERTEX
  5
D6A
  8
FAB
 10
619.2910928987651
 20
361.6915559316537
 30
0.0
  0
VERTEX
  5
D6B
  8
FAB
 10
619.2550630830913
 20
361.6045722509286
 30
0.0
  0
VERTEX
  5
D6C
  8
FAB
 10
619.2330847047954
 20
361.5130223775765
 30
0.0
  0
VERTEX
  5
D6D
  8
FAB
 10
619.2256975435405
 20
361.4191617513558
 30
0.0
  0
VERTEX
  5
D6E
  8
FAB
 10
619.2330847047954
 20
361.3253011251351
 30
0.0
  0
VERTEX
  5
D6F
  8
FAB
 10
619.2550630830913
 20
361.2337512517831
 30
0.0
  0
VERTEX
  5
D70
  8
FAB
 10
619.2910928987651
 20
361.146767571058
 30
0.0
  0
VERTEX
  5
D71
  8
FAB
 10
619.3402872347026
 20
361.0664910818002
 30
0.0
  0
VERTEX
  5
D72
  8
FAB
 10
619.4014330171733
 20
360.9948977971932
 30
0.0
  0
VERTEX
  5
D73
  8
FAB
 10
619.4730272554546
 20
360.9337520147225
 30
0.0
  0
VERTEX
  5
D74
  8
FAB
 10
619.5533037447124
 20
360.884557678785
 30
0.0
  0
VERTEX
  5
D75
  8
FAB
 10
619.6402883791118
 20
360.8485278631112
 30
0.0
  0
VERTEX
  5
D76
  8
FAB
 10
619.7318372987895
 20
360.826548531141
 30
0.0
  0
VERTEX
  5
D77
  8
FAB
 10
619.8256979250102
 20
360.8191623235604
 30
0.0
  0
VERTEX
  5
D78
  8
FAB
 10
619.9195585512309
 20
360.826548531141
 30
0.0
  0
VERTEX
  5
D79
  8
FAB
 10
620.0111074709087
 20
360.8485278631112
 30
0.0
  0
VERTEX
  5
D7A
  8
FAB
 10
620.0980921053081
 20
360.884557678785
 30
0.0
  0
VERTEX
  5
D7B
  8
FAB
 10
620.1783685945659
 20
360.9337520147225
 30
0.0
  0
VERTEX
  5
D7C
  8
FAB
 10
620.2499609254985
 20
360.9948977971932
 30
0.0
  0
VERTEX
  5
D7D
  8
FAB
 10
620.3111086153178
 20
361.0664910818002
 30
0.0
  0
VERTEX
  5
D7E
  8
FAB
 10
620.3603010439067
 20
361.146767571058
 30
0.0
  0
VERTEX
  5
D7F
  8
FAB
 10
620.3963308595805
 20
361.2337512517831
 30
0.0
  0
VERTEX
  5
D80
  8
FAB
 10
620.4183111452251
 20
361.3253011251351
 30
0.0
  0
VERTEX
  5
D81
  8
FAB
 10
620.4256963991313
 20
361.4191617513558
 30
0.0
  0
VERTEX
  5
D82
  8
FAB
 10
620.4183111452251
 20
361.5130223775765
 30
0.0
  0
VERTEX
  5
D83
  8
FAB
 10
620.3963308595805
 20
361.6045722509286
 30
0.0
  0
VERTEX
  5
D84
  8
FAB
 10
620.3603010439067
 20
361.6915559316537
 30
0.0
  0
VERTEX
  5
D85
  8
FAB
 10
620.3111086153178
 20
361.7718333745858
 30
0.0
  0
VERTEX
  5
D86
  8
FAB
 10
620.2499609254985
 20
361.8434257055184
 30
0.0
  0
VERTEX
  5
D87
  8
FAB
 10
620.1783685945659
 20
361.9045724416634
 30
0.0
  0
VERTEX
  5
D88
  8
FAB
 10
620.0980921053081
 20
361.9537658239266
 30
0.0
  0
VERTEX
  5
D89
  8
FAB
 10
620.0111074709087
 20
361.9897956396005
 30
0.0
  0
VERTEX
  5
D8A
  8
FAB
 10
619.9195585512309
 20
362.0117749715707
 30
0.0
  0
SEQEND
  5
D8B
  8
FAB
  0
POLYLINE
  5
D8C
  8
FAB
 66
     1
 10
0.0
 20
0.0
 30
0.0
 70
     1
  0
VERTEX
  5
D8D
  8
FAB
 10
613.2163439058452
 20
373.2861411119363
 30
0.0
  0
VERTEX
  5
D8E
  8
FAB
 10
613.3102045320659
 20
373.2935282731912
 30
0.0
  0
VERTEX
  5
D8F
  8
FAB
 10
613.4017553590922
 20
373.3155073667428
 30
0.0
  0
VERTEX
  5
D90
  8
FAB
 10
613.4887399934917
 20
373.3515371824166
 30
0.0
  0
VERTEX
  5
D91
  8
FAB
 10
613.5690164827495
 20
373.400731041517
 30
0.0
  0
VERTEX
  5
D92
  8
FAB
 10
613.6406088136821
 20
373.4618770624062
 30
0.0
  0
VERTEX
  5
D93
  8
FAB
 10
613.7017545961528
 20
373.5334701085946
 30
0.0
  0
VERTEX
  5
D94
  8
FAB
 10
613.7509489320903
 20
373.613746836271
 30
0.0
  0
VERTEX
  5
D95
  8
FAB
 10
613.7869787477641
 20
373.7007309938332
 30
0.0
  0
VERTEX
  5
D96
  8
FAB
 10
613.80895712606
 20
373.7922803903481
 30
0.0
  0
VERTEX
  5
D97
  8
FAB
 10
613.8163442873149
 20
373.8861412549874
 30
0.0
  0
VERTEX
  5
D98
  8
FAB
 10
613.80895712606
 20
373.9800018812081
 30
0.0
  0
VERTEX
  5
D99
  8
FAB
 10
613.7869787477641
 20
374.071551277723
 30
0.0
  0
VERTEX
  5
D9A
  8
FAB
 10
613.7509489320903
 20
374.1585354352853
 30
0.0
  0
VERTEX
  5
D9B
  8
FAB
 10
613.7017545961528
 20
374.2388124013802
 30
0.0
  0
VERTEX
  5
D9C
  8
FAB
 10
613.6406088136821
 20
374.31040520915
 30
0.0
  0
VERTEX
  5
D9D
  8
FAB
 10
613.5690164827495
 20
374.3715514684579
 30
0.0
  0
VERTEX
  5
D9E
  8
FAB
 10
613.4887399934917
 20
374.4207453275582
 30
0.0
  0
VERTEX
  5
D9F
  8
FAB
 10
613.4017553590922
 20
374.4567751432321
 30
0.0
  0
VERTEX
  5
DA0
  8
FAB
 10
613.3102045320659
 20
374.4787539983651
 30
0.0
  0
VERTEX
  5
DA1
  8
FAB
 10
613.2163439058452
 20
374.48614115962
 30
0.0
  0
VERTEX
  5
DA2
  8
FAB
 10
613.1224832796245
 20
374.4787539983651
 30
0.0
  0
VERTEX
  5
DA3
  8
FAB
 10
613.0309343599467
 20
374.4567751432321
 30
0.0
  0
VERTEX
  5
DA4
  8
FAB
 10
612.9439497255473
 20
374.4207453275582
 30
0.0
  0
VERTEX
  5
DA5
  8
FAB
 10
612.8636732362895
 20
374.3715514684579
 30
0.0
  0
VERTEX
  5
DA6
  8
FAB
 10
612.7920809053569
 20
374.31040520915
 30
0.0
  0
VERTEX
  5
DA7
  8
FAB
 10
612.7309351228862
 20
374.2388124013802
 30
0.0
  0
VERTEX
  5
DA8
  8
FAB
 10
612.6817407869487
 20
374.1585354352853
 30
0.0
  0
VERTEX
  5
DA9
  8
FAB
 10
612.6457109712749
 20
374.071551277723
 30
0.0
  0
VERTEX
  5
DAA
  8
FAB
 10
612.623732592979
 20
373.9800018812081
 30
0.0
  0
VERTEX
  5
DAB
  8
FAB
 10
612.6163454317241
 20
373.8861412549874
 30
0.0
  0
VERTEX
  5
DAC
  8
FAB
 10
612.623732592979
 20
373.7922803903481
 30
0.0
  0
VERTEX
  5
DAD
  8
FAB
 10
612.6457109712749
 20
373.7007309938332
 30
0.0
  0
VERTEX
  5
DAE
  8
FAB
 10
612.6817407869487
 20
373.613746836271
 30
0.0
  0
VERTEX
  5
DAF
  8
FAB
 10
612.7309351228862
 20
373.5334701085946
 30
0.0
  0
VERTEX
  5
DB0
  8
FAB
 10
612.7920809053569
 20
373.4618770624062
 30
0.0
  0
VERTEX
  5
DB1
  8
FAB
 10
612.8636732362895
 20
373.400731041517
 30
0.0
  0
VERTEX
  5
DB2
  8
FAB
 10
612.9439497255473
 20
373.3515371824166
 30
0.0
  0
VERTEX
  5
DB3
  8
FAB
 10
613.0309343599467
 20
373.3155073667428
 30
0.0
  0
VERTEX
  5
DB4
  8
FAB
 10
613.1224832796245
 20
373.2935282731912
 30
0.0
  0
SEQEND
  5
DB5
  8
FAB
  0
POLYLINE
  5
DB6
  8
FAB
 66
     1
 10
0.0
 20
0.0
 30
0.0
 70
     1
  0
VERTEX
  5
DB7
  8
FAB
 10
615.3163442873149
 20
373.286431267347
 30
0.0
  0
VERTEX
  5
DB8
  8
FAB
 10
615.4102049135356
 20
373.2938181901833
 30
0.0
  0
VERTEX
  5
DB9
  8
FAB
 10
615.501755740562
 20
373.315797283735
 30
0.0
  0
VERTEX
  5
DBA
  8
FAB
 10
615.5887384676128
 20
373.3518273378274
 30
0.0
  0
VERTEX
  5
DBB
  8
FAB
 10
615.6690168642192
 20
373.4010211969277
 30
0.0
  0
VERTEX
  5
DBC
  8
FAB
 10
615.7406091951518
 20
373.462167217817
 30
0.0
  0
VERTEX
  5
DBD
  8
FAB
 10
615.8017549776225
 20
373.5337600255868
 30
0.0
  0
VERTEX
  5
DBE
  8
FAB
 10
615.85094931356
 20
373.6140369916818
 30
0.0
  0
VERTEX
  5
DBF
  8
FAB
 10
615.8869791292339
 20
373.701021149244
 30
0.0
  0
VERTEX
  5
DC0
  8
FAB
 10
615.9089575075297
 20
373.7925705457589
 30
0.0
  0
VERTEX
  5
DC1
  8
FAB
 10
615.9163446687846
 20
373.8864314103982
 30
0.0
  0
VERTEX
  5
DC2
  8
FAB
 10
615.9089575075297
 20
373.9802920366189
 30
0.0
  0
VERTEX
  5
DC3
  8
FAB
 10
615.8869791292339
 20
374.0718414331338
 30
0.0
  0
VERTEX
  5
DC4
  8
FAB
 10
615.85094931356
 20
374.158825590696
 30
0.0
  0
VERTEX
  5
DC5
  8
FAB
 10
615.8017549776225
 20
374.239102556791
 30
0.0
  0
VERTEX
  5
DC6
  8
FAB
 10
615.7406091951518
 20
374.3106953645608
 30
0.0
  0
VERTEX
  5
DC7
  8
FAB
 10
615.6690168642192
 20
374.3718413854501
 30
0.0
  0
VERTEX
  5
DC8
  8
FAB
 10
615.5887384676128
 20
374.4210352445504
 30
0.0
  0
VERTEX
  5
DC9
  8
FAB
 10
615.501755740562
 20
374.4570650602242
 30
0.0
  0
VERTEX
  5
DCA
  8
FAB
 10
615.4102049135356
 20
374.4790443921945
 30
0.0
  0
VERTEX
  5
DCB
  8
FAB
 10
615.3163442873149
 20
374.4864310766122
 30
0.0
  0
VERTEX
  5
DCC
  8
FAB
 10
615.2224836610942
 20
374.4790443921945
 30
0.0
  0
VERTEX
  5
DCD
  8
FAB
 10
615.1309347414165
 20
374.4570650602242
 30
0.0
  0
VERTEX
  5
DCE
  8
FAB
 10
615.043950107017
 20
374.4210352445504
 30
0.0
  0
VERTEX
  5
DCF
  8
FAB
 10
614.9636736177592
 20
374.3718413854501
 30
0.0
  0
VERTEX
  5
DD0
  8
FAB
 10
614.8920812868266
 20
374.3106953645608
 30
0.0
  0
VERTEX
  5
DD1
  8
FAB
 10
614.8309355043559
 20
374.239102556791
 30
0.0
  0
VERTEX
  5
DD2
  8
FAB
 10
614.7817411684184
 20
374.158825590696
 30
0.0
  0
VERTEX
  5
DD3
  8
FAB
 10
614.7457113527446
 20
374.0718414331338
 30
0.0
  0
VERTEX
  5
DD4
  8
FAB
 10
614.7237310671001
 20
373.9802920366189
 30
0.0
  0
VERTEX
  5
DD5
  8
FAB
 10
614.7163458131938
 20
373.8864314103982
 30
0.0
  0
VERTEX
  5
DD6
  8
FAB
 10
614.7237310671001
 20
373.7925705457589
 30
0.0
  0
VERTEX
  5
DD7
  8
FAB
 10
614.7457113527446
 20
373.701021149244
 30
0.0
  0
VERTEX
  5
DD8
  8
FAB
 10
614.7817411684184
 20
373.6140369916818
 30
0.0
  0
VERTEX
  5
DD9
  8
FAB
 10
614.8309355043559
 20
373.5337600255868
 30
0.0
  0
VERTEX
  5
DDA
  8
FAB
 10
614.8920812868266
 20
373.462167217817
 30
0.0
  0
VERTEX
  5
DDB
  8
FAB
 10
614.9636736177592
 20
373.4010211969277
 30
0.0
  0
VERTEX
  5
DDC
  8
FAB
 10
615.043950107017
 20
373.3518273378274
 30
0.0
  0
VERTEX
  5
DDD
  8
FAB
 10
615.1309347414165
 20
373.315797283735
 30
0.0
  0
VERTEX
  5
DDE
  8
FAB
 10
615.2224836610942
 20
373.2938181901833
 30
0.0
  0
SEQEND
  5
DDF
  8
FAB
  0
POLYLINE
  5
DE0
  8
FAB
 66
     1
 10
0.0
 20
0.0
 30
0.0
 70
     1
  0
VERTEX
  5
DE1
  8
FAB
 10
626.4266195558696
 20
373.2865120912454
 30
0.0
  0
VERTEX
  5
DE2
  8
FAB
 10
626.5204801820903
 20
373.2938992525002
 30
0.0
  0
VERTEX
  5
DE3
  8
FAB
 10
626.612029101768
 20
373.3158783460519
 30
0.0
  0
VERTEX
  5
DE4
  8
FAB
 10
626.6990118288188
 20
373.3519084001443
 30
0.0
  0
VERTEX
  5
DE5
  8
FAB
 10
626.7792921327739
 20
373.401102020826
 30
0.0
  0
VERTEX
  5
DE6
  8
FAB
 10
626.8508825563579
 20
373.4622480417153
 30
0.0
  0
VERTEX
  5
DE7
  8
FAB
 10
626.9120283388286
 20
373.5338410879037
 30
0.0
  0
VERTEX
  5
DE8
  8
FAB
 10
626.9612226747661
 20
373.6141178155801
 30
0.0
  0
VERTEX
  5
DE9
  8
FAB
 10
626.9972524904399
 20
373.7011019731423
 30
0.0
  0
VERTEX
  5
DEA
  8
FAB
 10
627.0192327760844
 20
373.7926516080758
 30
0.0
  0
VERTEX
  5
DEB
  8
FAB
 10
627.0266180299907
 20
373.8865122342965
 30
0.0
  0
VERTEX
  5
DEC
  8
FAB
 10
627.0192327760844
 20
373.9803728605172
 30
0.0
  0
VERTEX
  5
DED
  8
FAB
 10
626.9972524904399
 20
374.0719224954507
 30
0.0
  0
VERTEX
  5
DEE
  8
FAB
 10
626.9612226747661
 20
374.1589064145944
 30
0.0
  0
VERTEX
  5
DEF
  8
FAB
 10
626.9120283388286
 20
374.2391833806893
 30
0.0
  0
VERTEX
  5
DF0
  8
FAB
 10
626.8508825563579
 20
374.3107761884591
 30
0.0
  0
VERTEX
  5
DF1
  8
FAB
 10
626.7792921327739
 20
374.371922447767
 30
0.0
  0
VERTEX
  5
DF2
  8
FAB
 10
626.6990118288188
 20
374.4211163068673
 30
0.0
  0
VERTEX
  5
DF3
  8
FAB
 10
626.612029101768
 20
374.4571461225411
 30
0.0
  0
VERTEX
  5
DF4
  8
FAB
 10
626.5204801820903
 20
374.4791249776742
 30
0.0
  0
VERTEX
  5
DF5
  8
FAB
 10
626.4266195558696
 20
374.4865121389291
 30
0.0
  0
VERTEX
  5
DF6
  8
FAB
 10
626.3327589296489
 20
374.4791249776742
 30
0.0
  0
VERTEX
  5
DF7
  8
FAB
 10
626.2412100099712
 20
374.4571461225411
 30
0.0
  0
VERTEX
  5
DF8
  8
FAB
 10
626.1542234682231
 20
374.4211163068673
 30
0.0
  0
VERTEX
  5
DF9
  8
FAB
 10
626.0739469789653
 20
374.371922447767
 30
0.0
  0
VERTEX
  5
DFA
  8
FAB
 10
626.0023565553813
 20
374.3107761884591
 30
0.0
  0
VERTEX
  5
DFB
  8
FAB
 10
625.9412107729106
 20
374.2391833806893
 30
0.0
  0
VERTEX
  5
DFC
  8
FAB
 10
625.8920164369731
 20
374.1589064145944
 30
0.0
  0
VERTEX
  5
DFD
  8
FAB
 10
625.8559866212993
 20
374.0719224954507
 30
0.0
  0
VERTEX
  5
DFE
  8
FAB
 10
625.8340063356547
 20
373.9803728605172
 30
0.0
  0
VERTEX
  5
DFF
  8
FAB
 10
625.8266210817485
 20
373.8865122342965
 30
0.0
  0
VERTEX
  5
E00
  8
FAB
 10
625.8340063356547
 20
373.7926516080758
 30
0.0
  0
VERTEX
  5
E01
  8
FAB
 10
625.8559866212993
 20
373.7011019731423
 30
0.0
  0
VERTEX
  5
E02
  8
FAB
 10
625.8920164369731
 20
373.6141178155801
 30
0.0
  0
VERTEX
  5
E03
  8
FAB
 10
625.9412107729106
 20
373.5338410879037
 30
0.0
  0
VERTEX
  5
E04
  8
FAB
 10
626.0023565553813
 20
373.4622480417153
 30
0.0
  0
VERTEX
  5
E05
  8
FAB
 10
626.0739469789653
 20
373.401102020826
 30
0.0
  0
VERTEX
  5
E06
  8
FAB
 10
626.1542234682231
 20
373.3519084001443
 30
0.0
  0
VERTEX
  5
E07
  8
FAB
 10
626.2412100099712
 20
373.3158783460519
 30
0.0
  0
VERTEX
  5
E08
  8
FAB
 10
626.3327589296489
 20
373.2938992525002
 30
0.0
  0
SEQEND
  5
E09
  8
FAB
  0
POLYLINE
  5
E0A
  8
FAB
 66
     1
 10
0.0
 20
0.0
 30
0.0
 70
     1
  0
VERTEX
  5
E0B
  8
FAB
 10
624.3265142702251
 20
373.2863835836312
 30
0.0
  0
VERTEX
  5
E0C
  8
FAB
 10
624.4203748964458
 20
373.2937705064675
 30
0.0
  0
VERTEX
  5
E0D
  8
FAB
 10
624.5119238161235
 20
373.3157496000192
 30
0.0
  0
VERTEX
  5
E0E
  8
FAB
 10
624.5989065431743
 20
373.3517796541116
 30
0.0
  0
VERTEX
  5
E0F
  8
FAB
 10
624.6791830324321
 20
373.4009732747933
 30
0.0
  0
VERTEX
  5
E10
  8
FAB
 10
624.7507772707133
 20
373.4621195341012
 30
0.0
  0
VERTEX
  5
E11
  8
FAB
 10
624.811923053184
 20
373.533712341871
 30
0.0
  0
VERTEX
  5
E12
  8
FAB
 10
624.8611173891215
 20
373.6139893079659
 30
0.0
  0
VERTEX
  5
E13
  8
FAB
 10
624.8971472047954
 20
373.7009734655282
 30
0.0
  0
VERTEX
  5
E14
  8
FAB
 10
624.9191274904399
 20
373.7925228620431
 30
0.0
  0
VERTEX
  5
E15
  8
FAB
 10
624.9265127443462
 20
373.8863834882638
 30
0.0
  0
VERTEX
  5
E16
  8
FAB
 10
624.9191274904399
 20
373.9802443529031
 30
0.0
  0
VERTEX
  5
E17
  8
FAB
 10
624.8971472047954
 20
374.071793749418
 30
0.0
  0
VERTEX
  5
E18
  8
FAB
 10
624.8611173891215
 20
374.1587779069802
 30
0.0
  0
VERTEX
  5
E19
  8
FAB
 10
624.811923053184
 20
374.2390546346566
 30
0.0
  0
VERTEX
  5
E1A
  8
FAB
 10
624.7507772707133
 20
374.310647680845
 30
0.0
  0
VERTEX
  5
E1B
  8
FAB
 10
624.6791830324321
 20
374.3717937017342
 30
0.0
  0
VERTEX
  5
E1C
  8
FAB
 10
624.5989065431743
 20
374.4209875608346
 30
0.0
  0
VERTEX
  5
E1D
  8
FAB
 10
624.5119238161235
 20
374.4570173765084
 30
0.0
  0
VERTEX
  5
E1E
  8
FAB
 10
624.4203748964458
 20
374.4789967084786
 30
0.0
  0
VERTEX
  5
E1F
  8
FAB
 10
624.3265142702251
 20
374.4863833928964
 30
0.0
  0
VERTEX
  5
E20
  8
FAB
 10
624.2326536440044
 20
374.4789967084786
 30
0.0
  0
VERTEX
  5
E21
  8
FAB
 10
624.1411009096294
 20
374.4570173765084
 30
0.0
  0
VERTEX
  5
E22
  8
FAB
 10
624.0541181825786
 20
374.4209875608346
 30
0.0
  0
VERTEX
  5
E23
  8
FAB
 10
623.9738416933208
 20
374.3717937017342
 30
0.0
  0
VERTEX
  5
E24
  8
FAB
 10
623.9022474550395
 20
374.310647680845
 30
0.0
  0
VERTEX
  5
E25
  8
FAB
 10
623.8411016725688
 20
374.2390546346566
 30
0.0
  0
VERTEX
  5
E26
  8
FAB
 10
623.7919073366313
 20
374.1587779069802
 30
0.0
  0
VERTEX
  5
E27
  8
FAB
 10
623.7558775209575
 20
374.071793749418
 30
0.0
  0
VERTEX
  5
E28
  8
FAB
 10
623.7339010500102
 20
373.9802443529031
 30
0.0
  0
VERTEX
  5
E29
  8
FAB
 10
623.7265119814067
 20
373.8863834882638
 30
0.0
  0
VERTEX
  5
E2A
  8
FAB
 10
623.7339010500102
 20
373.7925228620431
 30
0.0
  0
VERTEX
  5
E2B
  8
FAB
 10
623.7558775209575
 20
373.7009734655282
 30
0.0
  0
VERTEX
  5
E2C
  8
FAB
 10
623.7919073366313
 20
373.6139893079659
 30
0.0
  0
VERTEX
  5
E2D
  8
FAB
 10
623.8411016725688
 20
373.533712341871
 30
0.0
  0
VERTEX
  5
E2E
  8
FAB
 10
623.9022474550395
 20
373.4621195341012
 30
0.0
  0
VERTEX
  5
E2F
  8
FAB
 10
623.9738416933208
 20
373.4009732747933
 30
0.0
  0
VERTEX
  5
E30
  8
FAB
 10
624.0541181825786
 20
373.3517796541116
 30
0.0
  0
VERTEX
  5
E31
  8
FAB
 10
624.1411009096294
 20
373.3157496000192
 30
0.0
  0
VERTEX
  5
E32
  8
FAB
 10
624.2326536440044
 20
373.2937705064675
 30
0.0
  0
SEQEND
  5
E33
  8
FAB
  0
POLYLINE
  5
E34
  8
FAB
 66
     1
 10
0.0
 20
0.0
 30
0.0
 70
     1
  0
VERTEX
  5
E35
  8
FAB
 10
603.0520134233623
 20
389.5875863576791
 30
0.0
  0
VERTEX
  5
E36
  8
FAB
 10
603.0346370004802
 20
389.475661232557
 30
0.0
  0
VERTEX
  5
E37
  8
FAB
 10
601.4815359377055
 20
376.4434566045663
 30
0.0
  0
VERTEX
  5
E38
  8
FAB
 10
601.4161796831279
 20
376.2869247938058
 30
0.0
  0
VERTEX
  5
E39
  8
FAB
 10
601.358595874229
 20
376.1273693586251
 30
0.0
  0
VERTEX
  5
E3A
  8
FAB
 10
601.3089242242961
 20
375.9651760602853
 30
0.0
  0
VERTEX
  5
E3B
  8
FAB
 10
601.2672853731303
 20
375.8007378126046
 30
0.0
  0
VERTEX
  5
E3C
  8
FAB
 10
601.2337789796977
 20
375.6344513440987
 30
0.0
  0
VERTEX
  5
E3D
  8
FAB
 10
601.2084865831523
 20
375.4667191053292
 30
0.0
  0
VERTEX
  5
E3E
  8
FAB
 10
601.1914696954875
 20
375.2979464078805
 30
0.0
  0
VERTEX
  5
E3F
  8
FAB
 10
601.1827683710246
 20
375.1285411859414
 30
0.0
  0
VERTEX
  5
E40
  8
FAB
 10
601.1824050211101
 20
374.9589132810494
 30
0.0
  0
VERTEX
  5
E41
  8
FAB
 10
601.1903791689067
 20
374.7894722963235
 30
0.0
  0
VERTEX
  5
E42
  8
FAB
 10
601.2066726946025
 20
374.620628073301
 30
0.0
  0
VERTEX
  5
E43
  8
FAB
 10
601.2312455438762
 20
374.4527890230081
 30
0.0
  0
VERTEX
  5
E44
  8
FAB
 10
601.264038112083
 20
374.286360457029
 30
0.0
  0
VERTEX
  5
E45
  8
FAB
 10
601.3049717210918
 20
374.1217450643441
 30
0.0
  0
VERTEX
  5
E46
  8
FAB
 10
601.3539471887736
 20
373.9593405271432
 30
0.0
  0
VERTEX
  5
E47
  8
FAB
 10
601.4108462595134
 20
373.799539520826
 30
0.0
  0
VERTEX
  5
E48
  8
FAB
 10
601.4755306505351
 20
373.6427285219094
 30
0.0
  0
VERTEX
  5
E49
  8
FAB
 10
601.5478449129253
 20
373.4892864967248
 30
0.0
  0
VERTEX
  5
E4A
  8
FAB
 10
601.6276140474467
 20
373.3395844245812
 30
0.0
  0
VERTEX
  5
E4B
  8
FAB
 10
601.7146449350505
 20
373.1939841056725
 30
0.0
  0
VERTEX
  5
E4C
  8
FAB
 10
601.8087272905498
 20
373.0528375650308
 30
0.0
  0
VERTEX
  5
E4D
  8
FAB
 10
601.9096336626201
 20
372.9164860988519
 30
0.0
  0
VERTEX
  5
E4E
  8
FAB
 10
602.0171199106364
 20
372.7852592016122
 30
0.0
  0
VERTEX
  5
E4F
  8
FAB
 10
602.1309266351848
 20
372.6594743276498
 30
0.0
  0
VERTEX
  5
E50
  8
FAB
 10
602.2507787012248
 20
372.5394353414437
 30
0.0
  0
VERTEX
  5
E51
  8
FAB
 10
602.3763857149272
 20
372.4254324580094
 30
0.0
  0
VERTEX
  5
E52
  8
FAB
 10
602.5074448846965
 20
372.317741348829
 30
0.0
  0
VERTEX
  5
E53
  8
FAB
 10
602.6436386369853
 20
372.2166223073861
 30
0.0
  0
VERTEX
  5
E54
  8
FAB
 10
602.7846379541545
 20
372.1223198319337
 30
0.0
  0
VERTEX
  5
E55
  8
FAB
 10
602.9301023744731
 20
372.0350618506333
 30
0.0
  0
VERTEX
  5
E56
  8
FAB
 10
603.0796795152812
 20
371.9550593341252
 30
0.0
  0
VERTEX
  5
E57
  8
FAB
 10
603.2330088876872
 20
371.882505639877
 30
0.0
  0
VERTEX
  5
E58
  8
FAB
 10
603.3897185587077
 20
371.8175762141606
 30
0.0
  0
VERTEX
  5
E59
  8
FAB
 10
603.5494303964763
 20
371.7604280109069
 30
0.0
  0
VERTEX
  5
E5A
  8
FAB
 10
603.7117581628947
 20
371.7111991638801
 30
0.0
  0
VERTEX
  5
E5B
  8
FAB
 10
603.876309897819
 20
371.6700086886546
 30
0.0
  0
VERTEX
  5
E5C
  8
FAB
 10
604.042686965385
 20
371.6369561696908
 30
0.0
  0
VERTEX
  5
E5D
  8
FAB
 10
604.2104876302867
 20
371.6121215070149
 30
0.0
  0
VERTEX
  5
E5E
  8
FAB
 10
604.3793061041026
 20
371.5955647299549
 30
0.0
  0
VERTEX
  5
E5F
  8
FAB
 10
604.5487342142253
 20
371.5873258704802
 30
0.0
  0
VERTEX
  5
E60
  8
FAB
 10
604.718362834373
 20
371.5874248477182
 30
0.0
  0
VERTEX
  5
E61
  8
FAB
 10
604.887781169334
 20
371.5958614195249
 30
0.0
  0
VERTEX
  5
E62
  8
FAB
 10
605.056580331245
 20
371.6126151899359
 30
0.0
  0
VERTEX
  5
E63
  8
FAB
 10
605.22435190908
 20
371.6376456613203
 30
0.0
  0
VERTEX
  5
E64
  8
FAB
 10
605.3906903528361
 20
371.6708923126122
 30
0.0
  0
VERTEX
  5
E65
  8
FAB
 10
605.5551934503703
 20
371.7122747892996
 30
0.0
  0
VERTEX
  5
E66
  8
FAB
 10
605.7174637579112
 20
371.7616930300852
 30
0.0
  0
VERTEX
  5
E67
  8
FAB
 10
605.8771090768962
 20
371.8190275872608
 30
0.0
  0
VERTEX
  5
E68
  8
FAB
 10
606.0337429308086
 20
371.8841398502251
 30
0.0
  0
VERTEX
  5
E69
  8
FAB
 10
606.1869871877818
 20
371.9568724180123
 30
0.0
  0
VERTEX
  5
E6A
  8
FAB
 10
606.3364712261348
 20
372.0370494271179
 30
0.0
  0
VERTEX
  5
E6B
  8
FAB
 10
606.4818334840922
 20
372.124477102842
 30
0.0
  0
VERTEX
  5
E6C
  8
FAB
 10
606.6227228902965
 20
372.218944087114
 30
0.0
  0
VERTEX
  5
E6D
  8
FAB
 10
606.7587986253886
 20
372.3202219749352
 30
0.0
  0
VERTEX
  5
E6E
  8
FAB
 10
606.8897317909389
 20
372.4280659104248
 30
0.0
  0
VERTEX
  5
E6F
  8
FAB
 10
607.0152058862834
 20
372.542215302076
 30
0.0
  0
VERTEX
  5
E70
  8
FAB
 10
607.1349174641757
 20
372.6623941207787
 30
0.0
  0
VERTEX
  5
E71
  8
FAB
 10
607.2485773228793
 20
372.7883117938896
 30
0.0
  0
VERTEX
  5
E72
  8
FAB
 10
607.3559105061679
 20
372.9196639800927
 30
0.0
  0
VERTEX
  5
E73
  8
FAB
 10
607.456657674232
 20
373.0561331058403
 30
0.0
  0
VERTEX
  5
E74
  8
FAB
 10
607.5505752228885
 20
373.1973893190285
 30
0.0
  0
VERTEX
  5
E75
  8
FAB
 10
607.637436088243
 20
373.3430910850426
 30
0.0
  0
VERTEX
  5
E76
  8
FAB
 10
607.7170303129344
 20
373.492886140432
 30
0.0
  0
VERTEX
  5
E77
  8
FAB
 10
607.7891654931693
 20
373.6464125657936
 30
0.0
  0
VERTEX
  5
E78
  8
FAB
 10
607.8536672257571
 20
373.8032989049813
 30
0.0
  0
VERTEX
  5
E79
  8
FAB
 10
607.9103795998483
 20
373.9631659532448
 30
0.0
  0
VERTEX
  5
E7A
  8
FAB
 10
607.9591654949575
 20
374.1256277109047
 30
0.0
  0
VERTEX
  5
E7B
  8
FAB
 10
607.9999069683938
 20
374.2902907873055
 30
0.0
  0
VERTEX
  5
E7C
  8
FAB
 10
608.0325055532842
 20
374.4567575002571
 30
0.0
  0
VERTEX
  5
E7D
  8
FAB
 10
608.0568824224858
 20
374.6246251607796
 30
0.0
  0
VERTEX
  5
E7E
  8
FAB
 10
608.0729786568074
 20
374.7934882188698
 30
0.0
  0
VERTEX
  5
E7F
  8
FAB
 10
608.0807553418665
 20
374.9629382635018
 30
0.0
  0
VERTEX
  5
E80
  8
FAB
 10
608.0801936798482
 20
375.1325659299752
 30
0.0
  0
VERTEX
  5
E81
  8
FAB
 10
608.0712950230329
 20
375.3019606614968
 30
0.0
  0
VERTEX
  5
E82
  8
FAB
 10
608.0540808924227
 20
375.4707135702034
 30
0.0
  0
VERTEX
  5
E83
  8
FAB
 10
608.0285928883343
 20
375.6384162450692
 30
0.0
  0
VERTEX
  5
E84
  8
FAB
 10
607.9948926382451
 20
375.8046631360909
 30
0.0
  0
VERTEX
  5
E85
  8
FAB
 10
607.9530616217046
 20
375.9690527463814
 30
0.0
  0
VERTEX
  5
E86
  8
FAB
 10
607.9032009356408
 20
376.131187870588
 30
0.0
  0
VERTEX
  5
E87
  8
FAB
 10
607.845431145349
 20
376.2906760717293
 30
0.0
  0
VERTEX
  5
E88
  8
FAB
 10
607.7798918747096
 20
376.4471320653817
 30
0.0
  0
VERTEX
  5
E89
  8
FAB
 10
606.2117334865718
 20
389.477478935804
 30
0.0
  0
VERTEX
  5
E8A
  8
FAB
 10
606.1942290329127
 20
389.5893849874398
 30
0.0
  0
VERTEX
  5
E8B
  8
FAB
 10
606.1688510440974
 20
389.6997708822151
 30
0.0
  0
VERTEX
  5
E8C
  8
FAB
 10
606.1357267164378
 20
389.8080834890267
 30
0.0
  0
VERTEX
  5
E8D
  8
FAB
 10
606.0950222276837
 20
389.9137830282112
 30
0.0
  0
VERTEX
  5
E8E
  8
FAB
 10
606.0469413065106
 20
390.0163354421517
 30
0.0
  0
VERTEX
  5
E8F
  8
FAB
 10
605.9917252325207
 20
390.115231468763
 30
0.0
  0
VERTEX
  5
E90
  8
FAB
 10
605.9296505712658
 20
390.2099713827034
 30
0.0
  0
VERTEX
  5
E91
  8
FAB
 10
605.8610284589917
 20
390.300082161512
 30
0.0
  0
VERTEX
  5
E92
  8
FAB
 10
605.7862029337078
 20
390.3851136709114
 30
0.0
  0
VERTEX
  5
E93
  8
FAB
 10
605.7055487894207
 20
390.4646367574593
 30
0.0
  0
VERTEX
  5
E94
  8
FAB
 10
605.6194703840405
 20
390.53825469264
 30
0.0
  0
VERTEX
  5
E95
  8
FAB
 10
605.5283992551953
 20
390.6055974508187
 30
0.0
  0
VERTEX
  5
E96
  8
FAB
 10
605.4327919744641
 20
390.666329338636
 30
0.0
  0
VERTEX
  5
E97
  8
FAB
 10
605.3331272863537
 20
390.7201432729622
 30
0.0
  0
VERTEX
  5
E98
  8
FAB
 10
605.229904916206
 20
390.7667722249886
 30
0.0
  0
VERTEX
  5
E99
  8
FAB
 10
605.1236422323376
 20
390.8059796834847
 30
0.0
  0
VERTEX
  5
E9A
  8
FAB
 10
605.0148718618542
 20
390.83757109889
 30
0.0
  0
VERTEX
  5
E9B
  8
FAB
 10
604.9041388296276
 20
390.8613881612679
 30
0.0
  0
VERTEX
  5
E9C
  8
FAB
 10
604.7919981741101
 20
390.8773126150033
 30
0.0
  0
VERTEX
  5
E9D
  8
FAB
 10
604.679012086311
 20
390.8852605367562
 30
0.0
  0
VERTEX
  5
E9E
  8
FAB
 10
604.5657468103558
 20
390.8851956869027
 30
0.0
  0
VERTEX
  5
E9F
  8
FAB
 10
604.4527697824627
 20
390.8771180654427
 30
0.0
  0
VERTEX
  5
EA0
  8
FAB
 10
604.3406474851757
 20
390.861065819349
 30
0.0
  0
VERTEX
  5
EA1
  8
FAB
 10
604.2299418710858
 20
390.8371228719613
 30
0.0
  0
VERTEX
  5
EA2
  8
FAB
 10
604.1212077402264
 20
390.8054055715463
 30
0.0
  0
VERTEX
  5
EA3
  8
FAB
 10
604.0149898790509
 20
390.7660760427377
 30
0.0
  0
VERTEX
  5
EA4
  8
FAB
 10
603.9118209146649
 20
390.7193307424447
 30
0.0
  0
VERTEX
  5
EA5
  8
FAB
 10
603.8122177385479
 20
390.6654023672006
 30
0.0
  0
VERTEX
  5
EA6
  8
FAB
 10
603.7166800760418
 20
390.6045617605111
 30
0.0
  0
VERTEX
  5
EA7
  8
FAB
 10
603.6256857179791
 20
390.5371140981576
 30
0.0
  0
VERTEX
  5
EA8
  8
FAB
 10
603.5396919511944
 20
390.463396980848
 30
0.0
  0
VERTEX
  5
EA9
  8
FAB
 10
603.4591288828045
 20
390.3837823415658
 30
0.0
  0
VERTEX
  5
EAA
  8
FAB
 10
603.3844003938824
 20
390.2986669088265
 30
0.0
  0
VERTEX
  5
EAB
  8
FAB
 10
603.3158817552716
 20
390.2084760213754
 30
0.0
  0
VERTEX
  5
EAC
  8
FAB
 10
603.2539153360516
 20
390.1136655355355
 30
0.0
  0
VERTEX
  5
EAD
  8
FAB
 10
603.1988125108868
 20
390.0147065664193
 30
0.0
  0
VERTEX
  5
EAE
  8
FAB
 10
603.1508488916546
 20
389.9120969320199
 30
0.0
  0
VERTEX
  5
EAF
  8
FAB
 10
603.1102652811198
 20
389.8063535238168
 30
0.0
  0
VERTEX
  5
EB0
  8
FAB
 10
603.0772652887492
 20
389.698000862684
 30
0.0
  0
SEQEND
  5
EB1
  8
FAB
  0
POLYLINE
  5
EB2
  8
FAB
 66
     1
 10
0.0
 20
0.0
 30
0.0
 70
     1
  0
VERTEX
  5
EB3
  8
FAB
 10
604.6289346479564
 20
386.9363317037484
 30
0.0
  0
VERTEX
  5
EB4
  8
FAB
 10
604.698590304771
 20
386.9403886342904
 30
0.0
  0
VERTEX
  5
EB5
  8
FAB
 10
604.7673039697795
 20
386.9525050664803
 30
0.0
  0
VERTEX
  5
EB6
  8
FAB
 10
604.8341465257793
 20
386.9725169683358
 30
0.0
  0
VERTEX
  5
EB7
  8
FAB
 10
604.8982141279369
 20
387.0001525426766
 30
0.0
  0
VERTEX
  5
EB8
  8
FAB
 10
604.9586398862987
 20
387.0350398565194
 30
0.0
  0
VERTEX
  5
EB9
  8
FAB
 10
605.0146072172313
 20
387.0767058874032
 30
0.0
  0
VERTEX
  5
EBA
  8
FAB
 10
605.0653586649089
 20
387.124587013807
 30
0.0
  0
VERTEX
  5
EBB
  8
FAB
 10
605.110208537498
 20
387.1780366445443
 30
0.0
  0
VERTEX
  5
EBC
  8
FAB
 10
605.1485498212962
 20
387.2363318944833
 30
0.0
  0
VERTEX
  5
EBD
  8
FAB
 10
605.1798641943126
 20
387.2986840749642
 30
0.0
  0
VERTEX
  5
EBE
  8
FAB
 10
605.2037282251506
 20
387.3642501378914
 30
0.0
  0
VERTEX
  5
EBF
  8
FAB
 10
605.2198190950542
 20
387.4321431661507
 30
0.0
  0
VERTEX
  5
EC0
  8
FAB
 10
605.2279193662791
 20
387.5014447713753
 30
0.0
  0
VERTEX
  5
EC1
  8
FAB
 10
605.2279193662791
 20
387.5712193990609
 30
0.0
  0
VERTEX
  5
EC2
  8
FAB
 10
605.2198190950542
 20
387.6405210042855
 30
0.0
  0
VERTEX
  5
EC3
  8
FAB
 10
605.2037282251506
 20
387.7084130788704
 30
0.0
  0
VERTEX
  5
EC4
  8
FAB
 10
605.1798641943126
 20
387.773980095472
 30
0.0
  0
VERTEX
  5
EC5
  8
FAB
 10
605.1485498212962
 20
387.8363313222787
 30
0.0
  0
VERTEX
  5
EC6
  8
FAB
 10
605.110208537498
 20
387.894627525892
 30
0.0
  0
VERTEX
  5
EC7
  8
FAB
 10
605.0653586649089
 20
387.9480771566293
 30
0.0
  0
VERTEX
  5
EC8
  8
FAB
 10
605.0146072172313
 20
387.9959592367074
 30
0.0
  0
VERTEX
  5
EC9
  8
FAB
 10
604.9586398862987
 20
388.0376252675912
 30
0.0
  0
VERTEX
  5
ECA
  8
FAB
 10
604.8982141279369
 20
388.072512581434
 30
0.0
  0
VERTEX
  5
ECB
  8
FAB
 10
604.8341465257793
 20
388.1001481557748
 30
0.0
  0
VERTEX
  5
ECC
  8
FAB
 10
604.7673039697795
 20
388.1201581502816
 30
0.0
  0
VERTEX
  5
ECD
  8
FAB
 10
604.698590304771
 20
388.1322755361459
 30
0.0
  0
VERTEX
  5
ECE
  8
FAB
 10
604.6289346479564
 20
388.1363324666879
 30
0.0
  0
VERTEX
  5
ECF
  8
FAB
 10
604.5592787527232
 20
388.1322755361459
 30
0.0
  0
VERTEX
  5
ED0
  8
FAB
 10
604.4905650877147
 20
388.1201581502816
 30
0.0
  0
VERTEX
  5
ED1
  8
FAB
 10
604.4237225317149
 20
388.1001481557748
 30
0.0
  0
VERTEX
  5
ED2
  8
FAB
 10
604.3596549295573
 20
388.072512581434
 30
0.0
  0
VERTEX
  5
ED3
  8
FAB
 10
604.2992291711955
 20
388.0376252675912
 30
0.0
  0
VERTEX
  5
ED4
  8
FAB
 10
604.2432620786815
 20
387.9959592367074
 30
0.0
  0
VERTEX
  5
ED5
  8
FAB
 10
604.1925103925853
 20
387.9480771566293
 30
0.0
  0
VERTEX
  5
ED6
  8
FAB
 10
604.1476605199962
 20
387.894627525892
 30
0.0
  0
VERTEX
  5
ED7
  8
FAB
 10
604.109319236198
 20
387.8363313222787
 30
0.0
  0
VERTEX
  5
ED8
  8
FAB
 10
604.0780048631816
 20
387.773980095472
 30
0.0
  0
VERTEX
  5
ED9
  8
FAB
 10
604.054140593925
 20
387.7084130788705
 30
0.0
  0
VERTEX
  5
EDA
  8
FAB
 10
604.0380497240214
 20
387.6405210042855
 30
0.0
  0
VERTEX
  5
EDB
  8
FAB
 10
604.029949691215
 20
387.5712193990609
 30
0.0
  0
VERTEX
  5
EDC
  8
FAB
 10
604.029949691215
 20
387.5014447713754
 30
0.0
  0
VERTEX
  5
EDD
  8
FAB
 10
604.0380497240214
 20
387.4321431661508
 30
0.0
  0
VERTEX
  5
EDE
  8
FAB
 10
604.054140593925
 20
387.3642501378915
 30
0.0
  0
VERTEX
  5
EDF
  8
FAB
 10
604.0780048631816
 20
387.2986840749642
 30
0.0
  0
VERTEX
  5
EE0
  8
FAB
 10
604.109319236198
 20
387.2363318944833
 30
0.0
  0
VERTEX
  5
EE1
  8
FAB
 10
604.1476605199962
 20
387.1780366445443
 30
0.0
  0
VERTEX
  5
EE2
  8
FAB
 10
604.1925103925853
 20
387.124587013807
 30
0.0
  0
VERTEX
  5
EE3
  8
FAB
 10
604.2432620786815
 20
387.0767058874032
 30
0.0
  0
VERTEX
  5
EE4
  8
FAB
 10
604.2992291711955
 20
387.0350398565194
 30
0.0
  0
VERTEX
  5
EE5
  8
FAB
 10
604.3596549295573
 20
387.0001525426766
 30
0.0
  0
VERTEX
  5
EE6
  8
FAB
 10
604.4237225317149
 20
386.9725169683358
 30
0.0
  0
VERTEX
  5
EE7
  8
FAB
 10
604.4905650877147
 20
386.9525050664803
 30
0.0
  0
VERTEX
  5
EE8
  8
FAB
 10
604.5592787527232
 20
386.9403886342904
 30
0.0
  0
SEQEND
  5
EE9
  8
FAB
  0
POLYLINE
  5
EEA
  8
FAB
 66
     1
 10
0.0
 20
0.0
 30
0.0
 70
     1
  0
VERTEX
  5
EEB
  8
FAB
 10
604.6289346479564
 20
388.9363317037484
 30
0.0
  0
VERTEX
  5
EEC
  8
FAB
 10
604.698590304771
 20
388.9403886342904
 30
0.0
  0
VERTEX
  5
EED
  8
FAB
 10
604.7673039697795
 20
388.9525060201547
 30
0.0
  0
VERTEX
  5
EEE
  8
FAB
 10
604.8341465257793
 20
388.9725160146615
 30
0.0
  0
VERTEX
  5
EEF
  8
FAB
 10
604.8982141279369
 20
389.0001515890023
 30
0.0
  0
VERTEX
  5
EF0
  8
FAB
 10
604.9586398862987
 20
389.0350389028451
 30
0.0
  0
VERTEX
  5
EF1
  8
FAB
 10
605.0146072172313
 20
389.0767049337289
 30
0.0
  0
VERTEX
  5
EF2
  8
FAB
 10
605.0653586649089
 20
389.124587013807
 30
0.0
  0
VERTEX
  5
EF3
  8
FAB
 10
605.110208537498
 20
389.1780366445443
 30
0.0
  0
VERTEX
  5
EF4
  8
FAB
 10
605.1485498212962
 20
389.2363328481576
 30
0.0
  0
VERTEX
  5
EF5
  8
FAB
 10
605.1798641943126
 20
389.2986840749642
 30
0.0
  0
VERTEX
  5
EF6
  8
FAB
 10
605.2037282251506
 20
389.3642510915657
 30
0.0
  0
VERTEX
  5
EF7
  8
FAB
 10
605.2198190950542
 20
389.4321431661507
 30
0.0
  0
VERTEX
  5
EF8
  8
FAB
 10
605.2279193662791
 20
389.5014447713753
 30
0.0
  0
VERTEX
  5
EF9
  8
FAB
 10
605.2279193662791
 20
389.5712193990609
 30
0.0
  0
VERTEX
  5
EFA
  8
FAB
 10
605.2198190950542
 20
389.6405210042855
 30
0.0
  0
VERTEX
  5
EFB
  8
FAB
 10
605.2037282251506
 20
389.7084130788704
 30
0.0
  0
VERTEX
  5
EFC
  8
FAB
 10
605.1798641943126
 20
389.773980095472
 30
0.0
  0
VERTEX
  5
EFD
  8
FAB
 10
605.1485498212963
 20
389.8363313222787
 30
0.0
  0
VERTEX
  5
EFE
  8
FAB
 10
605.1102085374981
 20
389.894627525892
 30
0.0
  0
VERTEX
  5
EFF
  8
FAB
 10
605.065358664909
 20
389.9480771566293
 30
0.0
  0
VERTEX
  5
F00
  8
FAB
 10
605.0146072172314
 20
389.9959592367074
 30
0.0
  0
VERTEX
  5
F01
  8
FAB
 10
604.9586398862988
 20
390.0376252675912
 30
0.0
  0
VERTEX
  5
F02
  8
FAB
 10
604.898214127937
 20
390.072512581434
 30
0.0
  0
VERTEX
  5
F03
  8
FAB
 10
604.8341465257794
 20
390.1001481557748
 30
0.0
  0
VERTEX
  5
F04
  8
FAB
 10
604.7673039697796
 20
390.1201581502816
 30
0.0
  0
VERTEX
  5
F05
  8
FAB
 10
604.6985903047711
 20
390.1322755361459
 30
0.0
  0
VERTEX
  5
F06
  8
FAB
 10
604.6289346479565
 20
390.1363324666879
 30
0.0
  0
VERTEX
  5
F07
  8
FAB
 10
604.5592787527233
 20
390.1322755361459
 30
0.0
  0
VERTEX
  5
F08
  8
FAB
 10
604.4905650877148
 20
390.1201581502816
 30
0.0
  0
VERTEX
  5
F09
  8
FAB
 10
604.423722531715
 20
390.1001481557748
 30
0.0
  0
VERTEX
  5
F0A
  8
FAB
 10
604.3596549295575
 20
390.072512581434
 30
0.0
  0
VERTEX
  5
F0B
  8
FAB
 10
604.2992291711956
 20
390.0376252675912
 30
0.0
  0
VERTEX
  5
F0C
  8
FAB
 10
604.2432620786816
 20
389.9959592367074
 30
0.0
  0
VERTEX
  5
F0D
  8
FAB
 10
604.1925103925854
 20
389.9480771566293
 30
0.0
  0
VERTEX
  5
F0E
  8
FAB
 10
604.1476605199963
 20
389.894627525892
 30
0.0
  0
VERTEX
  5
F0F
  8
FAB
 10
604.1093192361981
 20
389.8363313222787
 30
0.0
  0
VERTEX
  5
F10
  8
FAB
 10
604.0780048631816
 20
389.773980095472
 30
0.0
  0
VERTEX
  5
F11
  8
FAB
 10
604.054140593925
 20
389.7084130788705
 30
0.0
  0
VERTEX
  5
F12
  8
FAB
 10
604.0380497240214
 20
389.6405210042855
 30
0.0
  0
VERTEX
  5
F13
  8
FAB
 10
604.029949691215
 20
389.5712193990609
 30
0.0
  0
VERTEX
  5
F14
  8
FAB
 10
604.029949691215
 20
389.5014447713754
 30
0.0
  0
VERTEX
  5
F15
  8
FAB
 10
604.0380497240214
 20
389.4321431661508
 30
0.0
  0
VERTEX
  5
F16
  8
FAB
 10
604.054140593925
 20
389.3642510915658
 30
0.0
  0
VERTEX
  5
F17
  8
FAB
 10
604.0780048631816
 20
389.2986840749642
 30
0.0
  0
VERTEX
  5
F18
  8
FAB
 10
604.109319236198
 20
389.2363328481576
 30
0.0
  0
VERTEX
  5
F19
  8
FAB
 10
604.1476605199962
 20
389.1780366445443
 30
0.0
  0
VERTEX
  5
F1A
  8
FAB
 10
604.1925103925853
 20
389.124587013807
 30
0.0
  0
VERTEX
  5
F1B
  8
FAB
 10
604.2432620786815
 20
389.0767049337289
 30
0.0
  0
VERTEX
  5
F1C
  8
FAB
 10
604.2992291711955
 20
389.0350389028451
 30
0.0
  0
VERTEX
  5
F1D
  8
FAB
 10
604.3596549295573
 20
389.0001515890023
 30
0.0
  0
VERTEX
  5
F1E
  8
FAB
 10
604.4237225317149
 20
388.9725160146615
 30
0.0
  0
VERTEX
  5
F1F
  8
FAB
 10
604.4905650877147
 20
388.9525060201547
 30
0.0
  0
VERTEX
  5
F20
  8
FAB
 10
604.5592787527232
 20
388.9403886342904
 30
0.0
  0
SEQEND
  5
F21
  8
FAB
  0
POLYLINE
  5
F22
  8
FAB
 66
     1
 10
0.0
 20
0.0
 30
0.0
 70
     1
  0
VERTEX
  5
F23
  8
FAB
 10
604.6289346479564
 20
380.9363317037484
 30
0.0
  0
VERTEX
  5
F24
  8
FAB
 10
604.698590304771
 20
380.9403886342904
 30
0.0
  0
VERTEX
  5
F25
  8
FAB
 10
604.7673039697795
 20
380.9525050664803
 30
0.0
  0
VERTEX
  5
F26
  8
FAB
 10
604.8341465257793
 20
380.9725169683358
 30
0.0
  0
VERTEX
  5
F27
  8
FAB
 10
604.8982141279369
 20
381.0001525426766
 30
0.0
  0
VERTEX
  5
F28
  8
FAB
 10
604.9586398862987
 20
381.0350398565194
 30
0.0
  0
VERTEX
  5
F29
  8
FAB
 10
605.0146072172313
 20
381.0767058874032
 30
0.0
  0
VERTEX
  5
F2A
  8
FAB
 10
605.0653586649089
 20
381.124587013807
 30
0.0
  0
VERTEX
  5
F2B
  8
FAB
 10
605.110208537498
 20
381.1780366445443
 30
0.0
  0
VERTEX
  5
F2C
  8
FAB
 10
605.1485498212962
 20
381.2363318944833
 30
0.0
  0
VERTEX
  5
F2D
  8
FAB
 10
605.1798641943126
 20
381.2986840749642
 30
0.0
  0
VERTEX
  5
F2E
  8
FAB
 10
605.2037282251506
 20
381.3642501378914
 30
0.0
  0
VERTEX
  5
F2F
  8
FAB
 10
605.2198190950542
 20
381.4321431661507
 30
0.0
  0
VERTEX
  5
F30
  8
FAB
 10
605.2279193662791
 20
381.5014447713753
 30
0.0
  0
VERTEX
  5
F31
  8
FAB
 10
605.2279193662791
 20
381.5712193990609
 30
0.0
  0
VERTEX
  5
F32
  8
FAB
 10
605.2198190950542
 20
381.6405210042855
 30
0.0
  0
VERTEX
  5
F33
  8
FAB
 10
605.2037282251506
 20
381.7084140325447
 30
0.0
  0
VERTEX
  5
F34
  8
FAB
 10
605.1798641943126
 20
381.773980095472
 30
0.0
  0
VERTEX
  5
F35
  8
FAB
 10
605.1485498212962
 20
381.836332275953
 30
0.0
  0
VERTEX
  5
F36
  8
FAB
 10
605.110208537498
 20
381.894627525892
 30
0.0
  0
VERTEX
  5
F37
  8
FAB
 10
605.0653586649089
 20
381.9480771566293
 30
0.0
  0
VERTEX
  5
F38
  8
FAB
 10
605.0146072172313
 20
381.9959582830331
 30
0.0
  0
VERTEX
  5
F39
  8
FAB
 10
604.9586398862987
 20
382.0376243139169
 30
0.0
  0
VERTEX
  5
F3A
  8
FAB
 10
604.8982141279369
 20
382.0725116277596
 30
0.0
  0
VERTEX
  5
F3B
  8
FAB
 10
604.8341465257793
 20
382.1001472021005
 30
0.0
  0
VERTEX
  5
F3C
  8
FAB
 10
604.7673039697795
 20
382.1201591039559
 30
0.0
  0
VERTEX
  5
F3D
  8
FAB
 10
604.698590304771
 20
382.1322755361459
 30
0.0
  0
VERTEX
  5
F3E
  8
FAB
 10
604.6289346479564
 20
382.1363324666879
 30
0.0
  0
VERTEX
  5
F3F
  8
FAB
 10
604.5592787527232
 20
382.1322755361459
 30
0.0
  0
VERTEX
  5
F40
  8
FAB
 10
604.4905650877147
 20
382.1201591039559
 30
0.0
  0
VERTEX
  5
F41
  8
FAB
 10
604.4237225317149
 20
382.1001472021005
 30
0.0
  0
VERTEX
  5
F42
  8
FAB
 10
604.3596549295573
 20
382.0725116277596
 30
0.0
  0
VERTEX
  5
F43
  8
FAB
 10
604.2992291711955
 20
382.0376243139169
 30
0.0
  0
VERTEX
  5
F44
  8
FAB
 10
604.2432620786815
 20
381.9959582830331
 30
0.0
  0
VERTEX
  5
F45
  8
FAB
 10
604.1925103925853
 20
381.9480771566293
 30
0.0
  0
VERTEX
  5
F46
  8
FAB
 10
604.1476605199962
 20
381.894627525892
 30
0.0
  0
VERTEX
  5
F47
  8
FAB
 10
604.109319236198
 20
381.836332275953
 30
0.0
  0
VERTEX
  5
F48
  8
FAB
 10
604.0780048631816
 20
381.773980095472
 30
0.0
  0
VERTEX
  5
F49
  8
FAB
 10
604.054140593925
 20
381.7084140325448
 30
0.0
  0
VERTEX
  5
F4A
  8
FAB
 10
604.0380497240214
 20
381.6405210042855
 30
0.0
  0
VERTEX
  5
F4B
  8
FAB
 10
604.029949691215
 20
381.5712193990609
 30
0.0
  0
VERTEX
  5
F4C
  8
FAB
 10
604.029949691215
 20
381.5014447713754
 30
0.0
  0
VERTEX
  5
F4D
  8
FAB
 10
604.0380497240214
 20
381.4321431661508
 30
0.0
  0
VERTEX
  5
F4E
  8
FAB
 10
604.054140593925
 20
381.3642501378915
 30
0.0
  0
VERTEX
  5
F4F
  8
FAB
 10
604.0780048631816
 20
381.2986840749642
 30
0.0
  0
VERTEX
  5
F50
  8
FAB
 10
604.109319236198
 20
381.2363318944833
 30
0.0
  0
VERTEX
  5
F51
  8
FAB
 10
604.1476605199962
 20
381.1780366445443
 30
0.0
  0
VERTEX
  5
F52
  8
FAB
 10
604.1925103925853
 20
381.124587013807
 30
0.0
  0
VERTEX
  5
F53
  8
FAB
 10
604.2432620786815
 20
381.0767058874032
 30
0.0
  0
VERTEX
  5
F54
  8
FAB
 10
604.2992291711955
 20
381.0350398565194
 30
0.0
  0
VERTEX
  5
F55
  8
FAB
 10
604.3596549295573
 20
381.0001525426766
 30
0.0
  0
VERTEX
  5
F56
  8
FAB
 10
604.4237225317149
 20
380.9725169683358
 30
0.0
  0
VERTEX
  5
F57
  8
FAB
 10
604.4905650877147
 20
380.9525050664803
 30
0.0
  0
VERTEX
  5
F58
  8
FAB
 10
604.5592787527232
 20
380.9403886342904
 30
0.0
  0
SEQEND
  5
F59
  8
FAB
  0
POLYLINE
  5
F5A
  8
FAB
 66
     1
 10
0.0
 20
0.0
 30
0.0
 70
     1
  0
VERTEX
  5
F5B
  8
FAB
 10
604.6289346479564
 20
384.9363317037484
 30
0.0
  0
VERTEX
  5
F5C
  8
FAB
 10
604.698590304771
 20
384.9403886342904
 30
0.0
  0
VERTEX
  5
F5D
  8
FAB
 10
604.7673039697795
 20
384.9525050664803
 30
0.0
  0
VERTEX
  5
F5E
  8
FAB
 10
604.8341465257793
 20
384.9725169683358
 30
0.0
  0
VERTEX
  5
F5F
  8
FAB
 10
604.8982141279369
 20
385.0001525426766
 30
0.0
  0
VERTEX
  5
F60
  8
FAB
 10
604.9586398862987
 20
385.0350398565194
 30
0.0
  0
VERTEX
  5
F61
  8
FAB
 10
605.0146072172313
 20
385.0767058874032
 30
0.0
  0
VERTEX
  5
F62
  8
FAB
 10
605.0653586649089
 20
385.124587013807
 30
0.0
  0
VERTEX
  5
F63
  8
FAB
 10
605.110208537498
 20
385.1780366445443
 30
0.0
  0
VERTEX
  5
F64
  8
FAB
 10
605.1485498212962
 20
385.2363318944833
 30
0.0
  0
VERTEX
  5
F65
  8
FAB
 10
605.1798641943126
 20
385.2986840749642
 30
0.0
  0
VERTEX
  5
F66
  8
FAB
 10
605.2037282251506
 20
385.3642501378914
 30
0.0
  0
VERTEX
  5
F67
  8
FAB
 10
605.2198190950542
 20
385.4321431661507
 30
0.0
  0
VERTEX
  5
F68
  8
FAB
 10
605.2279193662791
 20
385.5014447713753
 30
0.0
  0
VERTEX
  5
F69
  8
FAB
 10
605.2279193662791
 20
385.5712193990609
 30
0.0
  0
VERTEX
  5
F6A
  8
FAB
 10
605.2198190950542
 20
385.6405210042855
 30
0.0
  0
VERTEX
  5
F6B
  8
FAB
 10
605.2037282251506
 20
385.7084140325447
 30
0.0
  0
VERTEX
  5
F6C
  8
FAB
 10
605.1798641943126
 20
385.773980095472
 30
0.0
  0
VERTEX
  5
F6D
  8
FAB
 10
605.1485498212962
 20
385.836332275953
 30
0.0
  0
VERTEX
  5
F6E
  8
FAB
 10
605.110208537498
 20
385.894627525892
 30
0.0
  0
VERTEX
  5
F6F
  8
FAB
 10
605.0653586649089
 20
385.9480771566293
 30
0.0
  0
VERTEX
  5
F70
  8
FAB
 10
605.0146072172313
 20
385.9959582830331
 30
0.0
  0
VERTEX
  5
F71
  8
FAB
 10
604.9586398862987
 20
386.0376243139169
 30
0.0
  0
VERTEX
  5
F72
  8
FAB
 10
604.8982141279369
 20
386.0725116277596
 30
0.0
  0
VERTEX
  5
F73
  8
FAB
 10
604.8341465257793
 20
386.1001472021005
 30
0.0
  0
VERTEX
  5
F74
  8
FAB
 10
604.7673039697795
 20
386.1201591039559
 30
0.0
  0
VERTEX
  5
F75
  8
FAB
 10
604.698590304771
 20
386.1322755361459
 30
0.0
  0
VERTEX
  5
F76
  8
FAB
 10
604.6289346479564
 20
386.1363324666879
 30
0.0
  0
VERTEX
  5
F77
  8
FAB
 10
604.5592787527232
 20
386.1322755361459
 30
0.0
  0
VERTEX
  5
F78
  8
FAB
 10
604.4905650877147
 20
386.1201591039559
 30
0.0
  0
VERTEX
  5
F79
  8
FAB
 10
604.4237225317149
 20
386.1001472021005
 30
0.0
  0
VERTEX
  5
F7A
  8
FAB
 10
604.3596549295573
 20
386.0725116277596
 30
0.0
  0
VERTEX
  5
F7B
  8
FAB
 10
604.2992291711955
 20
386.0376243139169
 30
0.0
  0
VERTEX
  5
F7C
  8
FAB
 10
604.2432620786815
 20
385.9959582830331
 30
0.0
  0
VERTEX
  5
F7D
  8
FAB
 10
604.1925103925853
 20
385.9480771566293
 30
0.0
  0
VERTEX
  5
F7E
  8
FAB
 10
604.1476605199962
 20
385.894627525892
 30
0.0
  0
VERTEX
  5
F7F
  8
FAB
 10
604.109319236198
 20
385.836332275953
 30
0.0
  0
VERTEX
  5
F80
  8
FAB
 10
604.0780048631816
 20
385.773980095472
 30
0.0
  0
VERTEX
  5
F81
  8
FAB
 10
604.054140593925
 20
385.7084140325448
 30
0.0
  0
VERTEX
  5
F82
  8
FAB
 10
604.0380497240214
 20
385.6405210042855
 30
0.0
  0
VERTEX
  5
F83
  8
FAB
 10
604.029949691215
 20
385.5712193990609
 30
0.0
  0
VERTEX
  5
F84
  8
FAB
 10
604.029949691215
 20
385.5014447713754
 30
0.0
  0
VERTEX
  5
F85
  8
FAB
 10
604.0380497240214
 20
385.4321431661508
 30
0.0
  0
VERTEX
  5
F86
  8
FAB
 10
604.054140593925
 20
385.3642501378915
 30
0.0
  0
VERTEX
  5
F87
  8
FAB
 10
604.0780048631816
 20
385.2986840749642
 30
0.0
  0
VERTEX
  5
F88
  8
FAB
 10
604.109319236198
 20
385.2363318944833
 30
0.0
  0
VERTEX
  5
F89
  8
FAB
 10
604.1476605199962
 20
385.1780366445443
 30
0.0
  0
VERTEX
  5
F8A
  8
FAB
 10
604.1925103925853
 20
385.124587013807
 30
0.0
  0
VERTEX
  5
F8B
  8
FAB
 10
604.2432620786815
 20
385.0767058874032
 30
0.0
  0
VERTEX
  5
F8C
  8
FAB
 10
604.2992291711955
 20
385.0350398565194
 30
0.0
  0
VERTEX
  5
F8D
  8
FAB
 10
604.3596549295573
 20
385.0001525426766
 30
0.0
  0
VERTEX
  5
F8E
  8
FAB
 10
604.4237225317149
 20
384.9725169683358
 30
0.0
  0
VERTEX
  5
F8F
  8
FAB
 10
604.4905650877147
 20
384.9525050664803
 30
0.0
  0
VERTEX
  5
F90
  8
FAB
 10
604.5592787527232
 20
384.9403886342904
 30
0.0
  0
SEQEND
  5
F91
  8
FAB
  0
POLYLINE
  5
F92
  8
FAB
 66
     1
 10
0.0
 20
0.0
 30
0.0
 70
     1
  0
VERTEX
  5
F93
  8
FAB
 10
604.6289346479564
 20
382.9363317037484
 30
0.0
  0
VERTEX
  5
F94
  8
FAB
 10
604.698590304771
 20
382.9403886342904
 30
0.0
  0
VERTEX
  5
F95
  8
FAB
 10
604.7673039697795
 20
382.9525050664803
 30
0.0
  0
VERTEX
  5
F96
  8
FAB
 10
604.8341465257793
 20
382.9725169683358
 30
0.0
  0
VERTEX
  5
F97
  8
FAB
 10
604.8982141279369
 20
383.0001525426766
 30
0.0
  0
VERTEX
  5
F98
  8
FAB
 10
604.9586398862987
 20
383.0350398565194
 30
0.0
  0
VERTEX
  5
F99
  8
FAB
 10
605.0146072172313
 20
383.0767058874032
 30
0.0
  0
VERTEX
  5
F9A
  8
FAB
 10
605.0653586649089
 20
383.124587013807
 30
0.0
  0
VERTEX
  5
F9B
  8
FAB
 10
605.110208537498
 20
383.1780366445443
 30
0.0
  0
VERTEX
  5
F9C
  8
FAB
 10
605.1485498212962
 20
383.2363318944833
 30
0.0
  0
VERTEX
  5
F9D
  8
FAB
 10
605.1798641943126
 20
383.2986840749642
 30
0.0
  0
VERTEX
  5
F9E
  8
FAB
 10
605.2037282251506
 20
383.3642501378914
 30
0.0
  0
VERTEX
  5
F9F
  8
FAB
 10
605.2198190950542
 20
383.4321431661507
 30
0.0
  0
VERTEX
  5
FA0
  8
FAB
 10
605.2279193662791
 20
383.5014447713753
 30
0.0
  0
VERTEX
  5
FA1
  8
FAB
 10
605.2279193662791
 20
383.5712193990609
 30
0.0
  0
VERTEX
  5
FA2
  8
FAB
 10
605.2198190950542
 20
383.6405210042855
 30
0.0
  0
VERTEX
  5
FA3
  8
FAB
 10
605.2037282251506
 20
383.7084140325447
 30
0.0
  0
VERTEX
  5
FA4
  8
FAB
 10
605.1798641943126
 20
383.773980095472
 30
0.0
  0
VERTEX
  5
FA5
  8
FAB
 10
605.1485498212962
 20
383.836332275953
 30
0.0
  0
VERTEX
  5
FA6
  8
FAB
 10
605.110208537498
 20
383.894627525892
 30
0.0
  0
VERTEX
  5
FA7
  8
FAB
 10
605.0653586649089
 20
383.9480771566293
 30
0.0
  0
VERTEX
  5
FA8
  8
FAB
 10
605.0146072172313
 20
383.9959582830331
 30
0.0
  0
VERTEX
  5
FA9
  8
FAB
 10
604.9586398862987
 20
384.0376243139169
 30
0.0
  0
VERTEX
  5
FAA
  8
FAB
 10
604.8982141279369
 20
384.0725116277596
 30
0.0
  0
VERTEX
  5
FAB
  8
FAB
 10
604.8341465257793
 20
384.1001472021005
 30
0.0
  0
VERTEX
  5
FAC
  8
FAB
 10
604.7673039697795
 20
384.1201591039559
 30
0.0
  0
VERTEX
  5
FAD
  8
FAB
 10
604.698590304771
 20
384.1322755361459
 30
0.0
  0
VERTEX
  5
FAE
  8
FAB
 10
604.6289346479564
 20
384.1363324666879
 30
0.0
  0
VERTEX
  5
FAF
  8
FAB
 10
604.5592787527232
 20
384.1322755361459
 30
0.0
  0
VERTEX
  5
FB0
  8
FAB
 10
604.4905650877147
 20
384.1201591039559
 30
0.0
  0
VERTEX
  5
FB1
  8
FAB
 10
604.4237225317149
 20
384.1001472021005
 30
0.0
  0
VERTEX
  5
FB2
  8
FAB
 10
604.3596549295573
 20
384.0725116277596
 30
0.0
  0
VERTEX
  5
FB3
  8
FAB
 10
604.2992291711955
 20
384.0376243139169
 30
0.0
  0
VERTEX
  5
FB4
  8
FAB
 10
604.2432620786815
 20
383.9959582830331
 30
0.0
  0
VERTEX
  5
FB5
  8
FAB
 10
604.1925103925853
 20
383.9480771566293
 30
0.0
  0
VERTEX
  5
FB6
  8
FAB
 10
604.1476605199962
 20
383.894627525892
 30
0.0
  0
VERTEX
  5
FB7
  8
FAB
 10
604.109319236198
 20
383.836332275953
 30
0.0
  0
VERTEX
  5
FB8
  8
FAB
 10
604.0780048631816
 20
383.773980095472
 30
0.0
  0
VERTEX
  5
FB9
  8
FAB
 10
604.054140593925
 20
383.7084140325448
 30
0.0
  0
VERTEX
  5
FBA
  8
FAB
 10
604.0380497240214
 20
383.6405210042855
 30
0.0
  0
VERTEX
  5
FBB
  8
FAB
 10
604.029949691215
 20
383.5712193990609
 30
0.0
  0
VERTEX
  5
FBC
  8
FAB
 10
604.029949691215
 20
383.5014447713754
 30
0.0
  0
VERTEX
  5
FBD
  8
FAB
 10
604.0380497240214
 20
383.4321431661508
 30
0.0
  0
VERTEX
  5
FBE
  8
FAB
 10
604.054140593925
 20
383.3642501378915
 30
0.0
  0
VERTEX
  5
FBF
  8
FAB
 10
604.0780048631816
 20
383.2986840749642
 30
0.0
  0
VERTEX
  5
FC0
  8
FAB
 10
604.109319236198
 20
383.2363318944833
 30
0.0
  0
VERTEX
  5
FC1
  8
FAB
 10
604.1476605199962
 20
383.1780366445443
 30
0.0
  0
VERTEX
  5
FC2
  8
FAB
 10
604.1925103925853
 20
383.124587013807
 30
0.0
  0
VERTEX
  5
FC3
  8
FAB
 10
604.2432620786815
 20
383.0767058874032
 30
0.0
  0
VERTEX
  5
FC4
  8
FAB
 10
604.2992291711955
 20
383.0350398565194
 30
0.0
  0
VERTEX
  5
FC5
  8
FAB
 10
604.3596549295573
 20
383.0001525426766
 30
0.0
  0
VERTEX
  5
FC6
  8
FAB
 10
604.4237225317149
 20
382.9725169683358
 30
0.0
  0
VERTEX
  5
FC7
  8
FAB
 10
604.4905650877147
 20
382.9525050664803
 30
0.0
  0
VERTEX
  5
FC8
  8
FAB
 10
604.5592787527232
 20
382.9403886342904
 30
0.0
  0
SEQEND
  5
FC9
  8
FAB
  0
POLYLINE
  5
FCA
  8
FAB
 66
     1
 10
0.0
 20
0.0
 30
0.0
 70
     1
  0
VERTEX
  5
FCB
  8
FAB
 10
604.6289346479564
 20
378.9363321805856
 30
0.0
  0
VERTEX
  5
FCC
  8
FAB
 10
604.698590304771
 20
378.9403891111276
 30
0.0
  0
VERTEX
  5
FCD
  8
FAB
 10
604.7673039697795
 20
378.9525050664803
 30
0.0
  0
VERTEX
  5
FCE
  8
FAB
 10
604.8341465257793
 20
378.9725164914987
 30
0.0
  0
VERTEX
  5
FCF
  8
FAB
 10
604.8982141279369
 20
379.0001525426766
 30
0.0
  0
VERTEX
  5
FD0
  8
FAB
 10
604.9586398862987
 20
379.0350393796822
 30
0.0
  0
VERTEX
  5
FD1
  8
FAB
 10
605.0146072172313
 20
379.076705410566
 30
0.0
  0
VERTEX
  5
FD2
  8
FAB
 10
605.0653586649089
 20
379.124587013807
 30
0.0
  0
VERTEX
  5
FD3
  8
FAB
 10
605.110208537498
 20
379.1780371213815
 30
0.0
  0
VERTEX
  5
FD4
  8
FAB
 10
605.1485498212962
 20
379.2363318944833
 30
0.0
  0
VERTEX
  5
FD5
  8
FAB
 10
605.1798641943126
 20
379.2986840749642
 30
0.0
  0
VERTEX
  5
FD6
  8
FAB
 10
605.2037282251506
 20
379.3642501378914
 30
0.0
  0
VERTEX
  5
FD7
  8
FAB
 10
605.2198190950542
 20
379.4321431661507
 30
0.0
  0
VERTEX
  5
FD8
  8
FAB
 10
605.2279193662791
 20
379.5014452482125
 30
0.0
  0
VERTEX
  5
FD9
  8
FAB
 10
605.2279193662791
 20
379.5712193990609
 30
0.0
  0
VERTEX
  5
FDA
  8
FAB
 10
605.2198190950542
 20
379.6405210042855
 30
0.0
  0
VERTEX
  5
FDB
  8
FAB
 10
605.2037282251506
 20
379.7084140325447
 30
0.0
  0
VERTEX
  5
FDC
  8
FAB
 10
605.1798641943126
 20
379.773980095472
 30
0.0
  0
VERTEX
  5
FDD
  8
FAB
 10
605.1485498212962
 20
379.836332275953
 30
0.0
  0
VERTEX
  5
FDE
  8
FAB
 10
605.110208537498
 20
379.894627525892
 30
0.0
  0
VERTEX
  5
FDF
  8
FAB
 10
605.0653586649089
 20
379.9480771566293
 30
0.0
  0
VERTEX
  5
FE0
  8
FAB
 10
605.0146072172313
 20
379.9959582830331
 30
0.0
  0
VERTEX
  5
FE1
  8
FAB
 10
604.9586398862987
 20
380.0376243139169
 30
0.0
  0
VERTEX
  5
FE2
  8
FAB
 10
604.8982141279369
 20
380.0725116277596
 30
0.0
  0
VERTEX
  5
FE3
  8
FAB
 10
604.8341465257793
 20
380.1001472021005
 30
0.0
  0
VERTEX
  5
FE4
  8
FAB
 10
604.7673039697795
 20
380.1201591039559
 30
0.0
  0
VERTEX
  5
FE5
  8
FAB
 10
604.698590304771
 20
380.1322755361459
 30
0.0
  0
VERTEX
  5
FE6
  8
FAB
 10
604.6289346479564
 20
380.1363324666879
 30
0.0
  0
VERTEX
  5
FE7
  8
FAB
 10
604.5592787527232
 20
380.1322755361459
 30
0.0
  0
VERTEX
  5
FE8
  8
FAB
 10
604.4905650877147
 20
380.1201591039559
 30
0.0
  0
VERTEX
  5
FE9
  8
FAB
 10
604.4237225317149
 20
380.1001472021005
 30
0.0
  0
VERTEX
  5
FEA
  8
FAB
 10
604.3596549295573
 20
380.0725116277596
 30
0.0
  0
VERTEX
  5
FEB
  8
FAB
 10
604.2992291711955
 20
380.0376243139169
 30
0.0
  0
VERTEX
  5
FEC
  8
FAB
 10
604.2432620786815
 20
379.9959582830331
 30
0.0
  0
VERTEX
  5
FED
  8
FAB
 10
604.1925103925853
 20
379.9480771566293
 30
0.0
  0
VERTEX
  5
FEE
  8
FAB
 10
604.1476605199962
 20
379.894627525892
 30
0.0
  0
VERTEX
  5
FEF
  8
FAB
 10
604.109319236198
 20
379.836332275953
 30
0.0
  0
VERTEX
  5
FF0
  8
FAB
 10
604.0780048631816
 20
379.773980095472
 30
0.0
  0
VERTEX
  5
FF1
  8
FAB
 10
604.054140593925
 20
379.7084140325448
 30
0.0
  0
VERTEX
  5
FF2
  8
FAB
 10
604.0380497240214
 20
379.6405210042855
 30
0.0
  0
VERTEX
  5
FF3
  8
FAB
 10
604.029949691215
 20
379.5712193990609
 30
0.0
  0
VERTEX
  5
FF4
  8
FAB
 10
604.029949691215
 20
379.5014452482125
 30
0.0
  0
VERTEX
  5
FF5
  8
FAB
 10
604.0380497240214
 20
379.4321431661508
 30
0.0
  0
VERTEX
  5
FF6
  8
FAB
 10
604.054140593925
 20
379.3642501378915
 30
0.0
  0
VERTEX
  5
FF7
  8
FAB
 10
604.0780048631816
 20
379.2986840749642
 30
0.0
  0
VERTEX
  5
FF8
  8
FAB
 10
604.109319236198
 20
379.2363318944833
 30
0.0
  0
VERTEX
  5
FF9
  8
FAB
 10
604.1476605199962
 20
379.1780371213815
 30
0.0
  0
VERTEX
  5
FFA
  8
FAB
 10
604.1925103925853
 20
379.124587013807
 30
0.0
  0
VERTEX
  5
FFB
  8
FAB
 10
604.2432620786815
 20
379.076705410566
 30
0.0
  0
VERTEX
  5
FFC
  8
FAB
 10
604.2992291711955
 20
379.0350393796822
 30
0.0
  0
VERTEX
  5
FFD
  8
FAB
 10
604.3596549295573
 20
379.0001525426766
 30
0.0
  0
VERTEX
  5
FFE
  8
FAB
 10
604.4237225317149
 20
378.9725164914987
 30
0.0
  0
VERTEX
  5
FFF
  8
FAB
 10
604.4905650877147
 20
378.9525050664803
 30
0.0
  0
VERTEX
  5
1000
  8
FAB
 10
604.5592787527232
 20
378.9403891111276
 30
0.0
  0
SEQEND
  5
1001
  8
FAB
  0
POLYLINE
  5
1002
  8
FAB
 66
     1
 10
0.0
 20
0.0
 30
0.0
 70
     1
  0
VERTEX
  5
1003
  8
FAB
 10
591.2812750600963
 20
389.122145607557
 30
0.0
  0
VERTEX
  5
1004
  8
FAB
 10
591.2584960722118
 20
388.9832925344369
 30
0.0
  0
VERTEX
  5
1005
  8
FAB
 10
589.7053952478557
 20
375.9510879064462
 30
0.0
  0
VERTEX
  5
1006
  8
FAB
 10
589.6265640520244
 20
375.759343578901
 30
0.0
  0
VERTEX
  5
1007
  8
FAB
 10
589.5593922399669
 20
375.5632109189889
 30
0.0
  0
VERTEX
  5
1008
  8
FAB
 10
589.5041225217967
 20
375.3633970762154
 30
0.0
  0
VERTEX
  5
1009
  8
FAB
 10
589.460954215446
 20
375.1606244588754
 30
0.0
  0
VERTEX
  5
100A
  8
FAB
 10
589.4300434850841
 20
374.955625250425
 30
0.0
  0
VERTEX
  5
100B
  8
FAB
 10
589.4115016721873
 20
374.7491392637154
 30
0.0
  0
VERTEX
  5
100C
  8
FAB
 10
589.4053957723766
 20
374.5419125104806
 30
0.0
  0
VERTEX
  5
100D
  8
FAB
 10
589.4117479585796
 20
374.3346931482217
 30
0.0
  0
VERTEX
  5
100E
  8
FAB
 10
589.4305353426128
 20
374.1282293344399
 30
0.0
  0
VERTEX
  5
100F
  8
FAB
 10
589.4616897367625
 20
373.9232668424508
 30
0.0
  0
VERTEX
  5
1010
  8
FAB
 10
589.5050990842967
 20
373.7205457235238
 30
0.0
  0
VERTEX
  5
1011
  8
FAB
 10
589.5606065057902
 20
373.5207981611154
 30
0.0
  0
VERTEX
  5
1012
  8
FAB
 10
589.6280112527995
 20
373.3247448945901
 30
0.0
  0
VERTEX
  5
1013
  8
FAB
 10
589.7070703767924
 20
373.1330945039651
 30
0.0
  0
VERTEX
  5
1014
  8
FAB
 10
591.2752206586986
 20
360.1028155828378
 30
0.0
  0
VERTEX
  5
1015
  8
FAB
 10
591.2981584333568
 20
359.9639901662728
 30
0.0
  0
VERTEX
  5
1016
  8
FAB
 10
591.3332050108104
 20
359.8277177358529
 30
0.0
  0
VERTEX
  5
1017
  8
FAB
 10
591.3800895475536
 20
359.695050194349
 30
0.0
  0
VERTEX
  5
1018
  8
FAB
 10
591.438449647346
 20
359.5670165563485
 30
0.0
  0
VERTEX
  5
1019
  8
FAB
 10
591.5078327917247
 20
359.4446048284432
 30
0.0
  0
VERTEX
  5
101A
  8
FAB
 10
591.5877034925609
 20
359.3287629629037
 30
0.0
  0
VERTEX
  5
101B
  8
FAB
 10
591.6774432920604
 20
359.220386459913
 30
0.0
  0
VERTEX
  5
101C
  8
FAB
 10
591.776358392158
 20
359.1203145528695
 30
0.0
  0
VERTEX
  5
101D
  8
FAB
 10
591.8836834692149
 20
359.0293197179696
 30
0.0
  0
VERTEX
  5
101E
  8
FAB
 10
591.9985883497386
 20
358.9481076742074
 30
0.0
  0
VERTEX
  5
101F
  8
FAB
 10
592.1201846861034
 20
358.8773049856088
 30
0.0
  0
VERTEX
  5
1020
  8
FAB
 10
592.247531678596
 20
358.8174600149056
 30
0.0
  0
VERTEX
  5
1021
  8
FAB
 10
592.3796441816478
 20
358.7690352941415
 30
0.0
  0
VERTEX
  5
1022
  8
FAB
 10
592.5155008100658
 20
358.7324056173226
 30
0.0
  0
VERTEX
  5
1023
  8
FAB
 10
592.654049661079
 20
358.7078551793954
 30
0.0
  0
VERTEX
  5
1024
  8
FAB
 10
592.7942202352672
 20
358.6955718542001
 30
0.0
  0
VERTEX
  5
1025
  8
FAB
 10
592.9349282049327
 20
358.695652916517
 30
0.0
  0
VERTEX
  5
1026
  8
FAB
 10
593.0750844740062
 20
358.7080955053231
 30
0.0
  0
VERTEX
  5
1027
  8
FAB
 10
593.2136056684642
 20
358.7328052068612
 30
0.0
  0
VERTEX
  5
1028
  8
FAB
 10
593.3494198583751
 20
358.7695903325936
 30
0.0
  0
VERTEX
  5
1029
  8
FAB
 10
593.4814770483165
 20
358.8181657338998
 30
0.0
  0
VERTEX
  5
102A
  8
FAB
 10
593.6087553762584
 20
358.8781566167733
 30
0.0
  0
VERTEX
  5
102B
  8
FAB
 10
593.7302701734691
 20
358.9490975881478
 30
0.0
  0
VERTEX
  5
102C
  8
FAB
 10
593.8450825475841
 20
359.03044219264
 30
0.0
  0
VERTEX
  5
102D
  8
FAB
 10
593.9523031973033
 20
359.1215590978524
 30
0.0
  0
VERTEX
  5
102E
  8
FAB
 10
594.051103856483
 20
359.2217444921395
 30
0.0
  0
VERTEX
  5
102F
  8
FAB
 10
594.1407196783214
 20
359.3302230382821
 30
0.0
  0
VERTEX
  5
1030
  8
FAB
 10
594.2204578184276
 20
359.446156456556
 30
0.0
  0
VERTEX
  5
1031
  8
FAB
 10
594.2897012495189
 20
359.5686473394296
 30
0.0
  0
VERTEX
  5
1032
  8
FAB
 10
594.3479140066295
 20
359.6967486883065
 30
0.0
  0
VERTEX
  5
1033
  8
FAB
 10
594.3946473859935
 20
359.8294686818978
 30
0.0
  0
VERTEX
  5
1034
  8
FAB
 10
594.4295375608592
 20
359.9657821203133
 30
0.0
  0
VERTEX
  5
1035
  8
FAB
 10
594.4523170255809
 20
360.1046332860848
 30
0.0
  0
VERTEX
  5
1036
  8
FAB
 10
596.0054261945872
 20
373.1369077707192
 30
0.0
  0
VERTEX
  5
1037
  8
FAB
 10
596.0842492841869
 20
373.3286437536141
 30
0.0
  0
VERTEX
  5
1038
  8
FAB
 10
596.1514137052684
 20
373.5247675920388
 30
0.0
  0
VERTEX
  5
1039
  8
FAB
 10
596.2066781782298
 20
373.7245716596505
 30
0.0
  0
VERTEX
  5
103A
  8
FAB
 10
596.2498414777904
 20
373.9273340249917
 30
0.0
  0
VERTEX
  5
103B
  8
FAB
 10
596.2807491087108
 20
374.1323229814431
 30
0.0
  0
VERTEX
  5
103C
  8
FAB
 10
596.299289491096
 20
374.3387982393166
 30
0.0
  0
VERTEX
  5
103D
  8
FAB
 10
596.3053949140697
 20
374.5460142637154
 30
0.0
  0
VERTEX
  5
103E
  8
FAB
 10
596.2990434431224
 20
374.7532228971383
 30
0.0
  0
VERTEX
  5
103F
  8
FAB
 10
596.2802579664378
 20
374.959675982084
 30
0.0
  0
VERTEX
  5
1040
  8
FAB
 10
596.2491061948924
 20
375.1646279836556
 30
0.0
  0
VERTEX
  5
1041
  8
FAB
 10
596.2057016157298
 20
375.3673390890023
 30
0.0
  0
VERTEX
  5
1042
  8
FAB
 10
596.1501996778636
 20
375.5670771146676
 30
0.0
  0
VERTEX
  5
1043
  8
FAB
 10
596.0828016065745
 20
375.7631210828683
 30
0.0
  0
VERTEX
  5
1044
  8
FAB
 10
596.0037505888133
 20
375.9547633672616
 30
0.0
  0
VERTEX
  5
1045
  8
FAB
 10
594.4355924390941
 20
388.985110237684
 30
0.0
  0
VERTEX
  5
1046
  8
FAB
 10
594.4126546644359
 20
389.1239366079232
 30
0.0
  0
VERTEX
  5
1047
  8
FAB
 10
594.3776080869823
 20
389.2602090383431
 30
0.0
  0
VERTEX
  5
1048
  8
FAB
 10
594.3307230734019
 20
389.392876579847
 30
0.0
  0
VERTEX
  5
1049
  8
FAB
 10
594.2723634504466
 20
389.5209111715218
 30
0.0
  0
VERTEX
  5
104A
  8
FAB
 10
594.202980306068
 20
389.6433228994271
 30
0.0
  0
VERTEX
  5
104B
  8
FAB
 10
594.1231096052318
 20
389.7591638112924
 30
0.0
  0
VERTEX
  5
104C
  8
FAB
 10
594.0333698057323
 20
389.8675412679574
 30
0.0
  0
VERTEX
  5
104D
  8
FAB
 10
593.9344547056346
 20
389.9676122213265
 30
0.0
  0
VERTEX
  5
104E
  8
FAB
 10
593.8271296285777
 20
390.0586080099008
 30
0.0
  0
VERTEX
  5
104F
  8
FAB
 10
593.7122242712169
 20
390.1398190999886
 30
0.0
  0
VERTEX
  5
1050
  8
FAB
 10
593.5906279348521
 20
390.2106217885873
 30
0.0
  0
VERTEX
  5
1051
  8
FAB
 10
593.4632814191966
 20
390.2704667592904
 30
0.0
  0
VERTEX
  5
1052
  8
FAB
 10
593.3311689161449
 20
390.3188924337289
 30
0.0
  0
VERTEX
  5
1053
  8
FAB
 10
593.1953122877269
 20
390.3555211568734
 30
0.0
  0
VERTEX
  5
1054
  8
FAB
 10
593.0567629598766
 20
390.380072548475
 30
0.0
  0
VERTEX
  5
1055
  8
FAB
 10
592.9165923856883
 20
390.3923539663217
 30
0.0
  0
VERTEX
  5
1056
  8
FAB
 10
592.77588489286
 20
390.3922738576791
 30
0.0
  0
VERTEX
  5
1057
  8
FAB
 10
592.6357286237865
 20
390.3798303151986
 30
0.0
  0
VERTEX
  5
1058
  8
FAB
 10
592.4972074293285
 20
390.3551225210092
 30
0.0
  0
VERTEX
  5
1059
  8
FAB
 10
592.3613932394176
 20
390.3183373952767
 30
0.0
  0
VERTEX
  5
105A
  8
FAB
 10
592.2293360494762
 20
390.2697610402963
 30
0.0
  0
VERTEX
  5
105B
  8
FAB
 10
592.1020577215343
 20
390.209771111097
 30
0.0
  0
VERTEX
  5
105C
  8
FAB
 10
591.9805424474864
 20
390.1388291860482
 30
0.0
  0
VERTEX
  5
105D
  8
FAB
 10
591.8657305502086
 20
390.057484581556
 30
0.0
  0
VERTEX
  5
105E
  8
FAB
 10
591.7585094236522
 20
389.9663686300179
 30
0.0
  0
VERTEX
  5
105F
  8
FAB
 10
591.6597092413097
 20
389.8661832357308
 30
0.0
  0
VERTEX
  5
1060
  8
FAB
 10
591.5700934194713
 20
389.7577027822396
 30
0.0
  0
VERTEX
  5
1061
  8
FAB
 10
591.4903552793651
 20
389.64177031764
 30
0.0
  0
VERTEX
  5
1062
  8
FAB
 10
591.4211118482738
 20
389.5192803884408
 30
0.0
  0
VERTEX
  5
1063
  8
FAB
 10
591.362898614326
 20
389.3911790395638
 30
0.0
  0
VERTEX
  5
1064
  8
FAB
 10
591.3161661886363
 20
389.2584580922982
 30
0.0
  0
SEQEND
  5
1065
  8
FAB
  0
POLYLINE
  5
1066
  8
FAB
 66
     1
 10
0.0
 20
0.0
 30
0.0
 70
     1
  0
VERTEX
  5
1067
  8
FAB
 10
592.8527934812694
 20
386.4439630056283
 30
0.0
  0
VERTEX
  5
1068
  8
FAB
 10
592.9401543401866
 20
386.4503573919198
 30
0.0
  0
VERTEX
  5
1069
  8
FAB
 10
593.0256531500011
 20
386.4694032216927
 30
0.0
  0
VERTEX
  5
106A
  8
FAB
 10
593.1074674390941
 20
386.5006942296883
 30
0.0
  0
VERTEX
  5
106B
  8
FAB
 10
593.1838543676524
 20
386.5435647512338
 30
0.0
  0
VERTEX
  5
106C
  8
FAB
 10
593.2531850599437
 20
386.5971002126595
 30
0.0
  0
VERTEX
  5
106D
  8
FAB
 10
593.3139817976146
 20
386.6601600194833
 30
0.0
  0
VERTEX
  5
106E
  8
FAB
 10
593.3649494909434
 20
386.7313994909188
 30
0.0
  0
VERTEX
  5
106F
  8
FAB
 10
593.4050014280467
 20
386.8093003774545
 30
0.0
  0
VERTEX
  5
1070
  8
FAB
 10
593.4332835935741
 20
386.8922032857797
 30
0.0
  0
VERTEX
  5
1071
  8
FAB
 10
593.4491942190318
 20
386.9783410573861
 30
0.0
  0
VERTEX
  5
1072
  8
FAB
 10
593.4523933195262
 20
387.0658769155404
 30
0.0
  0
VERTEX
  5
1073
  8
FAB
 10
593.4428131841807
 20
387.1529454732797
 30
0.0
  0
VERTEX
  5
1074
  8
FAB
 10
593.420657422462
 20
387.2376908803842
 30
0.0
  0
VERTEX
  5
1075
  8
FAB
 10
593.3863990568309
 20
387.3183087850472
 30
0.0
  0
VERTEX
  5
1076
  8
FAB
 10
593.3407676481395
 20
387.3930787588021
 30
0.0
  0
VERTEX
  5
1077
  8
FAB
 10
593.2847354673534
 20
387.4604081655404
 30
0.0
  0
VERTEX
  5
1078
  8
FAB
 10
593.2194979452281
 20
387.5188607717416
 30
0.0
  0
VERTEX
  5
1079
  8
FAB
 10
593.1464441084056
 20
387.567192986097
 30
0.0
  0
VERTEX
  5
107A
  8
FAB
 10
593.0671322607188
 20
387.6043729329965
 30
0.0
  0
VERTEX
  5
107B
  8
FAB
 10
592.9832518362193
 20
387.6296090627572
 30
0.0
  0
VERTEX
  5
107C
  8
FAB
 10
592.8965909742503
 20
387.6423635030648
 30
0.0
  0
VERTEX
  5
107D
  8
FAB
 10
592.8089964651256
 20
387.6423635030648
 30
0.0
  0
VERTEX
  5
107E
  8
FAB
 10
592.7223356031566
 20
387.6296090627572
 30
0.0
  0
VERTEX
  5
107F
  8
FAB
 10
592.6384551786571
 20
387.6043729329965
 30
0.0
  0
VERTEX
  5
1080
  8
FAB
 10
592.5591428541331
 20
387.567192986097
 30
0.0
  0
VERTEX
  5
1081
  8
FAB
 10
592.4860894941478
 20
387.5188607717416
 30
0.0
  0
VERTEX
  5
1082
  8
FAB
 10
592.4208514951854
 20
387.4604081655404
 30
0.0
  0
VERTEX
  5
1083
  8
FAB
 10
592.3648197912364
 20
387.3930787588021
 30
0.0
  0
VERTEX
  5
1084
  8
FAB
 10
592.319188382545
 20
387.3183087850472
 30
0.0
  0
VERTEX
  5
1085
  8
FAB
 10
592.2849295400767
 20
387.2376908803842
 30
0.0
  0
VERTEX
  5
1086
  8
FAB
 10
592.2627742551952
 20
387.1529454732797
 30
0.0
  0
VERTEX
  5
1087
  8
FAB
 10
592.2531941198497
 20
387.0658769155404
 30
0.0
  0
VERTEX
  5
1088
  8
FAB
 10
592.2563932203441
 20
386.9783410573861
 30
0.0
  0
VERTEX
  5
1089
  8
FAB
 10
592.2723033689647
 20
386.8922032857797
 30
0.0
  0
VERTEX
  5
108A
  8
FAB
 10
592.3005860113292
 20
386.8093003774545
 30
0.0
  0
VERTEX
  5
108B
  8
FAB
 10
592.3406379484325
 20
386.7313994909188
 30
0.0
  0
VERTEX
  5
108C
  8
FAB
 10
592.3916051649242
 20
386.6601600194833
 30
0.0
  0
VERTEX
  5
108D
  8
FAB
 10
592.4524023794322
 20
386.5971002126595
 30
0.0
  0
VERTEX
  5
108E
  8
FAB
 10
592.5217330717235
 20
386.5435647512338
 30
0.0
  0
VERTEX
  5
108F
  8
FAB
 10
592.5981195234447
 20
386.5006942296883
 30
0.0
  0
VERTEX
  5
1090
  8
FAB
 10
592.6799342893748
 20
386.4694032216927
 30
0.0
  0
VERTEX
  5
1091
  8
FAB
 10
592.7654330991893
 20
386.4503573919198
 30
0.0
  0
SEQEND
  5
1092
  8
FAB
  0
POLYLINE
  5
1093
  8
FAB
 66
     1
 10
0.0
 20
0.0
 30
0.0
 70
     1
  0
VERTEX
  5
1094
  8
FAB
 10
592.8527934812694
 20
388.4439630056283
 30
0.0
  0
VERTEX
  5
1095
  8
FAB
 10
592.9401543401866
 20
388.4503564382455
 30
0.0
  0
VERTEX
  5
1096
  8
FAB
 10
593.0256531500011
 20
388.4694032216927
 30
0.0
  0
VERTEX
  5
1097
  8
FAB
 10
593.1074674390941
 20
388.5006951833627
 30
0.0
  0
VERTEX
  5
1098
  8
FAB
 10
593.1838543676524
 20
388.5435647512338
 30
0.0
  0
VERTEX
  5
1099
  8
FAB
 10
593.2531850599437
 20
388.5971002126595
 30
0.0
  0
VERTEX
  5
109A
  8
FAB
 10
593.3139817976146
 20
388.660159065809
 30
0.0
  0
VERTEX
  5
109B
  8
FAB
 10
593.3649494909434
 20
388.7313985372445
 30
0.0
  0
VERTEX
  5
109C
  8
FAB
 10
593.4050014280467
 20
388.8093003774545
 30
0.0
  0
VERTEX
  5
109D
  8
FAB
 10
593.4332835935741
 20
388.8922032857797
 30
0.0
  0
VERTEX
  5
109E
  8
FAB
 10
593.4491942190318
 20
388.9783410573861
 30
0.0
  0
VERTEX
  5
109F
  8
FAB
 10
593.4523933195262
 20
389.0658769155404
 30
0.0
  0
VERTEX
  5
10A0
  8
FAB
 10
593.4428131841807
 20
389.1529454732797
 30
0.0
  0
VERTEX
  5
10A1
  8
FAB
 10
593.420657422462
 20
389.2376908803842
 30
0.0
  0
VERTEX
  5
10A2
  8
FAB
 10
593.3863990568309
 20
389.3183087850472
 30
0.0
  0
VERTEX
  5
10A3
  8
FAB
 10
593.3407676481395
 20
389.3930787588021
 30
0.0
  0
VERTEX
  5
10A4
  8
FAB
 10
593.2847354673534
 20
389.4604081655404
 30
0.0
  0
VERTEX
  5
10A5
  8
FAB
 10
593.2194979452281
 20
389.5188607717416
 30
0.0
  0
VERTEX
  5
10A6
  8
FAB
 10
593.1464441084056
 20
389.567192986097
 30
0.0
  0
VERTEX
  5
10A7
  8
FAB
 10
593.0671322607188
 20
389.6043729329965
 30
0.0
  0
VERTEX
  5
10A8
  8
FAB
 10
592.9832518362193
 20
389.6296090627572
 30
0.0
  0
VERTEX
  5
10A9
  8
FAB
 10
592.8965909742503
 20
389.6423635030648
 30
0.0
  0
VERTEX
  5
10AA
  8
FAB
 10
592.8089964651256
 20
389.6423635030648
 30
0.0
  0
VERTEX
  5
10AB
  8
FAB
 10
592.7223356031566
 20
389.6296090627572
 30
0.0
  0
VERTEX
  5
10AC
  8
FAB
 10
592.6384551786571
 20
389.6043729329965
 30
0.0
  0
VERTEX
  5
10AD
  8
FAB
 10
592.5591428541331
 20
389.567192986097
 30
0.0
  0
VERTEX
  5
10AE
  8
FAB
 10
592.4860894941478
 20
389.5188607717416
 30
0.0
  0
VERTEX
  5
10AF
  8
FAB
 10
592.4208514951854
 20
389.4604081655404
 30
0.0
  0
VERTEX
  5
10B0
  8
FAB
 10
592.3648197912364
 20
389.3930787588021
 30
0.0
  0
VERTEX
  5
10B1
  8
FAB
 10
592.319188382545
 20
389.3183087850472
 30
0.0
  0
VERTEX
  5
10B2
  8
FAB
 10
592.2849295400767
 20
389.2376908803842
 30
0.0
  0
VERTEX
  5
10B3
  8
FAB
 10
592.2627742551952
 20
389.1529454732797
 30
0.0
  0
VERTEX
  5
10B4
  8
FAB
 10
592.2531941198497
 20
389.0658769155404
 30
0.0
  0
VERTEX
  5
10B5
  8
FAB
 10
592.2563932203441
 20
388.9783410573861
 30
0.0
  0
VERTEX
  5
10B6
  8
FAB
 10
592.2723033689647
 20
388.8922032857797
 30
0.0
  0
VERTEX
  5
10B7
  8
FAB
 10
592.3005860113292
 20
388.8093003774545
 30
0.0
  0
VERTEX
  5
10B8
  8
FAB
 10
592.3406379484325
 20
388.7313985372445
 30
0.0
  0
VERTEX
  5
10B9
  8
FAB
 10
592.3916051649242
 20
388.660159065809
 30
0.0
  0
VERTEX
  5
10BA
  8
FAB
 10
592.4524023794322
 20
388.5971002126595
 30
0.0
  0
VERTEX
  5
10BB
  8
FAB
 10
592.5217330717235
 20
388.5435647512338
 30
0.0
  0
VERTEX
  5
10BC
  8
FAB
 10
592.5981195234447
 20
388.5006951833627
 30
0.0
  0
VERTEX
  5
10BD
  8
FAB
 10
592.6799342893748
 20
388.4694032216927
 30
0.0
  0
VERTEX
  5
10BE
  8
FAB
 10
592.7654330991893
 20
388.4503564382455
 30
0.0
  0
SEQEND
  5
10BF
  8
FAB
  0
POLYLINE
  5
10C0
  8
FAB
 66
     1
 10
0.0
 20
0.0
 30
0.0
 70
     1
  0
VERTEX
  5
10C1
  8
FAB
 10
592.8527934812694
 20
380.4439630056283
 30
0.0
  0
VERTEX
  5
10C2
  8
FAB
 10
592.9401543401866
 20
380.4503573919198
 30
0.0
  0
VERTEX
  5
10C3
  8
FAB
 10
593.0256531500011
 20
380.4694032216927
 30
0.0
  0
VERTEX
  5
10C4
  8
FAB
 10
593.1074674390941
 20
380.5006942296883
 30
0.0
  0
VERTEX
  5
10C5
  8
FAB
 10
593.1838543676524
 20
380.5435647512338
 30
0.0
  0
VERTEX
  5
10C6
  8
FAB
 10
593.2531850599437
 20
380.5971002126595
 30
0.0
  0
VERTEX
  5
10C7
  8
FAB
 10
593.3139817976146
 20
380.6601600194833
 30
0.0
  0
VERTEX
  5
10C8
  8
FAB
 10
593.3649494909434
 20
380.7313994909188
 30
0.0
  0
VERTEX
  5
10C9
  8
FAB
 10
593.4050014280467
 20
380.8093003774545
 30
0.0
  0
VERTEX
  5
10CA
  8
FAB
 10
593.4332835935741
 20
380.8922032857797
 30
0.0
  0
VERTEX
  5
10CB
  8
FAB
 10
593.4491942190318
 20
380.9783410573861
 30
0.0
  0
VERTEX
  5
10CC
  8
FAB
 10
593.4523933195262
 20
381.0658769155404
 30
0.0
  0
VERTEX
  5
10CD
  8
FAB
 10
593.4428131841807
 20
381.1529454732797
 30
0.0
  0
VERTEX
  5
10CE
  8
FAB
 10
593.420657422462
 20
381.2376918340585
 30
0.0
  0
VERTEX
  5
10CF
  8
FAB
 10
593.3863990568309
 20
381.3183087850472
 30
0.0
  0
VERTEX
  5
10D0
  8
FAB
 10
593.3407676481395
 20
381.3930787588021
 30
0.0
  0
VERTEX
  5
10D1
  8
FAB
 10
593.2847354673534
 20
381.4604081655404
 30
0.0
  0
VERTEX
  5
10D2
  8
FAB
 10
593.2194979452281
 20
381.5188617254159
 30
0.0
  0
VERTEX
  5
10D3
  8
FAB
 10
593.1464441084056
 20
381.567192986097
 30
0.0
  0
VERTEX
  5
10D4
  8
FAB
 10
593.0671322607188
 20
381.6043729329965
 30
0.0
  0
VERTEX
  5
10D5
  8
FAB
 10
592.9832518362193
 20
381.6296090627572
 30
0.0
  0
VERTEX
  5
10D6
  8
FAB
 10
592.8965909742503
 20
381.6423625493905
 30
0.0
  0
VERTEX
  5
10D7
  8
FAB
 10
592.8089964651256
 20
381.6423625493905
 30
0.0
  0
VERTEX
  5
10D8
  8
FAB
 10
592.7223356031566
 20
381.6296090627572
 30
0.0
  0
VERTEX
  5
10D9
  8
FAB
 10
592.6384551786571
 20
381.6043729329965
 30
0.0
  0
VERTEX
  5
10DA
  8
FAB
 10
592.5591428541331
 20
381.567192986097
 30
0.0
  0
VERTEX
  5
10DB
  8
FAB
 10
592.4860894941478
 20
381.5188617254159
 30
0.0
  0
VERTEX
  5
10DC
  8
FAB
 10
592.4208514951854
 20
381.4604081655404
 30
0.0
  0
VERTEX
  5
10DD
  8
FAB
 10
592.3648197912364
 20
381.3930787588021
 30
0.0
  0
VERTEX
  5
10DE
  8
FAB
 10
592.319188382545
 20
381.3183087850472
 30
0.0
  0
VERTEX
  5
10DF
  8
FAB
 10
592.2849295400767
 20
381.2376918340585
 30
0.0
  0
VERTEX
  5
10E0
  8
FAB
 10
592.2627742551952
 20
381.1529454732797
 30
0.0
  0
VERTEX
  5
10E1
  8
FAB
 10
592.2531941198497
 20
381.0658769155404
 30
0.0
  0
VERTEX
  5
10E2
  8
FAB
 10
592.2563932203441
 20
380.9783410573861
 30
0.0
  0
VERTEX
  5
10E3
  8
FAB
 10
592.2723033689647
 20
380.8922032857797
 30
0.0
  0
VERTEX
  5
10E4
  8
FAB
 10
592.3005860113292
 20
380.8093003774545
 30
0.0
  0
VERTEX
  5
10E5
  8
FAB
 10
592.3406379484325
 20
380.7313994909188
 30
0.0
  0
VERTEX
  5
10E6
  8
FAB
 10
592.3916051649242
 20
380.6601600194833
 30
0.0
  0
VERTEX
  5
10E7
  8
FAB
 10
592.4524023794322
 20
380.5971002126595
 30
0.0
  0
VERTEX
  5
10E8
  8
FAB
 10
592.5217330717235
 20
380.5435647512338
 30
0.0
  0
VERTEX
  5
10E9
  8
FAB
 10
592.5981195234447
 20
380.5006942296883
 30
0.0
  0
VERTEX
  5
10EA
  8
FAB
 10
592.6799342893748
 20
380.4694032216927
 30
0.0
  0
VERTEX
  5
10EB
  8
FAB
 10
592.7654330991893
 20
380.4503573919198
 30
0.0
  0
SEQEND
  5
10EC
  8
FAB
  0
POLYLINE
  5
10ED
  8
FAB
 66
     1
 10
0.0
 20
0.0
 30
0.0
 70
     1
  0
VERTEX
  5
10EE
  8
FAB
 10
592.8527934812694
 20
384.4439630056283
 30
0.0
  0
VERTEX
  5
10EF
  8
FAB
 10
592.9401543401866
 20
384.4503573919198
 30
0.0
  0
VERTEX
  5
10F0
  8
FAB
 10
593.0256531500011
 20
384.4694032216927
 30
0.0
  0
VERTEX
  5
10F1
  8
FAB
 10
593.1074674390941
 20
384.5006942296883
 30
0.0
  0
VERTEX
  5
10F2
  8
FAB
 10
593.1838543676524
 20
384.5435647512338
 30
0.0
  0
VERTEX
  5
10F3
  8
FAB
 10
593.2531850599437
 20
384.5971002126595
 30
0.0
  0
VERTEX
  5
10F4
  8
FAB
 10
593.3139817976146
 20
384.6601600194833
 30
0.0
  0
VERTEX
  5
10F5
  8
FAB
 10
593.3649494909434
 20
384.7313994909188
 30
0.0
  0
VERTEX
  5
10F6
  8
FAB
 10
593.4050014280467
 20
384.8093003774545
 30
0.0
  0
VERTEX
  5
10F7
  8
FAB
 10
593.4332835935741
 20
384.8922032857797
 30
0.0
  0
VERTEX
  5
10F8
  8
FAB
 10
593.4491942190318
 20
384.9783410573861
 30
0.0
  0
VERTEX
  5
10F9
  8
FAB
 10
593.4523933195262
 20
385.0658769155404
 30
0.0
  0
VERTEX
  5
10FA
  8
FAB
 10
593.4428131841807
 20
385.1529454732797
 30
0.0
  0
VERTEX
  5
10FB
  8
FAB
 10
593.420657422462
 20
385.2376918340585
 30
0.0
  0
VERTEX
  5
10FC
  8
FAB
 10
593.3863990568309
 20
385.3183087850472
 30
0.0
  0
VERTEX
  5
10FD
  8
FAB
 10
593.3407676481395
 20
385.3930787588021
 30
0.0
  0
VERTEX
  5
10FE
  8
FAB
 10
593.2847354673534
 20
385.4604081655404
 30
0.0
  0
VERTEX
  5
10FF
  8
FAB
 10
593.2194979452281
 20
385.5188617254159
 30
0.0
  0
VERTEX
  5
1100
  8
FAB
 10
593.1464441084056
 20
385.567192986097
 30
0.0
  0
VERTEX
  5
1101
  8
FAB
 10
593.0671322607188
 20
385.6043729329965
 30
0.0
  0
VERTEX
  5
1102
  8
FAB
 10
592.9832518362193
 20
385.6296090627572
 30
0.0
  0
VERTEX
  5
1103
  8
FAB
 10
592.8965909742503
 20
385.6423625493905
 30
0.0
  0
VERTEX
  5
1104
  8
FAB
 10
592.8089964651256
 20
385.6423625493905
 30
0.0
  0
VERTEX
  5
1105
  8
FAB
 10
592.7223356031566
 20
385.6296090627572
 30
0.0
  0
VERTEX
  5
1106
  8
FAB
 10
592.6384551786571
 20
385.6043729329965
 30
0.0
  0
VERTEX
  5
1107
  8
FAB
 10
592.5591428541331
 20
385.567192986097
 30
0.0
  0
VERTEX
  5
1108
  8
FAB
 10
592.4860894941478
 20
385.5188617254159
 30
0.0
  0
VERTEX
  5
1109
  8
FAB
 10
592.4208514951854
 20
385.4604081655404
 30
0.0
  0
VERTEX
  5
110A
  8
FAB
 10
592.3648197912364
 20
385.3930787588021
 30
0.0
  0
VERTEX
  5
110B
  8
FAB
 10
592.319188382545
 20
385.3183087850472
 30
0.0
  0
VERTEX
  5
110C
  8
FAB
 10
592.2849295400767
 20
385.2376918340585
 30
0.0
  0
VERTEX
  5
110D
  8
FAB
 10
592.2627742551952
 20
385.1529454732797
 30
0.0
  0
VERTEX
  5
110E
  8
FAB
 10
592.2531941198497
 20
385.0658769155404
 30
0.0
  0
VERTEX
  5
110F
  8
FAB
 10
592.2563932203441
 20
384.9783410573861
 30
0.0
  0
VERTEX
  5
1110
  8
FAB
 10
592.2723033689647
 20
384.8922032857797
 30
0.0
  0
VERTEX
  5
1111
  8
FAB
 10
592.3005860113292
 20
384.8093003774545
 30
0.0
  0
VERTEX
  5
1112
  8
FAB
 10
592.3406379484325
 20
384.7313994909188
 30
0.0
  0
VERTEX
  5
1113
  8
FAB
 10
592.3916051649242
 20
384.6601600194833
 30
0.0
  0
VERTEX
  5
1114
  8
FAB
 10
592.4524023794322
 20
384.5971002126595
 30
0.0
  0
VERTEX
  5
1115
  8
FAB
 10
592.5217330717235
 20
384.5435647512338
 30
0.0
  0
VERTEX
  5
1116
  8
FAB
 10
592.5981195234447
 20
384.5006942296883
 30
0.0
  0
VERTEX
  5
1117
  8
FAB
 10
592.6799342893748
 20
384.4694032216927
 30
0.0
  0
VERTEX
  5
1118
  8
FAB
 10
592.7654330991893
 20
384.4503573919198
 30
0.0
  0
SEQEND
  5
1119
  8
FAB
  0
POLYLINE
  5
111A
  8
FAB
 66
     1
 10
0.0
 20
0.0
 30
0.0
 70
     1
  0
VERTEX
  5
111B
  8
FAB
 10
592.8527934812694
 20
382.4439630056283
 30
0.0
  0
VERTEX
  5
111C
  8
FAB
 10
592.9401543401866
 20
382.4503573919198
 30
0.0
  0
VERTEX
  5
111D
  8
FAB
 10
593.0256531500011
 20
382.4694032216927
 30
0.0
  0
VERTEX
  5
111E
  8
FAB
 10
593.1074674390941
 20
382.5006942296883
 30
0.0
  0
VERTEX
  5
111F
  8
FAB
 10
593.1838543676524
 20
382.5435647512338
 30
0.0
  0
VERTEX
  5
1120
  8
FAB
 10
593.2531850599437
 20
382.5971002126595
 30
0.0
  0
VERTEX
  5
1121
  8
FAB
 10
593.3139817976146
 20
382.6601600194833
 30
0.0
  0
VERTEX
  5
1122
  8
FAB
 10
593.3649494909434
 20
382.7313994909188
 30
0.0
  0
VERTEX
  5
1123
  8
FAB
 10
593.4050014280467
 20
382.8093003774545
 30
0.0
  0
VERTEX
  5
1124
  8
FAB
 10
593.4332835935741
 20
382.8922032857797
 30
0.0
  0
VERTEX
  5
1125
  8
FAB
 10
593.4491942190318
 20
382.9783410573861
 30
0.0
  0
VERTEX
  5
1126
  8
FAB
 10
593.4523933195262
 20
383.0658769155404
 30
0.0
  0
VERTEX
  5
1127
  8
FAB
 10
593.4428131841807
 20
383.1529454732797
 30
0.0
  0
VERTEX
  5
1128
  8
FAB
 10
593.420657422462
 20
383.2376918340585
 30
0.0
  0
VERTEX
  5
1129
  8
FAB
 10
593.3863990568309
 20
383.3183087850472
 30
0.0
  0
VERTEX
  5
112A
  8
FAB
 10
593.3407676481395
 20
383.3930787588021
 30
0.0
  0
VERTEX
  5
112B
  8
FAB
 10
593.2847354673534
 20
383.4604081655404
 30
0.0
  0
VERTEX
  5
112C
  8
FAB
 10
593.2194979452281
 20
383.5188617254159
 30
0.0
  0
VERTEX
  5
112D
  8
FAB
 10
593.1464441084056
 20
383.567192986097
 30
0.0
  0
VERTEX
  5
112E
  8
FAB
 10
593.0671322607188
 20
383.6043729329965
 30
0.0
  0
VERTEX
  5
112F
  8
FAB
 10
592.9832518362193
 20
383.6296090627572
 30
0.0
  0
VERTEX
  5
1130
  8
FAB
 10
592.8965909742503
 20
383.6423625493905
 30
0.0
  0
VERTEX
  5
1131
  8
FAB
 10
592.8089964651256
 20
383.6423625493905
 30
0.0
  0
VERTEX
  5
1132
  8
FAB
 10
592.7223356031566
 20
383.6296090627572
 30
0.0
  0
VERTEX
  5
1133
  8
FAB
 10
592.6384551786571
 20
383.6043729329965
 30
0.0
  0
VERTEX
  5
1134
  8
FAB
 10
592.5591428541331
 20
383.567192986097
 30
0.0
  0
VERTEX
  5
1135
  8
FAB
 10
592.4860894941478
 20
383.5188617254159
 30
0.0
  0
VERTEX
  5
1136
  8
FAB
 10
592.4208514951854
 20
383.4604081655404
 30
0.0
  0
VERTEX
  5
1137
  8
FAB
 10
592.3648197912364
 20
383.3930787588021
 30
0.0
  0
VERTEX
  5
1138
  8
FAB
 10
592.319188382545
 20
383.3183087850472
 30
0.0
  0
VERTEX
  5
1139
  8
FAB
 10
592.2849295400767
 20
383.2376918340585
 30
0.0
  0
VERTEX
  5
113A
  8
FAB
 10
592.2627742551952
 20
383.1529454732797
 30
0.0
  0
VERTEX
  5
113B
  8
FAB
 10
592.2531941198497
 20
383.0658769155404
 30
0.0
  0
VERTEX
  5
113C
  8
FAB
 10
592.2563932203441
 20
382.9783410573861
 30
0.0
  0
VERTEX
  5
113D
  8
FAB
 10
592.2723033689647
 20
382.8922032857797
 30
0.0
  0
VERTEX
  5
113E
  8
FAB
 10
592.3005860113292
 20
382.8093003774545
 30
0.0
  0
VERTEX
  5
113F
  8
FAB
 10
592.3406379484325
 20
382.7313994909188
 30
0.0
  0
VERTEX
  5
1140
  8
FAB
 10
592.3916051649242
 20
382.6601600194833
 30
0.0
  0
VERTEX
  5
1141
  8
FAB
 10
592.4524023794322
 20
382.5971002126595
 30
0.0
  0
VERTEX
  5
1142
  8
FAB
 10
592.5217330717235
 20
382.5435647512338
 30
0.0
  0
VERTEX
  5
1143
  8
FAB
 10
592.5981195234447
 20
382.5006942296883
 30
0.0
  0
VERTEX
  5
1144
  8
FAB
 10
592.6799342893748
 20
382.4694032216927
 30
0.0
  0
VERTEX
  5
1145
  8
FAB
 10
592.7654330991893
 20
382.4503573919198
 30
0.0
  0
SEQEND
  5
1146
  8
FAB
  0
POLYLINE
  5
1147
  8
FAB
 66
     1
 10
0.0
 20
0.0
 30
0.0
 70
     1
  0
VERTEX
  5
1148
  8
FAB
 10
592.8527934812694
 20
378.4439634824654
 30
0.0
  0
VERTEX
  5
1149
  8
FAB
 10
592.9401543401866
 20
378.4503573919198
 30
0.0
  0
VERTEX
  5
114A
  8
FAB
 10
593.0256531500011
 20
378.4694032216927
 30
0.0
  0
VERTEX
  5
114B
  8
FAB
 10
593.1074674390941
 20
378.5006942296883
 30
0.0
  0
VERTEX
  5
114C
  8
FAB
 10
593.1838543676524
 20
378.5435647512338
 30
0.0
  0
VERTEX
  5
114D
  8
FAB
 10
593.2531850599437
 20
378.5971002126595
 30
0.0
  0
VERTEX
  5
114E
  8
FAB
 10
593.3139817976146
 20
378.6601595426461
 30
0.0
  0
VERTEX
  5
114F
  8
FAB
 10
593.3649494909434
 20
378.7313990140817
 30
0.0
  0
VERTEX
  5
1150
  8
FAB
 10
593.4050014280467
 20
378.8093003774545
 30
0.0
  0
VERTEX
  5
1151
  8
FAB
 10
593.4332835935741
 20
378.8922032857797
 30
0.0
  0
VERTEX
  5
1152
  8
FAB
 10
593.4491942190318
 20
378.9783405805489
 30
0.0
  0
VERTEX
  5
1153
  8
FAB
 10
593.4523933195262
 20
379.0658769155404
 30
0.0
  0
VERTEX
  5
1154
  8
FAB
 10
593.4428131841807
 20
379.1529454732797
 30
0.0
  0
VERTEX
  5
1155
  8
FAB
 10
593.420657422462
 20
379.2376918340585
 30
0.0
  0
VERTEX
  5
1156
  8
FAB
 10
593.3863990568309
 20
379.3183087850472
 30
0.0
  0
VERTEX
  5
1157
  8
FAB
 10
593.3407676481395
 20
379.3930787588021
 30
0.0
  0
VERTEX
  5
1158
  8
FAB
 10
593.2847354673534
 20
379.4604081655404
 30
0.0
  0
VERTEX
  5
1159
  8
FAB
 10
593.2194979452281
 20
379.5188617254159
 30
0.0
  0
VERTEX
  5
115A
  8
FAB
 10
593.1464441084056
 20
379.567192986097
 30
0.0
  0
VERTEX
  5
115B
  8
FAB
 10
593.0671322607188
 20
379.6043729329965
 30
0.0
  0
VERTEX
  5
115C
  8
FAB
 10
592.9832518362193
 20
379.6296090627572
 30
0.0
  0
VERTEX
  5
115D
  8
FAB
 10
592.8965909742503
 20
379.6423625493905
 30
0.0
  0
VERTEX
  5
115E
  8
FAB
 10
592.8089964651256
 20
379.6423625493905
 30
0.0
  0
VERTEX
  5
115F
  8
FAB
 10
592.7223356031566
 20
379.6296090627572
 30
0.0
  0
VERTEX
  5
1160
  8
FAB
 10
592.6384551786571
 20
379.6043729329965
 30
0.0
  0
VERTEX
  5
1161
  8
FAB
 10
592.5591428541331
 20
379.567192986097
 30
0.0
  0
VERTEX
  5
1162
  8
FAB
 10
592.4860894941478
 20
379.5188617254159
 30
0.0
  0
VERTEX
  5
1163
  8
FAB
 10
592.4208514951854
 20
379.4604081655404
 30
0.0
  0
VERTEX
  5
1164
  8
FAB
 10
592.3648197912364
 20
379.3930787588021
 30
0.0
  0
VERTEX
  5
1165
  8
FAB
 10
592.319188382545
 20
379.3183087850472
 30
0.0
  0
VERTEX
  5
1166
  8
FAB
 10
592.2849295400767
 20
379.2376918340585
 30
0.0
  0
VERTEX
  5
1167
  8
FAB
 10
592.2627742551952
 20
379.1529454732797
 30
0.0
  0
VERTEX
  5
1168
  8
FAB
 10
592.2531941198497
 20
379.0658769155404
 30
0.0
  0
VERTEX
  5
1169
  8
FAB
 10
592.2563932203441
 20
378.9783405805489
 30
0.0
  0
VERTEX
  5
116A
  8
FAB
 10
592.2723033689647
 20
378.8922032857797
 30
0.0
  0
VERTEX
  5
116B
  8
FAB
 10
592.3005860113292
 20
378.8093003774545
 30
0.0
  0
VERTEX
  5
116C
  8
FAB
 10
592.3406379484325
 20
378.7313990140817
 30
0.0
  0
VERTEX
  5
116D
  8
FAB
 10
592.3916051649242
 20
378.6601595426461
 30
0.0
  0
VERTEX
  5
116E
  8
FAB
 10
592.4524023794322
 20
378.5971002126595
 30
0.0
  0
VERTEX
  5
116F
  8
FAB
 10
592.5217330717235
 20
378.5435647512338
 30
0.0
  0
VERTEX
  5
1170
  8
FAB
 10
592.5981195234447
 20
378.5006942296883
 30
0.0
  0
VERTEX
  5
1171
  8
FAB
 10
592.6799342893748
 20
378.4694032216927
 30
0.0
  0
VERTEX
  5
1172
  8
FAB
 10
592.7654330991893
 20
378.4503573919198
 30
0.0
  0
SEQEND
  5
1173
  8
FAB
  0
POLYLINE
  5
1174
  8
FAB
 66
     1
 10
0.0
 20
0.0
 30
0.0
 70
     1
  0
VERTEX
  5
1175
  8
FAB
 10
592.8580196165233
 20
362.6439637685677
 30
0.0
  0
VERTEX
  5
1176
  8
FAB
 10
592.770658757606
 20
362.6375693822762
 30
0.0
  0
VERTEX
  5
1177
  8
FAB
 10
592.6851599477916
 20
362.6185235525033
 30
0.0
  0
VERTEX
  5
1178
  8
FAB
 10
592.6033451818614
 20
362.5872325445077
 30
0.0
  0
VERTEX
  5
1179
  8
FAB
 10
592.5269587301402
 20
362.5443620229623
 30
0.0
  0
VERTEX
  5
117A
  8
FAB
 10
592.457628037849
 20
362.4908265615365
 30
0.0
  0
VERTEX
  5
117B
  8
FAB
 10
592.3968313001781
 20
362.4277677083871
 30
0.0
  0
VERTEX
  5
117C
  8
FAB
 10
592.3458636068492
 20
362.3565272832772
 30
0.0
  0
VERTEX
  5
117D
  8
FAB
 10
592.3058116697459
 20
362.2786263967416
 30
0.0
  0
VERTEX
  5
117E
  8
FAB
 10
592.2775290273814
 20
362.1957234884164
 30
0.0
  0
VERTEX
  5
117F
  8
FAB
 10
592.2616188787608
 20
362.1095866704842
 30
0.0
  0
VERTEX
  5
1180
  8
FAB
 10
592.2584197782664
 20
362.0220498586556
 30
0.0
  0
VERTEX
  5
1181
  8
FAB
 10
592.2679999136119
 20
361.9349813009164
 30
0.0
  0
VERTEX
  5
1182
  8
FAB
 10
592.2901556753307
 20
361.8502349401376
 30
0.0
  0
VERTEX
  5
1183
  8
FAB
 10
592.3244140409618
 20
361.7696179891488
 30
0.0
  0
VERTEX
  5
1184
  8
FAB
 10
592.3700454496532
 20
361.6948480153939
 30
0.0
  0
VERTEX
  5
1185
  8
FAB
 10
592.4260771536021
 20
361.6275186086556
 30
0.0
  0
VERTEX
  5
1186
  8
FAB
 10
592.4913151525645
 20
361.5690660024545
 30
0.0
  0
VERTEX
  5
1187
  8
FAB
 10
592.5643685125499
 20
361.520733788099
 30
0.0
  0
VERTEX
  5
1188
  8
FAB
 10
592.6436808370738
 20
361.4835538411996
 30
0.0
  0
VERTEX
  5
1189
  8
FAB
 10
592.7275612615733
 20
361.4583177114388
 30
0.0
  0
VERTEX
  5
118A
  8
FAB
 10
592.8142221235423
 20
361.4455642248055
 30
0.0
  0
VERTEX
  5
118B
  8
FAB
 10
592.9018166326671
 20
361.4455642248055
 30
0.0
  0
VERTEX
  5
118C
  8
FAB
 10
592.9884774946361
 20
361.4583177114388
 30
0.0
  0
VERTEX
  5
118D
  8
FAB
 10
593.0723579191356
 20
361.4835538411996
 30
0.0
  0
VERTEX
  5
118E
  8
FAB
 10
593.1516702436595
 20
361.520733788099
 30
0.0
  0
VERTEX
  5
118F
  8
FAB
 10
593.2247236036449
 20
361.5690660024545
 30
0.0
  0
VERTEX
  5
1190
  8
FAB
 10
593.2899616026073
 20
361.6275186086556
 30
0.0
  0
VERTEX
  5
1191
  8
FAB
 10
593.3459933065562
 20
361.6948480153939
 30
0.0
  0
VERTEX
  5
1192
  8
FAB
 10
593.3916247152476
 20
361.7696179891488
 30
0.0
  0
VERTEX
  5
1193
  8
FAB
 10
593.4258830808787
 20
361.8502349401376
 30
0.0
  0
VERTEX
  5
1194
  8
FAB
 10
593.4480388425975
 20
361.9349813009164
 30
0.0
  0
VERTEX
  5
1195
  8
FAB
 10
593.457618977943
 20
362.0220498586556
 30
0.0
  0
VERTEX
  5
1196
  8
FAB
 10
593.4544198774486
 20
362.1095866704842
 30
0.0
  0
VERTEX
  5
1197
  8
FAB
 10
593.438509728828
 20
362.1957234884164
 30
0.0
  0
VERTEX
  5
1198
  8
FAB
 10
593.4102270864635
 20
362.2786263967416
 30
0.0
  0
VERTEX
  5
1199
  8
FAB
 10
593.3701751493602
 20
362.3565272832772
 30
0.0
  0
VERTEX
  5
119A
  8
FAB
 10
593.3192074560313
 20
362.4277677083871
 30
0.0
  0
VERTEX
  5
119B
  8
FAB
 10
593.2584107183604
 20
362.4908265615365
 30
0.0
  0
VERTEX
  5
119C
  8
FAB
 10
593.1890800260692
 20
362.5443620229623
 30
0.0
  0
VERTEX
  5
119D
  8
FAB
 10
593.112693574348
 20
362.5872325445077
 30
0.0
  0
VERTEX
  5
119E
  8
FAB
 10
593.0308788084178
 20
362.6185235525033
 30
0.0
  0
VERTEX
  5
119F
  8
FAB
 10
592.9453799986034
 20
362.6375693822762
 30
0.0
  0
SEQEND
  5
11A0
  8
FAB
  0
POLYLINE
  5
11A1
  8
FAB
 66
     1
 10
0.0
 20
0.0
 30
0.0
 70
     1
  0
VERTEX
  5
11A2
  8
FAB
 10
592.8580196165233
 20
360.6439637685677
 30
0.0
  0
VERTEX
  5
11A3
  8
FAB
 10
592.770658757606
 20
360.6375693822762
 30
0.0
  0
VERTEX
  5
11A4
  8
FAB
 10
592.6851599477916
 20
360.6185235525033
 30
0.0
  0
VERTEX
  5
11A5
  8
FAB
 10
592.6033451818614
 20
360.5872325445077
 30
0.0
  0
VERTEX
  5
11A6
  8
FAB
 10
592.5269587301402
 20
360.5443620229623
 30
0.0
  0
VERTEX
  5
11A7
  8
FAB
 10
592.457628037849
 20
360.4908265615365
 30
0.0
  0
VERTEX
  5
11A8
  8
FAB
 10
592.3968313001781
 20
360.4277677083871
 30
0.0
  0
VERTEX
  5
11A9
  8
FAB
 10
592.3458636068492
 20
360.3565272832772
 30
0.0
  0
VERTEX
  5
11AA
  8
FAB
 10
592.3058116697459
 20
360.2786263967416
 30
0.0
  0
VERTEX
  5
11AB
  8
FAB
 10
592.2775290273814
 20
360.1957234884164
 30
0.0
  0
VERTEX
  5
11AC
  8
FAB
 10
592.2616188787608
 20
360.1095866704842
 30
0.0
  0
VERTEX
  5
11AD
  8
FAB
 10
592.2584197782664
 20
360.0220498586556
 30
0.0
  0
VERTEX
  5
11AE
  8
FAB
 10
592.2679999136119
 20
359.9349813009164
 30
0.0
  0
VERTEX
  5
11AF
  8
FAB
 10
592.2901556753307
 20
359.8502349401376
 30
0.0
  0
VERTEX
  5
11B0
  8
FAB
 10
592.3244140409618
 20
359.7696179891488
 30
0.0
  0
VERTEX
  5
11B1
  8
FAB
 10
592.3700454496532
 20
359.6948480153939
 30
0.0
  0
VERTEX
  5
11B2
  8
FAB
 10
592.4260771536021
 20
359.6275186086556
 30
0.0
  0
VERTEX
  5
11B3
  8
FAB
 10
592.4913151525645
 20
359.5690660024545
 30
0.0
  0
VERTEX
  5
11B4
  8
FAB
 10
592.5643685125499
 20
359.520733788099
 30
0.0
  0
VERTEX
  5
11B5
  8
FAB
 10
592.6436808370738
 20
359.4835538411996
 30
0.0
  0
VERTEX
  5
11B6
  8
FAB
 10
592.7275612615733
 20
359.4583177114388
 30
0.0
  0
VERTEX
  5
11B7
  8
FAB
 10
592.8142221235423
 20
359.4455642248055
 30
0.0
  0
VERTEX
  5
11B8
  8
FAB
 10
592.9018166326671
 20
359.4455642248055
 30
0.0
  0
VERTEX
  5
11B9
  8
FAB
 10
592.9884774946361
 20
359.4583177114388
 30
0.0
  0
VERTEX
  5
11BA
  8
FAB
 10
593.0723579191356
 20
359.4835538411996
 30
0.0
  0
VERTEX
  5
11BB
  8
FAB
 10
593.1516702436595
 20
359.520733788099
 30
0.0
  0
VERTEX
  5
11BC
  8
FAB
 10
593.2247236036449
 20
359.5690660024545
 30
0.0
  0
VERTEX
  5
11BD
  8
FAB
 10
593.2899616026073
 20
359.6275186086556
 30
0.0
  0
VERTEX
  5
11BE
  8
FAB
 10
593.3459933065562
 20
359.6948480153939
 30
0.0
  0
VERTEX
  5
11BF
  8
FAB
 10
593.3916247152476
 20
359.7696179891488
 30
0.0
  0
VERTEX
  5
11C0
  8
FAB
 10
593.4258830808787
 20
359.8502349401376
 30
0.0
  0
VERTEX
  5
11C1
  8
FAB
 10
593.4480388425975
 20
359.9349813009164
 30
0.0
  0
VERTEX
  5
11C2
  8
FAB
 10
593.457618977943
 20
360.0220498586556
 30
0.0
  0
VERTEX
  5
11C3
  8
FAB
 10
593.4544198774486
 20
360.1095866704842
 30
0.0
  0
VERTEX
  5
11C4
  8
FAB
 10
593.438509728828
 20
360.1957234884164
 30
0.0
  0
VERTEX
  5
11C5
  8
FAB
 10
593.4102270864635
 20
360.2786263967416
 30
0.0
  0
VERTEX
  5
11C6
  8
FAB
 10
593.3701751493602
 20
360.3565272832772
 30
0.0
  0
VERTEX
  5
11C7
  8
FAB
 10
593.3192074560313
 20
360.4277677083871
 30
0.0
  0
VERTEX
  5
11C8
  8
FAB
 10
593.2584107183604
 20
360.4908265615365
 30
0.0
  0
VERTEX
  5
11C9
  8
FAB
 10
593.1890800260692
 20
360.5443620229623
 30
0.0
  0
VERTEX
  5
11CA
  8
FAB
 10
593.112693574348
 20
360.5872325445077
 30
0.0
  0
VERTEX
  5
11CB
  8
FAB
 10
593.0308788084178
 20
360.6185235525033
 30
0.0
  0
VERTEX
  5
11CC
  8
FAB
 10
592.9453799986034
 20
360.6375693822762
 30
0.0
  0
SEQEND
  5
11CD
  8
FAB
  0
POLYLINE
  5
11CE
  8
FAB
 66
     1
 10
0.0
 20
0.0
 30
0.0
 70
     1
  0
VERTEX
  5
11CF
  8
FAB
 10
592.8580196165233
 20
368.6439635301492
 30
0.0
  0
VERTEX
  5
11D0
  8
FAB
 10
592.770658757606
 20
368.6375696206948
 30
0.0
  0
VERTEX
  5
11D1
  8
FAB
 10
592.6851599477916
 20
368.6185237909219
 30
0.0
  0
VERTEX
  5
11D2
  8
FAB
 10
592.6033451818614
 20
368.5872325445077
 30
0.0
  0
VERTEX
  5
11D3
  8
FAB
 10
592.5269587301402
 20
368.5443622613809
 30
0.0
  0
VERTEX
  5
11D4
  8
FAB
 10
592.457628037849
 20
368.4908267999551
 30
0.0
  0
VERTEX
  5
11D5
  8
FAB
 10
592.3968313001781
 20
368.4277672315499
 30
0.0
  0
VERTEX
  5
11D6
  8
FAB
 10
592.3458636068492
 20
368.3565277601144
 30
0.0
  0
VERTEX
  5
11D7
  8
FAB
 10
592.3058116697459
 20
368.2786263967416
 30
0.0
  0
VERTEX
  5
11D8
  8
FAB
 10
592.2775290273814
 20
368.1957234884164
 30
0.0
  0
VERTEX
  5
11D9
  8
FAB
 10
592.2616188787608
 20
368.1095861936471
 30
0.0
  0
VERTEX
  5
11DA
  8
FAB
 10
592.2584197782664
 20
368.0220503354928
 30
0.0
  0
VERTEX
  5
11DB
  8
FAB
 10
592.2679999136119
 20
367.9349813009164
 30
0.0
  0
VERTEX
  5
11DC
  8
FAB
 10
592.2901556753307
 20
367.8502351785561
 30
0.0
  0
VERTEX
  5
11DD
  8
FAB
 10
592.3244140409618
 20
367.7696179891488
 30
0.0
  0
VERTEX
  5
11DE
  8
FAB
 10
592.3700454496532
 20
367.6948482538125
 30
0.0
  0
VERTEX
  5
11DF
  8
FAB
 10
592.4260771536021
 20
367.6275190854928
 30
0.0
  0
VERTEX
  5
11E0
  8
FAB
 10
592.4913151525645
 20
367.5690655256173
 30
0.0
  0
VERTEX
  5
11E1
  8
FAB
 10
592.5643685125499
 20
367.520733788099
 30
0.0
  0
VERTEX
  5
11E2
  8
FAB
 10
592.6436808370738
 20
367.4835538411996
 30
0.0
  0
VERTEX
  5
11E3
  8
FAB
 10
592.7275612615733
 20
367.4583179498574
 30
0.0
  0
VERTEX
  5
11E4
  8
FAB
 10
592.8142221235423
 20
367.4455642248055
 30
0.0
  0
VERTEX
  5
11E5
  8
FAB
 10
592.9018166326671
 20
367.4455642248055
 30
0.0
  0
VERTEX
  5
11E6
  8
FAB
 10
592.9884774946361
 20
367.4583179498574
 30
0.0
  0
VERTEX
  5
11E7
  8
FAB
 10
593.0723579191356
 20
367.4835538411996
 30
0.0
  0
VERTEX
  5
11E8
  8
FAB
 10
593.1516702436595
 20
367.520733788099
 30
0.0
  0
VERTEX
  5
11E9
  8
FAB
 10
593.2247236036449
 20
367.5690655256173
 30
0.0
  0
VERTEX
  5
11EA
  8
FAB
 10
593.2899616026073
 20
367.6275190854928
 30
0.0
  0
VERTEX
  5
11EB
  8
FAB
 10
593.3459933065562
 20
367.6948482538125
 30
0.0
  0
VERTEX
  5
11EC
  8
FAB
 10
593.3916247152476
 20
367.7696179891488
 30
0.0
  0
VERTEX
  5
11ED
  8
FAB
 10
593.4258830808787
 20
367.8502351785561
 30
0.0
  0
VERTEX
  5
11EE
  8
FAB
 10
593.4480388425975
 20
367.9349813009164
 30
0.0
  0
VERTEX
  5
11EF
  8
FAB
 10
593.457618977943
 20
368.0220503354928
 30
0.0
  0
VERTEX
  5
11F0
  8
FAB
 10
593.4544198774486
 20
368.1095861936471
 30
0.0
  0
VERTEX
  5
11F1
  8
FAB
 10
593.438509728828
 20
368.1957234884164
 30
0.0
  0
VERTEX
  5
11F2
  8
FAB
 10
593.4102270864635
 20
368.2786263967416
 30
0.0
  0
VERTEX
  5
11F3
  8
FAB
 10
593.3701751493602
 20
368.3565277601144
 30
0.0
  0
VERTEX
  5
11F4
  8
FAB
 10
593.3192074560313
 20
368.4277672315499
 30
0.0
  0
VERTEX
  5
11F5
  8
FAB
 10
593.2584107183604
 20
368.4908267999551
 30
0.0
  0
VERTEX
  5
11F6
  8
FAB
 10
593.1890800260692
 20
368.5443622613809
 30
0.0
  0
VERTEX
  5
11F7
  8
FAB
 10
593.112693574348
 20
368.5872325445077
 30
0.0
  0
VERTEX
  5
11F8
  8
FAB
 10
593.0308788084178
 20
368.6185237909219
 30
0.0
  0
VERTEX
  5
11F9
  8
FAB
 10
592.9453799986034
 20
368.6375696206948
 30
0.0
  0
SEQEND
  5
11FA
  8
FAB
  0
POLYLINE
  5
11FB
  8
FAB
 66
     1
 10
0.0
 20
0.0
 30
0.0
 70
     1
  0
VERTEX
  5
11FC
  8
FAB
 10
592.8580196165233
 20
364.6439632917306
 30
0.0
  0
VERTEX
  5
11FD
  8
FAB
 10
592.770658757606
 20
364.6375693822762
 30
0.0
  0
VERTEX
  5
11FE
  8
FAB
 10
592.6851599477916
 20
364.6185240293404
 30
0.0
  0
VERTEX
  5
11FF
  8
FAB
 10
592.6033451818614
 20
364.5872325445077
 30
0.0
  0
VERTEX
  5
1200
  8
FAB
 10
592.5269587301402
 20
364.5443620229623
 30
0.0
  0
VERTEX
  5
1201
  8
FAB
 10
592.457628037849
 20
364.4908270383737
 30
0.0
  0
VERTEX
  5
1202
  8
FAB
 10
592.3968313001781
 20
364.4277672315499
 30
0.0
  0
VERTEX
  5
1203
  8
FAB
 10
592.3458636068492
 20
364.3565277601144
 30
0.0
  0
VERTEX
  5
1204
  8
FAB
 10
592.3058116697459
 20
364.2786263967416
 30
0.0
  0
VERTEX
  5
1205
  8
FAB
 10
592.2775290273814
 20
364.1957234884164
 30
0.0
  0
VERTEX
  5
1206
  8
FAB
 10
592.2616188787608
 20
364.1095861936471
 30
0.0
  0
VERTEX
  5
1207
  8
FAB
 10
592.2584197782664
 20
364.0220503354928
 30
0.0
  0
VERTEX
  5
1208
  8
FAB
 10
592.2679999136119
 20
363.9349813009164
 30
0.0
  0
VERTEX
  5
1209
  8
FAB
 10
592.2901556753307
 20
363.8502354169747
 30
0.0
  0
VERTEX
  5
120A
  8
FAB
 10
592.3244140409618
 20
363.7696179891488
 30
0.0
  0
VERTEX
  5
120B
  8
FAB
 10
592.3700454496532
 20
363.6948480153939
 30
0.0
  0
VERTEX
  5
120C
  8
FAB
 10
592.4260771536021
 20
363.6275190854928
 30
0.0
  0
VERTEX
  5
120D
  8
FAB
 10
592.4913151525645
 20
363.5690655256173
 30
0.0
  0
VERTEX
  5
120E
  8
FAB
 10
592.5643685125499
 20
363.520733788099
 30
0.0
  0
VERTEX
  5
120F
  8
FAB
 10
592.6436808370738
 20
363.4835538411996
 30
0.0
  0
VERTEX
  5
1210
  8
FAB
 10
592.7275612615733
 20
363.458318188276
 30
0.0
  0
VERTEX
  5
1211
  8
FAB
 10
592.8142221235423
 20
363.4455642248055
 30
0.0
  0
VERTEX
  5
1212
  8
FAB
 10
592.9018166326671
 20
363.4455642248055
 30
0.0
  0
VERTEX
  5
1213
  8
FAB
 10
592.9884774946361
 20
363.458318188276
 30
0.0
  0
VERTEX
  5
1214
  8
FAB
 10
593.0723579191356
 20
363.4835538411996
 30
0.0
  0
VERTEX
  5
1215
  8
FAB
 10
593.1516702436595
 20
363.520733788099
 30
0.0
  0
VERTEX
  5
1216
  8
FAB
 10
593.2247236036449
 20
363.5690655256173
 30
0.0
  0
VERTEX
  5
1217
  8
FAB
 10
593.2899616026073
 20
363.6275190854928
 30
0.0
  0
VERTEX
  5
1218
  8
FAB
 10
593.3459933065562
 20
363.6948480153939
 30
0.0
  0
VERTEX
  5
1219
  8
FAB
 10
593.3916247152476
 20
363.7696179891488
 30
0.0
  0
VERTEX
  5
121A
  8
FAB
 10
593.4258830808787
 20
363.8502354169747
 30
0.0
  0
VERTEX
  5
121B
  8
FAB
 10
593.4480388425975
 20
363.9349813009164
 30
0.0
  0
VERTEX
  5
121C
  8
FAB
 10
593.457618977943
 20
364.0220503354928
 30
0.0
  0
VERTEX
  5
121D
  8
FAB
 10
593.4544198774486
 20
364.1095861936471
 30
0.0
  0
VERTEX
  5
121E
  8
FAB
 10
593.438509728828
 20
364.1957234884164
 30
0.0
  0
VERTEX
  5
121F
  8
FAB
 10
593.4102270864635
 20
364.2786263967416
 30
0.0
  0
VERTEX
  5
1220
  8
FAB
 10
593.3701751493602
 20
364.3565277601144
 30
0.0
  0
VERTEX
  5
1221
  8
FAB
 10
593.3192074560313
 20
364.4277672315499
 30
0.0
  0
VERTEX
  5
1222
  8
FAB
 10
593.2584107183604
 20
364.4908270383737
 30
0.0
  0
VERTEX
  5
1223
  8
FAB
 10
593.1890800260692
 20
364.5443620229623
 30
0.0
  0
VERTEX
  5
1224
  8
FAB
 10
593.112693574348
 20
364.5872325445077
 30
0.0
  0
VERTEX
  5
1225
  8
FAB
 10
593.0308788084178
 20
364.6185240293404
 30
0.0
  0
VERTEX
  5
1226
  8
FAB
 10
592.9453799986034
 20
364.6375693822762
 30
0.0
  0
SEQEND
  5
1227
  8
FAB
  0
POLYLINE
  5
1228
  8
FAB
 66
     1
 10
0.0
 20
0.0
 30
0.0
 70
     1
  0
VERTEX
  5
1229
  8
FAB
 10
592.8580196165233
 20
366.6439632917306
 30
0.0
  0
VERTEX
  5
122A
  8
FAB
 10
592.770658757606
 20
366.6375693822762
 30
0.0
  0
VERTEX
  5
122B
  8
FAB
 10
592.6851599477916
 20
366.6185240293404
 30
0.0
  0
VERTEX
  5
122C
  8
FAB
 10
592.6033451818614
 20
366.5872325445077
 30
0.0
  0
VERTEX
  5
122D
  8
FAB
 10
592.5269587301402
 20
366.5443620229623
 30
0.0
  0
VERTEX
  5
122E
  8
FAB
 10
592.457628037849
 20
366.4908270383737
 30
0.0
  0
VERTEX
  5
122F
  8
FAB
 10
592.3968313001781
 20
366.4277672315499
 30
0.0
  0
VERTEX
  5
1230
  8
FAB
 10
592.3458636068492
 20
366.3565277601144
 30
0.0
  0
VERTEX
  5
1231
  8
FAB
 10
592.3058116697459
 20
366.2786263967416
 30
0.0
  0
VERTEX
  5
1232
  8
FAB
 10
592.2775290273814
 20
366.1957234884164
 30
0.0
  0
VERTEX
  5
1233
  8
FAB
 10
592.2616188787608
 20
366.1095861936471
 30
0.0
  0
VERTEX
  5
1234
  8
FAB
 10
592.2584197782664
 20
366.0220503354928
 30
0.0
  0
VERTEX
  5
1235
  8
FAB
 10
592.2679999136119
 20
365.9349813009164
 30
0.0
  0
VERTEX
  5
1236
  8
FAB
 10
592.2901556753307
 20
365.8502354169747
 30
0.0
  0
VERTEX
  5
1237
  8
FAB
 10
592.3244140409618
 20
365.7696179891488
 30
0.0
  0
VERTEX
  5
1238
  8
FAB
 10
592.3700454496532
 20
365.6948480153939
 30
0.0
  0
VERTEX
  5
1239
  8
FAB
 10
592.4260771536021
 20
365.6275190854928
 30
0.0
  0
VERTEX
  5
123A
  8
FAB
 10
592.4913151525645
 20
365.5690655256173
 30
0.0
  0
VERTEX
  5
123B
  8
FAB
 10
592.5643685125499
 20
365.520733788099
 30
0.0
  0
VERTEX
  5
123C
  8
FAB
 10
592.6436808370738
 20
365.4835538411996
 30
0.0
  0
VERTEX
  5
123D
  8
FAB
 10
592.7275612615733
 20
365.458318188276
 30
0.0
  0
VERTEX
  5
123E
  8
FAB
 10
592.8142221235423
 20
365.4455642248055
 30
0.0
  0
VERTEX
  5
123F
  8
FAB
 10
592.9018166326671
 20
365.4455642248055
 30
0.0
  0
VERTEX
  5
1240
  8
FAB
 10
592.9884774946361
 20
365.458318188276
 30
0.0
  0
VERTEX
  5
1241
  8
FAB
 10
593.0723579191356
 20
365.4835538411996
 30
0.0
  0
VERTEX
  5
1242
  8
FAB
 10
593.1516702436595
 20
365.520733788099
 30
0.0
  0
VERTEX
  5
1243
  8
FAB
 10
593.2247236036449
 20
365.5690655256173
 30
0.0
  0
VERTEX
  5
1244
  8
FAB
 10
593.2899616026073
 20
365.6275190854928
 30
0.0
  0
VERTEX
  5
1245
  8
FAB
 10
593.3459933065562
 20
365.6948480153939
 30
0.0
  0
VERTEX
  5
1246
  8
FAB
 10
593.3916247152476
 20
365.7696179891488
 30
0.0
  0
VERTEX
  5
1247
  8
FAB
 10
593.4258830808787
 20
365.8502354169747
 30
0.0
  0
VERTEX
  5
1248
  8
FAB
 10
593.4480388425975
 20
365.9349813009164
 30
0.0
  0
VERTEX
  5
1249
  8
FAB
 10
593.457618977943
 20
366.0220503354928
 30
0.0
  0
VERTEX
  5
124A
  8
FAB
 10
593.4544198774486
 20
366.1095861936471
 30
0.0
  0
VERTEX
  5
124B
  8
FAB
 10
593.438509728828
 20
366.1957234884164
 30
0.0
  0
VERTEX
  5
124C
  8
FAB
 10
593.4102270864635
 20
366.2786263967416
 30
0.0
  0
VERTEX
  5
124D
  8
FAB
 10
593.3701751493602
 20
366.3565277601144
 30
0.0
  0
VERTEX
  5
124E
  8
FAB
 10
593.3192074560313
 20
366.4277672315499
 30
0.0
  0
VERTEX
  5
124F
  8
FAB
 10
593.2584107183604
 20
366.4908270383737
 30
0.0
  0
VERTEX
  5
1250
  8
FAB
 10
593.1890800260692
 20
366.5443620229623
 30
0.0
  0
VERTEX
  5
1251
  8
FAB
 10
593.112693574348
 20
366.5872325445077
 30
0.0
  0
VERTEX
  5
1252
  8
FAB
 10
593.0308788084178
 20
366.6185240293404
 30
0.0
  0
VERTEX
  5
1253
  8
FAB
 10
592.9453799986034
 20
366.6375693822762
 30
0.0
  0
SEQEND
  5
1254
  8
FAB
  0
POLYLINE
  5
1255
  8
FAB
 66
     1
 10
0.0
 20
0.0
 30
0.0
 70
     1
  0
VERTEX
  5
1256
  8
FAB
 10
592.8580196165233
 20
370.6439635003468
 30
0.0
  0
VERTEX
  5
1257
  8
FAB
 10
592.770658757606
 20
370.6375695014855
 30
0.0
  0
VERTEX
  5
1258
  8
FAB
 10
592.6851599477916
 20
370.6185238505265
 30
0.0
  0
VERTEX
  5
1259
  8
FAB
 10
592.6033451818614
 20
370.5872324252984
 30
0.0
  0
VERTEX
  5
125A
  8
FAB
 10
592.5269587301402
 20
370.5443621719739
 30
0.0
  0
VERTEX
  5
125B
  8
FAB
 10
592.457628037849
 20
370.4908267999551
 30
0.0
  0
VERTEX
  5
125C
  8
FAB
 10
592.3968313001781
 20
370.4277672911546
 30
0.0
  0
VERTEX
  5
125D
  8
FAB
 10
592.3458636068492
 20
370.3565277005097
 30
0.0
  0
VERTEX
  5
125E
  8
FAB
 10
592.3058116697459
 20
370.2786263371369
 30
0.0
  0
VERTEX
  5
125F
  8
FAB
 10
592.2775290273814
 20
370.195723548021
 30
0.0
  0
VERTEX
  5
1260
  8
FAB
 10
592.2616188787608
 20
370.1095861936471
 30
0.0
  0
VERTEX
  5
1261
  8
FAB
 10
592.2584197782664
 20
370.0220503354928
 30
0.0
  0
VERTEX
  5
1262
  8
FAB
 10
592.2679999136119
 20
369.9349814201257
 30
0.0
  0
VERTEX
  5
1263
  8
FAB
 10
592.2901556753307
 20
369.8502352977654
 30
0.0
  0
VERTEX
  5
1264
  8
FAB
 10
592.3244140409618
 20
369.7696181083581
 30
0.0
  0
VERTEX
  5
1265
  8
FAB
 10
592.3700454496532
 20
369.6948481346032
 30
0.0
  0
VERTEX
  5
1266
  8
FAB
 10
592.4260771536021
 20
369.6275189662835
 30
0.0
  0
VERTEX
  5
1267
  8
FAB
 10
592.4913151525645
 20
369.5690656448266
 30
0.0
  0
VERTEX
  5
1268
  8
FAB
 10
592.5643685125499
 20
369.520733788099
 30
0.0
  0
VERTEX
  5
1269
  8
FAB
 10
592.6436808370738
 20
369.4835538411996
 30
0.0
  0
VERTEX
  5
126A
  8
FAB
 10
592.7275612615733
 20
369.4583179498574
 30
0.0
  0
VERTEX
  5
126B
  8
FAB
 10
592.8142221235423
 20
369.4455641055962
 30
0.0
  0
VERTEX
  5
126C
  8
FAB
 10
592.9018166326671
 20
369.4455641055962
 30
0.0
  0
VERTEX
  5
126D
  8
FAB
 10
592.9884774946361
 20
369.4583179498574
 30
0.0
  0
VERTEX
  5
126E
  8
FAB
 10
593.0723579191356
 20
369.4835538411996
 30
0.0
  0
VERTEX
  5
126F
  8
FAB
 10
593.1516702436595
 20
369.520733788099
 30
0.0
  0
VERTEX
  5
1270
  8
FAB
 10
593.2247236036449
 20
369.5690656448266
 30
0.0
  0
VERTEX
  5
1271
  8
FAB
 10
593.2899616026073
 20
369.6275189662835
 30
0.0
  0
VERTEX
  5
1272
  8
FAB
 10
593.3459933065562
 20
369.6948481346032
 30
0.0
  0
VERTEX
  5
1273
  8
FAB
 10
593.3916247152476
 20
369.7696181083581
 30
0.0
  0
VERTEX
  5
1274
  8
FAB
 10
593.4258830808787
 20
369.8502352977654
 30
0.0
  0
VERTEX
  5
1275
  8
FAB
 10
593.4480388425975
 20
369.9349814201257
 30
0.0
  0
VERTEX
  5
1276
  8
FAB
 10
593.457618977943
 20
370.0220503354928
 30
0.0
  0
VERTEX
  5
1277
  8
FAB
 10
593.4544198774486
 20
370.1095861936471
 30
0.0
  0
VERTEX
  5
1278
  8
FAB
 10
593.438509728828
 20
370.195723548021
 30
0.0
  0
VERTEX
  5
1279
  8
FAB
 10
593.4102270864635
 20
370.2786263371369
 30
0.0
  0
VERTEX
  5
127A
  8
FAB
 10
593.3701751493602
 20
370.3565277005097
 30
0.0
  0
VERTEX
  5
127B
  8
FAB
 10
593.3192074560313
 20
370.4277672911546
 30
0.0
  0
VERTEX
  5
127C
  8
FAB
 10
593.2584107183604
 20
370.4908267999551
 30
0.0
  0
VERTEX
  5
127D
  8
FAB
 10
593.1890800260692
 20
370.5443621719739
 30
0.0
  0
VERTEX
  5
127E
  8
FAB
 10
593.112693574348
 20
370.5872324252984
 30
0.0
  0
VERTEX
  5
127F
  8
FAB
 10
593.0308788084178
 20
370.6185238505265
 30
0.0
  0
VERTEX
  5
1280
  8
FAB
 10
592.9453799986034
 20
370.6375695014855
 30
0.0
  0
SEQEND
  5
1281
  8
FAB
  0
POLYLINE
  5
1282
  8
FAB
 66
     1
 10
0.0
 20
0.0
 30
0.0
 70
     1
  0
VERTEX
  5
1283
  8
FAB
 10
626.3354826234965
 20
371.9855374837777
 30
0.0
  0
VERTEX
  5
1284
  8
FAB
 10
622.9103498720317
 20
371.9855374837777
 30
0.0
  0
VERTEX
  5
1285
  8
FAB
 10
621.4199934267192
 20
359.4798316503426
 30
0.0
  0
VERTEX
  5
1286
  8
FAB
 10
621.3942671083598
 20
359.3272170568368
 30
0.0
  0
VERTEX
  5
1287
  8
FAB
 10
621.353915240684
 20
359.1778020406625
 30
0.0
  0
VERTEX
  5
1288
  8
FAB
 10
621.2993154787212
 20
359.0329856420419
 30
0.0
  0
VERTEX
  5
1289
  8
FAB
 10
621.2309789919047
 20
358.8941220785043
 30
0.0
  0
VERTEX
  5
128A
  8
FAB
 10
621.1495428346782
 20
358.7625112081429
 30
0.0
  0
VERTEX
  5
128B
  8
FAB
 10
621.0557699464946
 20
358.6393851781747
 30
0.0
  0
VERTEX
  5
128C
  8
FAB
 10
620.9505415224223
 20
358.5258950734994
 30
0.0
  0
VERTEX
  5
128D
  8
FAB
 10
620.8348379396587
 20
358.4231032873055
 30
0.0
  0
VERTEX
  5
128E
  8
FAB
 10
620.7097463869243
 20
358.3319720769784
 30
0.0
  0
VERTEX
  5
128F
  8
FAB
 10
620.5764341615825
 20
358.2533549810311
 30
0.0
  0
VERTEX
  5
1290
  8
FAB
 10
620.4361486696391
 20
358.1879863286874
 30
0.0
  0
VERTEX
  5
1291
  8
FAB
 10
620.2902021669536
 20
358.136477425184
 30
0.0
  0
VERTEX
  5
1292
  8
FAB
 10
620.1399641298442
 20
358.0993117833993
 30
0.0
  0
VERTEX
  5
1293
  8
FAB
 10
619.9868364595561
 20
358.0768374944589
 30
0.0
  0
VERTEX
  5
1294
  8
FAB
 10
619.8322534822612
 20
358.069263413038
 30
0.0
  0
VERTEX
  5
1295
  8
FAB
 10
619.6776628755717
 20
358.076660111036
 30
0.0
  0
VERTEX
  5
1296
  8
FAB
 10
619.5245085024028
 20
358.0989598775765
 30
0.0
  0
VERTEX
  5
1297
  8
FAB
 10
619.3742285036235
 20
358.1359538579842
 30
0.0
  0
VERTEX
  5
1298
  8
FAB
 10
619.2282228731303
 20
358.187294914808
 30
0.0
  0
VERTEX
  5
1299
  8
FAB
 10
619.0878629945903
 20
358.2525033498666
 30
0.0
  0
VERTEX
  5
129A
  8
FAB
 10
618.9544611238628
 20
358.3309678579232
 30
0.0
  0
VERTEX
  5
129B
  8
FAB
 10
618.829262759605
 20
358.4219560171029
 30
0.0
  0
VERTEX
  5
129C
  8
FAB
 10
618.7134428285747
 20
358.5246152425668
 30
0.0
  0
VERTEX
  5
129D
  8
FAB
 10
618.6080847047954
 20
358.6379842306039
 30
0.0
  0
VERTEX
  5
129E
  8
FAB
 10
618.5141725801616
 20
358.7610034490487
 30
0.0
  0
VERTEX
  5
129F
  8
FAB
 10
618.432585742393
 20
358.892520859327
 30
0.0
  0
VERTEX
  5
12A0
  8
FAB
 10
618.3640890382915
 20
359.0313062215707
 30
0.0
  0
VERTEX
  5
12A1
  8
FAB
 10
618.3093233369975
 20
359.1760606313607
 30
0.0
  0
VERTEX
  5
12A2
  8
FAB
 10
618.2687998079448
 20
359.3254289174935
 30
0.0
  0
VERTEX
  5
12A3
  8
FAB
 10
618.2428980135112
 20
359.4780139470956
 30
0.0
  0
VERTEX
  5
12A4
  8
FAB
 10
616.7376604341655
 20
371.9855374837777
 30
0.0
  0
VERTEX
  5
12A5
  8
FAB
 10
613.3374815248637
 20
371.9855374837777
 30
0.0
  0
VERTEX
  5
12A6
  8
FAB
 10
613.1517858766704
 20
372.0019956375024
 30
0.0
  0
VERTEX
  5
12A7
  8
FAB
 10
613.0590410493999
 20
372.0106600070855
 30
0.0
  0
VERTEX
  5
12A8
  8
FAB
 10
612.966916110435
 20
372.0232878471276
 30
0.0
  0
VERTEX
  5
12A9
  8
FAB
 10
612.8757868074565
 20
372.0420503164193
 30
0.0
  0
VERTEX
  5
12AA
  8
FAB
 10
612.7858743929057
 20
372.0667843366525
 30
0.0
  0
VERTEX
  5
12AB
  8
FAB
 10
612.6973581575542
 20
372.0967433000466
 30
0.0
  0
VERTEX
  5
12AC
  8
FAB
 10
612.6104212068706
 20
372.1311803604028
 30
0.0
  0
VERTEX
  5
12AD
  8
FAB
 10
612.5252447389751
 20
372.1694794441125
 30
0.0
  0
VERTEX
  5
12AE
  8
FAB
 10
612.4420156740337
 20
372.2115464950463
 30
0.0
  0
VERTEX
  5
12AF
  8
FAB
 10
612.3609171175151
 20
372.2574178720376
 30
0.0
  0
VERTEX
  5
12B0
  8
FAB
 10
612.2821359895854
 20
372.3071299339196
 30
0.0
  0
VERTEX
  5
12B1
  8
FAB
 10
612.205857303062
 20
372.3606875682732
 30
0.0
  0
VERTEX
  5
12B2
  8
FAB
 10
612.1322737001567
 20
372.4179698968789
 30
0.0
  0
VERTEX
  5
12B3
  8
FAB
 10
612.0615740083842
 20
372.4788243318459
 30
0.0
  0
VERTEX
  5
12B4
  8
FAB
 10
611.9939508699565
 20
372.5430981660745
 30
0.0
  0
VERTEX
  5
12B5
  8
FAB
 10
611.9295854829936
 20
372.6106335664651
 30
0.0
  0
VERTEX
  5
12B6
  8
FAB
 10
611.868620898643
 20
372.6812507654092
 30
0.0
  0
VERTEX
  5
12B7
  8
FAB
 10
611.8111868166118
 20
372.7547640348336
 30
0.0
  0
VERTEX
  5
12B8
  8
FAB
 10
611.7574148439555
 20
372.8309878850839
 30
0.0
  0
VERTEX
  5
12B9
  8
FAB
 10
611.7074384950786
 20
372.9097370649239
 30
0.0
  0
VERTEX
  5
12BA
  8
FAB
 10
611.6613893770366
 20
372.9908263231179
 30
0.0
  0
VERTEX
  5
12BB
  8
FAB
 10
611.6193990968852
 20
373.0740696931741
 30
0.0
  0
VERTEX
  5
12BC
  8
FAB
 10
611.5815973543315
 20
373.159282162275
 30
0.0
  0
VERTEX
  5
12BD
  8
FAB
 10
611.548100497642
 20
373.2462718034646
 30
0.0
  0
VERTEX
  5
12BE
  8
FAB
 10
611.5189619325786
 20
373.334822132673
 30
0.0
  0
VERTEX
  5
12BF
  8
FAB
 10
611.4942102693706
 20
373.4247107053658
 30
0.0
  0
VERTEX
  5
12C0
  8
FAB
 10
611.4738836549907
 20
373.5157143617532
 30
0.0
  0
VERTEX
  5
12C1
  8
FAB
 10
611.458012607017
 20
373.6076104188821
 30
0.0
  0
VERTEX
  5
12C2
  8
FAB
 10
611.4466333650737
 20
373.7001761937997
 30
0.0
  0
VERTEX
  5
12C3
  8
FAB
 10
611.4397783540874
 20
373.7931887651345
 30
0.0
  0
VERTEX
  5
12C4
  8
FAB
 10
611.4374838136821
 20
373.8864254499337
 30
0.0
  0
VERTEX
  5
12C5
  8
FAB
 10
611.4397688173442
 20
373.9796635652444
 30
0.0
  0
VERTEX
  5
12C6
  8
FAB
 10
611.4466123842387
 20
374.0726797128579
 30
0.0
  0
VERTEX
  5
12C7
  8
FAB
 10
611.4579820894389
 20
374.1652507329842
 30
0.0
  0
VERTEX
  5
12C8
  8
FAB
 10
611.4738416933208
 20
374.2571529889962
 30
0.0
  0
VERTEX
  5
12C9
  8
FAB
 10
611.4941587709575
 20
374.3481635595223
 30
0.0
  0
VERTEX
  5
12CA
  8
FAB
 10
611.5188989900737
 20
374.4380588079354
 30
0.0
  0
VERTEX
  5
12CB
  8
FAB
 10
611.5480299257426
 20
374.5266155744454
 30
0.0
  0
VERTEX
  5
12CC
  8
FAB
 10
611.5815172456889
 20
374.6136106992623
 30
0.0
  0
VERTEX
  5
12CD
  8
FAB
 10
611.6193094514995
 20
374.6988267446419
 30
0.0
  0
VERTEX
  5
12CE
  8
FAB
 10
611.6612921022563
 20
374.7820734525582
 30
0.0
  0
VERTEX
  5
12CF
  8
FAB
 10
611.7073335909038
 20
374.8631653333565
 30
0.0
  0
VERTEX
  5
12D0
  8
FAB
 10
611.7573023103862
 20
374.9419173742195
 30
0.0
  0
VERTEX
  5
12D1
  8
FAB
 10
611.8110666536479
 20
375.0181459928414
 30
0.0
  0
VERTEX
  5
12D2
  8
FAB
 10
611.8684931062846
 20
375.0916652227303
 30
0.0
  0
VERTEX
  5
12D3
  8
FAB
 10
611.9294500612407
 20
375.1622910047432
 30
0.0
  0
VERTEX
  5
12D4
  8
FAB
 10
611.993807818809
 20
375.2298383260628
 30
0.0
  0
VERTEX
  5
12D5
  8
FAB
 10
612.0614252351909
 20
375.2941269422432
 30
0.0
  0
VERTEX
  5
12D6
  8
FAB
 10
612.1321172975688
 20
375.3549942518135
 30
0.0
  0
VERTEX
  5
12D7
  8
FAB
 10
612.2056970857768
 20
375.4122833753487
 30
0.0
  0
VERTEX
  5
12D8
  8
FAB
 10
612.2819700502544
 20
375.4658364797493
 30
0.0
  0
VERTEX
  5
12D9
  8
FAB
 10
612.3607492708354
 20
375.5155314947029
 30
0.0
  0
VERTEX
  5
12DA
  8
FAB
 10
612.4418459200053
 20
375.5613889242073
 30
0.0
  0
VERTEX
  5
12DB
  8
FAB
 10
612.5250711702495
 20
375.6034664655587
 30
0.0
  0
VERTEX
  5
12DC
  8
FAB
 10
612.6102381014018
 20
375.6418203855416
 30
0.0
  0
VERTEX
  5
12DD
  8
FAB
 10
612.6971636079936
 20
375.6763605619332
 30
0.0
  0
VERTEX
  5
12DE
  8
FAB
 10
612.7856683992534
 20
375.7064108396431
 30
0.0
  0
VERTEX
  5
12DF
  8
FAB
 10
612.8755789064555
 20
375.7311486745735
 30
0.0
  0
VERTEX
  5
12E0
  8
FAB
 10
612.9667215608745
 20
375.7497505689522
 30
0.0
  0
VERTEX
  5
12E1
  8
FAB
 10
613.0588808321147
 20
375.7620067144295
 30
0.0
  0
VERTEX
  5
12E2
  8
FAB
 10
613.1516752504497
 20
375.7701549077889
 30
0.0
  0
VERTEX
  5
12E3
  8
FAB
 10
613.3374815248637
 20
375.7855329061409
 30
0.0
  0
VERTEX
  5
12E4
  8
FAB
 10
616.7258863710551
 20
375.785532906141
 30
0.0
  0
VERTEX
  5
12E5
  8
FAB
 10
618.2345857881694
 20
390.4191617513558
 30
0.0
  0
VERTEX
  5
12E6
  8
FAB
 10
618.2651300691753
 20
390.5667848134896
 30
0.0
  0
VERTEX
  5
12E7
  8
FAB
 10
618.3094339632182
 20
390.7108773733041
 30
0.0
  0
VERTEX
  5
12E8
  8
FAB
 10
618.3671026491313
 20
390.8501615072152
 30
0.0
  0
VERTEX
  5
12E9
  8
FAB
 10
618.4376249574809
 20
390.9833974386117
 30
0.0
  0
VERTEX
  5
12EA
  8
FAB
 10
618.5203752779155
 20
391.1094064260384
 30
0.0
  0
VERTEX
  5
12EB
  8
FAB
 10
618.6146173738628
 20
391.2270669484994
 30
0.0
  0
VERTEX
  5
12EC
  8
FAB
 10
618.7195158266215
 20
391.3353356862924
 30
0.0
  0
VERTEX
  5
12ED
  8
FAB
 10
618.8341379427104
 20
391.4332494283578
 30
0.0
  0
VERTEX
  5
12EE
  8
FAB
 10
618.9574671053081
 20
391.5199403310677
 30
0.0
  0
VERTEX
  5
12EF
  8
FAB
 10
619.0884084962993
 20
391.5946397329232
 30
0.0
  0
VERTEX
  5
12F0
  8
FAB
 10
619.225798633018
 20
391.6566819692513
 30
0.0
  0
VERTEX
  5
12F1
  8
FAB
 10
619.368418719688
 20
391.7055196309945
 30
0.0
  0
VERTEX
  5
12F2
  8
FAB
 10
619.5150041841655
 20
391.7407159353158
 30
0.0
  0
VERTEX
  5
12F3
  8
FAB
 10
619.6642484926372
 20
391.7619580770394
 30
0.0
  0
VERTEX
  5
12F4
  8
FAB
 10
619.8148317598491
 20
391.769061043348
 30
0.0
  0
VERTEX
  5
12F5
  8
FAB
 10
619.9654131197124
 20
391.7619580770394
 30
0.0
  0
VERTEX
  5
12F6
  8
FAB
 10
620.1146593355327
 20
391.7407159353158
 30
0.0
  0
VERTEX
  5
12F7
  8
FAB
 10
620.2612428926616
 20
391.7055196309945
 30
0.0
  0
VERTEX
  5
12F8
  8
FAB
 10
620.4038648866801
 20
391.6566819692513
 30
0.0
  0
VERTEX
  5
12F9
  8
FAB
 10
620.5412550233989
 20
391.5946397329232
 30
0.0
  0
VERTEX
  5
12FA
  8
FAB
 10
620.6721945070415
 20
391.5199403310677
 30
0.0
  0
VERTEX
  5
12FB
  8
FAB
 10
620.7955236696391
 20
391.4332494283578
 30
0.0
  0
VERTEX
  5
12FC
  8
FAB
 10
620.9101476930766
 20
391.3353356862924
 30
0.0
  0
VERTEX
  5
12FD
  8
FAB
 10
621.0150442384868
 20
391.2270669484994
 30
0.0
  0
VERTEX
  5
12FE
  8
FAB
 10
621.109286334434
 20
391.1094064260384
 30
0.0
  0
VERTEX
  5
12FF
  8
FAB
 10
621.1920385622172
 20
390.9833974386117
 30
0.0
  0
VERTEX
  5
1300
  8
FAB
 10
621.2625608705669
 20
390.8501615072152
 30
0.0
  0
VERTEX
  5
1301
  8
FAB
 10
621.3202276491313
 20
390.7108773733041
 30
0.0
  0
VERTEX
  5
1302
  8
FAB
 10
621.3645315431743
 20
390.5667848134896
 30
0.0
  0
VERTEX
  5
1303
  8
FAB
 10
621.3950758241801
 20
390.4191617513558
 30
0.0
  0
VERTEX
  5
1304
  8
FAB
 10
622.9192037843852
 20
375.785532906141
 30
0.0
  0
VERTEX
  5
1305
  8
FAB
 10
626.3354826234965
 20
375.785532906141
 30
0.0
  0
VERTEX
  5
1306
  8
FAB
 10
626.5212888979106
 20
375.7701549077889
 30
0.0
  0
VERTEX
  5
1307
  8
FAB
 10
626.6140852235942
 20
375.7620067144296
 30
0.0
  0
VERTEX
  5
1308
  8
FAB
 10
626.7062444948344
 20
375.7497505689523
 30
0.0
  0
VERTEX
  5
1309
  8
FAB
 10
626.7973852419047
 20
375.7311486745736
 30
0.0
  0
VERTEX
  5
130A
  8
FAB
 10
626.8872976564555
 20
375.7064113164803
 30
0.0
  0
VERTEX
  5
130B
  8
FAB
 10
626.9758024477153
 20
375.6763610387704
 30
0.0
  0
VERTEX
  5
130C
  8
FAB
 10
627.0627279543071
 20
375.6418203855416
 30
0.0
  0
VERTEX
  5
130D
  8
FAB
 10
627.1478948854594
 20
375.6034669423959
 30
0.0
  0
VERTEX
  5
130E
  8
FAB
 10
627.2311201357036
 20
375.5613894010446
 30
0.0
  0
VERTEX
  5
130F
  8
FAB
 10
627.3122167848735
 20
375.515531494703
 30
0.0
  0
VERTEX
  5
1310
  8
FAB
 10
627.3909940981059
 20
375.4658364797494
 30
0.0
  0
VERTEX
  5
1311
  8
FAB
 10
627.4672689699321
 20
375.4122833753487
 30
0.0
  0
VERTEX
  5
1312
  8
FAB
 10
627.5408468507915
 20
375.3549942518136
 30
0.0
  0
VERTEX
  5
1313
  8
FAB
 10
627.611540820518
 20
375.2941264654061
 30
0.0
  0
VERTEX
  5
1314
  8
FAB
 10
627.6791563295512
 20
375.2298378492257
 30
0.0
  0
VERTEX
  5
1315
  8
FAB
 10
627.7435140871196
 20
375.1622910047433
 30
0.0
  0
VERTEX
  5
1316
  8
FAB
 10
627.8044729494243
 20
375.0916652227303
 30
0.0
  0
VERTEX
  5
1317
  8
FAB
 10
627.861899402061
 20
375.0181459928414
 30
0.0
  0
VERTEX
  5
1318
  8
FAB
 10
627.9156637453227
 20
374.9419178510568
 30
0.0
  0
VERTEX
  5
1319
  8
FAB
 10
627.9656324648051
 20
374.8631653333566
 30
0.0
  0
VERTEX
  5
131A
  8
FAB
 10
628.0116758608012
 20
374.7820734525582
 30
0.0
  0
VERTEX
  5
131B
  8
FAB
 10
628.0536566042094
 20
374.6988272214791
 30
0.0
  0
VERTEX
  5
131C
  8
FAB
 10
628.09144881002
 20
374.6136106992623
 30
0.0
  0
VERTEX
  5
131D
  8
FAB
 10
628.1249380373149
 20
374.5266155744454
 30
0.0
  0
VERTEX
  5
131E
  8
FAB
 10
628.1540670656352
 20
374.4380588079354
 30
0.0
  0
VERTEX
  5
131F
  8
FAB
 10
628.1788091921001
 20
374.3481637979409
 30
0.0
  0
VERTEX
  5
1320
  8
FAB
 10
628.1991262697368
 20
374.2571532274148
 30
0.0
  0
VERTEX
  5
1321
  8
FAB
 10
628.21498396627
 20
374.1652507329842
 30
0.0
  0
VERTEX
  5
1322
  8
FAB
 10
628.2263517641215
 20
374.0726799512765
 30
0.0
  0
VERTEX
  5
1323
  8
FAB
 10
628.2331991457133
 20
373.9796635652444
 30
0.0
  0
VERTEX
  5
1324
  8
FAB
 10
628.2354841493755
 20
373.8864254499337
 30
0.0
  0
VERTEX
  5
1325
  8
FAB
 10
628.2331877016215
 20
373.7931887651345
 30
0.0
  0
VERTEX
  5
1326
  8
FAB
 10
628.2263326906352
 20
373.7001759553811
 30
0.0
  0
VERTEX
  5
1327
  8
FAB
 10
628.2149534486919
 20
373.6076101804635
 30
0.0
  0
VERTEX
  5
1328
  8
FAB
 10
628.1990843080669
 20
373.5157141233346
 30
0.0
  0
VERTEX
  5
1329
  8
FAB
 10
628.1787557863383
 20
373.4247104669473
 30
0.0
  0
VERTEX
  5
132A
  8
FAB
 10
628.154006030479
 20
373.3348218942544
 30
0.0
  0
VERTEX
  5
132B
  8
FAB
 10
628.1248655580669
 20
373.246271565046
 30
0.0
  0
VERTEX
  5
132C
  8
FAB
 10
628.0913687013774
 20
373.1592819238564
 30
0.0
  0
VERTEX
  5
132D
  8
FAB
 10
628.0535688661723
 20
373.0740694547555
 30
0.0
  0
VERTEX
  5
132E
  8
FAB
 10
628.0115766786723
 20
372.9908260846993
 30
0.0
  0
VERTEX
  5
132F
  8
FAB
 10
627.9655256532817
 20
372.9097370649239
 30
0.0
  0
VERTEX
  5
1330
  8
FAB
 10
627.9155493044047
 20
372.8309878850839
 30
0.0
  0
VERTEX
  5
1331
  8
FAB
 10
627.8617811464458
 20
372.754763796415
 30
0.0
  0
VERTEX
  5
1332
  8
FAB
 10
627.8043470644145
 20
372.6812507654092
 30
0.0
  0
VERTEX
  5
1333
  8
FAB
 10
627.7433805727153
 20
372.6106335664651
 30
0.0
  0
VERTEX
  5
1334
  8
FAB
 10
627.6790151857524
 20
372.5430981660745
 30
0.0
  0
VERTEX
  5
1335
  8
FAB
 10
627.6113920473247
 20
372.4788243318459
 30
0.0
  0
VERTEX
  5
1336
  8
FAB
 10
627.5406942629008
 20
372.4179700160882
 30
0.0
  0
VERTEX
  5
1337
  8
FAB
 10
627.4671087526469
 20
372.3606876874825
 30
0.0
  0
VERTEX
  5
1338
  8
FAB
 10
627.3908300661235
 20
372.3071299339196
 30
0.0
  0
VERTEX
  5
1339
  8
FAB
 10
627.3120489381938
 20
372.2574178720376
 30
0.0
  0
VERTEX
  5
133A
  8
FAB
 10
627.2309484743266
 20
372.211546375837
 30
0.0
  0
VERTEX
  5
133B
  8
FAB
 10
627.1477194093852
 20
372.1694792056939
 30
0.0
  0
VERTEX
  5
133C
  8
FAB
 10
627.0625448488383
 20
372.1311801219842
 30
0.0
  0
VERTEX
  5
133D
  8
FAB
 10
626.9756078981547
 20
372.096743061628
 30
0.0
  0
VERTEX
  5
133E
  8
FAB
 10
626.8870916628032
 20
372.0667842174432
 30
0.0
  0
VERTEX
  5
133F
  8
FAB
 10
626.7971792482524
 20
372.04205019721
 30
0.0
  0
VERTEX
  5
1340
  8
FAB
 10
626.7060499452739
 20
372.0232878471276
 30
0.0
  0
VERTEX
  5
1341
  8
FAB
 10
626.613925006309
 20
372.0106601262948
 30
0.0
  0
VERTEX
  5
1342
  8
FAB
 10
626.5211782716899
 20
372.0019956375024
 30
0.0
  0
SEQEND
  5
1343
  8
FAB
  0
CIRCLE
  5
1344
  8
FAB
 10
-557.2189324463787
 20
335.5439632388299
 30
-0.0000000000000142
 40
1.500000000000114
210
0.0
220
0.0
230
-1.0
  0
CIRCLE
  5
1345
  8
FAB
 10
-566.2189324463789
 20
326.54396323883
 30
-0.0000000000000142
 40
1.5
210
0.0
220
0.0
230
-1.0
  0
CIRCLE
  5
1346
  8
FAB
 10
-575.2189324463789
 20
335.5439632388297
 30
-0.0000000000000142
 40
1.499999999999943
210
0.0
220
0.0
230
-1.0
  0
CIRCLE
  5
1347
  8
FAB
 10
-566.2189324463789
 20
344.5439632388297
 30
-0.0000000000000142
 40
1.5
210
0.0
220
0.0
230
-1.0
  0
POLYLINE
  5
1348
  8
FAB
 66
     1
 10
0.0
 20
0.0
 30
0.0000000000000142
 70
     1
  0
VERTEX
  5
1349
  8
FAB
 10
554.2189356085114
 20
329.5439629102609
 30
0.0000000000000142
  0
VERTEX
  5
134A
  8
FAB
 10
560.2189356085114
 20
323.5439629102609
 30
0.0000000000000142
  0
VERTEX
  5
134B
  8
FAB
 10
572.2189356085114
 20
323.5439629102609
 30
0.0000000000000142
  0
VERTEX
  5
134C
  8
FAB
 10
578.2189356085114
 20
329.5439629102609
 30
0.0000000000000142
  0
VERTEX
  5
134D
  8
FAB
 10
578.2189356085114
 20
341.5439629102609
 30
0.0000000000000142
  0
VERTEX
  5
134E
  8
FAB
 10
572.2189356085114
 20
347.5439629102609
 30
0.0000000000000142
  0
VERTEX
  5
134F
  8
FAB
 10
560.2189356085114
 20
347.5439629102609
 30
0.0000000000000142
  0
VERTEX
  5
1350
  8
FAB
 10
554.2189356085114
 20
341.5439629102609
 30
0.0000000000000142
  0
SEQEND
  5
1351
  8
FAB
  0
POLYLINE
  5
1352
  8
FAB
 66
     1
 10
0.0
 20
0.0
 30
0.0000000000000138
 70
     1
  0
VERTEX
  5
1353
  8
FAB
 10
564.1887908257031
 20
337.3989632388299
 30
0.0000000000000138
  0
VERTEX
  5
1354
  8
FAB
 10
568.2490740670546
 20
337.3989632388299
 30
0.0000000000000138
 42
-0.3880638163473067
  0
VERTEX
  5
1355
  8
FAB
 10
568.2490740670545
 20
333.6889632388299
 30
0.0000000000000138
  0
VERTEX
  5
1356
  8
FAB
 10
564.1887908257031
 20
333.6889632388299
 30
0.0000000000000138
 42
-0.3880638163472715
  0
SEQEND
  5
1357
  8
FAB
  0
CIRCLE
  5
1358
  8
FAB
 10
-582.205235574083
 20
335.54396323883
 30
-0.0000000000000091
 40
1.5
210
0.0
220
0.0
230
-1.0
  0
CIRCLE
  5
1359
  8
FAB
 10
-589.2052384076464
 20
328.5439597481282
 30
-0.0000000000000067
 40
1.5
210
0.0
220
0.0
230
-1.0
  0
CIRCLE
  5
135A
  8
FAB
 10
-596.205241898348
 20
335.5439625816916
 30
-0.0000000000000044
 40
1.499999999999943
210
0.0
220
0.0
230
-1.0
  0
CIRCLE
  5
135B
  8
FAB
 10
-589.2052390647846
 20
342.5439660723933
 30
-0.0000000000000067
 40
1.500000000000114
210
0.0
220
0.0
230
-1.0
  0
CIRCLE
  5
135C
  8
FAB
 10
-589.2052355740828
 20
335.5439632388299
 30
-0.0000000000000139
 40
1.146027037053947
210
0.0
220
0.0
230
-1.0
  0
POLYLINE
  5
135D
  8
FAB
 66
     1
 10
0.0
 20
0.0
 30
0.0000000000000101
 70
     1
  0
VERTEX
  5
135E
  8
FAB
 10
579.2052387362155
 20
340.5439629102609
 30
0.0000000000000101
  0
VERTEX
  5
135F
  8
FAB
 10
579.2052387362155
 20
330.5439629102609
 30
0.0000000000000101
  0
VERTEX
  5
1360
  8
FAB
 10
584.2052387362155
 20
325.5439629102609
 30
0.0000000000000101
  0
VERTEX
  5
1361
  8
FAB
 10
594.2052387362155
 20
325.5439629102609
 30
0.0000000000000101
  0
VERTEX
  5
1362
  8
FAB
 10
599.2052387362155
 20
330.5439629102609
 30
0.0000000000000101
  0
VERTEX
  5
1363
  8
FAB
 10
599.2052387362155
 20
340.5439629102609
 30
0.0000000000000101
  0
VERTEX
  5
1364
  8
FAB
 10
594.2052387362155
 20
345.5439629102609
 30
0.0000000000000101
  0
VERTEX
  5
1365
  8
FAB
 10
584.2052387362155
 20
345.5439629102609
 30
0.0000000000000101
  0
SEQEND
  5
1366
  8
FAB
  0
CIRCLE
  5
1367
  8
FAB
 10
610.1071296234322
 20
335.5439632388299
 30
0.0000000000000067
 40
10.000000328569
  0
CIRCLE
  5
1368
  8
FAB
 10
-603.1071296234321
 20
335.54396323883
 30
-0.0000000000000091
 40
1.5
210
0.0
220
0.0
230
-1.0
  0
CIRCLE
  5
1369
  8
FAB
 10
-610.1071324569955
 20
328.5439597481282
 30
-0.0000000000000067
 40
1.5
210
0.0
220
0.0
230
-1.0
  0
CIRCLE
  5
136A
  8
FAB
 10
-617.1071359476974
 20
335.5439625816918
 30
-0.0000000000000044
 40
1.500000000000114
210
0.0
220
0.0
230
-1.0
  0
CIRCLE
  5
136B
  8
FAB
 10
-610.1071331141338
 20
342.5439660723933
 30
-0.0000000000000067
 40
1.5
210
0.0
220
0.0
230
-1.0
  0
CIRCLE
  5
136C
  8
FAB
 10
-610.1071296234322
 20
335.5439632388298
 30
0.0000000000000029
 40
1.14602703705414
210
0.0
220
0.0
230
-1.0
  0
CIRCLE
  5
136D
  8
FAB
 10
-566.2189324463787
 20
335.5439632388299
 30
-6.000000000000007
 40
4.363537103155805
210
0.0
220
0.0
230
-1.0
  0
POLYLINE
  5
136E
  8
FAB
 66
     1
 10
0.0
 20
0.0
 30
6.000000000000006
 70
     1
  0
VERTEX
  5
136F
  8
FAB
 10
564.1887908257031
 20
337.3989632388299
 30
6.000000000000006
 42
0.3880638163472979
  0
VERTEX
  5
1370
  8
FAB
 10
564.1887908257031
 20
333.6889632388298
 30
6.000000000000006
  0
VERTEX
  5
1371
  8
FAB
 10
568.2490740670546
 20
333.6889632388299
 30
6.000000000000006
 42
0.3880638163473036
  0
VERTEX
  5
1372
  8
FAB
 10
568.2490740670546
 20
337.3989632388299
 30
6.000000000000006
  0
SEQEND
  5
1373
  8
FAB
  0
CIRCLE
  5
1374
  8
FAB
 10
589.2052355740828
 20
335.5439632388299
 30
5.000000000000007
 40
1.146027037053933
  0
POLYLINE
  5
1375
  8
FAB
 66
     1
 10
0.0
 20
0.0
 30
5.000000000000006
 70
     1
  0
VERTEX
  5
1376
  8
FAB
 10
587.7052387362155
 20
332.5439629102609
 30
5.000000000000006
  0
VERTEX
  5
1377
  8
FAB
 10
586.2052387362155
 20
334.0439629102609
 30
5.000000000000006
  0
VERTEX
  5
1378
  8
FAB
 10
586.2052387362155
 20
337.0439629102609
 30
5.000000000000006
  0
VERTEX
  5
1379
  8
FAB
 10
587.7052387362155
 20
338.5439629102609
 30
5.000000000000006
  0
VERTEX
  5
137A
  8
FAB
 10
590.7052387362155
 20
338.5439629102609
 30
5.000000000000006
  0
VERTEX
  5
137B
  8
FAB
 10
592.2052387362155
 20
337.0439629102609
 30
5.000000000000006
  0
VERTEX
  5
137C
  8
FAB
 10
592.2052387362155
 20
334.0439629102609
 30
5.000000000000006
  0
VERTEX
  5
137D
  8
FAB
 10
590.7052387362155
 20
332.5439629102609
 30
5.000000000000006
  0
SEQEND
  5
137E
  8
FAB
  0
CIRCLE
  5
137F
  8
FAB
 10
-610.1071296234321
 20
335.54396323883
 30
-6.000000000000012
 40
2.499999999999921
210
0.0
220
0.0
230
-1.0
  0
CIRCLE
  5
1380
  8
FAB
 10
610.107129623432
 20
335.5439632388299
 30
6.000000000000012
 40
1.146027037053933
  0
POLYLINE
  5
1381
  8
FAB
 66
     1
 10
0.0
 20
0.0
 30
7.235084533691406
 70
     1
  0
VERTEX
  5
1382
  8
FAB
 10
561.4729349874644
 20
355.5447496915719
 30
7.235084533691406
  0
VERTEX
  5
1383
  8
FAB
 10
559.3721735738902
 20
367.9791647935769
 30
7.235084533691406
  0
VERTEX
  5
1384
  8
FAB
 10
559.2772124075084
 20
368.3595902467629
 30
7.235084533691406
  0
VERTEX
  5
1385
  8
FAB
 10
559.1248381399303
 20
368.7208687806985
 30
7.235084533691406
  0
VERTEX
  5
1386
  8
FAB
 10
558.9186804556041
 20
369.0543915773293
 30
7.235084533691406
  0
VERTEX
  5
1387
  8
FAB
 10
558.6636507772594
 20
369.3522183442971
 30
7.235084533691406
  0
VERTEX
  5
1388
  8
FAB
 10
558.3658240102916
 20
369.6072480226418
 30
7.235084533691406
  0
VERTEX
  5
1389
  8
FAB
 10
558.0323012136607
 20
369.813405706968
 30
7.235084533691406
  0
VERTEX
  5
138A
  8
FAB
 10
557.6710226797252
 20
369.9657799745461
 30
7.235084533691406
  0
VERTEX
  5
138B
  8
FAB
 10
557.2905972265391
 20
370.060741140928
 30
7.235084533691406
  0
VERTEX
  5
138C
  8
FAB
 10
544.8561821245341
 20
372.1615025545022
 30
7.235084533691406
  0
VERTEX
  5
138D
  8
FAB
 10
544.5082791113048
 20
372.5615212465188
 30
7.235084533691406
  0
VERTEX
  5
138E
  8
FAB
 10
544.2281337045818
 20
373.0116002107522
 30
7.235084533691406
  0
VERTEX
  5
138F
  8
FAB
 10
544.0228178762584
 20
373.5003716493508
 30
7.235084533691406
  0
VERTEX
  5
1390
  8
FAB
 10
543.8975160383372
 20
374.0154950166604
 30
7.235084533691406
  0
VERTEX
  5
1391
  8
FAB
 10
543.8553960584788
 20
374.5439621950051
 30
7.235084533691406
  0
VERTEX
  5
1392
  8
FAB
 10
543.8975160383372
 20
375.0724312806985
 30
7.235084533691406
  0
VERTEX
  5
1393
  8
FAB
 10
544.0228178762584
 20
375.5875546480081
 30
7.235084533691406
  0
VERTEX
  5
1394
  8
FAB
 10
544.2281337045818
 20
376.0763260866067
 30
7.235084533691406
  0
VERTEX
  5
1395
  8
FAB
 10
544.5082791113048
 20
376.5264050508401
 30
7.235084533691406
  0
VERTEX
  5
1396
  8
FAB
 10
544.8561821245341
 20
376.9264237428567
 30
7.235084533691406
  0
VERTEX
  5
1397
  8
FAB
 10
557.2905972265391
 20
379.0271832490823
 30
7.235084533691406
  0
VERTEX
  5
1398
  8
FAB
 10
557.6710226797252
 20
379.1221463228127
 30
7.235084533691406
  0
VERTEX
  5
1399
  8
FAB
 10
558.0323012136607
 20
379.2745205903909
 30
7.235084533691406
  0
VERTEX
  5
139A
  8
FAB
 10
558.3658240102916
 20
379.480678274717
 30
7.235084533691406
  0
VERTEX
  5
139B
  8
FAB
 10
558.6636507772594
 20
379.7357079530618
 30
7.235084533691406
  0
VERTEX
  5
139C
  8
FAB
 10
558.9186804556041
 20
380.0335347200295
 30
7.235084533691406
  0
VERTEX
  5
139D
  8
FAB
 10
559.1248381399303
 20
380.3670575166604
 30
7.235084533691406
  0
VERTEX
  5
139E
  8
FAB
 10
559.2772124075084
 20
380.7283360505959
 30
7.235084533691406
  0
VERTEX
  5
139F
  8
FAB
 10
559.3721735738902
 20
381.1087605501077
 30
7.235084533691406
  0
VERTEX
  5
13A0
  8
FAB
 10
561.4729349874644
 20
393.5431763673683
 30
7.235084533691406
  0
VERTEX
  5
13A1
  8
FAB
 10
561.872953679481
 20
393.8910805726906
 30
7.235084533691406
  0
VERTEX
  5
13A2
  8
FAB
 10
562.3230326437144
 20
394.1712243104836
 30
7.235084533691406
  0
VERTEX
  5
13A3
  8
FAB
 10
562.8118040823131
 20
394.376538946714
 30
7.235084533691406
  0
VERTEX
  5
13A4
  8
FAB
 10
563.3269274496226
 20
394.501840307798
 30
7.235084533691406
  0
VERTEX
  5
13A5
  8
FAB
 10
563.8553946279674
 20
394.5439621950051
 30
7.235084533691406
  0
VERTEX
  5
13A6
  8
FAB
 10
564.3838637136607
 20
394.501840307798
 30
7.235084533691406
  0
VERTEX
  5
13A7
  8
FAB
 10
564.8989870809703
 20
394.376538946714
 30
7.235084533691406
  0
VERTEX
  5
13A8
  8
FAB
 10
565.3877585195689
 20
394.1712243104836
 30
7.235084533691406
  0
VERTEX
  5
13A9
  8
FAB
 10
565.8378374838023
 20
393.8910805726906
 30
7.235084533691406
  0
VERTEX
  5
13AA
  8
FAB
 10
566.2378561758189
 20
393.5431763673683
 30
7.235084533691406
  0
VERTEX
  5
13AB
  8
FAB
 10
568.3386156820445
 20
381.1087605501077
 30
7.235084533691406
  0
VERTEX
  5
13AC
  8
FAB
 10
568.433578755775
 20
380.7283360505959
 30
7.235084533691406
  0
VERTEX
  5
13AD
  8
FAB
 10
568.5859530233531
 20
380.3670575166604
 30
7.235084533691406
  0
VERTEX
  5
13AE
  8
FAB
 10
568.7921107076793
 20
380.0335347200295
 30
7.235084533691406
  0
VERTEX
  5
13AF
  8
FAB
 10
569.047140386024
 20
379.7357079530618
 30
7.235084533691406
  0
VERTEX
  5
13B0
  8
FAB
 10
569.3449671529918
 20
379.480678274717
 30
7.235084533691406
  0
VERTEX
  5
13B1
  8
FAB
 10
569.6784899496226
 20
379.2745205903909
 30
7.235084533691406
  0
VERTEX
  5
13B2
  8
FAB
 10
570.0397684835582
 20
379.1221463228127
 30
7.235084533691406
  0
VERTEX
  5
13B3
  8
FAB
 10
570.4201929830699
 20
379.0271832490823
 30
7.235084533691406
  0
VERTEX
  5
13B4
  8
FAB
 10
582.8546088003307
 20
376.9264237428567
 30
7.235084533691406
  0
VERTEX
  5
13B5
  8
FAB
 10
583.2025130056529
 20
376.5264050508401
 30
7.235084533691406
  0
VERTEX
  5
13B6
  8
FAB
 10
583.4826567434459
 20
376.0763260866067
 30
7.235084533691406
  0
VERTEX
  5
13B7
  8
FAB
 10
583.6879713796764
 20
375.5875546480081
 30
7.235084533691406
  0
VERTEX
  5
13B8
  8
FAB
 10
583.8132727407603
 20
375.0724312806985
 30
7.235084533691406
  0
VERTEX
  5
13B9
  8
FAB
 10
583.8553946279674
 20
374.5439621950051
 30
7.235084533691406
  0
VERTEX
  5
13BA
  8
FAB
 10
583.8132727407603
 20
374.0154950166604
 30
7.235084533691406
  0
VERTEX
  5
13BB
  8
FAB
 10
583.6879713796764
 20
373.5003716493508
 30
7.235084533691406
  0
VERTEX
  5
13BC
  8
FAB
 10
583.4826567434459
 20
373.0116002107522
 30
7.235084533691406
  0
VERTEX
  5
13BD
  8
FAB
 10
583.2025130056529
 20
372.5615212465188
 30
7.235084533691406
  0
VERTEX
  5
13BE
  8
FAB
 10
582.8546088003307
 20
372.1615025545022
 30
7.235084533691406
  0
VERTEX
  5
13BF
  8
FAB
 10
570.4201929830699
 20
370.060741140928
 30
7.235084533691406
  0
VERTEX
  5
13C0
  8
FAB
 10
570.0397684835582
 20
369.9657799745461
 30
7.235084533691406
  0
VERTEX
  5
13C1
  8
FAB
 10
569.6784899496226
 20
369.813405706968
 30
7.235084533691406
  0
VERTEX
  5
13C2
  8
FAB
 10
569.3449671529918
 20
369.6072480226418
 30
7.235084533691406
  0
VERTEX
  5
13C3
  8
FAB
 10
569.047140386024
 20
369.3522183442971
 30
7.235084533691406
  0
VERTEX
  5
13C4
  8
FAB
 10
568.7921107076793
 20
369.0543915773293
 30
7.235084533691406
  0
VERTEX
  5
13C5
  8
FAB
 10
568.5859530233531
 20
368.7208687806985
 30
7.235084533691406
  0
VERTEX
  5
13C6
  8
FAB
 10
568.433578755775
 20
368.3595902467629
 30
7.235084533691406
  0
VERTEX
  5
13C7
  8
FAB
 10
568.3386156820445
 20
367.9791647935769
 30
7.235084533691406
  0
VERTEX
  5
13C8
  8
FAB
 10
566.2378561758189
 20
355.5447496915719
 30
7.235084533691406
  0
VERTEX
  5
13C9
  8
FAB
 10
565.8378374838023
 20
355.1968466783425
 30
7.235084533691406
  0
VERTEX
  5
13CA
  8
FAB
 10
565.3877585195689
 20
354.9167012716195
 30
7.235084533691406
  0
VERTEX
  5
13CB
  8
FAB
 10
564.8989870809703
 20
354.7113854432961
 30
7.235084533691406
  0
VERTEX
  5
13CC
  8
FAB
 10
564.3838637136607
 20
354.586083605375
 30
7.235084533691406
  0
VERTEX
  5
13CD
  8
FAB
 10
563.8553946279674
 20
354.5439636255166
 30
7.235084533691406
  0
VERTEX
  5
13CE
  8
FAB
 10
563.3269274496226
 20
354.586083605375
 30
7.235084533691406
  0
VERTEX
  5
13CF
  8
FAB
 10
562.8118040823131
 20
354.7113854432961
 30
7.235084533691406
  0
VERTEX
  5
13D0
  8
FAB
 10
562.3230326437144
 20
354.9167012716195
 30
7.235084533691406
  0
VERTEX
  5
13D1
  8
FAB
 10
561.872953679481
 20
355.1968466783425
 30
7.235084533691406
  0
SEQEND
  5
13D2
  8
FAB
  0
POLYLINE
  5
13D3
  8
FAB
 66
     1
 10
0.0
 20
0.0
 30
0.0
 70
     1
  0
VERTEX
  5
13D4
  8
FAB
 10
773.8553953432231
 20
365.6798424268624
 30
0.0
  0
VERTEX
  5
13D5
  8
FAB
 10
755.8553953432231
 20
365.6798424268624
 30
0.0
  0
VERTEX
  5
13D6
  8
FAB
 10
755.8553953432231
 20
386.4298424268624
 30
0.0
  0
VERTEX
  5
13D7
  8
FAB
 10
773.8553953432231
 20
386.4298424268624
 30
0.0
  0
SEQEND
  5
13D8
  8
FAB
  0
CIRCLE
  5
13D9
  8
FAB
 10
-769.8553953432231
 20
369.5439629102609
 30
0.0
 40
1.5
210
0.0
220
0.0
230
-1.0
  0
CIRCLE
  5
13DA
  8
FAB
 10
-759.8553953432231
 20
369.5439629102607
 30
0.0
 40
1.5
210
0.0
220
0.0
230
-1.0
  0
CIRCLE
  5
13DB
  8
FAB
 10
-769.8553953432231
 20
379.5439629102609
 30
0.0
 40
1.5
210
0.0
220
0.0
230
-1.0
  0
CIRCLE
  5
13DC
  8
FAB
 10
-759.8553953432231
 20
379.5439629102609
 30
0.0
 40
1.5
210
0.0
220
0.0
230
-1.0
  0
CIRCLE
  5
13DE
  8
SPACERS
 10
559.0000000000002
 20
307.9999999999998
 30
0.0
 40
4.0
  0
CIRCLE
  5
13DF
  8
SPACERS
 10
-559.0000000000001
 20
308.0
 30
0.0
 40
1.649999999999977
210
0.0
220
0.0
230
-1.0
  0
CIRCLE
  5
13E0
  8
FAB
 10
647.8553953432213
 20
279.5439629102609
 30
0.0
 40
1.5
  0
CIRCLE
  5
13E1
  8
FAB
 10
637.8553953432213
 20
279.5439629102609
 30
0.0
 40
1.5
  0
CIRCLE
  5
13E2
  8
FAB
 10
627.8553953432213
 20
279.5439629102609
 30
0.0
 40
1.5
  0
CIRCLE
  5
13E3
  8
FAB
 10
607.8553953432213
 20
279.5439629102609
 30
0.0
 40
1.5
  0
CIRCLE
  5
13E4
  8
FAB
 10
627.8553953432213
 20
289.5439629102609
 30
0.0
 40
1.5
  0
CIRCLE
  5
13E5
  8
FAB
 10
607.8553953432213
 20
289.5439629102609
 30
0.0
 40
1.5
  0
POLYLINE
  5
13E6
  8
FAB
 66
     1
 10
0.0
 20
0.0
 30
0.0
 70
     1
  0
VERTEX
  5
13E7
  8
FAB
 10
617.8553953432213
 20
291.0439629102609
 30
0.0
 42
0.4142135623730715
  0
VERTEX
  5
13E8
  8
FAB
 10
616.3553953432213
 20
289.5439629102609
 30
0.0
  0
VERTEX
  5
13E9
  8
FAB
 10
616.3553953432213
 20
279.5439629102609
 30
0.0
 42
0.9999999999999999
  0
VERTEX
  5
13EA
  8
FAB
 10
619.3553953432213
 20
279.5439629102609
 30
0.0
  0
VERTEX
  5
13EB
  8
FAB
 10
619.3553953432213
 20
289.5439629102609
 30
0.0
 42
0.4142135623731075
  0
SEQEND
  5
13EC
  8
FAB
  0
POLYLINE
  5
13ED
  8
FAB
 66
     1
 10
0.0
 20
0.0
 30
0.0
 70
     1
  0
VERTEX
  5
13EE
  8
FAB
 10
636.3553953432213
 20
289.5439629102609
 30
0.0
 42
0.4142135623731075
  0
VERTEX
  5
13EF
  8
FAB
 10
637.8553953432213
 20
288.0439629102609
 30
0.0
  0
VERTEX
  5
13F0
  8
FAB
 10
647.8553953432213
 20
288.0439629102607
 30
0.0
 42
0.9999999999999999
  0
VERTEX
  5
13F1
  8
FAB
 10
647.8553953432213
 20
291.0439629102607
 30
0.0
  0
VERTEX
  5
13F2
  8
FAB
 10
637.8553953432213
 20
291.0439629102609
 30
0.0
 42
0.4142135623730715
  0
SEQEND
  5
13F3
  8
FAB
  0
POLYLINE
  5
13F4
  8
FAB
 66
     1
 10
0.0
 20
0.0
 30
0.0
 70
     1
  0
VERTEX
  5
13F5
  8
FAB
 10
606.3553953432213
 20
209.5439629102609
 30
0.0
 42
0.4142135623731107
  0
VERTEX
  5
13F6
  8
FAB
 10
607.8553953432213
 20
208.0439629102609
 30
0.0
  0
VERTEX
  5
13F7
  8
FAB
 10
617.8553953432213
 20
208.0439629102609
 30
0.0
 42
0.9999999999999999
  0
VERTEX
  5
13F8
  8
FAB
 10
617.8553953432213
 20
211.0439629102609
 30
0.0
  0
VERTEX
  5
13F9
  8
FAB
 10
607.8553953432213
 20
211.0439629102609
 30
0.0
 42
0.4142135623730793
  0
SEQEND
  5
13FA
  8
FAB
  0
POLYLINE
  5
13FB
  8
FAB
 66
     1
 10
0.0
 20
0.0
 30
0.0
 70
     1
  0
VERTEX
  5
13FC
  8
FAB
 10
637.8553953432213
 20
221.0439629102609
 30
0.0
 42
0.4142135623730793
  0
VERTEX
  5
13FD
  8
FAB
 10
636.3553953432213
 20
219.5439629102609
 30
0.0
  0
VERTEX
  5
13FE
  8
FAB
 10
636.3553953432213
 20
209.5439629102609
 30
0.0
 42
0.9999999999999999
  0
VERTEX
  5
13FF
  8
FAB
 10
639.3553953432213
 20
209.5439629102609
 30
0.0
  0
VERTEX
  5
1400
  8
FAB
 10
639.3553953432213
 20
219.5439629102609
 30
0.0
 42
0.4142135623731107
  0
SEQEND
  5
1401
  8
FAB
  0
CIRCLE
  5
1402
  8
FAB
 10
607.8553953432213
 20
219.5439629102609
 30
0.0
 40
1.5
  0
CIRCLE
  5
1403
  8
FAB
 10
617.8553953432213
 20
219.5439629102609
 30
0.0
 40
1.5
  0
CIRCLE
  5
1404
  8
FAB
 10
627.8553953432213
 20
219.5439629102609
 30
0.0
 40
1.5
  0
CIRCLE
  5
1405
  8
FAB
 10
647.8553953432213
 20
219.5439629102609
 30
0.0
 40
1.5
  0
CIRCLE
  5
1406
  8
FAB
 10
627.8553953432213
 20
209.5439629102609
 30
0.0
 40
1.5
  0
CIRCLE
  5
1407
  8
FAB
 10
647.8553953432213
 20
209.5439629102609
 30
0.0
 40
1.5
  0
CIRCLE
  5
1408
  8
FAB
 10
607.8553953432213
 20
199.5439629102609
 30
0.0
 40
1.5
  0
CIRCLE
  5
1409
  8
FAB
 10
617.8553953432213
 20
199.5439629102609
 30
0.0
 40
1.5
  0
CIRCLE
  5
140A
  8
FAB
 10
627.8553953432213
 20
199.5439629102609
 30
0.0
 40
1.5
  0
CIRCLE
  5
140B
  8
FAB
 10
637.8553953432213
 20
199.5439629102609
 30
0.0
 40
1.5
  0
CIRCLE
  5
140C
  8
FAB
 10
647.8553953432213
 20
199.5439629102607
 30
0.0
 40
1.5
  0
CIRCLE
  5
140D
  8
FAB
 10
557.8553953432213
 20
239.5439629102609
 30
0.0
 40
1.5
  0
CIRCLE
  5
140E
  8
FAB
 10
567.8553953432213
 20
239.5439629102609
 30
0.0
 40
1.5
  0
CIRCLE
  5
140F
  8
FAB
 10
577.8553953432213
 20
239.5439629102609
 30
0.0
 40
1.5
  0
CIRCLE
  5
1410
  8
FAB
 10
587.8553953432213
 20
239.5439629102609
 30
0.0
 40
1.5
  0
CIRCLE
  5
1411
  8
FAB
 10
597.8553953432213
 20
239.5439629102609
 30
0.0
 40
1.5
  0
CIRCLE
  5
1412
  8
FAB
 10
557.8553953432213
 20
229.5439629102609
 30
0.0
 40
1.5
  0
CIRCLE
  5
1413
  8
FAB
 10
577.8553953432213
 20
229.5439629102609
 30
0.0
 40
1.5
  0
CIRCLE
  5
1414
  8
FAB
 10
557.8553953432213
 20
219.5439629102609
 30
0.0
 40
1.5
  0
CIRCLE
  5
1415
  8
FAB
 10
577.8553953432213
 20
219.5439629102609
 30
0.0
 40
1.5
  0
CIRCLE
  5
1416
  8
FAB
 10
587.8553953432213
 20
219.5439629102609
 30
0.0
 40
1.5
  0
CIRCLE
  5
1417
  8
FAB
 10
597.8553953432213
 20
219.5439629102609
 30
0.0
 40
1.5
  0
CIRCLE
  5
1418
  8
FAB
 10
557.8553953432213
 20
209.5439629102609
 30
0.0
 40
1.5
  0
CIRCLE
  5
1419
  8
FAB
 10
567.8553953432213
 20
209.5439629102609
 30
0.0
 40
1.5
  0
CIRCLE
  5
141A
  8
FAB
 10
577.8553953432213
 20
209.5439629102609
 30
0.0
 40
1.5
  0
CIRCLE
  5
141B
  8
FAB
 10
597.8553953432213
 20
209.5439629102609
 30
0.0
 40
1.5
  0
CIRCLE
  5
141C
  8
FAB
 10
577.8553953432213
 20
199.5439629102609
 30
0.0
 40
1.5
  0
CIRCLE
  5
141D
  8
FAB
 10
597.8553953432213
 20
199.5439629102609
 30
0.0
 40
1.5
  0
POLYLINE
  5
141E
  8
FAB
 66
     1
 10
0.0
 20
0.0
 30
0.0
 70
     1
  0
VERTEX
  5
141F
  8
FAB
 10
567.8553953432213
 20
218.0439629102609
 30
0.0
 42
0.4142135623730793
  0
VERTEX
  5
1420
  8
FAB
 10
569.3553953432213
 20
219.5439629102609
 30
0.0
  0
VERTEX
  5
1421
  8
FAB
 10
569.3553953432213
 20
229.5439629102609
 30
0.0
 42
0.9999999999999999
  0
VERTEX
  5
1422
  8
FAB
 10
566.3553953432213
 20
229.5439629102609
 30
0.0
  0
VERTEX
  5
1423
  8
FAB
 10
566.3553953432213
 20
219.5439629102609
 30
0.0
 42
0.4142135623731107
  0
SEQEND
  5
1424
  8
FAB
  0
POLYLINE
  5
1425
  8
FAB
 66
     1
 10
0.0
 20
0.0
 30
0.0
 70
     1
  0
VERTEX
  5
1426
  8
FAB
 10
587.8553953432213
 20
198.0439629102609
 30
0.0
 42
0.4142135623730793
  0
VERTEX
  5
1427
  8
FAB
 10
589.3553953432213
 20
199.5439629102609
 30
0.0
  0
VERTEX
  5
1428
  8
FAB
 10
589.3553953432213
 20
209.5439629102609
 30
0.0
 42
0.9999999999999999
  0
VERTEX
  5
1429
  8
FAB
 10
586.3553953432213
 20
209.5439629102609
 30
0.0
  0
VERTEX
  5
142A
  8
FAB
 10
586.3553953432213
 20
199.5439629102609
 30
0.0
 42
0.4142135623731107
  0
SEQEND
  5
142B
  8
FAB
  0
POLYLINE
  5
142C
  8
FAB
 66
     1
 10
0.0
 20
0.0
 30
0.0
 70
     1
  0
VERTEX
  5
142D
  8
FAB
 10
599.3553953432213
 20
229.5439629102609
 30
0.0
 42
0.4142135623731107
  0
VERTEX
  5
142E
  8
FAB
 10
597.8553953432213
 20
231.0439629102609
 30
0.0
  0
VERTEX
  5
142F
  8
FAB
 10
587.8553953432213
 20
231.0439629102609
 30
0.0
 42
0.9999999999999999
  0
VERTEX
  5
1430
  8
FAB
 10
587.8553953432213
 20
228.0439629102609
 30
0.0
  0
VERTEX
  5
1431
  8
FAB
 10
597.8553953432213
 20
228.0439629102609
 30
0.0
 42
0.4142135623730793
  0
SEQEND
  5
1432
  8
FAB
  0
POLYLINE
  5
1433
  8
FAB
 66
     1
 10
0.0
 20
0.0
 30
0.0
 70
     1
  0
VERTEX
  5
1434
  8
FAB
 10
569.3553953432213
 20
199.5439629102609
 30
0.0
 42
0.4142135623731107
  0
VERTEX
  5
1435
  8
FAB
 10
567.8553953432213
 20
201.0439629102609
 30
0.0
  0
VERTEX
  5
1436
  8
FAB
 10
557.8553953432213
 20
201.0439629102609
 30
0.0
 42
0.9999999999999999
  0
VERTEX
  5
1437
  8
FAB
 10
557.8553953432213
 20
198.0439629102609
 30
0.0
  0
VERTEX
  5
1438
  8
FAB
 10
567.8553953432213
 20
198.0439629102609
 30
0.0
 42
0.4142135623730793
  0
SEQEND
  5
1439
  8
FAB
  0
POLYLINE
  5
143A
  8
FAB
 66
     1
 10
0.0
 20
0.0
 30
0.0
 70
     1
  0
VERTEX
  5
143B
  8
FAB
 10
569.3553953432213
 20
249.5439629102609
 30
0.0
 42
0.4142135623731107
  0
VERTEX
  5
143C
  8
FAB
 10
567.8553953432213
 20
251.0439629102609
 30
0.0
  0
VERTEX
  5
143D
  8
FAB
 10
557.8553953432213
 20
251.0439629102609
 30
0.0
 42
0.9999999999999999
  0
VERTEX
  5
143E
  8
FAB
 10
557.8553953432213
 20
248.0439629102609
 30
0.0
  0
VERTEX
  5
143F
  8
FAB
 10
567.8553953432213
 20
248.0439629102609
 30
0.0
 42
0.4142135623730793
  0
SEQEND
  5
1440
  8
FAB
  0
POLYLINE
  5
1441
  8
FAB
 66
     1
 10
0.0
 20
0.0
 30
0.0
 70
     1
  0
VERTEX
  5
1442
  8
FAB
 10
599.3553953432213
 20
279.5439629102609
 30
0.0
 42
0.4142135623731075
  0
VERTEX
  5
1443
  8
FAB
 10
597.8553953432213
 20
281.0439629102609
 30
0.0
  0
VERTEX
  5
1444
  8
FAB
 10
587.8553953432213
 20
281.0439629102609
 30
0.0
 42
0.9999999999999999
  0
VERTEX
  5
1445
  8
FAB
 10
587.8553953432213
 20
278.0439629102609
 30
0.0
  0
VERTEX
  5
1446
  8
FAB
 10
597.8553953432213
 20
278.0439629102609
 30
0.0
 42
0.4142135623730715
  0
SEQEND
  5
1447
  8
FAB
  0
POLYLINE
  5
1448
  8
FAB
 66
     1
 10
0.0
 20
0.0
 30
0.0
 70
     1
  0
VERTEX
  5
1449
  8
FAB
 10
587.8553953432213
 20
248.0439629102609
 30
0.0
 42
0.4142135623730793
  0
VERTEX
  5
144A
  8
FAB
 10
589.3553953432213
 20
249.5439629102609
 30
0.0
  0
VERTEX
  5
144B
  8
FAB
 10
589.3553953432213
 20
259.5439629102609
 30
0.0
 42
0.9999999999999999
  0
VERTEX
  5
144C
  8
FAB
 10
586.3553953432213
 20
259.5439629102609
 30
0.0
  0
VERTEX
  5
144D
  8
FAB
 10
586.3553953432213
 20
249.5439629102609
 30
0.0
 42
0.4142135623731107
  0
SEQEND
  5
144E
  8
FAB
  0
CIRCLE
  5
144F
  8
FAB
 10
597.8553953432213
 20
249.5439629102609
 30
0.0
 40
1.5
  0
CIRCLE
  5
1450
  8
FAB
 10
577.8553953432213
 20
249.5439629102609
 30
0.0
 40
1.5
  0
CIRCLE
  5
1451
  8
FAB
 10
597.8553953432213
 20
259.5439629102609
 30
0.0
 40
1.5
  0
CIRCLE
  5
1452
  8
FAB
 10
597.8553953432213
 20
269.5439629102609
 30
0.0
 40
1.5
  0
CIRCLE
  5
1453
  8
FAB
 10
587.8553953432213
 20
269.5439629102609
 30
0.0
 40
1.5
  0
CIRCLE
  5
1454
  8
FAB
 10
597.8553953432213
 20
289.5439629102609
 30
0.0
 40
1.5
  0
CIRCLE
  5
1455
  8
FAB
 10
587.8553953432213
 20
289.5439629102609
 30
0.0
 40
1.5
  0
CIRCLE
  5
1456
  8
FAB
 10
647.8553953432213
 20
249.5439629102609
 30
0.0
 40
1.5
  0
CIRCLE
  5
1457
  8
FAB
 10
637.8553953432213
 20
249.5439629102609
 30
0.0
 40
1.5
  0
CIRCLE
  5
1458
  8
FAB
 10
627.8553953432213
 20
249.5439629102609
 30
0.0
 40
1.5
  0
CIRCLE
  5
1459
  8
FAB
 10
617.8553953432213
 20
249.5439629102609
 30
0.0
 40
1.5
  0
CIRCLE
  5
145A
  8
FAB
 10
607.8553953432213
 20
249.5439629102609
 30
0.0
 40
1.5
  0
CIRCLE
  5
145B
  8
FAB
 10
647.8553953432213
 20
259.5439629102609
 30
0.0
 40
1.5
  0
CIRCLE
  5
145C
  8
FAB
 10
627.8553953432213
 20
259.5439629102609
 30
0.0
 40
1.5
  0
CIRCLE
  5
145D
  8
FAB
 10
647.8553953432213
 20
269.5439629102609
 30
0.0
 40
1.5
  0
CIRCLE
  5
145E
  8
FAB
 10
627.8553953432213
 20
269.5439629102609
 30
0.0
 40
1.5
  0
CIRCLE
  5
145F
  8
FAB
 10
617.8553953432213
 20
269.5439629102609
 30
0.0
 40
1.5
  0
CIRCLE
  5
1460
  8
FAB
 10
607.8553953432213
 20
269.5439629102609
 30
0.0
 40
1.5
  0
POLYLINE
  5
1461
  8
FAB
 66
     1
 10
0.0
 20
0.0
 30
0.0
 70
     1
  0
VERTEX
  5
1462
  8
FAB
 10
637.8553953432213
 20
271.0439629102609
 30
0.0
 42
0.4142135623730715
  0
VERTEX
  5
1463
  8
FAB
 10
636.3553953432213
 20
269.5439629102609
 30
0.0
  0
VERTEX
  5
1464
  8
FAB
 10
636.3553953432213
 20
259.5439629102609
 30
0.0
 42
0.9999999999999999
  0
VERTEX
  5
1465
  8
FAB
 10
639.3553953432213
 20
259.5439629102609
 30
0.0
  0
VERTEX
  5
1466
  8
FAB
 10
639.3553953432213
 20
269.5439629102609
 30
0.0
 42
0.4142135623731075
  0
SEQEND
  5
1467
  8
FAB
  0
POLYLINE
  5
1468
  8
FAB
 66
     1
 10
0.0
 20
0.0
 30
0.0
 70
     1
  0
VERTEX
  5
1469
  8
FAB
 10
606.3553953432213
 20
259.5439629102609
 30
0.0
 42
0.4142135623731075
  0
VERTEX
  5
146A
  8
FAB
 10
607.8553953432213
 20
258.0439629102609
 30
0.0
  0
VERTEX
  5
146B
  8
FAB
 10
617.8553953432213
 20
258.0439629102609
 30
0.0
 42
0.9999999999999999
  0
VERTEX
  5
146C
  8
FAB
 10
617.8553953432213
 20
261.0439629102609
 30
0.0
  0
VERTEX
  5
146D
  8
FAB
 10
607.8553953432213
 20
261.0439629102609
 30
0.0
 42
0.4142135623730715
  0
SEQEND
  5
146E
  8
FAB
  0
POLYLINE
  5
146F
  8
FAB
 66
     1
 10
0.0
 20
0.0
 30
0.0
 70
     1
  0
VERTEX
  5
1470
  8
FAB
 10
636.3553953432213
 20
239.5439629102609
 30
0.0
 42
0.4142135623731107
  0
VERTEX
  5
1471
  8
FAB
 10
637.8553953432213
 20
238.0439629102609
 30
0.0
  0
VERTEX
  5
1472
  8
FAB
 10
647.8553953432213
 20
238.0439629102609
 30
0.0
 42
0.9999999999999999
  0
VERTEX
  5
1473
  8
FAB
 10
647.8553953432213
 20
241.0439629102609
 30
0.0
  0
VERTEX
  5
1474
  8
FAB
 10
637.8553953432213
 20
241.0439629102609
 30
0.0
 42
0.4142135623730793
  0
SEQEND
  5
1475
  8
FAB
  0
POLYLINE
  5
1476
  8
FAB
 66
     1
 10
0.0
 20
0.0
 30
0.0
 70
     1
  0
VERTEX
  5
1477
  8
FAB
 10
617.8553953432213
 20
241.0439629102609
 30
0.0
 42
0.4142135623730793
  0
VERTEX
  5
1478
  8
FAB
 10
616.3553953432213
 20
239.5439629102609
 30
0.0
  0
VERTEX
  5
1479
  8
FAB
 10
616.3553953432213
 20
229.5439629102609
 30
0.0
 42
0.9999999999999999
  0
VERTEX
  5
147A
  8
FAB
 10
619.3553953432213
 20
229.5439629102609
 30
0.0
  0
VERTEX
  5
147B
  8
FAB
 10
619.3553953432213
 20
239.5439629102609
 30
0.0
 42
0.4142135623731107
  0
SEQEND
  5
147C
  8
FAB
  0
CIRCLE
  5
147D
  8
FAB
 10
607.8553953432213
 20
239.5439629102609
 30
0.0
 40
1.5
  0
CIRCLE
  5
147E
  8
FAB
 10
627.8553953432213
 20
239.5439629102609
 30
0.0
 40
1.5
  0
CIRCLE
  5
147F
  8
FAB
 10
607.8553953432213
 20
229.5439629102609
 30
0.0
 40
1.5
  0
CIRCLE
  5
1480
  8
FAB
 10
627.8553953432213
 20
229.5439629102609
 30
0.0
 40
1.5
  0
CIRCLE
  5
1481
  8
FAB
 10
637.8553953432213
 20
229.5439629102609
 30
0.0
 40
1.5
  0
CIRCLE
  5
1482
  8
FAB
 10
647.8553953432213
 20
229.5439629102609
 30
0.0
 40
1.5
  0
POLYLINE
  5
1483
  8
FAB
 66
     1
 10
0.0
 20
0.0
 30
0.0
 70
     1
  0
VERTEX
  5
1484
  8
FAB
 10
567.8553953432213
 20
268.0439629102609
 30
0.0
 42
0.4142135623730715
  0
VERTEX
  5
1485
  8
FAB
 10
569.3553953432213
 20
269.5439629102609
 30
0.0
  0
VERTEX
  5
1486
  8
FAB
 10
569.3553953432213
 20
279.5439629102609
 30
0.0
 42
0.9999999999999999
  0
VERTEX
  5
1487
  8
FAB
 10
566.3553953432213
 20
279.5439629102609
 30
0.0
  0
VERTEX
  5
1488
  8
FAB
 10
566.3553953432213
 20
269.5439629102609
 30
0.0
 42
0.4142135623731075
  0
SEQEND
  5
1489
  8
FAB
  0
CIRCLE
  5
148A
  8
FAB
 10
577.8553953432213
 20
259.5439629102609
 30
0.0
 40
1.5
  0
CIRCLE
  5
148B
  8
FAB
 10
567.8553953432213
 20
259.5439629102609
 30
0.0
 40
1.5
  0
CIRCLE
  5
148C
  8
FAB
 10
557.8553953432213
 20
259.5439629102609
 30
0.0
 40
1.5
  0
CIRCLE
  5
148D
  8
FAB
 10
577.8553953432213
 20
269.5439629102609
 30
0.0
 40
1.5
  0
CIRCLE
  5
148E
  8
FAB
 10
557.8553953432213
 20
269.5439629102609
 30
0.0
 40
1.5
  0
CIRCLE
  5
148F
  8
FAB
 10
577.8553953432213
 20
279.5439629102609
 30
0.0
 40
1.5
  0
CIRCLE
  5
1490
  8
FAB
 10
557.8553953432213
 20
279.5439629102609
 30
0.0
 40
1.5
  0
CIRCLE
  5
1491
  8
FAB
 10
577.8553953432213
 20
289.5439629102609
 30
0.0
 40
1.5
  0
CIRCLE
  5
1492
  8
FAB
 10
567.8553953432213
 20
289.5439629102609
 30
0.0
 40
1.5
  0
CIRCLE
  5
1493
  8
FAB
 10
557.8553953432213
 20
289.5439629102609
 30
0.0
 40
1.5
  0
ENDSEC
  0
EOF
