ISO-10303-21;
HEADER;
/* Generated by software containing ST-Developer
 * from STEP Tools, Inc. (www.steptools.com) 
 */
/* OPTION: using custom schema-name function */

FILE_DESCRIPTION(
/* description */ (''),
/* implementation_level */ '2;1');

FILE_NAME(
/* name */ 'Joints',
/* time_stamp */ '2025-06-16T18:16:28+03:00',
/* author */ (''),
/* organization */ (''),
/* preprocessor_version */ 'ST-DEVELOPER v16.5',
/* originating_system */ 'Rhino 7.23',
/* authorisation */ '');

FILE_SCHEMA (('CONFIG_CONTROL_DESIGN'));
ENDSEC;

DATA;
#10=SHAPE_REPRESENTATION_RELATIONSHIP('','',#1441,#13);
#11=MANIFOLD_SOLID_BREP('brep_1',#14);
#12=MANIFOLD_SOLID_BREP('brep_2',#15);
#13=ADVANCED_BREP_SHAPE_REPRESENTATION('brep_rep_0',(#11,#12,#1507),#1440);
#14=CLOSED_SHELL('',(#16,#17,#18,#19,#20,#21,#22,#23,#24,#25,#26,#27,#28,
#29,#30,#31,#32,#33,#34,#35,#36,#37,#38,#39,#40,#41,#42,#43,#44,#45,#46,
#47,#48,#49,#50,#51,#52,#53,#54,#55,#56,#57,#58,#59,#60,#61,#62,#63,#64));
#15=CLOSED_SHELL('',(#65,#66,#67,#68,#69,#70,#71,#72,#73,#74,#75,#76,#77,
#78,#79,#80,#81,#82,#83,#84,#85,#86,#87,#88,#89,#90));
#16=ADVANCED_FACE('',(#119,#91),#1321,.T.);
#17=ADVANCED_FACE('',(#120),#1291,.T.);
#18=ADVANCED_FACE('',(#121),#1322,.T.);
#19=ADVANCED_FACE('',(#122),#1292,.T.);
#20=ADVANCED_FACE('',(#123,#92,#93),#1323,.T.);
#21=ADVANCED_FACE('',(#124),#1324,.T.);
#22=ADVANCED_FACE('',(#125,#94,#95),#1325,.T.);
#23=ADVANCED_FACE('',(#126),#1293,.T.);
#24=ADVANCED_FACE('',(#127,#96,#97),#1326,.T.);
#25=ADVANCED_FACE('',(#128),#1294,.T.);
#26=ADVANCED_FACE('',(#129,#98,#99),#1327,.T.);
#27=ADVANCED_FACE('',(#130),#1295,.T.);
#28=ADVANCED_FACE('',(#131,#100,#101),#1328,.T.);
#29=ADVANCED_FACE('',(#132),#1329,.T.);
#30=ADVANCED_FACE('',(#133,#102,#103),#1330,.T.);
#31=ADVANCED_FACE('',(#134),#1296,.T.);
#32=ADVANCED_FACE('',(#135),#1331,.T.);
#33=ADVANCED_FACE('',(#136),#1297,.T.);
#34=ADVANCED_FACE('',(#137),#1298,.F.);
#35=ADVANCED_FACE('',(#138),#1333,.T.);
#36=ADVANCED_FACE('',(#139),#1299,.T.);
#37=ADVANCED_FACE('',(#140),#1334,.T.);
#38=ADVANCED_FACE('',(#141),#1300,.F.);
#39=ADVANCED_FACE('',(#142,#104),#1338,.T.);
#40=ADVANCED_FACE('',(#143,#105),#1339,.T.);
#41=ADVANCED_FACE('',(#144),#1306,.F.);
#42=ADVANCED_FACE('',(#145),#1302,.F.);
#43=ADVANCED_FACE('',(#146),#1307,.F.);
#44=ADVANCED_FACE('',(#147),#1303,.F.);
#45=ADVANCED_FACE('',(#148),#1308,.F.);
#46=ADVANCED_FACE('',(#149),#1304,.F.);
#47=ADVANCED_FACE('',(#150),#1309,.F.);
#48=ADVANCED_FACE('',(#151),#1305,.F.);
#49=ADVANCED_FACE('',(#152,#106),#1321,.T.);
#50=ADVANCED_FACE('',(#153),#1291,.T.);
#51=ADVANCED_FACE('',(#154),#1297,.T.);
#52=ADVANCED_FACE('',(#155,#107),#1332,.T.);
#53=ADVANCED_FACE('',(#156),#1298,.F.);
#54=ADVANCED_FACE('',(#157),#1333,.T.);
#55=ADVANCED_FACE('',(#158),#1299,.T.);
#56=ADVANCED_FACE('',(#159),#1310,.F.);
#57=ADVANCED_FACE('',(#160),#1336,.T.);
#58=ADVANCED_FACE('',(#161),#1334,.T.);
#59=ADVANCED_FACE('',(#162),#1300,.F.);
#60=ADVANCED_FACE('',(#163,#108),#1332,.T.);
#61=ADVANCED_FACE('',(#164),#1301,.F.);
#62=ADVANCED_FACE('',(#165,#109),#1335,.T.);
#63=ADVANCED_FACE('',(#166,#110),#1337,.T.);
#64=ADVANCED_FACE('',(#167),#1340,.T.);
#65=ADVANCED_FACE('',(#168,#111),#1341,.T.);
#66=ADVANCED_FACE('',(#169),#1311,.T.);
#67=ADVANCED_FACE('',(#170,#112),#1342,.T.);
#68=ADVANCED_FACE('',(#171),#1312,.T.);
#69=ADVANCED_FACE('',(#172),#1343,.T.);
#70=ADVANCED_FACE('',(#173),#1313,.T.);
#71=ADVANCED_FACE('',(#174,#113),#1344,.T.);
#72=ADVANCED_FACE('',(#175),#1314,.F.);
#73=ADVANCED_FACE('',(#176,#114),#1345,.T.);
#74=ADVANCED_FACE('',(#177),#1315,.T.);
#75=ADVANCED_FACE('',(#178),#1346,.T.);
#76=ADVANCED_FACE('',(#179),#1316,.T.);
#77=ADVANCED_FACE('',(#180),#1319,.F.);
#78=ADVANCED_FACE('',(#181,#115),#1351,.T.);
#79=ADVANCED_FACE('',(#182),#1343,.T.);
#80=ADVANCED_FACE('',(#183),#1352,.T.);
#81=ADVANCED_FACE('',(#184),#1318,.F.);
#82=ADVANCED_FACE('',(#185),#1347,.T.);
#83=ADVANCED_FACE('',(#186,#116),#1353,.T.);
#84=ADVANCED_FACE('',(#187),#1346,.T.);
#85=ADVANCED_FACE('',(#188),#1348,.T.);
#86=ADVANCED_FACE('',(#189),#1354,.T.);
#87=ADVANCED_FACE('',(#190),#1320,.F.);
#88=ADVANCED_FACE('',(#191),#1317,.F.);
#89=ADVANCED_FACE('',(#192,#117),#1349,.T.);
#90=ADVANCED_FACE('',(#193,#118),#1350,.T.);
#91=FACE_BOUND('',#195,.T.);
#92=FACE_BOUND('',#200,.T.);
#93=FACE_BOUND('',#201,.T.);
#94=FACE_BOUND('',#204,.T.);
#95=FACE_BOUND('',#205,.T.);
#96=FACE_BOUND('',#208,.T.);
#97=FACE_BOUND('',#209,.T.);
#98=FACE_BOUND('',#212,.T.);
#99=FACE_BOUND('',#213,.T.);
#100=FACE_BOUND('',#216,.T.);
#101=FACE_BOUND('',#217,.T.);
#102=FACE_BOUND('',#220,.T.);
#103=FACE_BOUND('',#221,.T.);
#104=FACE_BOUND('',#231,.T.);
#105=FACE_BOUND('',#233,.T.);
#106=FACE_BOUND('',#243,.T.);
#107=FACE_BOUND('',#247,.T.);
#108=FACE_BOUND('',#256,.T.);
#109=FACE_BOUND('',#259,.T.);
#110=FACE_BOUND('',#261,.T.);
#111=FACE_BOUND('',#264,.T.);
#112=FACE_BOUND('',#267,.T.);
#113=FACE_BOUND('',#272,.T.);
#114=FACE_BOUND('',#275,.T.);
#115=FACE_BOUND('',#281,.T.);
#116=FACE_BOUND('',#287,.T.);
#117=FACE_BOUND('',#294,.T.);
#118=FACE_BOUND('',#296,.T.);
#119=FACE_OUTER_BOUND('',#194,.T.);
#120=FACE_OUTER_BOUND('',#196,.T.);
#121=FACE_OUTER_BOUND('',#197,.T.);
#122=FACE_OUTER_BOUND('',#198,.T.);
#123=FACE_OUTER_BOUND('',#199,.T.);
#124=FACE_OUTER_BOUND('',#202,.T.);
#125=FACE_OUTER_BOUND('',#203,.T.);
#126=FACE_OUTER_BOUND('',#206,.T.);
#127=FACE_OUTER_BOUND('',#207,.T.);
#128=FACE_OUTER_BOUND('',#210,.T.);
#129=FACE_OUTER_BOUND('',#211,.T.);
#130=FACE_OUTER_BOUND('',#214,.T.);
#131=FACE_OUTER_BOUND('',#215,.T.);
#132=FACE_OUTER_BOUND('',#218,.T.);
#133=FACE_OUTER_BOUND('',#219,.T.);
#134=FACE_OUTER_BOUND('',#222,.T.);
#135=FACE_OUTER_BOUND('',#223,.T.);
#136=FACE_OUTER_BOUND('',#224,.T.);
#137=FACE_OUTER_BOUND('',#225,.T.);
#138=FACE_OUTER_BOUND('',#226,.T.);
#139=FACE_OUTER_BOUND('',#227,.T.);
#140=FACE_OUTER_BOUND('',#228,.T.);
#141=FACE_OUTER_BOUND('',#229,.T.);
#142=FACE_OUTER_BOUND('',#230,.T.);
#143=FACE_OUTER_BOUND('',#232,.T.);
#144=FACE_OUTER_BOUND('',#234,.T.);
#145=FACE_OUTER_BOUND('',#235,.T.);
#146=FACE_OUTER_BOUND('',#236,.T.);
#147=FACE_OUTER_BOUND('',#237,.T.);
#148=FACE_OUTER_BOUND('',#238,.T.);
#149=FACE_OUTER_BOUND('',#239,.T.);
#150=FACE_OUTER_BOUND('',#240,.T.);
#151=FACE_OUTER_BOUND('',#241,.T.);
#152=FACE_OUTER_BOUND('',#242,.T.);
#153=FACE_OUTER_BOUND('',#244,.T.);
#154=FACE_OUTER_BOUND('',#245,.T.);
#155=FACE_OUTER_BOUND('',#246,.T.);
#156=FACE_OUTER_BOUND('',#248,.T.);
#157=FACE_OUTER_BOUND('',#249,.T.);
#158=FACE_OUTER_BOUND('',#250,.T.);
#159=FACE_OUTER_BOUND('',#251,.T.);
#160=FACE_OUTER_BOUND('',#252,.T.);
#161=FACE_OUTER_BOUND('',#253,.T.);
#162=FACE_OUTER_BOUND('',#254,.T.);
#163=FACE_OUTER_BOUND('',#255,.T.);
#164=FACE_OUTER_BOUND('',#257,.T.);
#165=FACE_OUTER_BOUND('',#258,.T.);
#166=FACE_OUTER_BOUND('',#260,.T.);
#167=FACE_OUTER_BOUND('',#262,.T.);
#168=FACE_OUTER_BOUND('',#263,.T.);
#169=FACE_OUTER_BOUND('',#265,.T.);
#170=FACE_OUTER_BOUND('',#266,.T.);
#171=FACE_OUTER_BOUND('',#268,.T.);
#172=FACE_OUTER_BOUND('',#269,.T.);
#173=FACE_OUTER_BOUND('',#270,.T.);
#174=FACE_OUTER_BOUND('',#271,.T.);
#175=FACE_OUTER_BOUND('',#273,.T.);
#176=FACE_OUTER_BOUND('',#274,.T.);
#177=FACE_OUTER_BOUND('',#276,.T.);
#178=FACE_OUTER_BOUND('',#277,.T.);
#179=FACE_OUTER_BOUND('',#278,.T.);
#180=FACE_OUTER_BOUND('',#279,.T.);
#181=FACE_OUTER_BOUND('',#280,.T.);
#182=FACE_OUTER_BOUND('',#282,.T.);
#183=FACE_OUTER_BOUND('',#283,.T.);
#184=FACE_OUTER_BOUND('',#284,.T.);
#185=FACE_OUTER_BOUND('',#285,.T.);
#186=FACE_OUTER_BOUND('',#286,.T.);
#187=FACE_OUTER_BOUND('',#288,.T.);
#188=FACE_OUTER_BOUND('',#289,.T.);
#189=FACE_OUTER_BOUND('',#290,.T.);
#190=FACE_OUTER_BOUND('',#291,.T.);
#191=FACE_OUTER_BOUND('',#292,.T.);
#192=FACE_OUTER_BOUND('',#293,.T.);
#193=FACE_OUTER_BOUND('',#295,.T.);
#194=EDGE_LOOP('',(#297,#298,#299,#300));
#195=EDGE_LOOP('',(#301));
#196=EDGE_LOOP('',(#302,#303,#304,#305));
#197=EDGE_LOOP('',(#306,#307,#308,#309,#310,#311,#312,#313));
#198=EDGE_LOOP('',(#314,#315,#316,#317));
#199=EDGE_LOOP('',(#318,#319,#320,#321));
#200=EDGE_LOOP('',(#322));
#201=EDGE_LOOP('',(#323));
#202=EDGE_LOOP('',(#324,#325,#326,#327));
#203=EDGE_LOOP('',(#328,#329,#330,#331));
#204=EDGE_LOOP('',(#332));
#205=EDGE_LOOP('',(#333));
#206=EDGE_LOOP('',(#334,#335,#336,#337));
#207=EDGE_LOOP('',(#338,#339,#340,#341));
#208=EDGE_LOOP('',(#342));
#209=EDGE_LOOP('',(#343));
#210=EDGE_LOOP('',(#344,#345,#346,#347));
#211=EDGE_LOOP('',(#348,#349,#350,#351));
#212=EDGE_LOOP('',(#352));
#213=EDGE_LOOP('',(#353));
#214=EDGE_LOOP('',(#354,#355,#356,#357));
#215=EDGE_LOOP('',(#358,#359,#360,#361));
#216=EDGE_LOOP('',(#362));
#217=EDGE_LOOP('',(#363));
#218=EDGE_LOOP('',(#364,#365,#366,#367));
#219=EDGE_LOOP('',(#368,#369,#370,#371));
#220=EDGE_LOOP('',(#372));
#221=EDGE_LOOP('',(#373));
#222=EDGE_LOOP('',(#374,#375,#376,#377));
#223=EDGE_LOOP('',(#378,#379,#380,#381,#382,#383,#384,#385));
#224=EDGE_LOOP('',(#386,#387,#388,#389));
#225=EDGE_LOOP('',(#390,#391,#392,#393));
#226=EDGE_LOOP('',(#394,#395,#396,#397));
#227=EDGE_LOOP('',(#398,#399,#400,#401));
#228=EDGE_LOOP('',(#402,#403,#404,#405));
#229=EDGE_LOOP('',(#406,#407,#408,#409));
#230=EDGE_LOOP('',(#410,#411,#412,#413,#414,#415,#416,#417,#418,#419,#420,
#421,#422,#423,#424,#425,#426,#427,#428,#429,#430,#431,#432,#433));
#231=EDGE_LOOP('',(#434));
#232=EDGE_LOOP('',(#435,#436,#437,#438,#439,#440,#441,#442,#443,#444,#445,
#446,#447,#448,#449,#450,#451,#452,#453,#454,#455,#456,#457,#458));
#233=EDGE_LOOP('',(#459));
#234=EDGE_LOOP('',(#460,#461,#462,#463));
#235=EDGE_LOOP('',(#464,#465,#466,#467));
#236=EDGE_LOOP('',(#468,#469,#470,#471));
#237=EDGE_LOOP('',(#472,#473,#474,#475));
#238=EDGE_LOOP('',(#476,#477,#478,#479));
#239=EDGE_LOOP('',(#480,#481,#482,#483));
#240=EDGE_LOOP('',(#484,#485,#486,#487));
#241=EDGE_LOOP('',(#488,#489,#490,#491));
#242=EDGE_LOOP('',(#492,#493,#494,#495));
#243=EDGE_LOOP('',(#496));
#244=EDGE_LOOP('',(#497,#498,#499,#500));
#245=EDGE_LOOP('',(#501,#502,#503,#504));
#246=EDGE_LOOP('',(#505,#506,#507,#508));
#247=EDGE_LOOP('',(#509));
#248=EDGE_LOOP('',(#510,#511,#512,#513));
#249=EDGE_LOOP('',(#514,#515,#516,#517));
#250=EDGE_LOOP('',(#518,#519,#520,#521));
#251=EDGE_LOOP('',(#522,#523,#524,#525));
#252=EDGE_LOOP('',(#526,#527,#528,#529));
#253=EDGE_LOOP('',(#530,#531,#532,#533));
#254=EDGE_LOOP('',(#534,#535,#536,#537));
#255=EDGE_LOOP('',(#538,#539,#540,#541));
#256=EDGE_LOOP('',(#542));
#257=EDGE_LOOP('',(#543,#544,#545,#546));
#258=EDGE_LOOP('',(#547,#548,#549,#550,#551,#552,#553,#554,#555,#556,#557,
#558,#559));
#259=EDGE_LOOP('',(#560));
#260=EDGE_LOOP('',(#561,#562,#563,#564,#565,#566,#567,#568,#569,#570,#571,
#572,#573));
#261=EDGE_LOOP('',(#574));
#262=EDGE_LOOP('',(#575,#576,#577,#578));
#263=EDGE_LOOP('',(#579,#580,#581,#582));
#264=EDGE_LOOP('',(#583));
#265=EDGE_LOOP('',(#584,#585,#586,#587));
#266=EDGE_LOOP('',(#588,#589,#590,#591));
#267=EDGE_LOOP('',(#592));
#268=EDGE_LOOP('',(#593,#594,#595,#596));
#269=EDGE_LOOP('',(#597,#598,#599,#600));
#270=EDGE_LOOP('',(#601,#602,#603,#604));
#271=EDGE_LOOP('',(#605,#606,#607,#608));
#272=EDGE_LOOP('',(#609));
#273=EDGE_LOOP('',(#610,#611,#612,#613));
#274=EDGE_LOOP('',(#614,#615,#616,#617));
#275=EDGE_LOOP('',(#618));
#276=EDGE_LOOP('',(#619,#620,#621,#622));
#277=EDGE_LOOP('',(#623,#624,#625,#626));
#278=EDGE_LOOP('',(#627,#628,#629,#630));
#279=EDGE_LOOP('',(#631,#632,#633,#634));
#280=EDGE_LOOP('',(#635,#636,#637,#638));
#281=EDGE_LOOP('',(#639));
#282=EDGE_LOOP('',(#640,#641,#642,#643));
#283=EDGE_LOOP('',(#644,#645,#646,#647,#648,#649,#650,#651,#652,#653,#654,
#655,#656,#657,#658,#659,#660,#661,#662,#663));
#284=EDGE_LOOP('',(#664,#665,#666,#667));
#285=EDGE_LOOP('',(#668,#669,#670,#671));
#286=EDGE_LOOP('',(#672,#673,#674,#675));
#287=EDGE_LOOP('',(#676));
#288=EDGE_LOOP('',(#677,#678,#679,#680));
#289=EDGE_LOOP('',(#681,#682,#683,#684));
#290=EDGE_LOOP('',(#685,#686,#687,#688,#689,#690,#691,#692,#693,#694,#695,
#696,#697,#698,#699,#700,#701,#702,#703,#704));
#291=EDGE_LOOP('',(#705,#706,#707,#708));
#292=EDGE_LOOP('',(#709,#710,#711,#712));
#293=EDGE_LOOP('',(#713,#714,#715,#716));
#294=EDGE_LOOP('',(#717));
#295=EDGE_LOOP('',(#718,#719,#720,#721));
#296=EDGE_LOOP('',(#722));
#297=ORIENTED_EDGE('',*,*,#823,.T.);
#298=ORIENTED_EDGE('',*,*,#726,.F.);
#299=ORIENTED_EDGE('',*,*,#723,.T.);
#300=ORIENTED_EDGE('',*,*,#724,.T.);
#301=ORIENTED_EDGE('',*,*,#804,.T.);
#302=ORIENTED_EDGE('',*,*,#825,.T.);
#303=ORIENTED_EDGE('',*,*,#724,.F.);
#304=ORIENTED_EDGE('',*,*,#727,.T.);
#305=ORIENTED_EDGE('',*,*,#728,.T.);
#306=ORIENTED_EDGE('',*,*,#826,.T.);
#307=ORIENTED_EDGE('',*,*,#828,.T.);
#308=ORIENTED_EDGE('',*,*,#728,.F.);
#309=ORIENTED_EDGE('',*,*,#730,.T.);
#310=ORIENTED_EDGE('',*,*,#731,.T.);
#311=ORIENTED_EDGE('',*,*,#732,.F.);
#312=ORIENTED_EDGE('',*,*,#840,.F.);
#313=ORIENTED_EDGE('',*,*,#827,.F.);
#314=ORIENTED_EDGE('',*,*,#733,.T.);
#315=ORIENTED_EDGE('',*,*,#734,.T.);
#316=ORIENTED_EDGE('',*,*,#735,.F.);
#317=ORIENTED_EDGE('',*,*,#731,.F.);
#318=ORIENTED_EDGE('',*,*,#736,.T.);
#319=ORIENTED_EDGE('',*,*,#737,.T.);
#320=ORIENTED_EDGE('',*,*,#738,.F.);
#321=ORIENTED_EDGE('',*,*,#734,.F.);
#322=ORIENTED_EDGE('',*,*,#799,.T.);
#323=ORIENTED_EDGE('',*,*,#805,.T.);
#324=ORIENTED_EDGE('',*,*,#739,.T.);
#325=ORIENTED_EDGE('',*,*,#740,.T.);
#326=ORIENTED_EDGE('',*,*,#741,.F.);
#327=ORIENTED_EDGE('',*,*,#737,.F.);
#328=ORIENTED_EDGE('',*,*,#742,.T.);
#329=ORIENTED_EDGE('',*,*,#743,.T.);
#330=ORIENTED_EDGE('',*,*,#744,.F.);
#331=ORIENTED_EDGE('',*,*,#740,.F.);
#332=ORIENTED_EDGE('',*,*,#800,.T.);
#333=ORIENTED_EDGE('',*,*,#806,.T.);
#334=ORIENTED_EDGE('',*,*,#745,.T.);
#335=ORIENTED_EDGE('',*,*,#746,.T.);
#336=ORIENTED_EDGE('',*,*,#747,.F.);
#337=ORIENTED_EDGE('',*,*,#743,.F.);
#338=ORIENTED_EDGE('',*,*,#748,.T.);
#339=ORIENTED_EDGE('',*,*,#749,.T.);
#340=ORIENTED_EDGE('',*,*,#750,.F.);
#341=ORIENTED_EDGE('',*,*,#746,.F.);
#342=ORIENTED_EDGE('',*,*,#801,.T.);
#343=ORIENTED_EDGE('',*,*,#807,.T.);
#344=ORIENTED_EDGE('',*,*,#751,.T.);
#345=ORIENTED_EDGE('',*,*,#752,.T.);
#346=ORIENTED_EDGE('',*,*,#753,.F.);
#347=ORIENTED_EDGE('',*,*,#749,.F.);
#348=ORIENTED_EDGE('',*,*,#754,.T.);
#349=ORIENTED_EDGE('',*,*,#755,.T.);
#350=ORIENTED_EDGE('',*,*,#756,.F.);
#351=ORIENTED_EDGE('',*,*,#752,.F.);
#352=ORIENTED_EDGE('',*,*,#810,.T.);
#353=ORIENTED_EDGE('',*,*,#816,.T.);
#354=ORIENTED_EDGE('',*,*,#757,.T.);
#355=ORIENTED_EDGE('',*,*,#758,.T.);
#356=ORIENTED_EDGE('',*,*,#759,.F.);
#357=ORIENTED_EDGE('',*,*,#755,.F.);
#358=ORIENTED_EDGE('',*,*,#760,.T.);
#359=ORIENTED_EDGE('',*,*,#761,.T.);
#360=ORIENTED_EDGE('',*,*,#762,.F.);
#361=ORIENTED_EDGE('',*,*,#758,.F.);
#362=ORIENTED_EDGE('',*,*,#811,.T.);
#363=ORIENTED_EDGE('',*,*,#817,.T.);
#364=ORIENTED_EDGE('',*,*,#763,.T.);
#365=ORIENTED_EDGE('',*,*,#764,.T.);
#366=ORIENTED_EDGE('',*,*,#765,.F.);
#367=ORIENTED_EDGE('',*,*,#761,.F.);
#368=ORIENTED_EDGE('',*,*,#766,.T.);
#369=ORIENTED_EDGE('',*,*,#767,.T.);
#370=ORIENTED_EDGE('',*,*,#768,.F.);
#371=ORIENTED_EDGE('',*,*,#764,.F.);
#372=ORIENTED_EDGE('',*,*,#812,.T.);
#373=ORIENTED_EDGE('',*,*,#818,.T.);
#374=ORIENTED_EDGE('',*,*,#769,.T.);
#375=ORIENTED_EDGE('',*,*,#770,.T.);
#376=ORIENTED_EDGE('',*,*,#771,.F.);
#377=ORIENTED_EDGE('',*,*,#767,.F.);
#378=ORIENTED_EDGE('',*,*,#848,.F.);
#379=ORIENTED_EDGE('',*,*,#829,.F.);
#380=ORIENTED_EDGE('',*,*,#849,.T.);
#381=ORIENTED_EDGE('',*,*,#841,.T.);
#382=ORIENTED_EDGE('',*,*,#774,.F.);
#383=ORIENTED_EDGE('',*,*,#770,.F.);
#384=ORIENTED_EDGE('',*,*,#772,.T.);
#385=ORIENTED_EDGE('',*,*,#773,.T.);
#386=ORIENTED_EDGE('',*,*,#831,.T.);
#387=ORIENTED_EDGE('',*,*,#773,.F.);
#388=ORIENTED_EDGE('',*,*,#775,.T.);
#389=ORIENTED_EDGE('',*,*,#776,.T.);
#390=ORIENTED_EDGE('',*,*,#833,.T.);
#391=ORIENTED_EDGE('',*,*,#779,.F.);
#392=ORIENTED_EDGE('',*,*,#781,.T.);
#393=ORIENTED_EDGE('',*,*,#782,.T.);
#394=ORIENTED_EDGE('',*,*,#835,.T.);
#395=ORIENTED_EDGE('',*,*,#782,.F.);
#396=ORIENTED_EDGE('',*,*,#784,.T.);
#397=ORIENTED_EDGE('',*,*,#785,.T.);
#398=ORIENTED_EDGE('',*,*,#837,.T.);
#399=ORIENTED_EDGE('',*,*,#785,.F.);
#400=ORIENTED_EDGE('',*,*,#787,.T.);
#401=ORIENTED_EDGE('',*,*,#788,.T.);
#402=ORIENTED_EDGE('',*,*,#855,.T.);
#403=ORIENTED_EDGE('',*,*,#788,.F.);
#404=ORIENTED_EDGE('',*,*,#790,.T.);
#405=ORIENTED_EDGE('',*,*,#791,.T.);
#406=ORIENTED_EDGE('',*,*,#856,.F.);
#407=ORIENTED_EDGE('',*,*,#839,.T.);
#408=ORIENTED_EDGE('',*,*,#794,.F.);
#409=ORIENTED_EDGE('',*,*,#851,.F.);
#410=ORIENTED_EDGE('',*,*,#793,.F.);
#411=ORIENTED_EDGE('',*,*,#790,.F.);
#412=ORIENTED_EDGE('',*,*,#787,.F.);
#413=ORIENTED_EDGE('',*,*,#784,.F.);
#414=ORIENTED_EDGE('',*,*,#781,.F.);
#415=ORIENTED_EDGE('',*,*,#778,.F.);
#416=ORIENTED_EDGE('',*,*,#775,.F.);
#417=ORIENTED_EDGE('',*,*,#772,.F.);
#418=ORIENTED_EDGE('',*,*,#769,.F.);
#419=ORIENTED_EDGE('',*,*,#766,.F.);
#420=ORIENTED_EDGE('',*,*,#763,.F.);
#421=ORIENTED_EDGE('',*,*,#760,.F.);
#422=ORIENTED_EDGE('',*,*,#757,.F.);
#423=ORIENTED_EDGE('',*,*,#754,.F.);
#424=ORIENTED_EDGE('',*,*,#751,.F.);
#425=ORIENTED_EDGE('',*,*,#748,.F.);
#426=ORIENTED_EDGE('',*,*,#745,.F.);
#427=ORIENTED_EDGE('',*,*,#742,.F.);
#428=ORIENTED_EDGE('',*,*,#739,.F.);
#429=ORIENTED_EDGE('',*,*,#736,.F.);
#430=ORIENTED_EDGE('',*,*,#733,.F.);
#431=ORIENTED_EDGE('',*,*,#730,.F.);
#432=ORIENTED_EDGE('',*,*,#727,.F.);
#433=ORIENTED_EDGE('',*,*,#723,.F.);
#434=ORIENTED_EDGE('',*,*,#795,.F.);
#435=ORIENTED_EDGE('',*,*,#725,.T.);
#436=ORIENTED_EDGE('',*,*,#729,.T.);
#437=ORIENTED_EDGE('',*,*,#732,.T.);
#438=ORIENTED_EDGE('',*,*,#735,.T.);
#439=ORIENTED_EDGE('',*,*,#738,.T.);
#440=ORIENTED_EDGE('',*,*,#741,.T.);
#441=ORIENTED_EDGE('',*,*,#744,.T.);
#442=ORIENTED_EDGE('',*,*,#747,.T.);
#443=ORIENTED_EDGE('',*,*,#750,.T.);
#444=ORIENTED_EDGE('',*,*,#753,.T.);
#445=ORIENTED_EDGE('',*,*,#756,.T.);
#446=ORIENTED_EDGE('',*,*,#759,.T.);
#447=ORIENTED_EDGE('',*,*,#762,.T.);
#448=ORIENTED_EDGE('',*,*,#765,.T.);
#449=ORIENTED_EDGE('',*,*,#768,.T.);
#450=ORIENTED_EDGE('',*,*,#771,.T.);
#451=ORIENTED_EDGE('',*,*,#774,.T.);
#452=ORIENTED_EDGE('',*,*,#777,.T.);
#453=ORIENTED_EDGE('',*,*,#780,.T.);
#454=ORIENTED_EDGE('',*,*,#783,.T.);
#455=ORIENTED_EDGE('',*,*,#786,.T.);
#456=ORIENTED_EDGE('',*,*,#789,.T.);
#457=ORIENTED_EDGE('',*,*,#792,.T.);
#458=ORIENTED_EDGE('',*,*,#794,.T.);
#459=ORIENTED_EDGE('',*,*,#796,.T.);
#460=ORIENTED_EDGE('',*,*,#802,.F.);
#461=ORIENTED_EDGE('',*,*,#799,.F.);
#462=ORIENTED_EDGE('',*,*,#802,.T.);
#463=ORIENTED_EDGE('',*,*,#798,.F.);
#464=ORIENTED_EDGE('',*,*,#803,.T.);
#465=ORIENTED_EDGE('',*,*,#800,.F.);
#466=ORIENTED_EDGE('',*,*,#803,.F.);
#467=ORIENTED_EDGE('',*,*,#801,.F.);
#468=ORIENTED_EDGE('',*,*,#808,.F.);
#469=ORIENTED_EDGE('',*,*,#805,.F.);
#470=ORIENTED_EDGE('',*,*,#808,.T.);
#471=ORIENTED_EDGE('',*,*,#804,.F.);
#472=ORIENTED_EDGE('',*,*,#809,.T.);
#473=ORIENTED_EDGE('',*,*,#806,.F.);
#474=ORIENTED_EDGE('',*,*,#809,.F.);
#475=ORIENTED_EDGE('',*,*,#807,.F.);
#476=ORIENTED_EDGE('',*,*,#815,.T.);
#477=ORIENTED_EDGE('',*,*,#811,.F.);
#478=ORIENTED_EDGE('',*,*,#815,.F.);
#479=ORIENTED_EDGE('',*,*,#810,.F.);
#480=ORIENTED_EDGE('',*,*,#814,.F.);
#481=ORIENTED_EDGE('',*,*,#812,.F.);
#482=ORIENTED_EDGE('',*,*,#814,.T.);
#483=ORIENTED_EDGE('',*,*,#813,.F.);
#484=ORIENTED_EDGE('',*,*,#821,.T.);
#485=ORIENTED_EDGE('',*,*,#817,.F.);
#486=ORIENTED_EDGE('',*,*,#821,.F.);
#487=ORIENTED_EDGE('',*,*,#816,.F.);
#488=ORIENTED_EDGE('',*,*,#820,.F.);
#489=ORIENTED_EDGE('',*,*,#818,.F.);
#490=ORIENTED_EDGE('',*,*,#820,.T.);
#491=ORIENTED_EDGE('',*,*,#819,.F.);
#492=ORIENTED_EDGE('',*,*,#838,.T.);
#493=ORIENTED_EDGE('',*,*,#725,.F.);
#494=ORIENTED_EDGE('',*,*,#839,.F.);
#495=ORIENTED_EDGE('',*,*,#822,.F.);
#496=ORIENTED_EDGE('',*,*,#798,.T.);
#497=ORIENTED_EDGE('',*,*,#840,.T.);
#498=ORIENTED_EDGE('',*,*,#729,.F.);
#499=ORIENTED_EDGE('',*,*,#838,.F.);
#500=ORIENTED_EDGE('',*,*,#824,.F.);
#501=ORIENTED_EDGE('',*,*,#842,.T.);
#502=ORIENTED_EDGE('',*,*,#777,.F.);
#503=ORIENTED_EDGE('',*,*,#841,.F.);
#504=ORIENTED_EDGE('',*,*,#830,.F.);
#505=ORIENTED_EDGE('',*,*,#852,.F.);
#506=ORIENTED_EDGE('',*,*,#843,.T.);
#507=ORIENTED_EDGE('',*,*,#780,.F.);
#508=ORIENTED_EDGE('',*,*,#842,.F.);
#509=ORIENTED_EDGE('',*,*,#813,.T.);
#510=ORIENTED_EDGE('',*,*,#844,.T.);
#511=ORIENTED_EDGE('',*,*,#783,.F.);
#512=ORIENTED_EDGE('',*,*,#843,.F.);
#513=ORIENTED_EDGE('',*,*,#832,.F.);
#514=ORIENTED_EDGE('',*,*,#845,.T.);
#515=ORIENTED_EDGE('',*,*,#786,.F.);
#516=ORIENTED_EDGE('',*,*,#844,.F.);
#517=ORIENTED_EDGE('',*,*,#834,.F.);
#518=ORIENTED_EDGE('',*,*,#846,.T.);
#519=ORIENTED_EDGE('',*,*,#789,.F.);
#520=ORIENTED_EDGE('',*,*,#845,.F.);
#521=ORIENTED_EDGE('',*,*,#836,.F.);
#522=ORIENTED_EDGE('',*,*,#859,.F.);
#523=ORIENTED_EDGE('',*,*,#797,.F.);
#524=ORIENTED_EDGE('',*,*,#795,.T.);
#525=ORIENTED_EDGE('',*,*,#797,.T.);
#526=ORIENTED_EDGE('',*,*,#826,.F.);
#527=ORIENTED_EDGE('',*,*,#862,.F.);
#528=ORIENTED_EDGE('',*,*,#850,.F.);
#529=ORIENTED_EDGE('',*,*,#861,.T.);
#530=ORIENTED_EDGE('',*,*,#851,.T.);
#531=ORIENTED_EDGE('',*,*,#792,.F.);
#532=ORIENTED_EDGE('',*,*,#846,.F.);
#533=ORIENTED_EDGE('',*,*,#854,.F.);
#534=ORIENTED_EDGE('',*,*,#791,.F.);
#535=ORIENTED_EDGE('',*,*,#793,.T.);
#536=ORIENTED_EDGE('',*,*,#726,.T.);
#537=ORIENTED_EDGE('',*,*,#857,.T.);
#538=ORIENTED_EDGE('',*,*,#776,.F.);
#539=ORIENTED_EDGE('',*,*,#778,.T.);
#540=ORIENTED_EDGE('',*,*,#779,.T.);
#541=ORIENTED_EDGE('',*,*,#853,.T.);
#542=ORIENTED_EDGE('',*,*,#819,.T.);
#543=ORIENTED_EDGE('',*,*,#847,.T.);
#544=ORIENTED_EDGE('',*,*,#796,.F.);
#545=ORIENTED_EDGE('',*,*,#847,.F.);
#546=ORIENTED_EDGE('',*,*,#858,.T.);
#547=ORIENTED_EDGE('',*,*,#853,.F.);
#548=ORIENTED_EDGE('',*,*,#833,.F.);
#549=ORIENTED_EDGE('',*,*,#835,.F.);
#550=ORIENTED_EDGE('',*,*,#837,.F.);
#551=ORIENTED_EDGE('',*,*,#855,.F.);
#552=ORIENTED_EDGE('',*,*,#857,.F.);
#553=ORIENTED_EDGE('',*,*,#823,.F.);
#554=ORIENTED_EDGE('',*,*,#825,.F.);
#555=ORIENTED_EDGE('',*,*,#828,.F.);
#556=ORIENTED_EDGE('',*,*,#861,.F.);
#557=ORIENTED_EDGE('',*,*,#860,.F.);
#558=ORIENTED_EDGE('',*,*,#848,.T.);
#559=ORIENTED_EDGE('',*,*,#831,.F.);
#560=ORIENTED_EDGE('',*,*,#859,.T.);
#561=ORIENTED_EDGE('',*,*,#830,.T.);
#562=ORIENTED_EDGE('',*,*,#849,.F.);
#563=ORIENTED_EDGE('',*,*,#863,.F.);
#564=ORIENTED_EDGE('',*,*,#862,.T.);
#565=ORIENTED_EDGE('',*,*,#827,.T.);
#566=ORIENTED_EDGE('',*,*,#824,.T.);
#567=ORIENTED_EDGE('',*,*,#822,.T.);
#568=ORIENTED_EDGE('',*,*,#856,.T.);
#569=ORIENTED_EDGE('',*,*,#854,.T.);
#570=ORIENTED_EDGE('',*,*,#836,.T.);
#571=ORIENTED_EDGE('',*,*,#834,.T.);
#572=ORIENTED_EDGE('',*,*,#832,.T.);
#573=ORIENTED_EDGE('',*,*,#852,.T.);
#574=ORIENTED_EDGE('',*,*,#858,.F.);
#575=ORIENTED_EDGE('',*,*,#829,.T.);
#576=ORIENTED_EDGE('',*,*,#860,.T.);
#577=ORIENTED_EDGE('',*,*,#850,.T.);
#578=ORIENTED_EDGE('',*,*,#863,.T.);
#579=ORIENTED_EDGE('',*,*,#864,.T.);
#580=ORIENTED_EDGE('',*,*,#865,.T.);
#581=ORIENTED_EDGE('',*,*,#866,.F.);
#582=ORIENTED_EDGE('',*,*,#867,.F.);
#583=ORIENTED_EDGE('',*,*,#900,.T.);
#584=ORIENTED_EDGE('',*,*,#868,.T.);
#585=ORIENTED_EDGE('',*,*,#869,.T.);
#586=ORIENTED_EDGE('',*,*,#870,.F.);
#587=ORIENTED_EDGE('',*,*,#865,.F.);
#588=ORIENTED_EDGE('',*,*,#871,.T.);
#589=ORIENTED_EDGE('',*,*,#872,.T.);
#590=ORIENTED_EDGE('',*,*,#873,.F.);
#591=ORIENTED_EDGE('',*,*,#869,.F.);
#592=ORIENTED_EDGE('',*,*,#903,.T.);
#593=ORIENTED_EDGE('',*,*,#874,.T.);
#594=ORIENTED_EDGE('',*,*,#875,.T.);
#595=ORIENTED_EDGE('',*,*,#876,.F.);
#596=ORIENTED_EDGE('',*,*,#872,.F.);
#597=ORIENTED_EDGE('',*,*,#907,.T.);
#598=ORIENTED_EDGE('',*,*,#879,.F.);
#599=ORIENTED_EDGE('',*,*,#875,.F.);
#600=ORIENTED_EDGE('',*,*,#877,.T.);
#601=ORIENTED_EDGE('',*,*,#880,.T.);
#602=ORIENTED_EDGE('',*,*,#881,.T.);
#603=ORIENTED_EDGE('',*,*,#882,.F.);
#604=ORIENTED_EDGE('',*,*,#878,.F.);
#605=ORIENTED_EDGE('',*,*,#883,.T.);
#606=ORIENTED_EDGE('',*,*,#884,.T.);
#607=ORIENTED_EDGE('',*,*,#885,.F.);
#608=ORIENTED_EDGE('',*,*,#881,.F.);
#609=ORIENTED_EDGE('',*,*,#904,.T.);
#610=ORIENTED_EDGE('',*,*,#886,.T.);
#611=ORIENTED_EDGE('',*,*,#887,.T.);
#612=ORIENTED_EDGE('',*,*,#888,.F.);
#613=ORIENTED_EDGE('',*,*,#884,.F.);
#614=ORIENTED_EDGE('',*,*,#889,.T.);
#615=ORIENTED_EDGE('',*,*,#890,.T.);
#616=ORIENTED_EDGE('',*,*,#891,.F.);
#617=ORIENTED_EDGE('',*,*,#887,.F.);
#618=ORIENTED_EDGE('',*,*,#901,.T.);
#619=ORIENTED_EDGE('',*,*,#892,.T.);
#620=ORIENTED_EDGE('',*,*,#893,.T.);
#621=ORIENTED_EDGE('',*,*,#894,.F.);
#622=ORIENTED_EDGE('',*,*,#890,.F.);
#623=ORIENTED_EDGE('',*,*,#922,.T.);
#624=ORIENTED_EDGE('',*,*,#897,.F.);
#625=ORIENTED_EDGE('',*,*,#893,.F.);
#626=ORIENTED_EDGE('',*,*,#895,.T.);
#627=ORIENTED_EDGE('',*,*,#898,.T.);
#628=ORIENTED_EDGE('',*,*,#867,.T.);
#629=ORIENTED_EDGE('',*,*,#899,.F.);
#630=ORIENTED_EDGE('',*,*,#896,.F.);
#631=ORIENTED_EDGE('',*,*,#918,.T.);
#632=ORIENTED_EDGE('',*,*,#903,.F.);
#633=ORIENTED_EDGE('',*,*,#918,.F.);
#634=ORIENTED_EDGE('',*,*,#915,.F.);
#635=ORIENTED_EDGE('',*,*,#910,.T.);
#636=ORIENTED_EDGE('',*,*,#920,.F.);
#637=ORIENTED_EDGE('',*,*,#913,.F.);
#638=ORIENTED_EDGE('',*,*,#907,.F.);
#639=ORIENTED_EDGE('',*,*,#915,.T.);
#640=ORIENTED_EDGE('',*,*,#916,.T.);
#641=ORIENTED_EDGE('',*,*,#878,.T.);
#642=ORIENTED_EDGE('',*,*,#917,.F.);
#643=ORIENTED_EDGE('',*,*,#906,.F.);
#644=ORIENTED_EDGE('',*,*,#895,.F.);
#645=ORIENTED_EDGE('',*,*,#892,.F.);
#646=ORIENTED_EDGE('',*,*,#889,.F.);
#647=ORIENTED_EDGE('',*,*,#886,.F.);
#648=ORIENTED_EDGE('',*,*,#883,.F.);
#649=ORIENTED_EDGE('',*,*,#880,.F.);
#650=ORIENTED_EDGE('',*,*,#916,.F.);
#651=ORIENTED_EDGE('',*,*,#909,.T.);
#652=ORIENTED_EDGE('',*,*,#908,.F.);
#653=ORIENTED_EDGE('',*,*,#910,.F.);
#654=ORIENTED_EDGE('',*,*,#877,.F.);
#655=ORIENTED_EDGE('',*,*,#874,.F.);
#656=ORIENTED_EDGE('',*,*,#871,.F.);
#657=ORIENTED_EDGE('',*,*,#868,.F.);
#658=ORIENTED_EDGE('',*,*,#864,.F.);
#659=ORIENTED_EDGE('',*,*,#898,.F.);
#660=ORIENTED_EDGE('',*,*,#927,.F.);
#661=ORIENTED_EDGE('',*,*,#925,.T.);
#662=ORIENTED_EDGE('',*,*,#924,.F.);
#663=ORIENTED_EDGE('',*,*,#926,.F.);
#664=ORIENTED_EDGE('',*,*,#914,.T.);
#665=ORIENTED_EDGE('',*,*,#905,.F.);
#666=ORIENTED_EDGE('',*,*,#904,.F.);
#667=ORIENTED_EDGE('',*,*,#905,.T.);
#668=ORIENTED_EDGE('',*,*,#908,.T.);
#669=ORIENTED_EDGE('',*,*,#919,.F.);
#670=ORIENTED_EDGE('',*,*,#911,.F.);
#671=ORIENTED_EDGE('',*,*,#920,.T.);
#672=ORIENTED_EDGE('',*,*,#906,.T.);
#673=ORIENTED_EDGE('',*,*,#912,.T.);
#674=ORIENTED_EDGE('',*,*,#919,.T.);
#675=ORIENTED_EDGE('',*,*,#909,.F.);
#676=ORIENTED_EDGE('',*,*,#914,.F.);
#677=ORIENTED_EDGE('',*,*,#927,.T.);
#678=ORIENTED_EDGE('',*,*,#896,.T.);
#679=ORIENTED_EDGE('',*,*,#928,.F.);
#680=ORIENTED_EDGE('',*,*,#921,.F.);
#681=ORIENTED_EDGE('',*,*,#924,.T.);
#682=ORIENTED_EDGE('',*,*,#929,.F.);
#683=ORIENTED_EDGE('',*,*,#923,.F.);
#684=ORIENTED_EDGE('',*,*,#930,.T.);
#685=ORIENTED_EDGE('',*,*,#934,.F.);
#686=ORIENTED_EDGE('',*,*,#928,.T.);
#687=ORIENTED_EDGE('',*,*,#899,.T.);
#688=ORIENTED_EDGE('',*,*,#866,.T.);
#689=ORIENTED_EDGE('',*,*,#870,.T.);
#690=ORIENTED_EDGE('',*,*,#873,.T.);
#691=ORIENTED_EDGE('',*,*,#876,.T.);
#692=ORIENTED_EDGE('',*,*,#879,.T.);
#693=ORIENTED_EDGE('',*,*,#913,.T.);
#694=ORIENTED_EDGE('',*,*,#911,.T.);
#695=ORIENTED_EDGE('',*,*,#912,.F.);
#696=ORIENTED_EDGE('',*,*,#917,.T.);
#697=ORIENTED_EDGE('',*,*,#882,.T.);
#698=ORIENTED_EDGE('',*,*,#885,.T.);
#699=ORIENTED_EDGE('',*,*,#888,.T.);
#700=ORIENTED_EDGE('',*,*,#891,.T.);
#701=ORIENTED_EDGE('',*,*,#894,.T.);
#702=ORIENTED_EDGE('',*,*,#897,.T.);
#703=ORIENTED_EDGE('',*,*,#932,.T.);
#704=ORIENTED_EDGE('',*,*,#923,.T.);
#705=ORIENTED_EDGE('',*,*,#931,.T.);
#706=ORIENTED_EDGE('',*,*,#901,.F.);
#707=ORIENTED_EDGE('',*,*,#931,.F.);
#708=ORIENTED_EDGE('',*,*,#933,.F.);
#709=ORIENTED_EDGE('',*,*,#935,.T.);
#710=ORIENTED_EDGE('',*,*,#902,.F.);
#711=ORIENTED_EDGE('',*,*,#900,.F.);
#712=ORIENTED_EDGE('',*,*,#902,.T.);
#713=ORIENTED_EDGE('',*,*,#932,.F.);
#714=ORIENTED_EDGE('',*,*,#922,.F.);
#715=ORIENTED_EDGE('',*,*,#926,.T.);
#716=ORIENTED_EDGE('',*,*,#930,.F.);
#717=ORIENTED_EDGE('',*,*,#933,.T.);
#718=ORIENTED_EDGE('',*,*,#929,.T.);
#719=ORIENTED_EDGE('',*,*,#925,.F.);
#720=ORIENTED_EDGE('',*,*,#921,.T.);
#721=ORIENTED_EDGE('',*,*,#934,.T.);
#722=ORIENTED_EDGE('',*,*,#935,.F.);
#723=EDGE_CURVE('',#1149,#1150,#959,.T.);
#724=EDGE_CURVE('',#1150,#1217,#960,.T.);
#725=EDGE_CURVE('',#1152,#1151,#961,.T.);
#726=EDGE_CURVE('',#1149,#1218,#962,.T.);
#727=EDGE_CURVE('',#1150,#1153,#963,.T.);
#728=EDGE_CURVE('',#1153,#1220,#964,.T.);
#729=EDGE_CURVE('',#1151,#1154,#965,.T.);
#730=EDGE_CURVE('',#1153,#1155,#966,.T.);
#731=EDGE_CURVE('',#1155,#1156,#967,.T.);
#732=EDGE_CURVE('',#1154,#1156,#968,.T.);
#733=EDGE_CURVE('',#1155,#1157,#969,.T.);
#734=EDGE_CURVE('',#1157,#1158,#970,.T.);
#735=EDGE_CURVE('',#1156,#1158,#971,.T.);
#736=EDGE_CURVE('',#1157,#1159,#972,.T.);
#737=EDGE_CURVE('',#1159,#1160,#973,.T.);
#738=EDGE_CURVE('',#1158,#1160,#974,.T.);
#739=EDGE_CURVE('',#1159,#1161,#975,.T.);
#740=EDGE_CURVE('',#1161,#1162,#976,.T.);
#741=EDGE_CURVE('',#1160,#1162,#977,.T.);
#742=EDGE_CURVE('',#1161,#1163,#978,.T.);
#743=EDGE_CURVE('',#1163,#1164,#979,.T.);
#744=EDGE_CURVE('',#1162,#1164,#980,.T.);
#745=EDGE_CURVE('',#1163,#1165,#981,.T.);
#746=EDGE_CURVE('',#1165,#1166,#982,.T.);
#747=EDGE_CURVE('',#1164,#1166,#983,.T.);
#748=EDGE_CURVE('',#1165,#1167,#984,.T.);
#749=EDGE_CURVE('',#1167,#1168,#985,.T.);
#750=EDGE_CURVE('',#1166,#1168,#986,.T.);
#751=EDGE_CURVE('',#1167,#1169,#987,.T.);
#752=EDGE_CURVE('',#1169,#1170,#988,.T.);
#753=EDGE_CURVE('',#1168,#1170,#989,.T.);
#754=EDGE_CURVE('',#1169,#1171,#990,.T.);
#755=EDGE_CURVE('',#1171,#1172,#991,.T.);
#756=EDGE_CURVE('',#1170,#1172,#992,.T.);
#757=EDGE_CURVE('',#1171,#1173,#993,.T.);
#758=EDGE_CURVE('',#1173,#1174,#994,.T.);
#759=EDGE_CURVE('',#1172,#1174,#995,.T.);
#760=EDGE_CURVE('',#1173,#1175,#996,.T.);
#761=EDGE_CURVE('',#1175,#1176,#997,.T.);
#762=EDGE_CURVE('',#1174,#1176,#998,.T.);
#763=EDGE_CURVE('',#1175,#1177,#999,.T.);
#764=EDGE_CURVE('',#1177,#1178,#1000,.T.);
#765=EDGE_CURVE('',#1176,#1178,#1001,.T.);
#766=EDGE_CURVE('',#1177,#1179,#1002,.T.);
#767=EDGE_CURVE('',#1179,#1180,#1003,.T.);
#768=EDGE_CURVE('',#1178,#1180,#1004,.T.);
#769=EDGE_CURVE('',#1179,#1181,#1005,.T.);
#770=EDGE_CURVE('',#1181,#1182,#1006,.T.);
#771=EDGE_CURVE('',#1180,#1182,#1007,.T.);
#772=EDGE_CURVE('',#1181,#1183,#1008,.T.);
#773=EDGE_CURVE('',#1183,#1226,#1009,.T.);
#774=EDGE_CURVE('',#1182,#1184,#1010,.T.);
#775=EDGE_CURVE('',#1183,#1185,#1011,.T.);
#776=EDGE_CURVE('',#1185,#1228,#1012,.T.);
#777=EDGE_CURVE('',#1184,#1186,#1013,.T.);
#778=EDGE_CURVE('',#1185,#1187,#1014,.T.);
#779=EDGE_CURVE('',#1187,#1230,#1015,.T.);
#780=EDGE_CURVE('',#1186,#1188,#1016,.T.);
#781=EDGE_CURVE('',#1187,#1189,#1017,.T.);
#782=EDGE_CURVE('',#1189,#1232,#1018,.T.);
#783=EDGE_CURVE('',#1188,#1190,#1019,.T.);
#784=EDGE_CURVE('',#1189,#1191,#1020,.T.);
#785=EDGE_CURVE('',#1191,#1234,#1021,.T.);
#786=EDGE_CURVE('',#1190,#1192,#1022,.T.);
#787=EDGE_CURVE('',#1191,#1193,#1023,.T.);
#788=EDGE_CURVE('',#1193,#1236,#1024,.T.);
#789=EDGE_CURVE('',#1192,#1194,#1025,.T.);
#790=EDGE_CURVE('',#1193,#1195,#1026,.T.);
#791=EDGE_CURVE('',#1195,#1241,#1027,.T.);
#792=EDGE_CURVE('',#1194,#1196,#1028,.T.);
#793=EDGE_CURVE('',#1195,#1149,#1029,.T.);
#794=EDGE_CURVE('',#1196,#1152,#1030,.T.);
#795=EDGE_CURVE('',#1197,#1197,#1031,.T.);
#796=EDGE_CURVE('',#1198,#1198,#1032,.T.);
#797=EDGE_CURVE('',#1197,#1238,#1033,.T.);
#798=EDGE_CURVE('',#1199,#1199,#1034,.T.);
#799=EDGE_CURVE('',#1200,#1200,#1035,.T.);
#800=EDGE_CURVE('',#1201,#1201,#1036,.T.);
#801=EDGE_CURVE('',#1202,#1202,#1037,.T.);
#802=EDGE_CURVE('',#1200,#1199,#1038,.T.);
#803=EDGE_CURVE('',#1202,#1201,#1039,.T.);
#804=EDGE_CURVE('',#1203,#1203,#1040,.T.);
#805=EDGE_CURVE('',#1204,#1204,#1041,.T.);
#806=EDGE_CURVE('',#1205,#1205,#1042,.T.);
#807=EDGE_CURVE('',#1206,#1206,#1043,.T.);
#808=EDGE_CURVE('',#1204,#1203,#1044,.T.);
#809=EDGE_CURVE('',#1206,#1205,#1045,.T.);
#810=EDGE_CURVE('',#1207,#1207,#1046,.T.);
#811=EDGE_CURVE('',#1208,#1208,#1047,.T.);
#812=EDGE_CURVE('',#1209,#1209,#1048,.T.);
#813=EDGE_CURVE('',#1210,#1210,#1049,.T.);
#814=EDGE_CURVE('',#1209,#1210,#1050,.T.);
#815=EDGE_CURVE('',#1207,#1208,#1051,.T.);
#816=EDGE_CURVE('',#1211,#1211,#1052,.T.);
#817=EDGE_CURVE('',#1212,#1212,#1053,.T.);
#818=EDGE_CURVE('',#1213,#1213,#1054,.T.);
#819=EDGE_CURVE('',#1214,#1214,#1055,.T.);
#820=EDGE_CURVE('',#1213,#1214,#1056,.T.);
#821=EDGE_CURVE('',#1211,#1212,#1057,.T.);
#822=EDGE_CURVE('',#1215,#1216,#1058,.T.);
#823=EDGE_CURVE('',#1217,#1218,#1059,.T.);
#824=EDGE_CURVE('',#1219,#1215,#1060,.T.);
#825=EDGE_CURVE('',#1220,#1217,#1061,.T.);
#826=EDGE_CURVE('',#1221,#1222,#1062,.T.);
#827=EDGE_CURVE('',#1221,#1219,#1063,.T.);
#828=EDGE_CURVE('',#1222,#1220,#1064,.T.);
#829=EDGE_CURVE('',#1224,#1223,#1065,.T.);
#830=EDGE_CURVE('',#1227,#1225,#1066,.T.);
#831=EDGE_CURVE('',#1228,#1226,#1067,.T.);
#832=EDGE_CURVE('',#1231,#1229,#1068,.T.);
#833=EDGE_CURVE('',#1232,#1230,#1069,.T.);
#834=EDGE_CURVE('',#1233,#1231,#1070,.T.);
#835=EDGE_CURVE('',#1234,#1232,#1071,.T.);
#836=EDGE_CURVE('',#1235,#1233,#1072,.T.);
#837=EDGE_CURVE('',#1236,#1234,#1073,.T.);
#838=EDGE_CURVE('',#1215,#1151,#1074,.T.);
#839=EDGE_CURVE('',#1216,#1152,#1075,.T.);
#840=EDGE_CURVE('',#1219,#1154,#1076,.T.);
#841=EDGE_CURVE('',#1225,#1184,#1077,.T.);
#842=EDGE_CURVE('',#1227,#1186,#1078,.T.);
#843=EDGE_CURVE('',#1229,#1188,#1079,.T.);
#844=EDGE_CURVE('',#1231,#1190,#1080,.T.);
#845=EDGE_CURVE('',#1233,#1192,#1081,.T.);
#846=EDGE_CURVE('',#1235,#1194,#1082,.T.);
#847=EDGE_CURVE('',#1237,#1198,#1083,.T.);
#848=EDGE_CURVE('',#1223,#1226,#936,.T.);
#849=EDGE_CURVE('',#1224,#1225,#937,.T.);
#850=EDGE_CURVE('',#1239,#1240,#938,.T.);
#851=EDGE_CURVE('',#1242,#1196,#1084,.T.);
#852=EDGE_CURVE('',#1229,#1227,#1085,.T.);
#853=EDGE_CURVE('',#1230,#1228,#1086,.T.);
#854=EDGE_CURVE('',#1242,#1235,#1087,.T.);
#855=EDGE_CURVE('',#1241,#1236,#1088,.T.);
#856=EDGE_CURVE('',#1216,#1242,#1089,.T.);
#857=EDGE_CURVE('',#1218,#1241,#1090,.T.);
#858=EDGE_CURVE('',#1237,#1237,#1091,.T.);
#859=EDGE_CURVE('',#1238,#1238,#1092,.T.);
#860=EDGE_CURVE('',#1223,#1239,#939,.T.);
#861=EDGE_CURVE('',#1239,#1222,#940,.T.);
#862=EDGE_CURVE('',#1240,#1221,#941,.T.);
#863=EDGE_CURVE('',#1240,#1224,#942,.T.);
#864=EDGE_CURVE('',#1243,#1244,#1093,.T.);
#865=EDGE_CURVE('',#1244,#1245,#1094,.T.);
#866=EDGE_CURVE('',#1246,#1245,#1095,.T.);
#867=EDGE_CURVE('',#1243,#1246,#1096,.T.);
#868=EDGE_CURVE('',#1244,#1247,#1097,.T.);
#869=EDGE_CURVE('',#1247,#1248,#1098,.T.);
#870=EDGE_CURVE('',#1245,#1248,#1099,.T.);
#871=EDGE_CURVE('',#1247,#1249,#1100,.T.);
#872=EDGE_CURVE('',#1249,#1250,#1101,.T.);
#873=EDGE_CURVE('',#1248,#1250,#1102,.T.);
#874=EDGE_CURVE('',#1249,#1251,#1103,.T.);
#875=EDGE_CURVE('',#1251,#1252,#1104,.T.);
#876=EDGE_CURVE('',#1250,#1252,#1105,.T.);
#877=EDGE_CURVE('',#1251,#1273,#1106,.T.);
#878=EDGE_CURVE('',#1253,#1254,#1107,.T.);
#879=EDGE_CURVE('',#1252,#1274,#1108,.T.);
#880=EDGE_CURVE('',#1253,#1255,#1109,.T.);
#881=EDGE_CURVE('',#1255,#1256,#1110,.T.);
#882=EDGE_CURVE('',#1254,#1256,#1111,.T.);
#883=EDGE_CURVE('',#1255,#1257,#1112,.T.);
#884=EDGE_CURVE('',#1257,#1258,#1113,.T.);
#885=EDGE_CURVE('',#1256,#1258,#1114,.T.);
#886=EDGE_CURVE('',#1257,#1259,#1115,.T.);
#887=EDGE_CURVE('',#1259,#1260,#1116,.T.);
#888=EDGE_CURVE('',#1258,#1260,#1117,.T.);
#889=EDGE_CURVE('',#1259,#1261,#1118,.T.);
#890=EDGE_CURVE('',#1261,#1262,#1119,.T.);
#891=EDGE_CURVE('',#1260,#1262,#1120,.T.);
#892=EDGE_CURVE('',#1261,#1263,#1121,.T.);
#893=EDGE_CURVE('',#1263,#1264,#1122,.T.);
#894=EDGE_CURVE('',#1262,#1264,#1123,.T.);
#895=EDGE_CURVE('',#1263,#1283,#1124,.T.);
#896=EDGE_CURVE('',#1265,#1266,#1125,.T.);
#897=EDGE_CURVE('',#1264,#1284,#1126,.T.);
#898=EDGE_CURVE('',#1265,#1243,#1127,.T.);
#899=EDGE_CURVE('',#1266,#1246,#1128,.T.);
#900=EDGE_CURVE('',#1267,#1267,#1129,.T.);
#901=EDGE_CURVE('',#1268,#1268,#1130,.T.);
#902=EDGE_CURVE('',#1267,#1289,#1131,.T.);
#903=EDGE_CURVE('',#1269,#1269,#1132,.T.);
#904=EDGE_CURVE('',#1270,#1270,#1133,.T.);
#905=EDGE_CURVE('',#1270,#1279,#1134,.T.);
#906=EDGE_CURVE('',#1271,#1272,#943,.T.);
#907=EDGE_CURVE('',#1273,#1274,#944,.T.);
#908=EDGE_CURVE('',#1275,#1276,#945,.T.);
#909=EDGE_CURVE('',#1271,#1276,#946,.T.);
#910=EDGE_CURVE('',#1273,#1275,#947,.T.);
#911=EDGE_CURVE('',#1277,#1278,#948,.T.);
#912=EDGE_CURVE('',#1272,#1278,#949,.T.);
#913=EDGE_CURVE('',#1274,#1277,#950,.T.);
#914=EDGE_CURVE('',#1279,#1279,#1135,.T.);
#915=EDGE_CURVE('',#1280,#1280,#1136,.T.);
#916=EDGE_CURVE('',#1271,#1253,#1137,.T.);
#917=EDGE_CURVE('',#1272,#1254,#1138,.T.);
#918=EDGE_CURVE('',#1280,#1269,#1139,.T.);
#919=EDGE_CURVE('',#1278,#1276,#1140,.T.);
#920=EDGE_CURVE('',#1277,#1275,#1141,.T.);
#921=EDGE_CURVE('',#1281,#1282,#951,.T.);
#922=EDGE_CURVE('',#1283,#1284,#952,.T.);
#923=EDGE_CURVE('',#1285,#1286,#953,.T.);
#924=EDGE_CURVE('',#1287,#1288,#954,.T.);
#925=EDGE_CURVE('',#1281,#1288,#955,.T.);
#926=EDGE_CURVE('',#1283,#1287,#956,.T.);
#927=EDGE_CURVE('',#1281,#1265,#1142,.T.);
#928=EDGE_CURVE('',#1282,#1266,#1143,.T.);
#929=EDGE_CURVE('',#1286,#1288,#1144,.T.);
#930=EDGE_CURVE('',#1285,#1287,#1145,.T.);
#931=EDGE_CURVE('',#1290,#1268,#1146,.T.);
#932=EDGE_CURVE('',#1284,#1285,#957,.T.);
#933=EDGE_CURVE('',#1290,#1290,#1147,.T.);
#934=EDGE_CURVE('',#1282,#1286,#958,.T.);
#935=EDGE_CURVE('',#1289,#1289,#1148,.T.);
#936=B_SPLINE_CURVE_WITH_KNOTS('',1,(#2157,#2158),.UNSPECIFIED.,.F.,.F.,
(2,2),(0.,2.99999999999994),.UNSPECIFIED.);
#937=B_SPLINE_CURVE_WITH_KNOTS('',1,(#2159,#2160),.UNSPECIFIED.,.F.,.F.,
(2,2),(0.,2.99999999999995),.UNSPECIFIED.);
#938=B_SPLINE_CURVE_WITH_KNOTS('',1,(#2161,#2162),.UNSPECIFIED.,.F.,.F.,
(2,2),(22.0000000000004,25.0000000000004),.UNSPECIFIED.);
#939=B_SPLINE_CURVE_WITH_KNOTS('',1,(#2229,#2230,#2231),.UNSPECIFIED.,.F.,
 .F.,(2,1,2),(2.99999999999999,18.5857864376273,22.0000000000004),
 .UNSPECIFIED.);
#940=B_SPLINE_CURVE_WITH_KNOTS('',1,(#2232,#2233,#2234),.UNSPECIFIED.,.F.,
 .F.,(2,1,2),(0.,3.41421356237289,18.9999999999998),.UNSPECIFIED.);
#941=B_SPLINE_CURVE_WITH_KNOTS('',1,(#2235,#2236,#2237),.UNSPECIFIED.,.F.,
 .F.,(2,1,2),(0.,3.41421356237289,18.9999999999998),.UNSPECIFIED.);
#942=B_SPLINE_CURVE_WITH_KNOTS('',1,(#2238,#2239,#2240),.UNSPECIFIED.,.F.,
 .F.,(2,1,2),(25.0000000000004,28.4142135623735,44.0000000000008),
 .UNSPECIFIED.);
#943=B_SPLINE_CURVE_WITH_KNOTS('',1,(#2449,#2450),.UNSPECIFIED.,.F.,.F.,
(2,2),(-18.9999999999965,-10.9999999999965),.UNSPECIFIED.);
#944=B_SPLINE_CURVE_WITH_KNOTS('',1,(#2451,#2452),.UNSPECIFIED.,.F.,.F.,
(2,2),(-18.9999999999965,-10.9999999999965),.UNSPECIFIED.);
#945=B_SPLINE_CURVE_WITH_KNOTS('',1,(#2453,#2454),.UNSPECIFIED.,.F.,.F.,
(2,2),(-13.,-9.99999999999999),.UNSPECIFIED.);
#946=B_SPLINE_CURVE_WITH_KNOTS('',1,(#2455,#2456),.UNSPECIFIED.,.F.,.F.,
(2,2),(-16.,-8.),.UNSPECIFIED.);
#947=B_SPLINE_CURVE_WITH_KNOTS('',1,(#2457,#2458),.UNSPECIFIED.,.F.,.F.,
(2,2),(-16.,-8.),.UNSPECIFIED.);
#948=B_SPLINE_CURVE_WITH_KNOTS('',1,(#2459,#2460),.UNSPECIFIED.,.F.,.F.,
(2,2),(-13.,-9.99999999999999),.UNSPECIFIED.);
#949=B_SPLINE_CURVE_WITH_KNOTS('',1,(#2461,#2462),.UNSPECIFIED.,.F.,.F.,
(2,2),(-16.,-8.),.UNSPECIFIED.);
#950=B_SPLINE_CURVE_WITH_KNOTS('',1,(#2463,#2464),.UNSPECIFIED.,.F.,.F.,
(2,2),(88.5857864376269,96.5857864376269),.UNSPECIFIED.);
#951=B_SPLINE_CURVE_WITH_KNOTS('',1,(#2497,#2498),.UNSPECIFIED.,.F.,.F.,
(2,2),(77.5857864376269,85.5857864376269),.UNSPECIFIED.);
#952=B_SPLINE_CURVE_WITH_KNOTS('',1,(#2499,#2500),.UNSPECIFIED.,.F.,.F.,
(2,2),(77.5857864376269,85.5857864376269),.UNSPECIFIED.);
#953=B_SPLINE_CURVE_WITH_KNOTS('',1,(#2501,#2502),.UNSPECIFIED.,.F.,.F.,
(2,2),(-5.,-2.),.UNSPECIFIED.);
#954=B_SPLINE_CURVE_WITH_KNOTS('',1,(#2503,#2504),.UNSPECIFIED.,.F.,.F.,
(2,2),(-5.,-2.),.UNSPECIFIED.);
#955=B_SPLINE_CURVE_WITH_KNOTS('',1,(#2505,#2506),.UNSPECIFIED.,.F.,.F.,
(2,2),(-1.00000000000001,6.99999999999999),.UNSPECIFIED.);
#956=B_SPLINE_CURVE_WITH_KNOTS('',1,(#2507,#2508),.UNSPECIFIED.,.F.,.F.,
(2,2),(-1.00000000000001,6.99999999999999),.UNSPECIFIED.);
#957=B_SPLINE_CURVE_WITH_KNOTS('',1,(#2523,#2524),.UNSPECIFIED.,.F.,.F.,
(2,2),(0.,8.),.UNSPECIFIED.);
#958=B_SPLINE_CURVE_WITH_KNOTS('',1,(#2542,#2543),.UNSPECIFIED.,.F.,.F.,
(2,2),(0.,8.),.UNSPECIFIED.);
#959=(
BOUNDED_CURVE()
B_SPLINE_CURVE(2,(#1711,#1712,#1713),.UNSPECIFIED.,.F.,.F.)
B_SPLINE_CURVE_WITH_KNOTS((3,3),(251.661231554293,267.210436607214),
 .UNSPECIFIED.)
CURVE()
GEOMETRIC_REPRESENTATION_ITEM()
RATIONAL_B_SPLINE_CURVE((1.,1.,1.))
REPRESENTATION_ITEM('')
);
#960=(
BOUNDED_CURVE()
B_SPLINE_CURVE(1,(#1714,#1715),.UNSPECIFIED.,.F.,.F.)
B_SPLINE_CURVE_WITH_KNOTS((2,2),(0.,7.5),.UNSPECIFIED.)
CURVE()
GEOMETRIC_REPRESENTATION_ITEM()
RATIONAL_B_SPLINE_CURVE((1.,1.))
REPRESENTATION_ITEM('')
);
#961=(
BOUNDED_CURVE()
B_SPLINE_CURVE(2,(#1716,#1717,#1718),.UNSPECIFIED.,.F.,.F.)
B_SPLINE_CURVE_WITH_KNOTS((3,3),(251.661231554293,267.210436607214),
 .UNSPECIFIED.)
CURVE()
GEOMETRIC_REPRESENTATION_ITEM()
RATIONAL_B_SPLINE_CURVE((1.,1.,1.))
REPRESENTATION_ITEM('')
);
#962=(
BOUNDED_CURVE()
B_SPLINE_CURVE(1,(#1719,#1720),.UNSPECIFIED.,.F.,.F.)
B_SPLINE_CURVE_WITH_KNOTS((2,2),(0.,7.49999999999999),.UNSPECIFIED.)
CURVE()
GEOMETRIC_REPRESENTATION_ITEM()
RATIONAL_B_SPLINE_CURVE((1.,1.))
REPRESENTATION_ITEM('')
);
#963=(
BOUNDED_CURVE()
B_SPLINE_CURVE(2,(#1721,#1722,#1723),.UNSPECIFIED.,.F.,.F.)
B_SPLINE_CURVE_WITH_KNOTS((3,3),(267.210436607214,268.781232934009),
 .UNSPECIFIED.)
CURVE()
GEOMETRIC_REPRESENTATION_ITEM()
RATIONAL_B_SPLINE_CURVE((1.,0.707106781186569,1.))
REPRESENTATION_ITEM('')
);
#964=(
BOUNDED_CURVE()
B_SPLINE_CURVE(1,(#1724,#1725),.UNSPECIFIED.,.F.,.F.)
B_SPLINE_CURVE_WITH_KNOTS((2,2),(0.,7.5),.UNSPECIFIED.)
CURVE()
GEOMETRIC_REPRESENTATION_ITEM()
RATIONAL_B_SPLINE_CURVE((1.,1.))
REPRESENTATION_ITEM('')
);
#965=(
BOUNDED_CURVE()
B_SPLINE_CURVE(2,(#1726,#1727,#1728),.UNSPECIFIED.,.F.,.F.)
B_SPLINE_CURVE_WITH_KNOTS((3,3),(267.210436607214,268.781232934009),
 .UNSPECIFIED.)
CURVE()
GEOMETRIC_REPRESENTATION_ITEM()
RATIONAL_B_SPLINE_CURVE((1.,0.707106781186569,1.))
REPRESENTATION_ITEM('')
);
#966=(
BOUNDED_CURVE()
B_SPLINE_CURVE(2,(#1729,#1730,#1731),.UNSPECIFIED.,.F.,.F.)
B_SPLINE_CURVE_WITH_KNOTS((3,3),(268.781232934009,269.167623403044),
 .UNSPECIFIED.)
CURVE()
GEOMETRIC_REPRESENTATION_ITEM()
RATIONAL_B_SPLINE_CURVE((1.,1.,1.))
REPRESENTATION_ITEM('')
);
#967=(
BOUNDED_CURVE()
B_SPLINE_CURVE(1,(#1732,#1733),.UNSPECIFIED.,.F.,.F.)
B_SPLINE_CURVE_WITH_KNOTS((2,2),(0.,18.),.UNSPECIFIED.)
CURVE()
GEOMETRIC_REPRESENTATION_ITEM()
RATIONAL_B_SPLINE_CURVE((1.,1.))
REPRESENTATION_ITEM('')
);
#968=(
BOUNDED_CURVE()
B_SPLINE_CURVE(2,(#1734,#1735,#1736),.UNSPECIFIED.,.F.,.F.)
B_SPLINE_CURVE_WITH_KNOTS((3,3),(268.781232934009,269.167623403044),
 .UNSPECIFIED.)
CURVE()
GEOMETRIC_REPRESENTATION_ITEM()
RATIONAL_B_SPLINE_CURVE((1.,1.,1.))
REPRESENTATION_ITEM('')
);
#969=(
BOUNDED_CURVE()
B_SPLINE_CURVE(2,(#1737,#1738,#1739),.UNSPECIFIED.,.F.,.F.)
B_SPLINE_CURVE_WITH_KNOTS((3,3),(269.167623403044,270.738419729839),
 .UNSPECIFIED.)
CURVE()
GEOMETRIC_REPRESENTATION_ITEM()
RATIONAL_B_SPLINE_CURVE((1.,0.707106781186553,1.))
REPRESENTATION_ITEM('')
);
#970=(
BOUNDED_CURVE()
B_SPLINE_CURVE(1,(#1740,#1741),.UNSPECIFIED.,.F.,.F.)
B_SPLINE_CURVE_WITH_KNOTS((2,2),(0.,18.),.UNSPECIFIED.)
CURVE()
GEOMETRIC_REPRESENTATION_ITEM()
RATIONAL_B_SPLINE_CURVE((1.,1.))
REPRESENTATION_ITEM('')
);
#971=(
BOUNDED_CURVE()
B_SPLINE_CURVE(2,(#1742,#1743,#1744),.UNSPECIFIED.,.F.,.F.)
B_SPLINE_CURVE_WITH_KNOTS((3,3),(269.167623403044,270.738419729839),
 .UNSPECIFIED.)
CURVE()
GEOMETRIC_REPRESENTATION_ITEM()
RATIONAL_B_SPLINE_CURVE((1.,0.707106781186553,1.))
REPRESENTATION_ITEM('')
);
#972=(
BOUNDED_CURVE()
B_SPLINE_CURVE(2,(#1745,#1746,#1747),.UNSPECIFIED.,.F.,.F.)
B_SPLINE_CURVE_WITH_KNOTS((3,3),(270.738419729839,277.84953084095),
 .UNSPECIFIED.)
CURVE()
GEOMETRIC_REPRESENTATION_ITEM()
RATIONAL_B_SPLINE_CURVE((1.,1.,1.))
REPRESENTATION_ITEM('')
);
#973=(
BOUNDED_CURVE()
B_SPLINE_CURVE(1,(#1748,#1749),.UNSPECIFIED.,.F.,.F.)
B_SPLINE_CURVE_WITH_KNOTS((2,2),(0.,18.),.UNSPECIFIED.)
CURVE()
GEOMETRIC_REPRESENTATION_ITEM()
RATIONAL_B_SPLINE_CURVE((1.,1.))
REPRESENTATION_ITEM('')
);
#974=(
BOUNDED_CURVE()
B_SPLINE_CURVE(2,(#1750,#1751,#1752),.UNSPECIFIED.,.F.,.F.)
B_SPLINE_CURVE_WITH_KNOTS((3,3),(270.738419729839,277.84953084095),
 .UNSPECIFIED.)
CURVE()
GEOMETRIC_REPRESENTATION_ITEM()
RATIONAL_B_SPLINE_CURVE((1.,1.,1.))
REPRESENTATION_ITEM('')
);
#975=(
BOUNDED_CURVE()
B_SPLINE_CURVE(2,(#1753,#1754,#1755),.UNSPECIFIED.,.F.,.F.)
B_SPLINE_CURVE_WITH_KNOTS((3,3),(277.84953084095,280.84953084095),
 .UNSPECIFIED.)
CURVE()
GEOMETRIC_REPRESENTATION_ITEM()
RATIONAL_B_SPLINE_CURVE((1.,1.,1.))
REPRESENTATION_ITEM('')
);
#976=(
BOUNDED_CURVE()
B_SPLINE_CURVE(1,(#1756,#1757),.UNSPECIFIED.,.F.,.F.)
B_SPLINE_CURVE_WITH_KNOTS((2,2),(0.,18.),.UNSPECIFIED.)
CURVE()
GEOMETRIC_REPRESENTATION_ITEM()
RATIONAL_B_SPLINE_CURVE((1.,1.))
REPRESENTATION_ITEM('')
);
#977=(
BOUNDED_CURVE()
B_SPLINE_CURVE(2,(#1758,#1759,#1760),.UNSPECIFIED.,.F.,.F.)
B_SPLINE_CURVE_WITH_KNOTS((3,3),(277.84953084095,280.84953084095),
 .UNSPECIFIED.)
CURVE()
GEOMETRIC_REPRESENTATION_ITEM()
RATIONAL_B_SPLINE_CURVE((1.,1.,1.))
REPRESENTATION_ITEM('')
);
#978=(
BOUNDED_CURVE()
B_SPLINE_CURVE(2,(#1761,#1762,#1763),.UNSPECIFIED.,.F.,.F.)
B_SPLINE_CURVE_WITH_KNOTS((3,3),(280.84953084095,287.960641952061),
 .UNSPECIFIED.)
CURVE()
GEOMETRIC_REPRESENTATION_ITEM()
RATIONAL_B_SPLINE_CURVE((1.,1.,1.))
REPRESENTATION_ITEM('')
);
#979=(
BOUNDED_CURVE()
B_SPLINE_CURVE(1,(#1764,#1765),.UNSPECIFIED.,.F.,.F.)
B_SPLINE_CURVE_WITH_KNOTS((2,2),(0.,18.),.UNSPECIFIED.)
CURVE()
GEOMETRIC_REPRESENTATION_ITEM()
RATIONAL_B_SPLINE_CURVE((1.,1.))
REPRESENTATION_ITEM('')
);
#980=(
BOUNDED_CURVE()
B_SPLINE_CURVE(2,(#1766,#1767,#1768),.UNSPECIFIED.,.F.,.F.)
B_SPLINE_CURVE_WITH_KNOTS((3,3),(280.84953084095,287.960641952061),
 .UNSPECIFIED.)
CURVE()
GEOMETRIC_REPRESENTATION_ITEM()
RATIONAL_B_SPLINE_CURVE((1.,1.,1.))
REPRESENTATION_ITEM('')
);
#981=(
BOUNDED_CURVE()
B_SPLINE_CURVE(2,(#1769,#1770,#1771,#1772,#1773),.UNSPECIFIED.,.F.,.F.)
B_SPLINE_CURVE_WITH_KNOTS((3,2,3),(287.960641952061,289.531438278856,291.102234605651),
 .UNSPECIFIED.)
CURVE()
GEOMETRIC_REPRESENTATION_ITEM()
RATIONAL_B_SPLINE_CURVE((1.,0.707106781186547,1.,0.70710678118655,1.))
REPRESENTATION_ITEM('')
);
#982=(
BOUNDED_CURVE()
B_SPLINE_CURVE(1,(#1774,#1775),.UNSPECIFIED.,.F.,.F.)
B_SPLINE_CURVE_WITH_KNOTS((2,2),(0.,18.),.UNSPECIFIED.)
CURVE()
GEOMETRIC_REPRESENTATION_ITEM()
RATIONAL_B_SPLINE_CURVE((1.,1.))
REPRESENTATION_ITEM('')
);
#983=(
BOUNDED_CURVE()
B_SPLINE_CURVE(2,(#1776,#1777,#1778,#1779,#1780),.UNSPECIFIED.,.F.,.F.)
B_SPLINE_CURVE_WITH_KNOTS((3,2,3),(287.960641952061,289.531438278856,291.102234605651),
 .UNSPECIFIED.)
CURVE()
GEOMETRIC_REPRESENTATION_ITEM()
RATIONAL_B_SPLINE_CURVE((1.,0.707106781186547,1.,0.70710678118655,1.))
REPRESENTATION_ITEM('')
);
#984=(
BOUNDED_CURVE()
B_SPLINE_CURVE(2,(#1781,#1782,#1783),.UNSPECIFIED.,.F.,.F.)
B_SPLINE_CURVE_WITH_KNOTS((3,3),(291.102234605651,300.702234605651),
 .UNSPECIFIED.)
CURVE()
GEOMETRIC_REPRESENTATION_ITEM()
RATIONAL_B_SPLINE_CURVE((1.,1.,1.))
REPRESENTATION_ITEM('')
);
#985=(
BOUNDED_CURVE()
B_SPLINE_CURVE(1,(#1784,#1785),.UNSPECIFIED.,.F.,.F.)
B_SPLINE_CURVE_WITH_KNOTS((2,2),(0.,18.),.UNSPECIFIED.)
CURVE()
GEOMETRIC_REPRESENTATION_ITEM()
RATIONAL_B_SPLINE_CURVE((1.,1.))
REPRESENTATION_ITEM('')
);
#986=(
BOUNDED_CURVE()
B_SPLINE_CURVE(2,(#1786,#1787,#1788),.UNSPECIFIED.,.F.,.F.)
B_SPLINE_CURVE_WITH_KNOTS((3,3),(291.102234605651,300.702234605651),
 .UNSPECIFIED.)
CURVE()
GEOMETRIC_REPRESENTATION_ITEM()
RATIONAL_B_SPLINE_CURVE((1.,1.,1.))
REPRESENTATION_ITEM('')
);
#987=(
BOUNDED_CURVE()
B_SPLINE_CURVE(2,(#1789,#1790,#1791),.UNSPECIFIED.,.F.,.F.)
B_SPLINE_CURVE_WITH_KNOTS((3,3),(300.702234605651,308.556216239625),
 .UNSPECIFIED.)
CURVE()
GEOMETRIC_REPRESENTATION_ITEM()
RATIONAL_B_SPLINE_CURVE((1.,0.707106781186548,1.))
REPRESENTATION_ITEM('')
);
#988=(
BOUNDED_CURVE()
B_SPLINE_CURVE(1,(#1792,#1793),.UNSPECIFIED.,.F.,.F.)
B_SPLINE_CURVE_WITH_KNOTS((2,2),(0.,18.),.UNSPECIFIED.)
CURVE()
GEOMETRIC_REPRESENTATION_ITEM()
RATIONAL_B_SPLINE_CURVE((1.,1.))
REPRESENTATION_ITEM('')
);
#989=(
BOUNDED_CURVE()
B_SPLINE_CURVE(2,(#1794,#1795,#1796),.UNSPECIFIED.,.F.,.F.)
B_SPLINE_CURVE_WITH_KNOTS((3,3),(300.702234605651,308.556216239625),
 .UNSPECIFIED.)
CURVE()
GEOMETRIC_REPRESENTATION_ITEM()
RATIONAL_B_SPLINE_CURVE((1.,0.707106781186548,1.))
REPRESENTATION_ITEM('')
);
#990=(
BOUNDED_CURVE()
B_SPLINE_CURVE(2,(#1797,#1798,#1799),.UNSPECIFIED.,.F.,.F.)
B_SPLINE_CURVE_WITH_KNOTS((3,3),(308.556216239625,318.156216239625),
 .UNSPECIFIED.)
CURVE()
GEOMETRIC_REPRESENTATION_ITEM()
RATIONAL_B_SPLINE_CURVE((1.,1.,1.))
REPRESENTATION_ITEM('')
);
#991=(
BOUNDED_CURVE()
B_SPLINE_CURVE(1,(#1800,#1801),.UNSPECIFIED.,.F.,.F.)
B_SPLINE_CURVE_WITH_KNOTS((2,2),(0.,18.),.UNSPECIFIED.)
CURVE()
GEOMETRIC_REPRESENTATION_ITEM()
RATIONAL_B_SPLINE_CURVE((1.,1.))
REPRESENTATION_ITEM('')
);
#992=(
BOUNDED_CURVE()
B_SPLINE_CURVE(2,(#1802,#1803,#1804),.UNSPECIFIED.,.F.,.F.)
B_SPLINE_CURVE_WITH_KNOTS((3,3),(308.556216239625,318.156216239625),
 .UNSPECIFIED.)
CURVE()
GEOMETRIC_REPRESENTATION_ITEM()
RATIONAL_B_SPLINE_CURVE((1.,1.,1.))
REPRESENTATION_ITEM('')
);
#993=(
BOUNDED_CURVE()
B_SPLINE_CURVE(2,(#1805,#1806,#1807,#1808,#1809),.UNSPECIFIED.,.F.,.F.)
B_SPLINE_CURVE_WITH_KNOTS((3,2,3),(318.156216239625,319.72701256642,321.297808893215),
 .UNSPECIFIED.)
CURVE()
GEOMETRIC_REPRESENTATION_ITEM()
RATIONAL_B_SPLINE_CURVE((1.,0.707106781186546,1.,0.707106781186547,1.))
REPRESENTATION_ITEM('')
);
#994=(
BOUNDED_CURVE()
B_SPLINE_CURVE(1,(#1810,#1811),.UNSPECIFIED.,.F.,.F.)
B_SPLINE_CURVE_WITH_KNOTS((2,2),(0.,18.),.UNSPECIFIED.)
CURVE()
GEOMETRIC_REPRESENTATION_ITEM()
RATIONAL_B_SPLINE_CURVE((1.,1.))
REPRESENTATION_ITEM('')
);
#995=(
BOUNDED_CURVE()
B_SPLINE_CURVE(2,(#1812,#1813,#1814,#1815,#1816),.UNSPECIFIED.,.F.,.F.)
B_SPLINE_CURVE_WITH_KNOTS((3,2,3),(318.156216239625,319.72701256642,321.297808893215),
 .UNSPECIFIED.)
CURVE()
GEOMETRIC_REPRESENTATION_ITEM()
RATIONAL_B_SPLINE_CURVE((1.,0.707106781186546,1.,0.707106781186547,1.))
REPRESENTATION_ITEM('')
);
#996=(
BOUNDED_CURVE()
B_SPLINE_CURVE(2,(#1817,#1818,#1819),.UNSPECIFIED.,.F.,.F.)
B_SPLINE_CURVE_WITH_KNOTS((3,3),(321.297808893215,328.408920004326),
 .UNSPECIFIED.)
CURVE()
GEOMETRIC_REPRESENTATION_ITEM()
RATIONAL_B_SPLINE_CURVE((1.,1.,1.))
REPRESENTATION_ITEM('')
);
#997=(
BOUNDED_CURVE()
B_SPLINE_CURVE(1,(#1820,#1821),.UNSPECIFIED.,.F.,.F.)
B_SPLINE_CURVE_WITH_KNOTS((2,2),(0.,18.),.UNSPECIFIED.)
CURVE()
GEOMETRIC_REPRESENTATION_ITEM()
RATIONAL_B_SPLINE_CURVE((1.,1.))
REPRESENTATION_ITEM('')
);
#998=(
BOUNDED_CURVE()
B_SPLINE_CURVE(2,(#1822,#1823,#1824),.UNSPECIFIED.,.F.,.F.)
B_SPLINE_CURVE_WITH_KNOTS((3,3),(321.297808893215,328.408920004326),
 .UNSPECIFIED.)
CURVE()
GEOMETRIC_REPRESENTATION_ITEM()
RATIONAL_B_SPLINE_CURVE((1.,1.,1.))
REPRESENTATION_ITEM('')
);
#999=(
BOUNDED_CURVE()
B_SPLINE_CURVE(2,(#1825,#1826,#1827),.UNSPECIFIED.,.F.,.F.)
B_SPLINE_CURVE_WITH_KNOTS((3,3),(328.408920004326,331.408920004326),
 .UNSPECIFIED.)
CURVE()
GEOMETRIC_REPRESENTATION_ITEM()
RATIONAL_B_SPLINE_CURVE((1.,1.,1.))
REPRESENTATION_ITEM('')
);
#1000=(
BOUNDED_CURVE()
B_SPLINE_CURVE(1,(#1828,#1829),.UNSPECIFIED.,.F.,.F.)
B_SPLINE_CURVE_WITH_KNOTS((2,2),(0.,18.),.UNSPECIFIED.)
CURVE()
GEOMETRIC_REPRESENTATION_ITEM()
RATIONAL_B_SPLINE_CURVE((1.,1.))
REPRESENTATION_ITEM('')
);
#1001=(
BOUNDED_CURVE()
B_SPLINE_CURVE(2,(#1830,#1831,#1832),.UNSPECIFIED.,.F.,.F.)
B_SPLINE_CURVE_WITH_KNOTS((3,3),(328.408920004326,331.408920004326),
 .UNSPECIFIED.)
CURVE()
GEOMETRIC_REPRESENTATION_ITEM()
RATIONAL_B_SPLINE_CURVE((1.,1.,1.))
REPRESENTATION_ITEM('')
);
#1002=(
BOUNDED_CURVE()
B_SPLINE_CURVE(2,(#1833,#1834,#1835),.UNSPECIFIED.,.F.,.F.)
B_SPLINE_CURVE_WITH_KNOTS((3,3),(331.408920004326,338.520031115437),
 .UNSPECIFIED.)
CURVE()
GEOMETRIC_REPRESENTATION_ITEM()
RATIONAL_B_SPLINE_CURVE((1.,1.,1.))
REPRESENTATION_ITEM('')
);
#1003=(
BOUNDED_CURVE()
B_SPLINE_CURVE(1,(#1836,#1837),.UNSPECIFIED.,.F.,.F.)
B_SPLINE_CURVE_WITH_KNOTS((2,2),(0.,18.),.UNSPECIFIED.)
CURVE()
GEOMETRIC_REPRESENTATION_ITEM()
RATIONAL_B_SPLINE_CURVE((1.,1.))
REPRESENTATION_ITEM('')
);
#1004=(
BOUNDED_CURVE()
B_SPLINE_CURVE(2,(#1838,#1839,#1840),.UNSPECIFIED.,.F.,.F.)
B_SPLINE_CURVE_WITH_KNOTS((3,3),(331.408920004326,338.520031115437),
 .UNSPECIFIED.)
CURVE()
GEOMETRIC_REPRESENTATION_ITEM()
RATIONAL_B_SPLINE_CURVE((1.,1.,1.))
REPRESENTATION_ITEM('')
);
#1005=(
BOUNDED_CURVE()
B_SPLINE_CURVE(2,(#1841,#1842,#1843),.UNSPECIFIED.,.F.,.F.)
B_SPLINE_CURVE_WITH_KNOTS((3,3),(338.520031115437,340.090827442232),
 .UNSPECIFIED.)
CURVE()
GEOMETRIC_REPRESENTATION_ITEM()
RATIONAL_B_SPLINE_CURVE((1.,0.707106781186547,1.))
REPRESENTATION_ITEM('')
);
#1006=(
BOUNDED_CURVE()
B_SPLINE_CURVE(1,(#1844,#1845),.UNSPECIFIED.,.F.,.F.)
B_SPLINE_CURVE_WITH_KNOTS((2,2),(0.,18.),.UNSPECIFIED.)
CURVE()
GEOMETRIC_REPRESENTATION_ITEM()
RATIONAL_B_SPLINE_CURVE((1.,1.))
REPRESENTATION_ITEM('')
);
#1007=(
BOUNDED_CURVE()
B_SPLINE_CURVE(2,(#1846,#1847,#1848),.UNSPECIFIED.,.F.,.F.)
B_SPLINE_CURVE_WITH_KNOTS((3,3),(338.520031115437,340.090827442232),
 .UNSPECIFIED.)
CURVE()
GEOMETRIC_REPRESENTATION_ITEM()
RATIONAL_B_SPLINE_CURVE((1.,0.707106781186547,1.))
REPRESENTATION_ITEM('')
);
#1008=(
BOUNDED_CURVE()
B_SPLINE_CURVE(2,(#1849,#1850,#1851),.UNSPECIFIED.,.F.,.F.)
B_SPLINE_CURVE_WITH_KNOTS((3,3),(340.090827442232,340.573815528526),
 .UNSPECIFIED.)
CURVE()
GEOMETRIC_REPRESENTATION_ITEM()
RATIONAL_B_SPLINE_CURVE((1.,1.,1.))
REPRESENTATION_ITEM('')
);
#1009=(
BOUNDED_CURVE()
B_SPLINE_CURVE(1,(#1852,#1853),.UNSPECIFIED.,.F.,.F.)
B_SPLINE_CURVE_WITH_KNOTS((2,2),(0.,7.50000000000004),.UNSPECIFIED.)
CURVE()
GEOMETRIC_REPRESENTATION_ITEM()
RATIONAL_B_SPLINE_CURVE((1.,1.))
REPRESENTATION_ITEM('')
);
#1010=(
BOUNDED_CURVE()
B_SPLINE_CURVE(2,(#1854,#1855,#1856),.UNSPECIFIED.,.F.,.F.)
B_SPLINE_CURVE_WITH_KNOTS((3,3),(340.090827442232,340.573815528526),
 .UNSPECIFIED.)
CURVE()
GEOMETRIC_REPRESENTATION_ITEM()
RATIONAL_B_SPLINE_CURVE((1.,1.,1.))
REPRESENTATION_ITEM('')
);
#1011=(
BOUNDED_CURVE()
B_SPLINE_CURVE(2,(#1857,#1858,#1859),.UNSPECIFIED.,.F.,.F.)
B_SPLINE_CURVE_WITH_KNOTS((3,3),(340.573815528526,342.144611855321),
 .UNSPECIFIED.)
CURVE()
GEOMETRIC_REPRESENTATION_ITEM()
RATIONAL_B_SPLINE_CURVE((1.,0.707106781186578,1.))
REPRESENTATION_ITEM('')
);
#1012=(
BOUNDED_CURVE()
B_SPLINE_CURVE(1,(#1860,#1861),.UNSPECIFIED.,.F.,.F.)
B_SPLINE_CURVE_WITH_KNOTS((2,2),(0.,7.50000000000004),.UNSPECIFIED.)
CURVE()
GEOMETRIC_REPRESENTATION_ITEM()
RATIONAL_B_SPLINE_CURVE((1.,1.))
REPRESENTATION_ITEM('')
);
#1013=(
BOUNDED_CURVE()
B_SPLINE_CURVE(2,(#1862,#1863,#1864),.UNSPECIFIED.,.F.,.F.)
B_SPLINE_CURVE_WITH_KNOTS((3,3),(340.573815528526,342.144611855321),
 .UNSPECIFIED.)
CURVE()
GEOMETRIC_REPRESENTATION_ITEM()
RATIONAL_B_SPLINE_CURVE((1.,0.707106781186578,1.))
REPRESENTATION_ITEM('')
);
#1014=(
BOUNDED_CURVE()
B_SPLINE_CURVE(2,(#1865,#1866,#1867),.UNSPECIFIED.,.F.,.F.)
B_SPLINE_CURVE_WITH_KNOTS((3,3),(342.144611855321,357.693816908244),
 .UNSPECIFIED.)
CURVE()
GEOMETRIC_REPRESENTATION_ITEM()
RATIONAL_B_SPLINE_CURVE((1.,1.,1.))
REPRESENTATION_ITEM('')
);
#1015=(
BOUNDED_CURVE()
B_SPLINE_CURVE(1,(#1868,#1869),.UNSPECIFIED.,.F.,.F.)
B_SPLINE_CURVE_WITH_KNOTS((2,2),(0.,7.50000000000002),.UNSPECIFIED.)
CURVE()
GEOMETRIC_REPRESENTATION_ITEM()
RATIONAL_B_SPLINE_CURVE((1.,1.))
REPRESENTATION_ITEM('')
);
#1016=(
BOUNDED_CURVE()
B_SPLINE_CURVE(2,(#1870,#1871,#1872),.UNSPECIFIED.,.F.,.F.)
B_SPLINE_CURVE_WITH_KNOTS((3,3),(342.144611855321,357.693816908244),
 .UNSPECIFIED.)
CURVE()
GEOMETRIC_REPRESENTATION_ITEM()
RATIONAL_B_SPLINE_CURVE((1.,1.,1.))
REPRESENTATION_ITEM('')
);
#1017=(
BOUNDED_CURVE()
B_SPLINE_CURVE(2,(#1873,#1874,#1875),.UNSPECIFIED.,.F.,.F.)
B_SPLINE_CURVE_WITH_KNOTS((3,3),(357.693816908244,359.264613235039),
 .UNSPECIFIED.)
CURVE()
GEOMETRIC_REPRESENTATION_ITEM()
RATIONAL_B_SPLINE_CURVE((1.,0.707106781186545,1.))
REPRESENTATION_ITEM('')
);
#1018=(
BOUNDED_CURVE()
B_SPLINE_CURVE(1,(#1876,#1877),.UNSPECIFIED.,.F.,.F.)
B_SPLINE_CURVE_WITH_KNOTS((2,2),(0.,7.50000000000001),.UNSPECIFIED.)
CURVE()
GEOMETRIC_REPRESENTATION_ITEM()
RATIONAL_B_SPLINE_CURVE((1.,1.))
REPRESENTATION_ITEM('')
);
#1019=(
BOUNDED_CURVE()
B_SPLINE_CURVE(2,(#1878,#1879,#1880),.UNSPECIFIED.,.F.,.F.)
B_SPLINE_CURVE_WITH_KNOTS((3,3),(357.693816908244,359.264613235039),
 .UNSPECIFIED.)
CURVE()
GEOMETRIC_REPRESENTATION_ITEM()
RATIONAL_B_SPLINE_CURVE((1.,0.707106781186545,1.))
REPRESENTATION_ITEM('')
);
#1020=(
BOUNDED_CURVE()
B_SPLINE_CURVE(2,(#1881,#1882,#1883),.UNSPECIFIED.,.F.,.F.)
B_SPLINE_CURVE_WITH_KNOTS((3,3),(359.264613235039,362.264613235039),
 .UNSPECIFIED.)
CURVE()
GEOMETRIC_REPRESENTATION_ITEM()
RATIONAL_B_SPLINE_CURVE((1.,1.,1.))
REPRESENTATION_ITEM('')
);
#1021=(
BOUNDED_CURVE()
B_SPLINE_CURVE(1,(#1884,#1885),.UNSPECIFIED.,.F.,.F.)
B_SPLINE_CURVE_WITH_KNOTS((2,2),(0.,7.50000000000002),.UNSPECIFIED.)
CURVE()
GEOMETRIC_REPRESENTATION_ITEM()
RATIONAL_B_SPLINE_CURVE((1.,1.))
REPRESENTATION_ITEM('')
);
#1022=(
BOUNDED_CURVE()
B_SPLINE_CURVE(2,(#1886,#1887,#1888),.UNSPECIFIED.,.F.,.F.)
B_SPLINE_CURVE_WITH_KNOTS((3,3),(359.264613235039,362.264613235039),
 .UNSPECIFIED.)
CURVE()
GEOMETRIC_REPRESENTATION_ITEM()
RATIONAL_B_SPLINE_CURVE((1.,1.,1.))
REPRESENTATION_ITEM('')
);
#1023=(
BOUNDED_CURVE()
B_SPLINE_CURVE(2,(#1889,#1890,#1891),.UNSPECIFIED.,.F.,.F.)
B_SPLINE_CURVE_WITH_KNOTS((3,3),(362.264613235039,363.835409561833),
 .UNSPECIFIED.)
CURVE()
GEOMETRIC_REPRESENTATION_ITEM()
RATIONAL_B_SPLINE_CURVE((1.,0.707106781186541,1.))
REPRESENTATION_ITEM('')
);
#1024=(
BOUNDED_CURVE()
B_SPLINE_CURVE(1,(#1892,#1893),.UNSPECIFIED.,.F.,.F.)
B_SPLINE_CURVE_WITH_KNOTS((2,2),(0.,7.50000000000001),.UNSPECIFIED.)
CURVE()
GEOMETRIC_REPRESENTATION_ITEM()
RATIONAL_B_SPLINE_CURVE((1.,1.))
REPRESENTATION_ITEM('')
);
#1025=(
BOUNDED_CURVE()
B_SPLINE_CURVE(2,(#1894,#1895,#1896),.UNSPECIFIED.,.F.,.F.)
B_SPLINE_CURVE_WITH_KNOTS((3,3),(362.264613235039,363.835409561833),
 .UNSPECIFIED.)
CURVE()
GEOMETRIC_REPRESENTATION_ITEM()
RATIONAL_B_SPLINE_CURVE((1.,0.707106781186541,1.))
REPRESENTATION_ITEM('')
);
#1026=(
BOUNDED_CURVE()
B_SPLINE_CURVE(2,(#1897,#1898,#1899),.UNSPECIFIED.,.F.,.F.)
B_SPLINE_CURVE_WITH_KNOTS((3,3),(363.835409561833,367.835409561833),
 .UNSPECIFIED.)
CURVE()
GEOMETRIC_REPRESENTATION_ITEM()
RATIONAL_B_SPLINE_CURVE((1.,1.,1.))
REPRESENTATION_ITEM('')
);
#1027=(
BOUNDED_CURVE()
B_SPLINE_CURVE(1,(#1900,#1901),.UNSPECIFIED.,.F.,.F.)
B_SPLINE_CURVE_WITH_KNOTS((2,2),(0.,7.5),.UNSPECIFIED.)
CURVE()
GEOMETRIC_REPRESENTATION_ITEM()
RATIONAL_B_SPLINE_CURVE((1.,1.))
REPRESENTATION_ITEM('')
);
#1028=(
BOUNDED_CURVE()
B_SPLINE_CURVE(2,(#1902,#1903,#1904),.UNSPECIFIED.,.F.,.F.)
B_SPLINE_CURVE_WITH_KNOTS((3,3),(363.835409561833,367.835409561833),
 .UNSPECIFIED.)
CURVE()
GEOMETRIC_REPRESENTATION_ITEM()
RATIONAL_B_SPLINE_CURVE((1.,1.,1.))
REPRESENTATION_ITEM('')
);
#1029=(
BOUNDED_CURVE()
B_SPLINE_CURVE(2,(#1905,#1906,#1907),.UNSPECIFIED.,.F.,.F.)
B_SPLINE_CURVE_WITH_KNOTS((3,3),(367.835409561833,369.406205888628),
 .UNSPECIFIED.)
CURVE()
GEOMETRIC_REPRESENTATION_ITEM()
RATIONAL_B_SPLINE_CURVE((1.,0.707106781186548,1.))
REPRESENTATION_ITEM('')
);
#1030=(
BOUNDED_CURVE()
B_SPLINE_CURVE(2,(#1908,#1909,#1910),.UNSPECIFIED.,.F.,.F.)
B_SPLINE_CURVE_WITH_KNOTS((3,3),(367.835409561833,369.406205888628),
 .UNSPECIFIED.)
CURVE()
GEOMETRIC_REPRESENTATION_ITEM()
RATIONAL_B_SPLINE_CURVE((1.,0.707106781186548,1.))
REPRESENTATION_ITEM('')
);
#1031=(
BOUNDED_CURVE()
B_SPLINE_CURVE(2,(#1911,#1912,#1913,#1914,#1915,#1916,#1917,#1918,#1919),
 .UNSPECIFIED.,.T.,.F.)
B_SPLINE_CURVE_WITH_KNOTS((3,2,2,2,3),(-10.3672557568463,-7.77544181763474,
-5.18362787842316,-2.59181393921158,0.),.UNSPECIFIED.)
CURVE()
GEOMETRIC_REPRESENTATION_ITEM()
RATIONAL_B_SPLINE_CURVE((1.,0.707106781186548,1.,0.707106781186548,1.,0.707106781186548,
1.,0.707106781186548,1.))
REPRESENTATION_ITEM('')
);
#1032=(
BOUNDED_CURVE()
B_SPLINE_CURVE(2,(#1920,#1921,#1922,#1923,#1924,#1925,#1926,#1927,#1928),
 .UNSPECIFIED.,.T.,.F.)
B_SPLINE_CURVE_WITH_KNOTS((3,2,2,2,3),(-10.3672557568463,-7.77544181763474,
-5.18362787842316,-2.59181393921158,0.),.UNSPECIFIED.)
CURVE()
GEOMETRIC_REPRESENTATION_ITEM()
RATIONAL_B_SPLINE_CURVE((1.,0.707106781186548,1.,0.707106781186548,1.,0.707106781186548,
1.,0.707106781186548,1.))
REPRESENTATION_ITEM('')
);
#1033=(
BOUNDED_CURVE()
B_SPLINE_CURVE(1,(#1929,#1930),.UNSPECIFIED.,.F.,.F.)
B_SPLINE_CURVE_WITH_KNOTS((2,2),(4.00000000000001,10.),.UNSPECIFIED.)
CURVE()
GEOMETRIC_REPRESENTATION_ITEM()
RATIONAL_B_SPLINE_CURVE((1.,1.))
REPRESENTATION_ITEM('')
);
#1034=(
BOUNDED_CURVE()
B_SPLINE_CURVE(2,(#1931,#1932,#1933,#1934,#1935,#1936,#1937,#1938,#1939),
 .UNSPECIFIED.,.T.,.F.)
B_SPLINE_CURVE_WITH_KNOTS((3,2,2,2,3),(-10.3672557568463,-7.77544181763474,
-5.18362787842316,-2.59181393921158,0.),.UNSPECIFIED.)
CURVE()
GEOMETRIC_REPRESENTATION_ITEM()
RATIONAL_B_SPLINE_CURVE((1.,0.707106781186548,1.,0.707106781186548,1.,0.707106781186548,
1.,0.707106781186548,1.))
REPRESENTATION_ITEM('')
);
#1035=(
BOUNDED_CURVE()
B_SPLINE_CURVE(2,(#1940,#1941,#1942,#1943,#1944,#1945,#1946,#1947,#1948),
 .UNSPECIFIED.,.T.,.F.)
B_SPLINE_CURVE_WITH_KNOTS((3,2,2,2,3),(0.,2.59181393921158,5.18362787842316,
7.77544181763474,10.3672557568463),.UNSPECIFIED.)
CURVE()
GEOMETRIC_REPRESENTATION_ITEM()
RATIONAL_B_SPLINE_CURVE((1.,0.707106781186548,1.,0.707106781186548,1.,0.707106781186548,
1.,0.707106781186548,1.))
REPRESENTATION_ITEM('')
);
#1036=(
BOUNDED_CURVE()
B_SPLINE_CURVE(2,(#1949,#1950,#1951,#1952,#1953,#1954,#1955,#1956,#1957),
 .UNSPECIFIED.,.T.,.F.)
B_SPLINE_CURVE_WITH_KNOTS((3,2,2,2,3),(-10.3672557568463,-7.77544181763474,
-5.18362787842316,-2.59181393921158,0.),.UNSPECIFIED.)
CURVE()
GEOMETRIC_REPRESENTATION_ITEM()
RATIONAL_B_SPLINE_CURVE((1.,0.707106781186548,1.,0.707106781186548,1.,0.707106781186548,
1.,0.707106781186548,1.))
REPRESENTATION_ITEM('')
);
#1037=(
BOUNDED_CURVE()
B_SPLINE_CURVE(2,(#1958,#1959,#1960,#1961,#1962,#1963,#1964,#1965,#1966),
 .UNSPECIFIED.,.T.,.F.)
B_SPLINE_CURVE_WITH_KNOTS((3,2,2,2,3),(0.,2.59181393921158,5.18362787842316,
7.77544181763474,10.3672557568463),.UNSPECIFIED.)
CURVE()
GEOMETRIC_REPRESENTATION_ITEM()
RATIONAL_B_SPLINE_CURVE((1.,0.707106781186548,1.,0.707106781186548,1.,0.707106781186548,
1.,0.707106781186548,1.))
REPRESENTATION_ITEM('')
);
#1038=(
BOUNDED_CURVE()
B_SPLINE_CURVE(1,(#1967,#1968),.UNSPECIFIED.,.F.,.F.)
B_SPLINE_CURVE_WITH_KNOTS((2,2),(20.,26.),.UNSPECIFIED.)
CURVE()
GEOMETRIC_REPRESENTATION_ITEM()
RATIONAL_B_SPLINE_CURVE((1.,1.))
REPRESENTATION_ITEM('')
);
#1039=(
BOUNDED_CURVE()
B_SPLINE_CURVE(1,(#1969,#1970),.UNSPECIFIED.,.F.,.F.)
B_SPLINE_CURVE_WITH_KNOTS((2,2),(15.,17.),.UNSPECIFIED.)
CURVE()
GEOMETRIC_REPRESENTATION_ITEM()
RATIONAL_B_SPLINE_CURVE((1.,1.))
REPRESENTATION_ITEM('')
);
#1040=(
BOUNDED_CURVE()
B_SPLINE_CURVE(2,(#1971,#1972,#1973,#1974,#1975,#1976,#1977,#1978,#1979),
 .UNSPECIFIED.,.T.,.F.)
B_SPLINE_CURVE_WITH_KNOTS((3,2,2,2,3),(-10.3672557568463,-7.77544181763474,
-5.18362787842316,-2.59181393921158,0.),.UNSPECIFIED.)
CURVE()
GEOMETRIC_REPRESENTATION_ITEM()
RATIONAL_B_SPLINE_CURVE((1.,0.707106781186548,1.,0.707106781186548,1.,0.707106781186548,
1.,0.707106781186548,1.))
REPRESENTATION_ITEM('')
);
#1041=(
BOUNDED_CURVE()
B_SPLINE_CURVE(2,(#1980,#1981,#1982,#1983,#1984,#1985,#1986,#1987,#1988),
 .UNSPECIFIED.,.T.,.F.)
B_SPLINE_CURVE_WITH_KNOTS((3,2,2,2,3),(0.,2.59181393921158,5.18362787842316,
7.77544181763474,10.3672557568463),.UNSPECIFIED.)
CURVE()
GEOMETRIC_REPRESENTATION_ITEM()
RATIONAL_B_SPLINE_CURVE((1.,0.707106781186548,1.,0.707106781186548,1.,0.707106781186548,
1.,0.707106781186548,1.))
REPRESENTATION_ITEM('')
);
#1042=(
BOUNDED_CURVE()
B_SPLINE_CURVE(2,(#1989,#1990,#1991,#1992,#1993,#1994,#1995,#1996,#1997),
 .UNSPECIFIED.,.T.,.F.)
B_SPLINE_CURVE_WITH_KNOTS((3,2,2,2,3),(-10.3672557568463,-7.77544181763474,
-5.18362787842316,-2.59181393921158,0.),.UNSPECIFIED.)
CURVE()
GEOMETRIC_REPRESENTATION_ITEM()
RATIONAL_B_SPLINE_CURVE((1.,0.707106781186548,1.,0.707106781186548,1.,0.707106781186548,
1.,0.707106781186548,1.))
REPRESENTATION_ITEM('')
);
#1043=(
BOUNDED_CURVE()
B_SPLINE_CURVE(2,(#1998,#1999,#2000,#2001,#2002,#2003,#2004,#2005,#2006),
 .UNSPECIFIED.,.T.,.F.)
B_SPLINE_CURVE_WITH_KNOTS((3,2,2,2,3),(0.,2.59181393921158,5.18362787842316,
7.77544181763474,10.3672557568463),.UNSPECIFIED.)
CURVE()
GEOMETRIC_REPRESENTATION_ITEM()
RATIONAL_B_SPLINE_CURVE((1.,0.707106781186548,1.,0.707106781186548,1.,0.707106781186548,
1.,0.707106781186548,1.))
REPRESENTATION_ITEM('')
);
#1044=(
BOUNDED_CURVE()
B_SPLINE_CURVE(1,(#2007,#2008),.UNSPECIFIED.,.F.,.F.)
B_SPLINE_CURVE_WITH_KNOTS((2,2),(20.,26.),.UNSPECIFIED.)
CURVE()
GEOMETRIC_REPRESENTATION_ITEM()
RATIONAL_B_SPLINE_CURVE((1.,1.))
REPRESENTATION_ITEM('')
);
#1045=(
BOUNDED_CURVE()
B_SPLINE_CURVE(1,(#2009,#2010),.UNSPECIFIED.,.F.,.F.)
B_SPLINE_CURVE_WITH_KNOTS((2,2),(15.,17.),.UNSPECIFIED.)
CURVE()
GEOMETRIC_REPRESENTATION_ITEM()
RATIONAL_B_SPLINE_CURVE((1.,1.))
REPRESENTATION_ITEM('')
);
#1046=(
BOUNDED_CURVE()
B_SPLINE_CURVE(2,(#2011,#2012,#2013,#2014,#2015,#2016,#2017,#2018,#2019),
 .UNSPECIFIED.,.T.,.F.)
B_SPLINE_CURVE_WITH_KNOTS((3,2,2,2,3),(0.,2.59181393921158,5.18362787842316,
7.77544181763474,10.3672557568463),.UNSPECIFIED.)
CURVE()
GEOMETRIC_REPRESENTATION_ITEM()
RATIONAL_B_SPLINE_CURVE((1.,0.707106781186548,1.,0.707106781186548,1.,0.707106781186548,
1.,0.707106781186548,1.))
REPRESENTATION_ITEM('')
);
#1047=(
BOUNDED_CURVE()
B_SPLINE_CURVE(2,(#2020,#2021,#2022,#2023,#2024,#2025,#2026,#2027,#2028),
 .UNSPECIFIED.,.T.,.F.)
B_SPLINE_CURVE_WITH_KNOTS((3,2,2,2,3),(-10.3672557568463,-7.77544181763474,
-5.18362787842316,-2.59181393921158,0.),.UNSPECIFIED.)
CURVE()
GEOMETRIC_REPRESENTATION_ITEM()
RATIONAL_B_SPLINE_CURVE((1.,0.707106781186548,1.,0.707106781186548,1.,0.707106781186548,
1.,0.707106781186548,1.))
REPRESENTATION_ITEM('')
);
#1048=(
BOUNDED_CURVE()
B_SPLINE_CURVE(2,(#2029,#2030,#2031,#2032,#2033,#2034,#2035,#2036,#2037),
 .UNSPECIFIED.,.T.,.F.)
B_SPLINE_CURVE_WITH_KNOTS((3,2,2,2,3),(0.,2.59181393921158,5.18362787842316,
7.77544181763474,10.3672557568463),.UNSPECIFIED.)
CURVE()
GEOMETRIC_REPRESENTATION_ITEM()
RATIONAL_B_SPLINE_CURVE((1.,0.707106781186548,1.,0.707106781186548,1.,0.707106781186548,
1.,0.707106781186548,1.))
REPRESENTATION_ITEM('')
);
#1049=(
BOUNDED_CURVE()
B_SPLINE_CURVE(2,(#2038,#2039,#2040,#2041,#2042,#2043,#2044,#2045,#2046),
 .UNSPECIFIED.,.T.,.F.)
B_SPLINE_CURVE_WITH_KNOTS((3,2,2,2,3),(-10.3672557568463,-7.77544181763474,
-5.18362787842316,-2.59181393921158,0.),.UNSPECIFIED.)
CURVE()
GEOMETRIC_REPRESENTATION_ITEM()
RATIONAL_B_SPLINE_CURVE((1.,0.707106781186548,1.,0.707106781186548,1.,0.707106781186548,
1.,0.707106781186548,1.))
REPRESENTATION_ITEM('')
);
#1050=(
BOUNDED_CURVE()
B_SPLINE_CURVE(1,(#2047,#2048),.UNSPECIFIED.,.F.,.F.)
B_SPLINE_CURVE_WITH_KNOTS((2,2),(20.,27.),.UNSPECIFIED.)
CURVE()
GEOMETRIC_REPRESENTATION_ITEM()
RATIONAL_B_SPLINE_CURVE((1.,1.))
REPRESENTATION_ITEM('')
);
#1051=(
BOUNDED_CURVE()
B_SPLINE_CURVE(1,(#2049,#2050),.UNSPECIFIED.,.F.,.F.)
B_SPLINE_CURVE_WITH_KNOTS((2,2),(15.,17.),.UNSPECIFIED.)
CURVE()
GEOMETRIC_REPRESENTATION_ITEM()
RATIONAL_B_SPLINE_CURVE((1.,1.))
REPRESENTATION_ITEM('')
);
#1052=(
BOUNDED_CURVE()
B_SPLINE_CURVE(2,(#2051,#2052,#2053,#2054,#2055,#2056,#2057,#2058,#2059),
 .UNSPECIFIED.,.T.,.F.)
B_SPLINE_CURVE_WITH_KNOTS((3,2,2,2,3),(0.,2.59181393921158,5.18362787842316,
7.77544181763474,10.3672557568463),.UNSPECIFIED.)
CURVE()
GEOMETRIC_REPRESENTATION_ITEM()
RATIONAL_B_SPLINE_CURVE((1.,0.707106781186548,1.,0.707106781186548,1.,0.707106781186548,
1.,0.707106781186548,1.))
REPRESENTATION_ITEM('')
);
#1053=(
BOUNDED_CURVE()
B_SPLINE_CURVE(2,(#2060,#2061,#2062,#2063,#2064,#2065,#2066,#2067,#2068),
 .UNSPECIFIED.,.T.,.F.)
B_SPLINE_CURVE_WITH_KNOTS((3,2,2,2,3),(-10.3672557568463,-7.77544181763474,
-5.18362787842316,-2.59181393921158,0.),.UNSPECIFIED.)
CURVE()
GEOMETRIC_REPRESENTATION_ITEM()
RATIONAL_B_SPLINE_CURVE((1.,0.707106781186548,1.,0.707106781186548,1.,0.707106781186548,
1.,0.707106781186548,1.))
REPRESENTATION_ITEM('')
);
#1054=(
BOUNDED_CURVE()
B_SPLINE_CURVE(2,(#2069,#2070,#2071,#2072,#2073,#2074,#2075,#2076,#2077),
 .UNSPECIFIED.,.T.,.F.)
B_SPLINE_CURVE_WITH_KNOTS((3,2,2,2,3),(0.,2.59181393921158,5.18362787842316,
7.77544181763474,10.3672557568463),.UNSPECIFIED.)
CURVE()
GEOMETRIC_REPRESENTATION_ITEM()
RATIONAL_B_SPLINE_CURVE((1.,0.707106781186548,1.,0.707106781186548,1.,0.707106781186548,
1.,0.707106781186548,1.))
REPRESENTATION_ITEM('')
);
#1055=(
BOUNDED_CURVE()
B_SPLINE_CURVE(2,(#2078,#2079,#2080,#2081,#2082,#2083,#2084,#2085,#2086),
 .UNSPECIFIED.,.T.,.F.)
B_SPLINE_CURVE_WITH_KNOTS((3,2,2,2,3),(-10.3672557568463,-7.77544181763474,
-5.18362787842316,-2.59181393921158,0.),.UNSPECIFIED.)
CURVE()
GEOMETRIC_REPRESENTATION_ITEM()
RATIONAL_B_SPLINE_CURVE((1.,0.707106781186548,1.,0.707106781186548,1.,0.707106781186548,
1.,0.707106781186548,1.))
REPRESENTATION_ITEM('')
);
#1056=(
BOUNDED_CURVE()
B_SPLINE_CURVE(1,(#2087,#2088),.UNSPECIFIED.,.F.,.F.)
B_SPLINE_CURVE_WITH_KNOTS((2,2),(20.,27.),.UNSPECIFIED.)
CURVE()
GEOMETRIC_REPRESENTATION_ITEM()
RATIONAL_B_SPLINE_CURVE((1.,1.))
REPRESENTATION_ITEM('')
);
#1057=(
BOUNDED_CURVE()
B_SPLINE_CURVE(1,(#2089,#2090),.UNSPECIFIED.,.F.,.F.)
B_SPLINE_CURVE_WITH_KNOTS((2,2),(15.,17.),.UNSPECIFIED.)
CURVE()
GEOMETRIC_REPRESENTATION_ITEM()
RATIONAL_B_SPLINE_CURVE((1.,1.))
REPRESENTATION_ITEM('')
);
#1058=(
BOUNDED_CURVE()
B_SPLINE_CURVE(2,(#2091,#2092,#2093),.UNSPECIFIED.,.F.,.F.)
B_SPLINE_CURVE_WITH_KNOTS((3,3),(-267.210436607214,-251.661231554293),
 .UNSPECIFIED.)
CURVE()
GEOMETRIC_REPRESENTATION_ITEM()
RATIONAL_B_SPLINE_CURVE((1.,1.,1.))
REPRESENTATION_ITEM('')
);
#1059=(
BOUNDED_CURVE()
B_SPLINE_CURVE(2,(#2094,#2095,#2096),.UNSPECIFIED.,.F.,.F.)
B_SPLINE_CURVE_WITH_KNOTS((3,3),(-267.210436607214,-251.661231554293),
 .UNSPECIFIED.)
CURVE()
GEOMETRIC_REPRESENTATION_ITEM()
RATIONAL_B_SPLINE_CURVE((1.,1.,1.))
REPRESENTATION_ITEM('')
);
#1060=(
BOUNDED_CURVE()
B_SPLINE_CURVE(2,(#2097,#2098,#2099),.UNSPECIFIED.,.F.,.F.)
B_SPLINE_CURVE_WITH_KNOTS((3,3),(-268.781232934009,-267.210436607214),
 .UNSPECIFIED.)
CURVE()
GEOMETRIC_REPRESENTATION_ITEM()
RATIONAL_B_SPLINE_CURVE((1.,0.707106781186565,1.))
REPRESENTATION_ITEM('')
);
#1061=(
BOUNDED_CURVE()
B_SPLINE_CURVE(2,(#2100,#2101,#2102),.UNSPECIFIED.,.F.,.F.)
B_SPLINE_CURVE_WITH_KNOTS((3,3),(-268.781232934009,-267.210436607214),
 .UNSPECIFIED.)
CURVE()
GEOMETRIC_REPRESENTATION_ITEM()
RATIONAL_B_SPLINE_CURVE((1.,0.707106781186541,1.))
REPRESENTATION_ITEM('')
);
#1062=(
BOUNDED_CURVE()
B_SPLINE_CURVE(1,(#2103,#2104),.UNSPECIFIED.,.F.,.F.)
B_SPLINE_CURVE_WITH_KNOTS((2,2),(0.,3.),.UNSPECIFIED.)
CURVE()
GEOMETRIC_REPRESENTATION_ITEM()
RATIONAL_B_SPLINE_CURVE((1.,1.))
REPRESENTATION_ITEM('')
);
#1063=(
BOUNDED_CURVE()
B_SPLINE_CURVE(2,(#2105,#2106,#2107),.UNSPECIFIED.,.F.,.F.)
B_SPLINE_CURVE_WITH_KNOTS((3,3),(-268.974428168526,-268.781232934009),
 .UNSPECIFIED.)
CURVE()
GEOMETRIC_REPRESENTATION_ITEM()
RATIONAL_B_SPLINE_CURVE((1.,1.,1.))
REPRESENTATION_ITEM('')
);
#1064=(
BOUNDED_CURVE()
B_SPLINE_CURVE(2,(#2108,#2109,#2110),.UNSPECIFIED.,.F.,.F.)
B_SPLINE_CURVE_WITH_KNOTS((3,3),(-268.974428168526,-268.781232934009),
 .UNSPECIFIED.)
CURVE()
GEOMETRIC_REPRESENTATION_ITEM()
RATIONAL_B_SPLINE_CURVE((1.,1.,1.))
REPRESENTATION_ITEM('')
);
#1065=(
BOUNDED_CURVE()
B_SPLINE_CURVE(1,(#2111,#2112),.UNSPECIFIED.,.F.,.F.)
B_SPLINE_CURVE_WITH_KNOTS((2,2),(0.,3.),.UNSPECIFIED.)
CURVE()
GEOMETRIC_REPRESENTATION_ITEM()
RATIONAL_B_SPLINE_CURVE((1.,1.))
REPRESENTATION_ITEM('')
);
#1066=(
BOUNDED_CURVE()
B_SPLINE_CURVE(2,(#2113,#2114,#2115),.UNSPECIFIED.,.F.,.F.)
B_SPLINE_CURVE_WITH_KNOTS((3,3),(-342.144611855321,-340.573815528526),
 .UNSPECIFIED.)
CURVE()
GEOMETRIC_REPRESENTATION_ITEM()
RATIONAL_B_SPLINE_CURVE((1.,0.707106781186564,1.))
REPRESENTATION_ITEM('')
);
#1067=(
BOUNDED_CURVE()
B_SPLINE_CURVE(2,(#2116,#2117,#2118),.UNSPECIFIED.,.F.,.F.)
B_SPLINE_CURVE_WITH_KNOTS((3,3),(-342.144611855321,-340.573815528526),
 .UNSPECIFIED.)
CURVE()
GEOMETRIC_REPRESENTATION_ITEM()
RATIONAL_B_SPLINE_CURVE((1.,0.707106781186557,1.))
REPRESENTATION_ITEM('')
);
#1068=(
BOUNDED_CURVE()
B_SPLINE_CURVE(2,(#2119,#2120,#2121),.UNSPECIFIED.,.F.,.F.)
B_SPLINE_CURVE_WITH_KNOTS((3,3),(-359.264613235039,-357.693816908244),
 .UNSPECIFIED.)
CURVE()
GEOMETRIC_REPRESENTATION_ITEM()
RATIONAL_B_SPLINE_CURVE((1.,0.707106781186537,1.))
REPRESENTATION_ITEM('')
);
#1069=(
BOUNDED_CURVE()
B_SPLINE_CURVE(2,(#2122,#2123,#2124),.UNSPECIFIED.,.F.,.F.)
B_SPLINE_CURVE_WITH_KNOTS((3,3),(-359.264613235039,-357.693816908244),
 .UNSPECIFIED.)
CURVE()
GEOMETRIC_REPRESENTATION_ITEM()
RATIONAL_B_SPLINE_CURVE((1.,0.707106781186526,1.))
REPRESENTATION_ITEM('')
);
#1070=(
BOUNDED_CURVE()
B_SPLINE_CURVE(2,(#2125,#2126,#2127),.UNSPECIFIED.,.F.,.F.)
B_SPLINE_CURVE_WITH_KNOTS((3,3),(-362.264613235039,-359.264613235039),
 .UNSPECIFIED.)
CURVE()
GEOMETRIC_REPRESENTATION_ITEM()
RATIONAL_B_SPLINE_CURVE((1.,1.,1.))
REPRESENTATION_ITEM('')
);
#1071=(
BOUNDED_CURVE()
B_SPLINE_CURVE(2,(#2128,#2129,#2130),.UNSPECIFIED.,.F.,.F.)
B_SPLINE_CURVE_WITH_KNOTS((3,3),(-362.264613235039,-359.264613235039),
 .UNSPECIFIED.)
CURVE()
GEOMETRIC_REPRESENTATION_ITEM()
RATIONAL_B_SPLINE_CURVE((1.,1.,1.))
REPRESENTATION_ITEM('')
);
#1072=(
BOUNDED_CURVE()
B_SPLINE_CURVE(2,(#2131,#2132,#2133),.UNSPECIFIED.,.F.,.F.)
B_SPLINE_CURVE_WITH_KNOTS((3,3),(-363.835409561833,-362.264613235039),
 .UNSPECIFIED.)
CURVE()
GEOMETRIC_REPRESENTATION_ITEM()
RATIONAL_B_SPLINE_CURVE((1.,0.707106781186546,1.))
REPRESENTATION_ITEM('')
);
#1073=(
BOUNDED_CURVE()
B_SPLINE_CURVE(2,(#2134,#2135,#2136),.UNSPECIFIED.,.F.,.F.)
B_SPLINE_CURVE_WITH_KNOTS((3,3),(-363.835409561833,-362.264613235039),
 .UNSPECIFIED.)
CURVE()
GEOMETRIC_REPRESENTATION_ITEM()
RATIONAL_B_SPLINE_CURVE((1.,0.707106781186543,1.))
REPRESENTATION_ITEM('')
);
#1074=(
BOUNDED_CURVE()
B_SPLINE_CURVE(1,(#2137,#2138),.UNSPECIFIED.,.F.,.F.)
B_SPLINE_CURVE_WITH_KNOTS((2,2),(10.5,18.),.UNSPECIFIED.)
CURVE()
GEOMETRIC_REPRESENTATION_ITEM()
RATIONAL_B_SPLINE_CURVE((1.,1.))
REPRESENTATION_ITEM('')
);
#1075=(
BOUNDED_CURVE()
B_SPLINE_CURVE(1,(#2139,#2140),.UNSPECIFIED.,.F.,.F.)
B_SPLINE_CURVE_WITH_KNOTS((2,2),(10.5,18.),.UNSPECIFIED.)
CURVE()
GEOMETRIC_REPRESENTATION_ITEM()
RATIONAL_B_SPLINE_CURVE((1.,1.))
REPRESENTATION_ITEM('')
);
#1076=(
BOUNDED_CURVE()
B_SPLINE_CURVE(1,(#2141,#2142),.UNSPECIFIED.,.F.,.F.)
B_SPLINE_CURVE_WITH_KNOTS((2,2),(10.5,18.),.UNSPECIFIED.)
CURVE()
GEOMETRIC_REPRESENTATION_ITEM()
RATIONAL_B_SPLINE_CURVE((1.,1.))
REPRESENTATION_ITEM('')
);
#1077=(
BOUNDED_CURVE()
B_SPLINE_CURVE(1,(#2143,#2144),.UNSPECIFIED.,.F.,.F.)
B_SPLINE_CURVE_WITH_KNOTS((2,2),(10.5,18.),.UNSPECIFIED.)
CURVE()
GEOMETRIC_REPRESENTATION_ITEM()
RATIONAL_B_SPLINE_CURVE((1.,1.))
REPRESENTATION_ITEM('')
);
#1078=(
BOUNDED_CURVE()
B_SPLINE_CURVE(1,(#2145,#2146),.UNSPECIFIED.,.F.,.F.)
B_SPLINE_CURVE_WITH_KNOTS((2,2),(10.5,18.),.UNSPECIFIED.)
CURVE()
GEOMETRIC_REPRESENTATION_ITEM()
RATIONAL_B_SPLINE_CURVE((1.,1.))
REPRESENTATION_ITEM('')
);
#1079=(
BOUNDED_CURVE()
B_SPLINE_CURVE(1,(#2147,#2148),.UNSPECIFIED.,.F.,.F.)
B_SPLINE_CURVE_WITH_KNOTS((2,2),(10.5,18.),.UNSPECIFIED.)
CURVE()
GEOMETRIC_REPRESENTATION_ITEM()
RATIONAL_B_SPLINE_CURVE((1.,1.))
REPRESENTATION_ITEM('')
);
#1080=(
BOUNDED_CURVE()
B_SPLINE_CURVE(1,(#2149,#2150),.UNSPECIFIED.,.F.,.F.)
B_SPLINE_CURVE_WITH_KNOTS((2,2),(10.5,18.),.UNSPECIFIED.)
CURVE()
GEOMETRIC_REPRESENTATION_ITEM()
RATIONAL_B_SPLINE_CURVE((1.,1.))
REPRESENTATION_ITEM('')
);
#1081=(
BOUNDED_CURVE()
B_SPLINE_CURVE(1,(#2151,#2152),.UNSPECIFIED.,.F.,.F.)
B_SPLINE_CURVE_WITH_KNOTS((2,2),(10.5,18.),.UNSPECIFIED.)
CURVE()
GEOMETRIC_REPRESENTATION_ITEM()
RATIONAL_B_SPLINE_CURVE((1.,1.))
REPRESENTATION_ITEM('')
);
#1082=(
BOUNDED_CURVE()
B_SPLINE_CURVE(1,(#2153,#2154),.UNSPECIFIED.,.F.,.F.)
B_SPLINE_CURVE_WITH_KNOTS((2,2),(10.5,18.),.UNSPECIFIED.)
CURVE()
GEOMETRIC_REPRESENTATION_ITEM()
RATIONAL_B_SPLINE_CURVE((1.,1.))
REPRESENTATION_ITEM('')
);
#1083=(
BOUNDED_CURVE()
B_SPLINE_CURVE(1,(#2155,#2156),.UNSPECIFIED.,.F.,.F.)
B_SPLINE_CURVE_WITH_KNOTS((2,2),(12.4,18.4),.UNSPECIFIED.)
CURVE()
GEOMETRIC_REPRESENTATION_ITEM()
RATIONAL_B_SPLINE_CURVE((1.,1.))
REPRESENTATION_ITEM('')
);
#1084=(
BOUNDED_CURVE()
B_SPLINE_CURVE(1,(#2163,#2164),.UNSPECIFIED.,.F.,.F.)
B_SPLINE_CURVE_WITH_KNOTS((2,2),(10.5,18.),.UNSPECIFIED.)
CURVE()
GEOMETRIC_REPRESENTATION_ITEM()
RATIONAL_B_SPLINE_CURVE((1.,1.))
REPRESENTATION_ITEM('')
);
#1085=(
BOUNDED_CURVE()
B_SPLINE_CURVE(2,(#2165,#2166,#2167,#2168,#2169,#2170,#2171),
 .UNSPECIFIED.,.F.,.F.)
B_SPLINE_CURVE_WITH_KNOTS((3,2,2,3),(-357.693816908244,-350.148631218613,
-347.912563241114,-344.254678814711),.UNSPECIFIED.)
CURVE()
GEOMETRIC_REPRESENTATION_ITEM()
RATIONAL_B_SPLINE_CURVE((1.,1.,1.,1.,1.,1.,1.))
REPRESENTATION_ITEM('')
);
#1086=(
BOUNDED_CURVE()
B_SPLINE_CURVE(2,(#2172,#2173,#2174,#2175,#2176,#2177,#2178),
 .UNSPECIFIED.,.F.,.F.)
B_SPLINE_CURVE_WITH_KNOTS((3,2,2,3),(-357.693816908244,-350.148631218614,
-347.912563241114,-344.254678814711),.UNSPECIFIED.)
CURVE()
GEOMETRIC_REPRESENTATION_ITEM()
RATIONAL_B_SPLINE_CURVE((1.,1.,1.,1.,1.,1.,1.))
REPRESENTATION_ITEM('')
);
#1087=(
BOUNDED_CURVE()
B_SPLINE_CURVE(2,(#2179,#2180,#2181,#2182,#2183),.UNSPECIFIED.,.F.,.F.)
B_SPLINE_CURVE_WITH_KNOTS((3,2,3),(29.0000000000004,31.5000000000004,33.0000000000004),
 .UNSPECIFIED.)
CURVE()
GEOMETRIC_REPRESENTATION_ITEM()
RATIONAL_B_SPLINE_CURVE((1.,1.,1.,1.,1.))
REPRESENTATION_ITEM('')
);
#1088=(
BOUNDED_CURVE()
B_SPLINE_CURVE(2,(#2184,#2185,#2186,#2187,#2188),.UNSPECIFIED.,.F.,.F.)
B_SPLINE_CURVE_WITH_KNOTS((3,2,3),(-367.835409561833,-365.335409561833,
-363.835409561833),.UNSPECIFIED.)
CURVE()
GEOMETRIC_REPRESENTATION_ITEM()
RATIONAL_B_SPLINE_CURVE((1.,1.,1.,1.,1.))
REPRESENTATION_ITEM('')
);
#1089=(
BOUNDED_CURVE()
B_SPLINE_CURVE(2,(#2189,#2190,#2191,#2192,#2193),.UNSPECIFIED.,.F.,.F.)
B_SPLINE_CURVE_WITH_KNOTS((3,2,3),(-369.406205888628,-368.371178936595,
-367.835409561833),.UNSPECIFIED.)
CURVE()
GEOMETRIC_REPRESENTATION_ITEM()
RATIONAL_B_SPLINE_CURVE((1.,0.866025403784452,1.,0.965925826289107,1.))
REPRESENTATION_ITEM('')
);
#1090=(
BOUNDED_CURVE()
B_SPLINE_CURVE(2,(#2194,#2195,#2196,#2197,#2198),.UNSPECIFIED.,.F.,.F.)
B_SPLINE_CURVE_WITH_KNOTS((3,2,3),(-369.406205888628,-368.371178936595,
-367.835409561833),.UNSPECIFIED.)
CURVE()
GEOMETRIC_REPRESENTATION_ITEM()
RATIONAL_B_SPLINE_CURVE((1.,0.866025403784447,1.,0.965925826289114,1.))
REPRESENTATION_ITEM('')
);
#1091=(
BOUNDED_CURVE()
B_SPLINE_CURVE(2,(#2199,#2200,#2201,#2202,#2203,#2204,#2205,#2206,#2207,
#2208,#2209,#2210,#2211,#2212,#2213),.UNSPECIFIED.,.T.,.F.)
B_SPLINE_CURVE_WITH_KNOTS((3,2,2,2,2,2,2,3),(-10.3672557568463,-9.63370902609217,
-7.77544181763474,-5.9171746091773,-4.43788095688299,-2.95858730458867,
-1.47929365229436,-4.44089209850063E-14),.UNSPECIFIED.)
CURVE()
GEOMETRIC_REPRESENTATION_ITEM()
RATIONAL_B_SPLINE_CURVE((1.,0.977008420918396,1.,0.841604951996654,1.,0.841604951996654,
1.,0.902002157894525,1.,0.902002157894525,1.,0.902002157894525,1.,0.902002157894525,
1.))
REPRESENTATION_ITEM('')
);
#1092=(
BOUNDED_CURVE()
B_SPLINE_CURVE(2,(#2214,#2215,#2216,#2217,#2218,#2219,#2220,#2221,#2222,
#2223,#2224,#2225,#2226,#2227,#2228),.UNSPECIFIED.,.T.,.F.)
B_SPLINE_CURVE_WITH_KNOTS((3,2,2,2,2,2,2,3),(-10.3672557568463,-9.63370902609217,
-7.77544181763463,-5.91717460917709,-4.43788095688278,-2.95858730458846,
-1.47929365229415,1.67865721323324E-13),.UNSPECIFIED.)
CURVE()
GEOMETRIC_REPRESENTATION_ITEM()
RATIONAL_B_SPLINE_CURVE((1.,0.977008420918389,1.,0.841604951996634,1.,0.841604951996634,
1.,0.902002157894529,1.,0.902002157894529,1.,0.902002157894529,1.,0.902002157894529,
1.))
REPRESENTATION_ITEM('')
);
#1093=(
BOUNDED_CURVE()
B_SPLINE_CURVE(2,(#2313,#2314,#2315),.UNSPECIFIED.,.F.,.F.)
B_SPLINE_CURVE_WITH_KNOTS((3,3),(125.895574287564,135.495574287564),
 .UNSPECIFIED.)
CURVE()
GEOMETRIC_REPRESENTATION_ITEM()
RATIONAL_B_SPLINE_CURVE((1.,1.,1.))
REPRESENTATION_ITEM('')
);
#1094=(
BOUNDED_CURVE()
B_SPLINE_CURVE(1,(#2316,#2317),.UNSPECIFIED.,.F.,.F.)
B_SPLINE_CURVE_WITH_KNOTS((2,2),(0.,8.),.UNSPECIFIED.)
CURVE()
GEOMETRIC_REPRESENTATION_ITEM()
RATIONAL_B_SPLINE_CURVE((1.,1.))
REPRESENTATION_ITEM('')
);
#1095=(
BOUNDED_CURVE()
B_SPLINE_CURVE(2,(#2318,#2319,#2320),.UNSPECIFIED.,.F.,.F.)
B_SPLINE_CURVE_WITH_KNOTS((3,3),(125.895574287564,135.495574287564),
 .UNSPECIFIED.)
CURVE()
GEOMETRIC_REPRESENTATION_ITEM()
RATIONAL_B_SPLINE_CURVE((1.,1.,1.))
REPRESENTATION_ITEM('')
);
#1096=(
BOUNDED_CURVE()
B_SPLINE_CURVE(1,(#2321,#2322),.UNSPECIFIED.,.F.,.F.)
B_SPLINE_CURVE_WITH_KNOTS((2,2),(0.,8.),.UNSPECIFIED.)
CURVE()
GEOMETRIC_REPRESENTATION_ITEM()
RATIONAL_B_SPLINE_CURVE((1.,1.))
REPRESENTATION_ITEM('')
);
#1097=(
BOUNDED_CURVE()
B_SPLINE_CURVE(2,(#2323,#2324,#2325),.UNSPECIFIED.,.F.,.F.)
B_SPLINE_CURVE_WITH_KNOTS((3,3),(135.495574287564,143.349555921539),
 .UNSPECIFIED.)
CURVE()
GEOMETRIC_REPRESENTATION_ITEM()
RATIONAL_B_SPLINE_CURVE((1.,0.707106781186548,1.))
REPRESENTATION_ITEM('')
);
#1098=(
BOUNDED_CURVE()
B_SPLINE_CURVE(1,(#2326,#2327),.UNSPECIFIED.,.F.,.F.)
B_SPLINE_CURVE_WITH_KNOTS((2,2),(0.,8.),.UNSPECIFIED.)
CURVE()
GEOMETRIC_REPRESENTATION_ITEM()
RATIONAL_B_SPLINE_CURVE((1.,1.))
REPRESENTATION_ITEM('')
);
#1099=(
BOUNDED_CURVE()
B_SPLINE_CURVE(2,(#2328,#2329,#2330),.UNSPECIFIED.,.F.,.F.)
B_SPLINE_CURVE_WITH_KNOTS((3,3),(135.495574287564,143.349555921539),
 .UNSPECIFIED.)
CURVE()
GEOMETRIC_REPRESENTATION_ITEM()
RATIONAL_B_SPLINE_CURVE((1.,0.707106781186548,1.))
REPRESENTATION_ITEM('')
);
#1100=(
BOUNDED_CURVE()
B_SPLINE_CURVE(2,(#2331,#2332,#2333),.UNSPECIFIED.,.F.,.F.)
B_SPLINE_CURVE_WITH_KNOTS((3,3),(143.349555921539,152.949555921539),
 .UNSPECIFIED.)
CURVE()
GEOMETRIC_REPRESENTATION_ITEM()
RATIONAL_B_SPLINE_CURVE((1.,1.,1.))
REPRESENTATION_ITEM('')
);
#1101=(
BOUNDED_CURVE()
B_SPLINE_CURVE(1,(#2334,#2335),.UNSPECIFIED.,.F.,.F.)
B_SPLINE_CURVE_WITH_KNOTS((2,2),(0.,8.),.UNSPECIFIED.)
CURVE()
GEOMETRIC_REPRESENTATION_ITEM()
RATIONAL_B_SPLINE_CURVE((1.,1.))
REPRESENTATION_ITEM('')
);
#1102=(
BOUNDED_CURVE()
B_SPLINE_CURVE(2,(#2336,#2337,#2338),.UNSPECIFIED.,.F.,.F.)
B_SPLINE_CURVE_WITH_KNOTS((3,3),(143.349555921539,152.949555921539),
 .UNSPECIFIED.)
CURVE()
GEOMETRIC_REPRESENTATION_ITEM()
RATIONAL_B_SPLINE_CURVE((1.,1.,1.))
REPRESENTATION_ITEM('')
);
#1103=(
BOUNDED_CURVE()
B_SPLINE_CURVE(2,(#2339,#2340,#2341),.UNSPECIFIED.,.F.,.F.)
B_SPLINE_CURVE_WITH_KNOTS((3,3),(152.949555921539,154.520352248334),
 .UNSPECIFIED.)
CURVE()
GEOMETRIC_REPRESENTATION_ITEM()
RATIONAL_B_SPLINE_CURVE((1.,0.70710678118655,1.))
REPRESENTATION_ITEM('')
);
#1104=(
BOUNDED_CURVE()
B_SPLINE_CURVE(1,(#2342,#2343),.UNSPECIFIED.,.F.,.F.)
B_SPLINE_CURVE_WITH_KNOTS((2,2),(0.,8.),.UNSPECIFIED.)
CURVE()
GEOMETRIC_REPRESENTATION_ITEM()
RATIONAL_B_SPLINE_CURVE((1.,1.))
REPRESENTATION_ITEM('')
);
#1105=(
BOUNDED_CURVE()
B_SPLINE_CURVE(2,(#2344,#2345,#2346),.UNSPECIFIED.,.F.,.F.)
B_SPLINE_CURVE_WITH_KNOTS((3,3),(152.949555921539,154.520352248334),
 .UNSPECIFIED.)
CURVE()
GEOMETRIC_REPRESENTATION_ITEM()
RATIONAL_B_SPLINE_CURVE((1.,0.70710678118655,1.))
REPRESENTATION_ITEM('')
);
#1106=(
BOUNDED_CURVE()
B_SPLINE_CURVE(2,(#2347,#2348,#2349),.UNSPECIFIED.,.F.,.F.)
B_SPLINE_CURVE_WITH_KNOTS((3,3),(154.520352248334,155.806066534048),
 .UNSPECIFIED.)
CURVE()
GEOMETRIC_REPRESENTATION_ITEM()
RATIONAL_B_SPLINE_CURVE((1.,1.,1.))
REPRESENTATION_ITEM('')
);
#1107=(
BOUNDED_CURVE()
B_SPLINE_CURVE(1,(#2350,#2351),.UNSPECIFIED.,.F.,.F.)
B_SPLINE_CURVE_WITH_KNOTS((2,2),(0.,8.),.UNSPECIFIED.)
CURVE()
GEOMETRIC_REPRESENTATION_ITEM()
RATIONAL_B_SPLINE_CURVE((1.,1.))
REPRESENTATION_ITEM('')
);
#1108=(
BOUNDED_CURVE()
B_SPLINE_CURVE(2,(#2352,#2353,#2354),.UNSPECIFIED.,.F.,.F.)
B_SPLINE_CURVE_WITH_KNOTS((3,3),(154.520352248334,155.806066534048),
 .UNSPECIFIED.)
CURVE()
GEOMETRIC_REPRESENTATION_ITEM()
RATIONAL_B_SPLINE_CURVE((1.,1.,1.))
REPRESENTATION_ITEM('')
);
#1109=(
BOUNDED_CURVE()
B_SPLINE_CURVE(2,(#2355,#2356,#2357),.UNSPECIFIED.,.F.,.F.)
B_SPLINE_CURVE_WITH_KNOTS((3,3),(160.948923676905,162.5197200037),
 .UNSPECIFIED.)
CURVE()
GEOMETRIC_REPRESENTATION_ITEM()
RATIONAL_B_SPLINE_CURVE((1.,0.70710678118655,1.))
REPRESENTATION_ITEM('')
);
#1110=(
BOUNDED_CURVE()
B_SPLINE_CURVE(1,(#2358,#2359),.UNSPECIFIED.,.F.,.F.)
B_SPLINE_CURVE_WITH_KNOTS((2,2),(0.,8.),.UNSPECIFIED.)
CURVE()
GEOMETRIC_REPRESENTATION_ITEM()
RATIONAL_B_SPLINE_CURVE((1.,1.))
REPRESENTATION_ITEM('')
);
#1111=(
BOUNDED_CURVE()
B_SPLINE_CURVE(2,(#2360,#2361,#2362),.UNSPECIFIED.,.F.,.F.)
B_SPLINE_CURVE_WITH_KNOTS((3,3),(160.948923676905,162.5197200037),
 .UNSPECIFIED.)
CURVE()
GEOMETRIC_REPRESENTATION_ITEM()
RATIONAL_B_SPLINE_CURVE((1.,0.70710678118655,1.))
REPRESENTATION_ITEM('')
);
#1112=(
BOUNDED_CURVE()
B_SPLINE_CURVE(2,(#2363,#2364,#2365),.UNSPECIFIED.,.F.,.F.)
B_SPLINE_CURVE_WITH_KNOTS((3,3),(162.5197200037,166.8947200037),
 .UNSPECIFIED.)
CURVE()
GEOMETRIC_REPRESENTATION_ITEM()
RATIONAL_B_SPLINE_CURVE((1.,1.,1.))
REPRESENTATION_ITEM('')
);
#1113=(
BOUNDED_CURVE()
B_SPLINE_CURVE(1,(#2366,#2367),.UNSPECIFIED.,.F.,.F.)
B_SPLINE_CURVE_WITH_KNOTS((2,2),(0.,8.),.UNSPECIFIED.)
CURVE()
GEOMETRIC_REPRESENTATION_ITEM()
RATIONAL_B_SPLINE_CURVE((1.,1.))
REPRESENTATION_ITEM('')
);
#1114=(
BOUNDED_CURVE()
B_SPLINE_CURVE(2,(#2368,#2369,#2370),.UNSPECIFIED.,.F.,.F.)
B_SPLINE_CURVE_WITH_KNOTS((3,3),(162.5197200037,166.8947200037),
 .UNSPECIFIED.)
CURVE()
GEOMETRIC_REPRESENTATION_ITEM()
RATIONAL_B_SPLINE_CURVE((1.,1.,1.))
REPRESENTATION_ITEM('')
);
#1115=(
BOUNDED_CURVE()
B_SPLINE_CURVE(2,(#2371,#2372,#2373),.UNSPECIFIED.,.F.,.F.)
B_SPLINE_CURVE_WITH_KNOTS((3,3),(166.8947200037,170.03631265729),
 .UNSPECIFIED.)
CURVE()
GEOMETRIC_REPRESENTATION_ITEM()
RATIONAL_B_SPLINE_CURVE((1.,0.707106781186551,1.))
REPRESENTATION_ITEM('')
);
#1116=(
BOUNDED_CURVE()
B_SPLINE_CURVE(1,(#2374,#2375),.UNSPECIFIED.,.F.,.F.)
B_SPLINE_CURVE_WITH_KNOTS((2,2),(0.,8.),.UNSPECIFIED.)
CURVE()
GEOMETRIC_REPRESENTATION_ITEM()
RATIONAL_B_SPLINE_CURVE((1.,1.))
REPRESENTATION_ITEM('')
);
#1117=(
BOUNDED_CURVE()
B_SPLINE_CURVE(2,(#2376,#2377,#2378),.UNSPECIFIED.,.F.,.F.)
B_SPLINE_CURVE_WITH_KNOTS((3,3),(166.8947200037,170.03631265729),
 .UNSPECIFIED.)
CURVE()
GEOMETRIC_REPRESENTATION_ITEM()
RATIONAL_B_SPLINE_CURVE((1.,0.707106781186551,1.))
REPRESENTATION_ITEM('')
);
#1118=(
BOUNDED_CURVE()
B_SPLINE_CURVE(2,(#2379,#2380,#2381),.UNSPECIFIED.,.F.,.F.)
B_SPLINE_CURVE_WITH_KNOTS((3,3),(170.03631265729,174.41131265729),
 .UNSPECIFIED.)
CURVE()
GEOMETRIC_REPRESENTATION_ITEM()
RATIONAL_B_SPLINE_CURVE((1.,1.,1.))
REPRESENTATION_ITEM('')
);
#1119=(
BOUNDED_CURVE()
B_SPLINE_CURVE(1,(#2382,#2383),.UNSPECIFIED.,.F.,.F.)
B_SPLINE_CURVE_WITH_KNOTS((2,2),(0.,8.),.UNSPECIFIED.)
CURVE()
GEOMETRIC_REPRESENTATION_ITEM()
RATIONAL_B_SPLINE_CURVE((1.,1.))
REPRESENTATION_ITEM('')
);
#1120=(
BOUNDED_CURVE()
B_SPLINE_CURVE(2,(#2384,#2385,#2386),.UNSPECIFIED.,.F.,.F.)
B_SPLINE_CURVE_WITH_KNOTS((3,3),(170.03631265729,174.41131265729),
 .UNSPECIFIED.)
CURVE()
GEOMETRIC_REPRESENTATION_ITEM()
RATIONAL_B_SPLINE_CURVE((1.,1.,1.))
REPRESENTATION_ITEM('')
);
#1121=(
BOUNDED_CURVE()
B_SPLINE_CURVE(2,(#2387,#2388,#2389),.UNSPECIFIED.,.F.,.F.)
B_SPLINE_CURVE_WITH_KNOTS((3,3),(174.41131265729,175.982108984085),
 .UNSPECIFIED.)
CURVE()
GEOMETRIC_REPRESENTATION_ITEM()
RATIONAL_B_SPLINE_CURVE((1.,0.707106781186561,1.))
REPRESENTATION_ITEM('')
);
#1122=(
BOUNDED_CURVE()
B_SPLINE_CURVE(1,(#2390,#2391),.UNSPECIFIED.,.F.,.F.)
B_SPLINE_CURVE_WITH_KNOTS((2,2),(0.,8.),.UNSPECIFIED.)
CURVE()
GEOMETRIC_REPRESENTATION_ITEM()
RATIONAL_B_SPLINE_CURVE((1.,1.))
REPRESENTATION_ITEM('')
);
#1123=(
BOUNDED_CURVE()
B_SPLINE_CURVE(2,(#2392,#2393,#2394),.UNSPECIFIED.,.F.,.F.)
B_SPLINE_CURVE_WITH_KNOTS((3,3),(174.41131265729,175.982108984085),
 .UNSPECIFIED.)
CURVE()
GEOMETRIC_REPRESENTATION_ITEM()
RATIONAL_B_SPLINE_CURVE((1.,0.707106781186561,1.))
REPRESENTATION_ITEM('')
);
#1124=(
BOUNDED_CURVE()
B_SPLINE_CURVE(2,(#2395,#2396,#2397),.UNSPECIFIED.,.F.,.F.)
B_SPLINE_CURVE_WITH_KNOTS((3,3),(175.982108984085,177.267823269799),
 .UNSPECIFIED.)
CURVE()
GEOMETRIC_REPRESENTATION_ITEM()
RATIONAL_B_SPLINE_CURVE((1.,1.,1.))
REPRESENTATION_ITEM('')
);
#1125=(
BOUNDED_CURVE()
B_SPLINE_CURVE(1,(#2398,#2399),.UNSPECIFIED.,.F.,.F.)
B_SPLINE_CURVE_WITH_KNOTS((2,2),(0.,8.),.UNSPECIFIED.)
CURVE()
GEOMETRIC_REPRESENTATION_ITEM()
RATIONAL_B_SPLINE_CURVE((1.,1.))
REPRESENTATION_ITEM('')
);
#1126=(
BOUNDED_CURVE()
B_SPLINE_CURVE(2,(#2400,#2401,#2402),.UNSPECIFIED.,.F.,.F.)
B_SPLINE_CURVE_WITH_KNOTS((3,3),(175.982108984085,177.267823269799),
 .UNSPECIFIED.)
CURVE()
GEOMETRIC_REPRESENTATION_ITEM()
RATIONAL_B_SPLINE_CURVE((1.,1.,1.))
REPRESENTATION_ITEM('')
);
#1127=(
BOUNDED_CURVE()
B_SPLINE_CURVE(2,(#2403,#2404,#2405),.UNSPECIFIED.,.F.,.F.)
B_SPLINE_CURVE_WITH_KNOTS((3,3),(182.410680412656,183.981476739451),
 .UNSPECIFIED.)
CURVE()
GEOMETRIC_REPRESENTATION_ITEM()
RATIONAL_B_SPLINE_CURVE((1.,0.707106781186546,1.))
REPRESENTATION_ITEM('')
);
#1128=(
BOUNDED_CURVE()
B_SPLINE_CURVE(2,(#2406,#2407,#2408),.UNSPECIFIED.,.F.,.F.)
B_SPLINE_CURVE_WITH_KNOTS((3,3),(182.410680412656,183.981476739451),
 .UNSPECIFIED.)
CURVE()
GEOMETRIC_REPRESENTATION_ITEM()
RATIONAL_B_SPLINE_CURVE((1.,0.707106781186546,1.))
REPRESENTATION_ITEM('')
);
#1129=(
BOUNDED_CURVE()
B_SPLINE_CURVE(2,(#2409,#2410,#2411,#2412,#2413,#2414,#2415,#2416,#2417),
 .UNSPECIFIED.,.T.,.F.)
B_SPLINE_CURVE_WITH_KNOTS((3,2,2,2,3),(0.,2.59181393921158,5.18362787842316,
7.77544181763474,10.3672557568463),.UNSPECIFIED.)
CURVE()
GEOMETRIC_REPRESENTATION_ITEM()
RATIONAL_B_SPLINE_CURVE((1.,0.707106781186548,1.,0.707106781186548,1.,0.707106781186548,
1.,0.707106781186548,1.))
REPRESENTATION_ITEM('')
);
#1130=(
BOUNDED_CURVE()
B_SPLINE_CURVE(2,(#2418,#2419,#2420,#2421,#2422,#2423,#2424,#2425,#2426),
 .UNSPECIFIED.,.T.,.F.)
B_SPLINE_CURVE_WITH_KNOTS((3,2,2,2,3),(-10.3672557568463,-7.77544181763474,
-5.18362787842316,-2.59181393921158,0.),.UNSPECIFIED.)
CURVE()
GEOMETRIC_REPRESENTATION_ITEM()
RATIONAL_B_SPLINE_CURVE((1.,0.707106781186548,1.,0.707106781186548,1.,0.707106781186548,
1.,0.707106781186548,1.))
REPRESENTATION_ITEM('')
);
#1131=(
BOUNDED_CURVE()
B_SPLINE_CURVE(1,(#2427,#2428),.UNSPECIFIED.,.F.,.F.)
B_SPLINE_CURVE_WITH_KNOTS((2,2),(6.,8.),.UNSPECIFIED.)
CURVE()
GEOMETRIC_REPRESENTATION_ITEM()
RATIONAL_B_SPLINE_CURVE((1.,1.))
REPRESENTATION_ITEM('')
);
#1132=(
BOUNDED_CURVE()
B_SPLINE_CURVE(2,(#2429,#2430,#2431,#2432,#2433,#2434,#2435,#2436,#2437),
 .UNSPECIFIED.,.T.,.F.)
B_SPLINE_CURVE_WITH_KNOTS((3,2,2,2,3),(-10.3672557568463,-7.77544181763474,
-5.18362787842316,-2.59181393921158,0.),.UNSPECIFIED.)
CURVE()
GEOMETRIC_REPRESENTATION_ITEM()
RATIONAL_B_SPLINE_CURVE((1.,0.707106781186548,1.,0.707106781186548,1.,0.707106781186548,
1.,0.707106781186548,1.))
REPRESENTATION_ITEM('')
);
#1133=(
BOUNDED_CURVE()
B_SPLINE_CURVE(2,(#2438,#2439,#2440,#2441,#2442,#2443,#2444,#2445,#2446),
 .UNSPECIFIED.,.T.,.F.)
B_SPLINE_CURVE_WITH_KNOTS((3,2,2,2,3),(0.,2.59181393921158,5.18362787842316,
7.77544181763474,10.3672557568463),.UNSPECIFIED.)
CURVE()
GEOMETRIC_REPRESENTATION_ITEM()
RATIONAL_B_SPLINE_CURVE((1.,0.707106781186548,1.,0.707106781186548,1.,0.707106781186548,
1.,0.707106781186548,1.))
REPRESENTATION_ITEM('')
);
#1134=(
BOUNDED_CURVE()
B_SPLINE_CURVE(1,(#2447,#2448),.UNSPECIFIED.,.F.,.F.)
B_SPLINE_CURVE_WITH_KNOTS((2,2),(2.00000000000001,3.99999999999999),
 .UNSPECIFIED.)
CURVE()
GEOMETRIC_REPRESENTATION_ITEM()
RATIONAL_B_SPLINE_CURVE((1.,1.))
REPRESENTATION_ITEM('')
);
#1135=(
BOUNDED_CURVE()
B_SPLINE_CURVE(2,(#2465,#2466,#2467,#2468,#2469,#2470,#2471,#2472,#2473),
 .UNSPECIFIED.,.T.,.F.)
B_SPLINE_CURVE_WITH_KNOTS((3,2,2,2,3),(0.,2.59181393921158,5.18362787842316,
7.77544181763474,10.3672557568463),.UNSPECIFIED.)
CURVE()
GEOMETRIC_REPRESENTATION_ITEM()
RATIONAL_B_SPLINE_CURVE((1.,0.707106781186548,1.,0.707106781186548,1.,0.707106781186548,
1.,0.707106781186548,1.))
REPRESENTATION_ITEM('')
);
#1136=(
BOUNDED_CURVE()
B_SPLINE_CURVE(2,(#2474,#2475,#2476,#2477,#2478,#2479,#2480,#2481,#2482),
 .UNSPECIFIED.,.T.,.F.)
B_SPLINE_CURVE_WITH_KNOTS((3,2,2,2,3),(0.,2.59181393921158,5.18362787842316,
7.77544181763474,10.3672557568463),.UNSPECIFIED.)
CURVE()
GEOMETRIC_REPRESENTATION_ITEM()
RATIONAL_B_SPLINE_CURVE((1.,0.707106781186548,1.,0.707106781186548,1.,0.707106781186548,
1.,0.707106781186548,1.))
REPRESENTATION_ITEM('')
);
#1137=(
BOUNDED_CURVE()
B_SPLINE_CURVE(2,(#2483,#2484,#2485),.UNSPECIFIED.,.F.,.F.)
B_SPLINE_CURVE_WITH_KNOTS((3,3),(159.663209391191,160.948923676905),
 .UNSPECIFIED.)
CURVE()
GEOMETRIC_REPRESENTATION_ITEM()
RATIONAL_B_SPLINE_CURVE((1.,1.,1.))
REPRESENTATION_ITEM('')
);
#1138=(
BOUNDED_CURVE()
B_SPLINE_CURVE(2,(#2486,#2487,#2488),.UNSPECIFIED.,.F.,.F.)
B_SPLINE_CURVE_WITH_KNOTS((3,3),(159.663209391191,160.948923676905),
 .UNSPECIFIED.)
CURVE()
GEOMETRIC_REPRESENTATION_ITEM()
RATIONAL_B_SPLINE_CURVE((1.,1.,1.))
REPRESENTATION_ITEM('')
);
#1139=(
BOUNDED_CURVE()
B_SPLINE_CURVE(1,(#2489,#2490),.UNSPECIFIED.,.F.,.F.)
B_SPLINE_CURVE_WITH_KNOTS((2,2),(7.,9.),.UNSPECIFIED.)
CURVE()
GEOMETRIC_REPRESENTATION_ITEM()
RATIONAL_B_SPLINE_CURVE((1.,1.))
REPRESENTATION_ITEM('')
);
#1140=(
BOUNDED_CURVE()
B_SPLINE_CURVE(2,(#2491,#2492,#2493),.UNSPECIFIED.,.F.,.F.)
B_SPLINE_CURVE_WITH_KNOTS((3,3),(106.120393435546,114.120393435546),
 .UNSPECIFIED.)
CURVE()
GEOMETRIC_REPRESENTATION_ITEM()
RATIONAL_B_SPLINE_CURVE((1.,1.,1.))
REPRESENTATION_ITEM('')
);
#1141=(
BOUNDED_CURVE()
B_SPLINE_CURVE(2,(#2494,#2495,#2496),.UNSPECIFIED.,.F.,.F.)
B_SPLINE_CURVE_WITH_KNOTS((3,3),(106.120393435546,114.120393435546),
 .UNSPECIFIED.)
CURVE()
GEOMETRIC_REPRESENTATION_ITEM()
RATIONAL_B_SPLINE_CURVE((1.,1.,1.))
REPRESENTATION_ITEM('')
);
#1142=(
BOUNDED_CURVE()
B_SPLINE_CURVE(2,(#2509,#2510,#2511),.UNSPECIFIED.,.F.,.F.)
B_SPLINE_CURVE_WITH_KNOTS((3,3),(181.124966126942,182.410680412656),
 .UNSPECIFIED.)
CURVE()
GEOMETRIC_REPRESENTATION_ITEM()
RATIONAL_B_SPLINE_CURVE((1.,1.,1.))
REPRESENTATION_ITEM('')
);
#1143=(
BOUNDED_CURVE()
B_SPLINE_CURVE(2,(#2512,#2513,#2514),.UNSPECIFIED.,.F.,.F.)
B_SPLINE_CURVE_WITH_KNOTS((3,3),(181.124966126942,182.410680412656),
 .UNSPECIFIED.)
CURVE()
GEOMETRIC_REPRESENTATION_ITEM()
RATIONAL_B_SPLINE_CURVE((1.,1.,1.))
REPRESENTATION_ITEM('')
);
#1144=(
BOUNDED_CURVE()
B_SPLINE_CURVE(2,(#2515,#2516,#2517),.UNSPECIFIED.,.F.,.F.)
B_SPLINE_CURVE_WITH_KNOTS((3,3),(204.655000433472,212.655000433473),
 .UNSPECIFIED.)
CURVE()
GEOMETRIC_REPRESENTATION_ITEM()
RATIONAL_B_SPLINE_CURVE((1.,1.,1.))
REPRESENTATION_ITEM('')
);
#1145=(
BOUNDED_CURVE()
B_SPLINE_CURVE(2,(#2518,#2519,#2520),.UNSPECIFIED.,.F.,.F.)
B_SPLINE_CURVE_WITH_KNOTS((3,3),(204.655000433473,212.655000433472),
 .UNSPECIFIED.)
CURVE()
GEOMETRIC_REPRESENTATION_ITEM()
RATIONAL_B_SPLINE_CURVE((1.,1.,1.))
REPRESENTATION_ITEM('')
);
#1146=(
BOUNDED_CURVE()
B_SPLINE_CURVE(1,(#2521,#2522),.UNSPECIFIED.,.F.,.F.)
B_SPLINE_CURVE_WITH_KNOTS((2,2),(11.,13.),.UNSPECIFIED.)
CURVE()
GEOMETRIC_REPRESENTATION_ITEM()
RATIONAL_B_SPLINE_CURVE((1.,1.))
REPRESENTATION_ITEM('')
);
#1147=(
BOUNDED_CURVE()
B_SPLINE_CURVE(2,(#2525,#2526,#2527,#2528,#2529,#2530,#2531,#2532,#2533,
#2534,#2535,#2536,#2537,#2538,#2539,#2540,#2541),.UNSPECIFIED.,.T.,.F.)
B_SPLINE_CURVE_WITH_KNOTS((3,2,2,2,2,2,2,2,3),(0.,1.85826720845758,3.52094754344041,
3.65924490248201,5.18362787842325,6.70801085436453,6.8463082134061,8.50898854838896,
10.3672557568465),.UNSPECIFIED.)
CURVE()
GEOMETRIC_REPRESENTATION_ITEM()
RATIONAL_B_SPLINE_CURVE((1.,0.8416049519966,1.,0.877523107222509,1.,0.989812695526394,
0.981320097214651,0.887710411696116,1.,0.887710411696114,0.981320097214654,
0.989812695526396,1.,0.877523107222509,1.,0.841604951996624,1.))
REPRESENTATION_ITEM('')
);
#1148=(
BOUNDED_CURVE()
B_SPLINE_CURVE(2,(#2544,#2545,#2546,#2547,#2548,#2549,#2550,#2551,#2552,
#2553,#2554,#2555,#2556,#2557,#2558,#2559,#2560),.UNSPECIFIED.,.T.,.F.)
B_SPLINE_CURVE_WITH_KNOTS((3,2,2,2,2,2,2,2,3),(0.,1.85826720845756,3.52094754344036,
3.65924490248189,5.18362787842319,6.70801085436434,6.84630821340601,8.50898854838886,
10.3672557568463),.UNSPECIFIED.)
CURVE()
GEOMETRIC_REPRESENTATION_ITEM()
RATIONAL_B_SPLINE_CURVE((1.,0.841604951996627,1.,0.877523107222504,1.,0.989812695526399,
0.981320097214659,0.887710411696105,1.,0.887710411696116,0.981320097214641,
0.989812695526387,1.,0.877523107222504,1.,0.841604951996669,1.))
REPRESENTATION_ITEM('')
);
#1149=VERTEX_POINT('',#1617);
#1150=VERTEX_POINT('',#1618);
#1151=VERTEX_POINT('',#1619);
#1152=VERTEX_POINT('',#1620);
#1153=VERTEX_POINT('',#1621);
#1154=VERTEX_POINT('',#1622);
#1155=VERTEX_POINT('',#1623);
#1156=VERTEX_POINT('',#1624);
#1157=VERTEX_POINT('',#1625);
#1158=VERTEX_POINT('',#1626);
#1159=VERTEX_POINT('',#1627);
#1160=VERTEX_POINT('',#1628);
#1161=VERTEX_POINT('',#1629);
#1162=VERTEX_POINT('',#1630);
#1163=VERTEX_POINT('',#1631);
#1164=VERTEX_POINT('',#1632);
#1165=VERTEX_POINT('',#1633);
#1166=VERTEX_POINT('',#1634);
#1167=VERTEX_POINT('',#1635);
#1168=VERTEX_POINT('',#1636);
#1169=VERTEX_POINT('',#1637);
#1170=VERTEX_POINT('',#1638);
#1171=VERTEX_POINT('',#1639);
#1172=VERTEX_POINT('',#1640);
#1173=VERTEX_POINT('',#1641);
#1174=VERTEX_POINT('',#1642);
#1175=VERTEX_POINT('',#1643);
#1176=VERTEX_POINT('',#1644);
#1177=VERTEX_POINT('',#1645);
#1178=VERTEX_POINT('',#1646);
#1179=VERTEX_POINT('',#1647);
#1180=VERTEX_POINT('',#1648);
#1181=VERTEX_POINT('',#1649);
#1182=VERTEX_POINT('',#1650);
#1183=VERTEX_POINT('',#1651);
#1184=VERTEX_POINT('',#1652);
#1185=VERTEX_POINT('',#1653);
#1186=VERTEX_POINT('',#1654);
#1187=VERTEX_POINT('',#1655);
#1188=VERTEX_POINT('',#1656);
#1189=VERTEX_POINT('',#1657);
#1190=VERTEX_POINT('',#1658);
#1191=VERTEX_POINT('',#1659);
#1192=VERTEX_POINT('',#1660);
#1193=VERTEX_POINT('',#1661);
#1194=VERTEX_POINT('',#1662);
#1195=VERTEX_POINT('',#1663);
#1196=VERTEX_POINT('',#1664);
#1197=VERTEX_POINT('',#1665);
#1198=VERTEX_POINT('',#1666);
#1199=VERTEX_POINT('',#1667);
#1200=VERTEX_POINT('',#1668);
#1201=VERTEX_POINT('',#1669);
#1202=VERTEX_POINT('',#1670);
#1203=VERTEX_POINT('',#1671);
#1204=VERTEX_POINT('',#1672);
#1205=VERTEX_POINT('',#1673);
#1206=VERTEX_POINT('',#1674);
#1207=VERTEX_POINT('',#1675);
#1208=VERTEX_POINT('',#1676);
#1209=VERTEX_POINT('',#1677);
#1210=VERTEX_POINT('',#1678);
#1211=VERTEX_POINT('',#1679);
#1212=VERTEX_POINT('',#1680);
#1213=VERTEX_POINT('',#1681);
#1214=VERTEX_POINT('',#1682);
#1215=VERTEX_POINT('',#1683);
#1216=VERTEX_POINT('',#1684);
#1217=VERTEX_POINT('',#1685);
#1218=VERTEX_POINT('',#1686);
#1219=VERTEX_POINT('',#1687);
#1220=VERTEX_POINT('',#1688);
#1221=VERTEX_POINT('',#1689);
#1222=VERTEX_POINT('',#1690);
#1223=VERTEX_POINT('',#1691);
#1224=VERTEX_POINT('',#1692);
#1225=VERTEX_POINT('',#1693);
#1226=VERTEX_POINT('',#1694);
#1227=VERTEX_POINT('',#1695);
#1228=VERTEX_POINT('',#1696);
#1229=VERTEX_POINT('',#1697);
#1230=VERTEX_POINT('',#1698);
#1231=VERTEX_POINT('',#1699);
#1232=VERTEX_POINT('',#1700);
#1233=VERTEX_POINT('',#1701);
#1234=VERTEX_POINT('',#1702);
#1235=VERTEX_POINT('',#1703);
#1236=VERTEX_POINT('',#1704);
#1237=VERTEX_POINT('',#1705);
#1238=VERTEX_POINT('',#1706);
#1239=VERTEX_POINT('',#1707);
#1240=VERTEX_POINT('',#1708);
#1241=VERTEX_POINT('',#1709);
#1242=VERTEX_POINT('',#1710);
#1243=VERTEX_POINT('',#2265);
#1244=VERTEX_POINT('',#2266);
#1245=VERTEX_POINT('',#2267);
#1246=VERTEX_POINT('',#2268);
#1247=VERTEX_POINT('',#2269);
#1248=VERTEX_POINT('',#2270);
#1249=VERTEX_POINT('',#2271);
#1250=VERTEX_POINT('',#2272);
#1251=VERTEX_POINT('',#2273);
#1252=VERTEX_POINT('',#2274);
#1253=VERTEX_POINT('',#2275);
#1254=VERTEX_POINT('',#2276);
#1255=VERTEX_POINT('',#2277);
#1256=VERTEX_POINT('',#2278);
#1257=VERTEX_POINT('',#2279);
#1258=VERTEX_POINT('',#2280);
#1259=VERTEX_POINT('',#2281);
#1260=VERTEX_POINT('',#2282);
#1261=VERTEX_POINT('',#2283);
#1262=VERTEX_POINT('',#2284);
#1263=VERTEX_POINT('',#2285);
#1264=VERTEX_POINT('',#2286);
#1265=VERTEX_POINT('',#2287);
#1266=VERTEX_POINT('',#2288);
#1267=VERTEX_POINT('',#2289);
#1268=VERTEX_POINT('',#2290);
#1269=VERTEX_POINT('',#2291);
#1270=VERTEX_POINT('',#2292);
#1271=VERTEX_POINT('',#2293);
#1272=VERTEX_POINT('',#2294);
#1273=VERTEX_POINT('',#2295);
#1274=VERTEX_POINT('',#2296);
#1275=VERTEX_POINT('',#2297);
#1276=VERTEX_POINT('',#2298);
#1277=VERTEX_POINT('',#2299);
#1278=VERTEX_POINT('',#2300);
#1279=VERTEX_POINT('',#2301);
#1280=VERTEX_POINT('',#2302);
#1281=VERTEX_POINT('',#2303);
#1282=VERTEX_POINT('',#2304);
#1283=VERTEX_POINT('',#2305);
#1284=VERTEX_POINT('',#2306);
#1285=VERTEX_POINT('',#2307);
#1286=VERTEX_POINT('',#2308);
#1287=VERTEX_POINT('',#2309);
#1288=VERTEX_POINT('',#2310);
#1289=VERTEX_POINT('',#2311);
#1290=VERTEX_POINT('',#2312);
#1291=CYLINDRICAL_SURFACE('',#1444,0.999999999999972);
#1292=CYLINDRICAL_SURFACE('',#1446,1.);
#1293=CYLINDRICAL_SURFACE('',#1450,0.999999999999972);
#1294=CYLINDRICAL_SURFACE('',#1452,5.);
#1295=CYLINDRICAL_SURFACE('',#1454,1.);
#1296=CYLINDRICAL_SURFACE('',#1458,0.999999999999996);
#1297=CYLINDRICAL_SURFACE('',#1460,0.999999999999886);
#1298=CYLINDRICAL_SURFACE('',#1462,1.00000000000005);
#1299=CYLINDRICAL_SURFACE('',#1464,1.00000000000006);
#1300=CYLINDRICAL_SURFACE('',#1466,0.999999999999982);
#1301=CYLINDRICAL_SURFACE('',#1467,1.64999999999998);
#1302=CYLINDRICAL_SURFACE('',#1468,1.64999999999998);
#1303=CYLINDRICAL_SURFACE('',#1469,1.64999999999998);
#1304=CYLINDRICAL_SURFACE('',#1470,1.65000000000003);
#1305=CYLINDRICAL_SURFACE('',#1471,1.64999999999998);
#1306=CYLINDRICAL_SURFACE('',#1478,1.64999999999998);
#1307=CYLINDRICAL_SURFACE('',#1479,1.64999999999998);
#1308=CYLINDRICAL_SURFACE('',#1480,1.65000000000003);
#1309=CYLINDRICAL_SURFACE('',#1481,1.64999999999998);
#1310=CYLINDRICAL_SURFACE('',#1482,1.64999999999998);
#1311=CYLINDRICAL_SURFACE('',#1484,4.99999999999997);
#1312=CYLINDRICAL_SURFACE('',#1486,0.999999999999972);
#1313=CYLINDRICAL_SURFACE('',#1488,1.);
#1314=CYLINDRICAL_SURFACE('',#1490,2.00000000000003);
#1315=CYLINDRICAL_SURFACE('',#1492,0.999999999999943);
#1316=CYLINDRICAL_SURFACE('',#1494,1.00000000000003);
#1317=CYLINDRICAL_SURFACE('',#1495,1.65000000000003);
#1318=CYLINDRICAL_SURFACE('',#1496,1.65000000000003);
#1319=CYLINDRICAL_SURFACE('',#1505,1.65000000000003);
#1320=CYLINDRICAL_SURFACE('',#1506,1.65000000000003);
#1321=PLANE('',#1443);
#1322=PLANE('',#1445);
#1323=PLANE('',#1447);
#1324=PLANE('',#1448);
#1325=PLANE('',#1449);
#1326=PLANE('',#1451);
#1327=PLANE('',#1453);
#1328=PLANE('',#1455);
#1329=PLANE('',#1456);
#1330=PLANE('',#1457);
#1331=PLANE('',#1459);
#1332=PLANE('',#1461);
#1333=PLANE('',#1463);
#1334=PLANE('',#1465);
#1335=PLANE('',#1472);
#1336=PLANE('',#1473);
#1337=PLANE('',#1474);
#1338=PLANE('',#1475);
#1339=PLANE('',#1476);
#1340=PLANE('',#1477);
#1341=PLANE('',#1483);
#1342=PLANE('',#1485);
#1343=PLANE('',#1487);
#1344=PLANE('',#1489);
#1345=PLANE('',#1491);
#1346=PLANE('',#1493);
#1347=PLANE('',#1497);
#1348=PLANE('',#1498);
#1349=PLANE('',#1499);
#1350=PLANE('',#1500);
#1351=PLANE('',#1501);
#1352=PLANE('',#1502);
#1353=PLANE('',#1503);
#1354=PLANE('',#1504);
#1355=SHAPE_DEFINITION_REPRESENTATION(#1356,#1441);
#1356=PRODUCT_DEFINITION_SHAPE('Document','',#1358);
#1357=PRODUCT_DEFINITION_CONTEXT('3D Mechanical Parts',#1430,'design');
#1358=PRODUCT_DEFINITION('A','First version',#1400,#1357);
#1359=DATE_TIME_ROLE('classification_date');
#1360=DATE_TIME_ROLE('creation_date');
#1361=APPLIED_DATE_AND_TIME_ASSIGNMENT(#1385,#1359,(#1364));
#1362=APPLIED_DATE_AND_TIME_ASSIGNMENT(#1387,#1360,(#1358));
#1363=SECURITY_CLASSIFICATION_LEVEL('unclassified');
#1364=SECURITY_CLASSIFICATION('A','Security for version',#1363);
#1365=APPLIED_SECURITY_CLASSIFICATION_ASSIGNMENT(#1364,(#1400));
#1366=APPROVAL_ROLE('Version approval');
#1367=APPROVAL_ROLE('Version Security approval');
#1368=APPROVAL_ROLE('Definition approval');
#1369=APPROVAL_PERSON_ORGANIZATION(#1418,#1394,#1366);
#1370=APPROVAL_PERSON_ORGANIZATION(#1419,#1395,#1367);
#1371=APPROVAL_PERSON_ORGANIZATION(#1422,#1396,#1368);
#1372=COORDINATED_UNIVERSAL_TIME_OFFSET(5,0,.BEHIND.);
#1373=LOCAL_TIME(0,0,0.,#1372);
#1374=LOCAL_TIME(0,0,0.,#1372);
#1375=LOCAL_TIME(0,0,0.,#1372);
#1376=LOCAL_TIME(0,0,0.,#1372);
#1377=LOCAL_TIME(0,0,0.,#1372);
#1378=CALENDAR_DATE(1999,1,1);
#1379=CALENDAR_DATE(1999,1,1);
#1380=CALENDAR_DATE(1999,1,1);
#1381=CALENDAR_DATE(1999,1,1);
#1382=CALENDAR_DATE(1999,1,1);
#1383=DATE_AND_TIME(#1378,#1373);
#1384=DATE_AND_TIME(#1379,#1374);
#1385=DATE_AND_TIME(#1380,#1375);
#1386=DATE_AND_TIME(#1381,#1376);
#1387=DATE_AND_TIME(#1382,#1377);
#1388=APPROVAL_DATE_TIME(#1383,#1394);
#1389=APPROVAL_DATE_TIME(#1384,#1395);
#1390=APPROVAL_DATE_TIME(#1386,#1396);
#1391=APPROVAL_STATUS('not_yet_approved');
#1392=APPROVAL_STATUS('not_yet_approved');
#1393=APPROVAL_STATUS('approved');
#1394=APPROVAL(#1391,'Version approval');
#1395=APPROVAL(#1392,'Version Security approval');
#1396=APPROVAL(#1393,'Definition approval');
#1397=APPLIED_APPROVAL_ASSIGNMENT(#1394,(#1400));
#1398=APPLIED_APPROVAL_ASSIGNMENT(#1395,(#1364));
#1399=APPLIED_APPROVAL_ASSIGNMENT(#1396,(#1358));
#1400=PRODUCT_DEFINITION_FORMATION_WITH_SPECIFIED_SOURCE('A',
'First version',#1432,.MADE.);
#1401=PERSON_AND_ORGANIZATION_ROLE('design_owner');
#1402=PERSON_AND_ORGANIZATION_ROLE('creator');
#1403=PERSON_AND_ORGANIZATION_ROLE('design_supplier');
#1404=PERSON_AND_ORGANIZATION_ROLE('classification_officer');
#1405=PERSON_AND_ORGANIZATION_ROLE('creator');
#1406=ORGANIZATION('STI','lab','lab');
#1407=ORGANIZATION('STI','unknown','unknown');
#1408=ORGANIZATION('STI','unknown','unknown');
#1409=ORGANIZATION('STI','unknown','unknown');
#1410=ORGANIZATION('STI','unknown','unknown');
#1411=ORGANIZATION('STI','unknown','unknown');
#1412=ORGANIZATION('STI','unknown','unknown');
#1413=PERSON('1','Box','vc60',$,$,$);
#1414=PERSON('2','last','first',$,$,$);
#1415=PERSON('3','President','Mr.',$,$,$);
#1416=PERSON_AND_ORGANIZATION(#1413,#1406);
#1417=PERSON_AND_ORGANIZATION(#1414,#1407);
#1418=PERSON_AND_ORGANIZATION(#1415,#1408);
#1419=PERSON_AND_ORGANIZATION(#1415,#1409);
#1420=PERSON_AND_ORGANIZATION(#1415,#1410);
#1421=PERSON_AND_ORGANIZATION(#1414,#1411);
#1422=PERSON_AND_ORGANIZATION(#1415,#1412);
#1423=APPLIED_PERSON_AND_ORGANIZATION_ASSIGNMENT(#1416,#1401,(#1432));
#1424=APPLIED_PERSON_AND_ORGANIZATION_ASSIGNMENT(#1417,#1402,(#1400));
#1425=APPLIED_PERSON_AND_ORGANIZATION_ASSIGNMENT(#1417,#1403,(#1400));
#1426=APPLIED_PERSON_AND_ORGANIZATION_ASSIGNMENT(#1420,#1404,(#1364));
#1427=APPLIED_PERSON_AND_ORGANIZATION_ASSIGNMENT(#1421,#1405,(#1358));
#1428=PRODUCT_RELATED_PRODUCT_CATEGORY('detail','detail',(#1432));
#1429=APPLICATION_PROTOCOL_DEFINITION('International Standard',
'config_control_design',1994,#1430);
#1430=APPLICATION_CONTEXT(
'configuration controlled 3d designs of mechanical parts and assemblie
s');
#1431=PRODUCT_CONTEXT('3D Mechanical Parts',#1430,'mechanical');
#1432=PRODUCT('Document','Document','',(#1431));
#1433=(
LENGTH_UNIT()
NAMED_UNIT(*)
SI_UNIT(.MILLI.,.METRE.)
);
#1434=(
NAMED_UNIT(*)
PLANE_ANGLE_UNIT()
SI_UNIT($,.RADIAN.)
);
#1435=DIMENSIONAL_EXPONENTS(0.,0.,0.,0.,0.,0.,0.);
#1436=PLANE_ANGLE_MEASURE_WITH_UNIT(PLANE_ANGLE_MEASURE(0.01745329252),
#1434);
#1437=(
CONVERSION_BASED_UNIT('DEGREES',#1436)
NAMED_UNIT(#1435)
PLANE_ANGLE_UNIT()
);
#1438=(
NAMED_UNIT(*)
SI_UNIT($,.STERADIAN.)
SOLID_ANGLE_UNIT()
);
#1439=UNCERTAINTY_MEASURE_WITH_UNIT(LENGTH_MEASURE(0.001),#1433,
'DISTANCE_ACCURACY_VALUE',
'Maximum model space distance between geometric entities at asserted c
onnectivities');
#1440=(
GEOMETRIC_REPRESENTATION_CONTEXT(3)
GLOBAL_UNCERTAINTY_ASSIGNED_CONTEXT((#1439))
GLOBAL_UNIT_ASSIGNED_CONTEXT((#1438,#1437,#1433))
REPRESENTATION_CONTEXT('ID1','3D')
);
#1441=SHAPE_REPRESENTATION('Document',(#1442,#1507),#1440);
#1442=AXIS2_PLACEMENT_3D('',#1576,#1508,#1509);
#1443=AXIS2_PLACEMENT_3D('',#1577,#1510,$);
#1444=AXIS2_PLACEMENT_3D('',#1578,#1511,$);
#1445=AXIS2_PLACEMENT_3D('',#1579,#1512,$);
#1446=AXIS2_PLACEMENT_3D('',#1580,#1513,$);
#1447=AXIS2_PLACEMENT_3D('',#1581,#1514,$);
#1448=AXIS2_PLACEMENT_3D('',#1582,#1515,$);
#1449=AXIS2_PLACEMENT_3D('',#1583,#1516,$);
#1450=AXIS2_PLACEMENT_3D('',#1584,#1517,$);
#1451=AXIS2_PLACEMENT_3D('',#1585,#1518,$);
#1452=AXIS2_PLACEMENT_3D('',#1586,#1519,$);
#1453=AXIS2_PLACEMENT_3D('',#1587,#1520,$);
#1454=AXIS2_PLACEMENT_3D('',#1588,#1521,$);
#1455=AXIS2_PLACEMENT_3D('',#1589,#1522,$);
#1456=AXIS2_PLACEMENT_3D('',#1590,#1523,$);
#1457=AXIS2_PLACEMENT_3D('',#1591,#1524,$);
#1458=AXIS2_PLACEMENT_3D('',#1592,#1525,$);
#1459=AXIS2_PLACEMENT_3D('',#1593,#1526,$);
#1460=AXIS2_PLACEMENT_3D('',#1594,#1527,$);
#1461=AXIS2_PLACEMENT_3D('',#1595,#1528,$);
#1462=AXIS2_PLACEMENT_3D('',#1596,#1529,$);
#1463=AXIS2_PLACEMENT_3D('',#1597,#1530,$);
#1464=AXIS2_PLACEMENT_3D('',#1598,#1531,$);
#1465=AXIS2_PLACEMENT_3D('',#1599,#1532,$);
#1466=AXIS2_PLACEMENT_3D('',#1600,#1533,$);
#1467=AXIS2_PLACEMENT_3D('',#1601,#1534,$);
#1468=AXIS2_PLACEMENT_3D('',#1602,#1535,$);
#1469=AXIS2_PLACEMENT_3D('',#1603,#1536,$);
#1470=AXIS2_PLACEMENT_3D('',#1604,#1537,$);
#1471=AXIS2_PLACEMENT_3D('',#1605,#1538,$);
#1472=AXIS2_PLACEMENT_3D('',#1606,#1539,$);
#1473=AXIS2_PLACEMENT_3D('',#1607,#1540,$);
#1474=AXIS2_PLACEMENT_3D('',#1608,#1541,$);
#1475=AXIS2_PLACEMENT_3D('',#1609,#1542,$);
#1476=AXIS2_PLACEMENT_3D('',#1610,#1543,$);
#1477=AXIS2_PLACEMENT_3D('',#1611,#1544,$);
#1478=AXIS2_PLACEMENT_3D('',#1612,#1545,$);
#1479=AXIS2_PLACEMENT_3D('',#1613,#1546,$);
#1480=AXIS2_PLACEMENT_3D('',#1614,#1547,$);
#1481=AXIS2_PLACEMENT_3D('',#1615,#1548,$);
#1482=AXIS2_PLACEMENT_3D('',#1616,#1549,$);
#1483=AXIS2_PLACEMENT_3D('',#2241,#1550,$);
#1484=AXIS2_PLACEMENT_3D('',#2242,#1551,$);
#1485=AXIS2_PLACEMENT_3D('',#2243,#1552,$);
#1486=AXIS2_PLACEMENT_3D('',#2244,#1553,$);
#1487=AXIS2_PLACEMENT_3D('',#2245,#1554,$);
#1488=AXIS2_PLACEMENT_3D('',#2246,#1555,$);
#1489=AXIS2_PLACEMENT_3D('',#2247,#1556,$);
#1490=AXIS2_PLACEMENT_3D('',#2248,#1557,$);
#1491=AXIS2_PLACEMENT_3D('',#2249,#1558,$);
#1492=AXIS2_PLACEMENT_3D('',#2250,#1559,$);
#1493=AXIS2_PLACEMENT_3D('',#2251,#1560,$);
#1494=AXIS2_PLACEMENT_3D('',#2252,#1561,$);
#1495=AXIS2_PLACEMENT_3D('',#2253,#1562,$);
#1496=AXIS2_PLACEMENT_3D('',#2254,#1563,$);
#1497=AXIS2_PLACEMENT_3D('',#2255,#1564,$);
#1498=AXIS2_PLACEMENT_3D('',#2256,#1565,$);
#1499=AXIS2_PLACEMENT_3D('',#2257,#1566,$);
#1500=AXIS2_PLACEMENT_3D('',#2258,#1567,$);
#1501=AXIS2_PLACEMENT_3D('',#2259,#1568,$);
#1502=AXIS2_PLACEMENT_3D('',#2260,#1569,$);
#1503=AXIS2_PLACEMENT_3D('',#2261,#1570,$);
#1504=AXIS2_PLACEMENT_3D('',#2262,#1571,$);
#1505=AXIS2_PLACEMENT_3D('',#2263,#1572,$);
#1506=AXIS2_PLACEMENT_3D('',#2264,#1573,$);
#1507=AXIS2_PLACEMENT_3D('',#2561,#1574,#1575);
#1508=DIRECTION('',(0.,0.,1.));
#1509=DIRECTION('',(1.,0.,0.));
#1510=DIRECTION('',(0.,-1.,0.));
#1511=DIRECTION('',(-1.,0.,0.));
#1512=DIRECTION('',(0.,0.,1.));
#1513=DIRECTION('',(-1.,1.37232152745418E-13,1.37232152745418E-13));
#1514=DIRECTION('',(0.,1.,0.));
#1515=DIRECTION('',(0.,0.,1.));
#1516=DIRECTION('',(0.,-1.,0.));
#1517=DIRECTION('',(-1.,0.,0.));
#1518=DIRECTION('',(0.,1.,0.));
#1519=DIRECTION('',(-1.,8.03887338846093E-15,-1.94075571606225E-14));
#1520=DIRECTION('',(0.,0.,-1.));
#1521=DIRECTION('',(-1.,0.,0.));
#1522=DIRECTION('',(0.,0.,1.));
#1523=DIRECTION('',(0.,-1.,0.));
#1524=DIRECTION('',(0.,0.,-1.));
#1525=DIRECTION('',(-1.,0.,0.));
#1526=DIRECTION('',(0.,-1.,0.));
#1527=DIRECTION('',(-1.,-1.37232152745412E-13,1.37232152745425E-13));
#1528=DIRECTION('',(0.,0.,1.));
#1529=DIRECTION('',(1.,0.,0.));
#1530=DIRECTION('',(0.,-1.,0.));
#1531=DIRECTION('',(-1.,0.,0.));
#1532=DIRECTION('',(0.,0.,1.));
#1533=DIRECTION('',(1.,0.,0.));
#1534=DIRECTION('',(-1.,0.,0.));
#1535=DIRECTION('',(0.,-1.,0.));
#1536=DIRECTION('',(0.,-1.,0.));
#1537=DIRECTION('',(0.,0.,1.));
#1538=DIRECTION('',(0.,0.,1.));
#1539=DIRECTION('',(-1.,0.,0.));
#1540=DIRECTION('',(0.,-1.,0.));
#1541=DIRECTION('',(1.,0.,0.));
#1542=DIRECTION('',(1.,0.,0.));
#1543=DIRECTION('',(-1.,0.,0.));
#1544=DIRECTION('',(0.,0.,1.));
#1545=DIRECTION('',(0.,-1.,0.));
#1546=DIRECTION('',(0.,-1.,0.));
#1547=DIRECTION('',(0.,0.,1.));
#1548=DIRECTION('',(0.,0.,1.));
#1549=DIRECTION('',(-1.,0.,0.));
#1550=DIRECTION('',(0.,0.,-1.));
#1551=DIRECTION('',(1.,-2.74464305490832E-14,2.74464305490832E-14));
#1552=DIRECTION('',(0.,1.,0.));
#1553=DIRECTION('',(1.,0.,0.));
#1554=DIRECTION('',(0.,0.,1.));
#1555=DIRECTION('',(1.,0.,0.));
#1556=DIRECTION('',(0.,-1.,0.));
#1557=DIRECTION('',(-1.,0.,0.));
#1558=DIRECTION('',(0.,0.,1.));
#1559=DIRECTION('',(1.,1.37232152745411E-13,-1.3723215274541E-13));
#1560=DIRECTION('',(0.,-1.,0.));
#1561=DIRECTION('',(1.,1.37232152745415E-13,1.37232152745415E-13));
#1562=DIRECTION('',(0.,0.,1.));
#1563=DIRECTION('',(0.,1.,0.));
#1564=DIRECTION('',(0.,0.,1.));
#1565=DIRECTION('',(0.,-1.,0.));
#1566=DIRECTION('',(0.,0.,-1.));
#1567=DIRECTION('',(0.,0.,1.));
#1568=DIRECTION('',(0.,-1.,0.));
#1569=DIRECTION('',(-1.,0.,0.));
#1570=DIRECTION('',(0.,1.,0.));
#1571=DIRECTION('',(1.,0.,0.));
#1572=DIRECTION('',(0.,1.,0.));
#1573=DIRECTION('',(0.,0.,1.));
#1574=DIRECTION('',(0.,0.,1.));
#1575=DIRECTION('',(1.,0.,0.));
#1576=CARTESIAN_POINT('',(0.,0.,0.));
#1577=CARTESIAN_POINT('',(471.362589535028,-170.996048577579,16.));
#1578=CARTESIAN_POINT('',(462.362589535028,-169.996048577579,24.));
#1579=CARTESIAN_POINT('',(471.362589535028,-169.996048577579,25.));
#1580=CARTESIAN_POINT('',(462.362589535028,-165.996048577579,24.));
#1581=CARTESIAN_POINT('',(471.362589535028,-164.996048577579,24.));
#1582=CARTESIAN_POINT('',(471.362589535028,-164.996048577579,6.));
#1583=CARTESIAN_POINT('',(471.362589535028,-161.996048577579,6.00000000000001));
#1584=CARTESIAN_POINT('',(462.362589535028,-160.996048577579,23.9999999999999));
#1585=CARTESIAN_POINT('',(471.362589535028,-159.996048577579,24.));
#1586=CARTESIAN_POINT('',(462.362589535028,-164.996048577579,2.99999999999998));
#1587=CARTESIAN_POINT('',(471.362589535028,-164.996048577579,-2.));
#1588=CARTESIAN_POINT('',(462.362589535028,-185.996048577579,-1.));
#1589=CARTESIAN_POINT('',(471.362589535028,-185.996048577579,8.88178419700125E-15));
#1590=CARTESIAN_POINT('',(471.362589535028,-167.996048577579,3.5527136788005E-15));
#1591=CARTESIAN_POINT('',(471.362589535028,-167.996048577579,3.));
#1592=CARTESIAN_POINT('',(462.362589535028,-185.996048577579,3.99999999999999));
#1593=CARTESIAN_POINT('',(471.362589535028,-186.996048577579,3.99999999999999));
#1594=CARTESIAN_POINT('',(462.362589535028,-185.99604857758,9.00000000000014));
#1595=CARTESIAN_POINT('',(471.362589535028,-185.99604857758,10.0000000000001));
#1596=CARTESIAN_POINT('',(462.362589535028,-177.996048577579,11.0000000000001));
#1597=CARTESIAN_POINT('',(471.362589535028,-176.996048577579,11.));
#1598=CARTESIAN_POINT('',(462.362589535028,-175.996048577579,14.));
#1599=CARTESIAN_POINT('',(471.362589535028,-175.996048577579,15.));
#1600=CARTESIAN_POINT('',(462.362589535028,-171.996048577579,16.));
#1601=CARTESIAN_POINT('',(463.862589535028,-172.996048577579,10.9999999999999));
#1602=CARTESIAN_POINT('',(457.362589535024,-164.996048577579,21.));
#1603=CARTESIAN_POINT('',(467.362589535024,-164.996048577579,21.));
#1604=CARTESIAN_POINT('',(457.362589535028,-182.996048577579,3.));
#1605=CARTESIAN_POINT('',(467.362589535028,-182.996048577579,3.));
#1606=CARTESIAN_POINT('',(463.862589535028,-186.996048577579,6.0000000000002));
#1607=CARTESIAN_POINT('',(463.862589535028,-167.996048577579,6.0000000000002));
#1608=CARTESIAN_POINT('',(460.862589535028,-167.996048577579,6.0000000000002));
#1609=CARTESIAN_POINT('',(471.362589535028,-190.37104857758,28.375));
#1610=CARTESIAN_POINT('',(453.362589535028,-190.37104857758,28.375));
#1611=CARTESIAN_POINT('',(460.862589535028,-186.996048577579,6.0000000000002));
#1612=CARTESIAN_POINT('',(457.362589535024,-164.996048577579,21.));
#1613=CARTESIAN_POINT('',(467.362589535024,-164.996048577579,21.));
#1614=CARTESIAN_POINT('',(457.362589535028,-182.996048577579,3.));
#1615=CARTESIAN_POINT('',(467.362589535028,-182.996048577579,3.));
#1616=CARTESIAN_POINT('',(463.862589535028,-172.996048577579,10.9999999999999));
#1617=CARTESIAN_POINT('',(471.362589535028,-170.996048577579,16.));
#1618=CARTESIAN_POINT('',(471.362589535028,-170.996048577579,24.));
#1619=CARTESIAN_POINT('',(453.362589535028,-170.996048577579,24.));
#1620=CARTESIAN_POINT('',(453.362589535028,-170.996048577579,16.));
#1621=CARTESIAN_POINT('',(471.362589535028,-169.996048577579,25.));
#1622=CARTESIAN_POINT('',(453.362589535028,-169.996048577579,25.));
#1623=CARTESIAN_POINT('',(471.362589535028,-165.996048577579,25.));
#1624=CARTESIAN_POINT('',(453.362589535028,-165.996048577579,25.));
#1625=CARTESIAN_POINT('',(471.362589535028,-164.996048577579,24.));
#1626=CARTESIAN_POINT('',(453.362589535028,-164.996048577579,24.));
#1627=CARTESIAN_POINT('',(471.362589535028,-164.996048577579,6.));
#1628=CARTESIAN_POINT('',(453.362589535028,-164.996048577579,6.));
#1629=CARTESIAN_POINT('',(471.362589535028,-161.996048577579,6.00000000000001));
#1630=CARTESIAN_POINT('',(453.362589535028,-161.996048577579,6.));
#1631=CARTESIAN_POINT('',(471.362589535028,-161.996048577579,24.));
#1632=CARTESIAN_POINT('',(453.362589535028,-161.996048577579,24.));
#1633=CARTESIAN_POINT('',(471.362589535028,-159.996048577579,24.));
#1634=CARTESIAN_POINT('',(453.362589535028,-159.996048577579,24.));
#1635=CARTESIAN_POINT('',(471.362589535028,-159.996048577579,3.));
#1636=CARTESIAN_POINT('',(453.362589535028,-159.996048577579,2.99999999999999));
#1637=CARTESIAN_POINT('',(471.362589535028,-164.996048577579,-2.));
#1638=CARTESIAN_POINT('',(453.362589535028,-164.996048577579,-2.));
#1639=CARTESIAN_POINT('',(471.362589535028,-185.996048577579,-2.));
#1640=CARTESIAN_POINT('',(453.362589535028,-185.996048577579,-2.00000000000001));
#1641=CARTESIAN_POINT('',(471.362589535028,-185.996048577579,8.88178419700125E-15));
#1642=CARTESIAN_POINT('',(453.362589535028,-185.996048577579,1.77635683940025E-15));
#1643=CARTESIAN_POINT('',(471.362589535028,-167.996048577579,3.5527136788005E-15));
#1644=CARTESIAN_POINT('',(453.362589535028,-167.996048577579,-3.5527136788005E-15));
#1645=CARTESIAN_POINT('',(471.362589535028,-167.996048577579,3.));
#1646=CARTESIAN_POINT('',(453.362589535028,-167.996048577579,2.99999999999999));
#1647=CARTESIAN_POINT('',(471.362589535028,-185.996048577579,2.99999999999999));
#1648=CARTESIAN_POINT('',(453.362589535028,-185.996048577579,2.99999999999999));
#1649=CARTESIAN_POINT('',(471.362589535028,-186.996048577579,3.99999999999999));
#1650=CARTESIAN_POINT('',(453.362589535028,-186.996048577579,3.99999999999999));
#1651=CARTESIAN_POINT('',(471.362589535028,-186.99604857758,9.00000000000015));
#1652=CARTESIAN_POINT('',(453.362589535028,-186.99604857758,9.00000000000014));
#1653=CARTESIAN_POINT('',(471.362589535028,-185.99604857758,10.0000000000001));
#1654=CARTESIAN_POINT('',(453.362589535028,-185.99604857758,10.));
#1655=CARTESIAN_POINT('',(471.362589535028,-177.996048577579,10.));
#1656=CARTESIAN_POINT('',(453.362589535028,-177.996048577579,10.));
#1657=CARTESIAN_POINT('',(471.362589535028,-176.996048577579,11.));
#1658=CARTESIAN_POINT('',(453.362589535028,-176.996048577579,11.));
#1659=CARTESIAN_POINT('',(471.362589535028,-176.996048577579,14.));
#1660=CARTESIAN_POINT('',(453.362589535028,-176.996048577579,14.));
#1661=CARTESIAN_POINT('',(471.362589535028,-175.996048577579,15.));
#1662=CARTESIAN_POINT('',(453.362589535028,-175.996048577579,15.));
#1663=CARTESIAN_POINT('',(471.362589535028,-171.996048577579,15.));
#1664=CARTESIAN_POINT('',(453.362589535028,-171.996048577579,15.));
#1665=CARTESIAN_POINT('',(471.362589535028,-171.346048577579,10.9999999999999));
#1666=CARTESIAN_POINT('',(453.362589535028,-171.346048577579,10.9999999999999));
#1667=CARTESIAN_POINT('',(459.012589535024,-170.996048577579,21.));
#1668=CARTESIAN_POINT('',(459.012589535024,-164.996048577579,21.));
#1669=CARTESIAN_POINT('',(459.012589535024,-161.996048577579,21.));
#1670=CARTESIAN_POINT('',(459.012589535024,-159.996048577579,21.0000000000001));
#1671=CARTESIAN_POINT('',(469.012589535024,-170.996048577579,21.));
#1672=CARTESIAN_POINT('',(469.012589535024,-164.996048577579,21.));
#1673=CARTESIAN_POINT('',(469.012589535024,-161.996048577579,21.));
#1674=CARTESIAN_POINT('',(469.012589535024,-159.996048577579,21.));
#1675=CARTESIAN_POINT('',(459.012589535028,-182.996048577579,-2.00000000000001));
#1676=CARTESIAN_POINT('',(459.012589535028,-182.996048577579,3.4589615122766E-15));
#1677=CARTESIAN_POINT('',(459.012589535028,-182.996048577579,2.99999999999999));
#1678=CARTESIAN_POINT('',(459.012589535028,-182.996048577579,10.));
#1679=CARTESIAN_POINT('',(469.012589535028,-182.996048577579,-2.));
#1680=CARTESIAN_POINT('',(469.012589535028,-182.996048577579,8.09722659293281E-15));
#1681=CARTESIAN_POINT('',(469.012589535028,-182.996048577579,2.99999999999999));
#1682=CARTESIAN_POINT('',(469.012589535028,-182.996048577579,10.));
#1683=CARTESIAN_POINT('',(460.862589535028,-170.996048577579,24.));
#1684=CARTESIAN_POINT('',(460.862589535028,-170.996048577579,16.));
#1685=CARTESIAN_POINT('',(463.862589535028,-170.996048577579,24.));
#1686=CARTESIAN_POINT('',(463.862589535028,-170.996048577579,16.));
#1687=CARTESIAN_POINT('',(460.862589535028,-169.996048577579,24.9999999999999));
#1688=CARTESIAN_POINT('',(463.862589535028,-169.996048577579,25.));
#1689=CARTESIAN_POINT('',(460.862589535028,-167.996048577579,25.));
#1690=CARTESIAN_POINT('',(463.862589535028,-167.996048577579,25.));
#1691=CARTESIAN_POINT('',(463.862589535028,-186.996048577579,5.99999999999991));
#1692=CARTESIAN_POINT('',(460.862589535028,-186.996048577579,6.0000000000002));
#1693=CARTESIAN_POINT('',(460.862589535028,-186.99604857758,9.00000000000015));
#1694=CARTESIAN_POINT('',(463.862589535028,-186.99604857758,9.00000000000014));
#1695=CARTESIAN_POINT('',(460.862589535028,-185.99604857758,10.));
#1696=CARTESIAN_POINT('',(463.862589535028,-185.99604857758,10.));
#1697=CARTESIAN_POINT('',(460.862589535028,-177.996048577579,10.));
#1698=CARTESIAN_POINT('',(463.862589535028,-177.996048577579,10.));
#1699=CARTESIAN_POINT('',(460.862589535028,-176.996048577579,11.));
#1700=CARTESIAN_POINT('',(463.862589535028,-176.996048577579,11.));
#1701=CARTESIAN_POINT('',(460.862589535028,-176.996048577579,14.));
#1702=CARTESIAN_POINT('',(463.862589535028,-176.996048577579,14.));
#1703=CARTESIAN_POINT('',(460.862589535028,-175.996048577579,15.));
#1704=CARTESIAN_POINT('',(463.862589535028,-175.996048577579,15.));
#1705=CARTESIAN_POINT('',(460.862589535028,-171.346048577579,10.9999999999999));
#1706=CARTESIAN_POINT('',(463.862589535028,-171.346048577579,10.9999999999999));
#1707=CARTESIAN_POINT('',(463.862589535028,-167.996048577579,6.0000000000002));
#1708=CARTESIAN_POINT('',(460.862589535028,-167.996048577579,6.0000000000002));
#1709=CARTESIAN_POINT('',(463.862589535028,-171.996048577579,15.));
#1710=CARTESIAN_POINT('',(460.862589535028,-171.996048577579,15.));
#1711=CARTESIAN_POINT('',(471.362589535028,-170.996048577579,16.));
#1712=CARTESIAN_POINT('',(471.362589535028,-170.996048577579,20.));
#1713=CARTESIAN_POINT('',(471.362589535028,-170.996048577579,24.));
#1714=CARTESIAN_POINT('',(471.362589535028,-170.996048577579,24.));
#1715=CARTESIAN_POINT('',(463.862589535028,-170.996048577579,24.));
#1716=CARTESIAN_POINT('',(453.362589535028,-170.996048577579,16.));
#1717=CARTESIAN_POINT('',(453.362589535028,-170.996048577579,20.));
#1718=CARTESIAN_POINT('',(453.362589535028,-170.996048577579,24.));
#1719=CARTESIAN_POINT('',(471.362589535028,-170.996048577579,16.));
#1720=CARTESIAN_POINT('',(463.862589535028,-170.996048577579,16.));
#1721=CARTESIAN_POINT('',(471.362589535028,-170.996048577579,24.));
#1722=CARTESIAN_POINT('',(471.362589535028,-170.996048577579,24.9999999999999));
#1723=CARTESIAN_POINT('',(471.362589535028,-169.996048577579,25.));
#1724=CARTESIAN_POINT('',(471.362589535028,-169.996048577579,25.));
#1725=CARTESIAN_POINT('',(463.862589535028,-169.996048577579,25.));
#1726=CARTESIAN_POINT('',(453.362589535028,-170.996048577579,24.));
#1727=CARTESIAN_POINT('',(453.362589535028,-170.996048577579,24.9999999999999));
#1728=CARTESIAN_POINT('',(453.362589535028,-169.996048577579,25.));
#1729=CARTESIAN_POINT('',(471.362589535028,-169.996048577579,25.));
#1730=CARTESIAN_POINT('',(471.362589535028,-167.996048577579,25.));
#1731=CARTESIAN_POINT('',(471.362589535028,-165.996048577579,25.));
#1732=CARTESIAN_POINT('',(471.362589535028,-165.996048577579,25.));
#1733=CARTESIAN_POINT('',(453.362589535028,-165.996048577579,25.));
#1734=CARTESIAN_POINT('',(453.362589535028,-169.996048577579,25.));
#1735=CARTESIAN_POINT('',(453.362589535028,-167.996048577579,25.));
#1736=CARTESIAN_POINT('',(453.362589535028,-165.996048577579,25.));
#1737=CARTESIAN_POINT('',(471.362589535028,-165.996048577579,25.));
#1738=CARTESIAN_POINT('',(471.362589535028,-164.996048577579,25.));
#1739=CARTESIAN_POINT('',(471.362589535028,-164.996048577579,24.));
#1740=CARTESIAN_POINT('',(471.362589535028,-164.996048577579,24.));
#1741=CARTESIAN_POINT('',(453.362589535028,-164.996048577579,24.));
#1742=CARTESIAN_POINT('',(453.362589535028,-165.996048577579,25.));
#1743=CARTESIAN_POINT('',(453.362589535028,-164.996048577579,25.));
#1744=CARTESIAN_POINT('',(453.362589535028,-164.996048577579,24.));
#1745=CARTESIAN_POINT('',(471.362589535028,-164.996048577579,24.));
#1746=CARTESIAN_POINT('',(471.362589535028,-164.996048577579,15.));
#1747=CARTESIAN_POINT('',(471.362589535028,-164.996048577579,6.));
#1748=CARTESIAN_POINT('',(471.362589535028,-164.996048577579,6.));
#1749=CARTESIAN_POINT('',(453.362589535028,-164.996048577579,6.));
#1750=CARTESIAN_POINT('',(453.362589535028,-164.996048577579,24.));
#1751=CARTESIAN_POINT('',(453.362589535028,-164.996048577579,15.));
#1752=CARTESIAN_POINT('',(453.362589535028,-164.996048577579,6.));
#1753=CARTESIAN_POINT('',(471.362589535028,-164.996048577579,6.));
#1754=CARTESIAN_POINT('',(471.362589535028,-163.496048577579,6.));
#1755=CARTESIAN_POINT('',(471.362589535028,-161.996048577579,6.00000000000001));
#1756=CARTESIAN_POINT('',(471.362589535028,-161.996048577579,6.00000000000001));
#1757=CARTESIAN_POINT('',(453.362589535028,-161.996048577579,6.));
#1758=CARTESIAN_POINT('',(453.362589535028,-164.996048577579,6.));
#1759=CARTESIAN_POINT('',(453.362589535028,-163.496048577579,6.));
#1760=CARTESIAN_POINT('',(453.362589535028,-161.996048577579,6.));
#1761=CARTESIAN_POINT('',(471.362589535028,-161.996048577579,6.00000000000001));
#1762=CARTESIAN_POINT('',(471.362589535028,-161.996048577579,15.));
#1763=CARTESIAN_POINT('',(471.362589535028,-161.996048577579,24.));
#1764=CARTESIAN_POINT('',(471.362589535028,-161.996048577579,24.));
#1765=CARTESIAN_POINT('',(453.362589535028,-161.996048577579,24.));
#1766=CARTESIAN_POINT('',(453.362589535028,-161.996048577579,6.));
#1767=CARTESIAN_POINT('',(453.362589535028,-161.996048577579,15.));
#1768=CARTESIAN_POINT('',(453.362589535028,-161.996048577579,24.));
#1769=CARTESIAN_POINT('',(471.362589535028,-161.996048577579,24.));
#1770=CARTESIAN_POINT('',(471.362589535028,-161.996048577579,25.));
#1771=CARTESIAN_POINT('',(471.362589535028,-160.996048577579,25.));
#1772=CARTESIAN_POINT('',(471.362589535028,-159.996048577579,25.));
#1773=CARTESIAN_POINT('',(471.362589535028,-159.996048577579,24.));
#1774=CARTESIAN_POINT('',(471.362589535028,-159.996048577579,24.));
#1775=CARTESIAN_POINT('',(453.362589535028,-159.996048577579,24.));
#1776=CARTESIAN_POINT('',(453.362589535028,-161.996048577579,24.));
#1777=CARTESIAN_POINT('',(453.362589535028,-161.996048577579,25.));
#1778=CARTESIAN_POINT('',(453.362589535028,-160.996048577579,25.));
#1779=CARTESIAN_POINT('',(453.362589535028,-159.996048577579,25.));
#1780=CARTESIAN_POINT('',(453.362589535028,-159.996048577579,24.));
#1781=CARTESIAN_POINT('',(471.362589535028,-159.996048577579,24.));
#1782=CARTESIAN_POINT('',(471.362589535028,-159.996048577579,7.99999999999999));
#1783=CARTESIAN_POINT('',(471.362589535028,-159.996048577579,3.));
#1784=CARTESIAN_POINT('',(471.362589535028,-159.996048577579,3.));
#1785=CARTESIAN_POINT('',(453.362589535028,-159.996048577579,2.99999999999999));
#1786=CARTESIAN_POINT('',(453.362589535028,-159.996048577579,24.));
#1787=CARTESIAN_POINT('',(453.362589535028,-159.996048577579,7.99999999999999));
#1788=CARTESIAN_POINT('',(453.362589535028,-159.996048577579,2.99999999999999));
#1789=CARTESIAN_POINT('',(471.362589535028,-159.996048577579,3.));
#1790=CARTESIAN_POINT('',(471.362589535028,-159.996048577579,-2.));
#1791=CARTESIAN_POINT('',(471.362589535028,-164.996048577579,-2.));
#1792=CARTESIAN_POINT('',(471.362589535028,-164.996048577579,-2.));
#1793=CARTESIAN_POINT('',(453.362589535028,-164.996048577579,-2.));
#1794=CARTESIAN_POINT('',(453.362589535028,-159.996048577579,2.99999999999999));
#1795=CARTESIAN_POINT('',(453.362589535028,-159.996048577579,-2.));
#1796=CARTESIAN_POINT('',(453.362589535028,-164.996048577579,-2.));
#1797=CARTESIAN_POINT('',(471.362589535028,-164.996048577579,-2.));
#1798=CARTESIAN_POINT('',(471.362589535028,-169.996048577579,-2.));
#1799=CARTESIAN_POINT('',(471.362589535028,-185.996048577579,-2.));
#1800=CARTESIAN_POINT('',(471.362589535028,-185.996048577579,-2.));
#1801=CARTESIAN_POINT('',(453.362589535028,-185.996048577579,-2.00000000000001));
#1802=CARTESIAN_POINT('',(453.362589535028,-164.996048577579,-2.));
#1803=CARTESIAN_POINT('',(453.362589535028,-169.996048577579,-2.00000000000001));
#1804=CARTESIAN_POINT('',(453.362589535028,-185.996048577579,-2.00000000000001));
#1805=CARTESIAN_POINT('',(471.362589535028,-185.996048577579,-2.));
#1806=CARTESIAN_POINT('',(471.362589535028,-186.996048577579,-2.00000000000001));
#1807=CARTESIAN_POINT('',(471.362589535028,-186.996048577579,-0.999999999999993));
#1808=CARTESIAN_POINT('',(471.362589535028,-186.996048577579,1.25607396694702E-14));
#1809=CARTESIAN_POINT('',(471.362589535028,-185.996048577579,8.88178419700125E-15));
#1810=CARTESIAN_POINT('',(471.362589535028,-185.996048577579,8.88178419700125E-15));
#1811=CARTESIAN_POINT('',(453.362589535028,-185.996048577579,1.77635683940025E-15));
#1812=CARTESIAN_POINT('',(453.362589535028,-185.996048577579,-2.00000000000001));
#1813=CARTESIAN_POINT('',(453.362589535028,-186.996048577579,-2.00000000000001));
#1814=CARTESIAN_POINT('',(453.362589535028,-186.996048577579,-1.));
#1815=CARTESIAN_POINT('',(453.362589535028,-186.996048577579,5.02429586778808E-15));
#1816=CARTESIAN_POINT('',(453.362589535028,-185.996048577579,1.77635683940025E-15));
#1817=CARTESIAN_POINT('',(471.362589535028,-185.996048577579,8.88178419700125E-15));
#1818=CARTESIAN_POINT('',(471.362589535028,-176.996048577579,7.105427357601E-15));
#1819=CARTESIAN_POINT('',(471.362589535028,-167.996048577579,3.5527136788005E-15));
#1820=CARTESIAN_POINT('',(471.362589535028,-167.996048577579,3.5527136788005E-15));
#1821=CARTESIAN_POINT('',(453.362589535028,-167.996048577579,-3.5527136788005E-15));
#1822=CARTESIAN_POINT('',(453.362589535028,-185.996048577579,1.77635683940025E-15));
#1823=CARTESIAN_POINT('',(453.362589535028,-176.996048577579,0.));
#1824=CARTESIAN_POINT('',(453.362589535028,-167.996048577579,-3.5527136788005E-15));
#1825=CARTESIAN_POINT('',(471.362589535028,-167.996048577579,3.5527136788005E-15));
#1826=CARTESIAN_POINT('',(471.362589535028,-167.996048577579,1.5));
#1827=CARTESIAN_POINT('',(471.362589535028,-167.996048577579,3.));
#1828=CARTESIAN_POINT('',(471.362589535028,-167.996048577579,3.));
#1829=CARTESIAN_POINT('',(453.362589535028,-167.996048577579,2.99999999999999));
#1830=CARTESIAN_POINT('',(453.362589535028,-167.996048577579,-3.5527136788005E-15));
#1831=CARTESIAN_POINT('',(453.362589535028,-167.996048577579,1.5));
#1832=CARTESIAN_POINT('',(453.362589535028,-167.996048577579,2.99999999999999));
#1833=CARTESIAN_POINT('',(471.362589535028,-167.996048577579,3.));
#1834=CARTESIAN_POINT('',(471.362589535028,-176.996048577579,3.));
#1835=CARTESIAN_POINT('',(471.362589535028,-185.996048577579,2.99999999999999));
#1836=CARTESIAN_POINT('',(471.362589535028,-185.996048577579,2.99999999999999));
#1837=CARTESIAN_POINT('',(453.362589535028,-185.996048577579,2.99999999999999));
#1838=CARTESIAN_POINT('',(453.362589535028,-167.996048577579,2.99999999999999));
#1839=CARTESIAN_POINT('',(453.362589535028,-176.996048577579,2.99999999999999));
#1840=CARTESIAN_POINT('',(453.362589535028,-185.996048577579,2.99999999999999));
#1841=CARTESIAN_POINT('',(471.362589535028,-185.996048577579,2.99999999999999));
#1842=CARTESIAN_POINT('',(471.362589535028,-186.996048577579,3.));
#1843=CARTESIAN_POINT('',(471.362589535028,-186.996048577579,3.99999999999999));
#1844=CARTESIAN_POINT('',(471.362589535028,-186.996048577579,3.99999999999999));
#1845=CARTESIAN_POINT('',(453.362589535028,-186.996048577579,3.99999999999999));
#1846=CARTESIAN_POINT('',(453.362589535028,-185.996048577579,2.99999999999999));
#1847=CARTESIAN_POINT('',(453.362589535028,-186.996048577579,2.99999999999999));
#1848=CARTESIAN_POINT('',(453.362589535028,-186.996048577579,3.99999999999999));
#1849=CARTESIAN_POINT('',(471.362589535028,-186.996048577579,3.99999999999999));
#1850=CARTESIAN_POINT('',(471.362589535028,-186.996048577579,6.50000000000007));
#1851=CARTESIAN_POINT('',(471.362589535028,-186.99604857758,9.00000000000015));
#1852=CARTESIAN_POINT('',(471.362589535028,-186.99604857758,9.00000000000015));
#1853=CARTESIAN_POINT('',(463.862589535028,-186.99604857758,9.00000000000014));
#1854=CARTESIAN_POINT('',(453.362589535028,-186.996048577579,3.99999999999999));
#1855=CARTESIAN_POINT('',(453.362589535028,-186.996048577579,6.50000000000007));
#1856=CARTESIAN_POINT('',(453.362589535028,-186.99604857758,9.00000000000014));
#1857=CARTESIAN_POINT('',(471.362589535028,-186.99604857758,9.00000000000015));
#1858=CARTESIAN_POINT('',(471.362589535028,-186.996048577579,10.0000000000001));
#1859=CARTESIAN_POINT('',(471.362589535028,-185.99604857758,10.0000000000001));
#1860=CARTESIAN_POINT('',(471.362589535028,-185.99604857758,10.0000000000001));
#1861=CARTESIAN_POINT('',(463.862589535028,-185.99604857758,10.));
#1862=CARTESIAN_POINT('',(453.362589535028,-186.99604857758,9.00000000000014));
#1863=CARTESIAN_POINT('',(453.362589535028,-186.99604857758,10.0000000000001));
#1864=CARTESIAN_POINT('',(453.362589535028,-185.99604857758,10.));
#1865=CARTESIAN_POINT('',(471.362589535028,-185.99604857758,10.0000000000001));
#1866=CARTESIAN_POINT('',(471.362589535028,-181.996048577579,10.));
#1867=CARTESIAN_POINT('',(471.362589535028,-177.996048577579,10.));
#1868=CARTESIAN_POINT('',(471.362589535028,-177.996048577579,10.));
#1869=CARTESIAN_POINT('',(463.862589535028,-177.996048577579,10.));
#1870=CARTESIAN_POINT('',(453.362589535028,-185.99604857758,10.));
#1871=CARTESIAN_POINT('',(453.362589535028,-181.996048577579,10.));
#1872=CARTESIAN_POINT('',(453.362589535028,-177.996048577579,10.));
#1873=CARTESIAN_POINT('',(471.362589535028,-177.996048577579,10.));
#1874=CARTESIAN_POINT('',(471.362589535028,-176.996048577579,9.99999999999999));
#1875=CARTESIAN_POINT('',(471.362589535028,-176.996048577579,11.));
#1876=CARTESIAN_POINT('',(471.362589535028,-176.996048577579,11.));
#1877=CARTESIAN_POINT('',(463.862589535028,-176.996048577579,11.));
#1878=CARTESIAN_POINT('',(453.362589535028,-177.996048577579,10.));
#1879=CARTESIAN_POINT('',(453.362589535028,-176.996048577579,9.99999999999999));
#1880=CARTESIAN_POINT('',(453.362589535028,-176.996048577579,11.));
#1881=CARTESIAN_POINT('',(471.362589535028,-176.996048577579,11.));
#1882=CARTESIAN_POINT('',(471.362589535028,-176.996048577579,12.5));
#1883=CARTESIAN_POINT('',(471.362589535028,-176.996048577579,14.));
#1884=CARTESIAN_POINT('',(471.362589535028,-176.996048577579,14.));
#1885=CARTESIAN_POINT('',(463.862589535028,-176.996048577579,14.));
#1886=CARTESIAN_POINT('',(453.362589535028,-176.996048577579,11.));
#1887=CARTESIAN_POINT('',(453.362589535028,-176.996048577579,12.5));
#1888=CARTESIAN_POINT('',(453.362589535028,-176.996048577579,14.));
#1889=CARTESIAN_POINT('',(471.362589535028,-176.996048577579,14.));
#1890=CARTESIAN_POINT('',(471.362589535028,-176.996048577579,15.));
#1891=CARTESIAN_POINT('',(471.362589535028,-175.996048577579,15.));
#1892=CARTESIAN_POINT('',(471.362589535028,-175.996048577579,15.));
#1893=CARTESIAN_POINT('',(463.862589535028,-175.996048577579,15.));
#1894=CARTESIAN_POINT('',(453.362589535028,-176.996048577579,14.));
#1895=CARTESIAN_POINT('',(453.362589535028,-176.996048577579,15.));
#1896=CARTESIAN_POINT('',(453.362589535028,-175.996048577579,15.));
#1897=CARTESIAN_POINT('',(471.362589535028,-175.996048577579,15.));
#1898=CARTESIAN_POINT('',(471.362589535028,-173.996048577579,15.));
#1899=CARTESIAN_POINT('',(471.362589535028,-171.996048577579,15.));
#1900=CARTESIAN_POINT('',(471.362589535028,-171.996048577579,15.));
#1901=CARTESIAN_POINT('',(463.862589535028,-171.996048577579,15.));
#1902=CARTESIAN_POINT('',(453.362589535028,-175.996048577579,15.));
#1903=CARTESIAN_POINT('',(453.362589535028,-173.996048577579,15.));
#1904=CARTESIAN_POINT('',(453.362589535028,-171.996048577579,15.));
#1905=CARTESIAN_POINT('',(471.362589535028,-171.996048577579,15.));
#1906=CARTESIAN_POINT('',(471.362589535028,-170.996048577579,15.));
#1907=CARTESIAN_POINT('',(471.362589535028,-170.996048577579,16.));
#1908=CARTESIAN_POINT('',(453.362589535028,-171.996048577579,15.));
#1909=CARTESIAN_POINT('',(453.362589535028,-170.996048577579,15.));
#1910=CARTESIAN_POINT('',(453.362589535028,-170.996048577579,16.));
#1911=CARTESIAN_POINT('',(471.362589535028,-171.346048577579,10.9999999999999));
#1912=CARTESIAN_POINT('',(471.362589535028,-171.346048577579,12.6499999999999));
#1913=CARTESIAN_POINT('',(471.362589535028,-172.996048577579,12.6499999999999));
#1914=CARTESIAN_POINT('',(471.362589535028,-174.646048577579,12.6499999999999));
#1915=CARTESIAN_POINT('',(471.362589535028,-174.646048577579,10.9999999999999));
#1916=CARTESIAN_POINT('',(471.362589535028,-174.646048577579,9.34999999999994));
#1917=CARTESIAN_POINT('',(471.362589535028,-172.996048577579,9.34999999999994));
#1918=CARTESIAN_POINT('',(471.362589535028,-171.346048577579,9.34999999999994));
#1919=CARTESIAN_POINT('',(471.362589535028,-171.346048577579,10.9999999999999));
#1920=CARTESIAN_POINT('',(453.362589535028,-171.346048577579,10.9999999999999));
#1921=CARTESIAN_POINT('',(453.362589535028,-171.346048577579,12.6499999999999));
#1922=CARTESIAN_POINT('',(453.362589535028,-172.996048577579,12.6499999999999));
#1923=CARTESIAN_POINT('',(453.362589535028,-174.646048577579,12.6499999999999));
#1924=CARTESIAN_POINT('',(453.362589535028,-174.646048577579,10.9999999999999));
#1925=CARTESIAN_POINT('',(453.362589535028,-174.646048577579,9.34999999999994));
#1926=CARTESIAN_POINT('',(453.362589535028,-172.996048577579,9.34999999999994));
#1927=CARTESIAN_POINT('',(453.362589535028,-171.346048577579,9.34999999999994));
#1928=CARTESIAN_POINT('',(453.362589535028,-171.346048577579,10.9999999999999));
#1929=CARTESIAN_POINT('',(471.362589535028,-171.346048577579,10.9999999999999));
#1930=CARTESIAN_POINT('',(463.862589535028,-171.346048577579,10.9999999999999));
#1931=CARTESIAN_POINT('',(459.012589535024,-170.996048577579,21.));
#1932=CARTESIAN_POINT('',(459.012589535024,-170.996048577579,19.35));
#1933=CARTESIAN_POINT('',(457.362589535024,-170.996048577579,19.35));
#1934=CARTESIAN_POINT('',(455.712589535024,-170.996048577579,19.35));
#1935=CARTESIAN_POINT('',(455.712589535024,-170.996048577579,21.));
#1936=CARTESIAN_POINT('',(455.712589535024,-170.996048577579,22.65));
#1937=CARTESIAN_POINT('',(457.362589535024,-170.996048577579,22.65));
#1938=CARTESIAN_POINT('',(459.012589535024,-170.996048577579,22.65));
#1939=CARTESIAN_POINT('',(459.012589535024,-170.996048577579,21.));
#1940=CARTESIAN_POINT('',(459.012589535024,-164.996048577579,21.));
#1941=CARTESIAN_POINT('',(459.012589535024,-164.996048577579,22.65));
#1942=CARTESIAN_POINT('',(457.362589535024,-164.996048577579,22.65));
#1943=CARTESIAN_POINT('',(455.712589535024,-164.996048577579,22.65));
#1944=CARTESIAN_POINT('',(455.712589535024,-164.996048577579,21.));
#1945=CARTESIAN_POINT('',(455.712589535024,-164.996048577579,19.35));
#1946=CARTESIAN_POINT('',(457.362589535024,-164.996048577579,19.35));
#1947=CARTESIAN_POINT('',(459.012589535024,-164.996048577579,19.35));
#1948=CARTESIAN_POINT('',(459.012589535024,-164.996048577579,21.));
#1949=CARTESIAN_POINT('',(459.012589535024,-161.996048577579,21.));
#1950=CARTESIAN_POINT('',(459.012589535024,-161.996048577579,19.35));
#1951=CARTESIAN_POINT('',(457.362589535024,-161.996048577579,19.35));
#1952=CARTESIAN_POINT('',(455.712589535024,-161.996048577579,19.35));
#1953=CARTESIAN_POINT('',(455.712589535024,-161.996048577579,21.));
#1954=CARTESIAN_POINT('',(455.712589535024,-161.996048577579,22.65));
#1955=CARTESIAN_POINT('',(457.362589535024,-161.996048577579,22.65));
#1956=CARTESIAN_POINT('',(459.012589535024,-161.996048577579,22.65));
#1957=CARTESIAN_POINT('',(459.012589535024,-161.996048577579,21.));
#1958=CARTESIAN_POINT('',(459.012589535024,-159.996048577579,21.));
#1959=CARTESIAN_POINT('',(459.012589535024,-159.996048577579,22.65));
#1960=CARTESIAN_POINT('',(457.362589535024,-159.996048577579,22.65));
#1961=CARTESIAN_POINT('',(455.712589535024,-159.996048577579,22.65));
#1962=CARTESIAN_POINT('',(455.712589535024,-159.996048577579,21.));
#1963=CARTESIAN_POINT('',(455.712589535024,-159.996048577579,19.35));
#1964=CARTESIAN_POINT('',(457.362589535024,-159.996048577579,19.35));
#1965=CARTESIAN_POINT('',(459.012589535024,-159.996048577579,19.35));
#1966=CARTESIAN_POINT('',(459.012589535024,-159.996048577579,21.));
#1967=CARTESIAN_POINT('',(459.012589535024,-164.996048577579,21.));
#1968=CARTESIAN_POINT('',(459.012589535024,-170.996048577579,21.));
#1969=CARTESIAN_POINT('',(459.012589535024,-159.996048577579,21.0000000000001));
#1970=CARTESIAN_POINT('',(459.012589535024,-161.996048577579,21.));
#1971=CARTESIAN_POINT('',(469.012589535024,-170.996048577579,21.));
#1972=CARTESIAN_POINT('',(469.012589535024,-170.996048577579,19.35));
#1973=CARTESIAN_POINT('',(467.362589535024,-170.996048577579,19.35));
#1974=CARTESIAN_POINT('',(465.712589535024,-170.996048577579,19.35));
#1975=CARTESIAN_POINT('',(465.712589535024,-170.996048577579,21.));
#1976=CARTESIAN_POINT('',(465.712589535024,-170.996048577579,22.65));
#1977=CARTESIAN_POINT('',(467.362589535024,-170.996048577579,22.65));
#1978=CARTESIAN_POINT('',(469.012589535024,-170.996048577579,22.65));
#1979=CARTESIAN_POINT('',(469.012589535024,-170.996048577579,21.));
#1980=CARTESIAN_POINT('',(469.012589535024,-164.996048577579,21.));
#1981=CARTESIAN_POINT('',(469.012589535024,-164.996048577579,22.65));
#1982=CARTESIAN_POINT('',(467.362589535024,-164.996048577579,22.65));
#1983=CARTESIAN_POINT('',(465.712589535024,-164.996048577579,22.65));
#1984=CARTESIAN_POINT('',(465.712589535024,-164.996048577579,21.));
#1985=CARTESIAN_POINT('',(465.712589535024,-164.996048577579,19.35));
#1986=CARTESIAN_POINT('',(467.362589535024,-164.996048577579,19.35));
#1987=CARTESIAN_POINT('',(469.012589535024,-164.996048577579,19.35));
#1988=CARTESIAN_POINT('',(469.012589535024,-164.996048577579,21.));
#1989=CARTESIAN_POINT('',(469.012589535024,-161.996048577579,21.));
#1990=CARTESIAN_POINT('',(469.012589535024,-161.996048577579,19.35));
#1991=CARTESIAN_POINT('',(467.362589535024,-161.996048577579,19.35));
#1992=CARTESIAN_POINT('',(465.712589535024,-161.996048577579,19.35));
#1993=CARTESIAN_POINT('',(465.712589535024,-161.996048577579,21.));
#1994=CARTESIAN_POINT('',(465.712589535024,-161.996048577579,22.65));
#1995=CARTESIAN_POINT('',(467.362589535024,-161.996048577579,22.65));
#1996=CARTESIAN_POINT('',(469.012589535024,-161.996048577579,22.65));
#1997=CARTESIAN_POINT('',(469.012589535024,-161.996048577579,21.));
#1998=CARTESIAN_POINT('',(469.012589535024,-159.996048577579,21.));
#1999=CARTESIAN_POINT('',(469.012589535024,-159.996048577579,22.65));
#2000=CARTESIAN_POINT('',(467.362589535024,-159.996048577579,22.65));
#2001=CARTESIAN_POINT('',(465.712589535024,-159.996048577579,22.65));
#2002=CARTESIAN_POINT('',(465.712589535024,-159.996048577579,21.));
#2003=CARTESIAN_POINT('',(465.712589535024,-159.996048577579,19.35));
#2004=CARTESIAN_POINT('',(467.362589535024,-159.996048577579,19.35));
#2005=CARTESIAN_POINT('',(469.012589535024,-159.996048577579,19.35));
#2006=CARTESIAN_POINT('',(469.012589535024,-159.996048577579,21.));
#2007=CARTESIAN_POINT('',(469.012589535024,-164.996048577579,21.));
#2008=CARTESIAN_POINT('',(469.012589535024,-170.996048577579,21.));
#2009=CARTESIAN_POINT('',(469.012589535024,-159.996048577579,21.));
#2010=CARTESIAN_POINT('',(469.012589535024,-161.996048577579,21.));
#2011=CARTESIAN_POINT('',(459.012589535028,-182.996048577579,-2.));
#2012=CARTESIAN_POINT('',(459.012589535028,-181.346048577579,-2.));
#2013=CARTESIAN_POINT('',(457.362589535028,-181.346048577579,-2.));
#2014=CARTESIAN_POINT('',(455.712589535028,-181.346048577579,-2.));
#2015=CARTESIAN_POINT('',(455.712589535028,-182.996048577579,-2.));
#2016=CARTESIAN_POINT('',(455.712589535028,-184.646048577579,-2.));
#2017=CARTESIAN_POINT('',(457.362589535028,-184.646048577579,-2.));
#2018=CARTESIAN_POINT('',(459.012589535028,-184.646048577579,-2.));
#2019=CARTESIAN_POINT('',(459.012589535028,-182.996048577579,-2.));
#2020=CARTESIAN_POINT('',(459.012589535028,-182.996048577579,3.5527136788005E-15));
#2021=CARTESIAN_POINT('',(459.012589535028,-184.646048577579,2.51214793389404E-15));
#2022=CARTESIAN_POINT('',(457.362589535028,-184.646048577579,3.5527136788005E-15));
#2023=CARTESIAN_POINT('',(455.712589535028,-184.646048577579,2.51214793389404E-15));
#2024=CARTESIAN_POINT('',(455.712589535028,-182.996048577579,3.5527136788005E-15));
#2025=CARTESIAN_POINT('',(455.712589535028,-181.346048577579,2.51214793389404E-15));
#2026=CARTESIAN_POINT('',(457.362589535028,-181.346048577579,3.5527136788005E-15));
#2027=CARTESIAN_POINT('',(459.012589535028,-181.346048577579,2.51214793389404E-15));
#2028=CARTESIAN_POINT('',(459.012589535028,-182.996048577579,3.5527136788005E-15));
#2029=CARTESIAN_POINT('',(459.012589535028,-182.996048577579,2.99999999999999));
#2030=CARTESIAN_POINT('',(459.012589535028,-181.346048577579,2.99999999999998));
#2031=CARTESIAN_POINT('',(457.362589535028,-181.346048577579,2.99999999999999));
#2032=CARTESIAN_POINT('',(455.712589535028,-181.346048577579,2.99999999999998));
#2033=CARTESIAN_POINT('',(455.712589535028,-182.996048577579,2.99999999999999));
#2034=CARTESIAN_POINT('',(455.712589535028,-184.646048577579,2.99999999999998));
#2035=CARTESIAN_POINT('',(457.362589535028,-184.646048577579,2.99999999999999));
#2036=CARTESIAN_POINT('',(459.012589535028,-184.646048577579,2.99999999999998));
#2037=CARTESIAN_POINT('',(459.012589535028,-182.996048577579,2.99999999999999));
#2038=CARTESIAN_POINT('',(459.012589535028,-182.996048577579,10.));
#2039=CARTESIAN_POINT('',(459.012589535028,-184.646048577579,10.));
#2040=CARTESIAN_POINT('',(457.362589535028,-184.646048577579,10.));
#2041=CARTESIAN_POINT('',(455.712589535028,-184.646048577579,10.));
#2042=CARTESIAN_POINT('',(455.712589535028,-182.996048577579,10.));
#2043=CARTESIAN_POINT('',(455.712589535028,-181.346048577579,10.));
#2044=CARTESIAN_POINT('',(457.362589535028,-181.346048577579,10.));
#2045=CARTESIAN_POINT('',(459.012589535028,-181.346048577579,10.));
#2046=CARTESIAN_POINT('',(459.012589535028,-182.996048577579,10.));
#2047=CARTESIAN_POINT('',(459.012589535028,-182.996048577579,2.99999999999999));
#2048=CARTESIAN_POINT('',(459.012589535028,-182.996048577579,10.));
#2049=CARTESIAN_POINT('',(459.012589535028,-182.996048577579,-2.00000000000001));
#2050=CARTESIAN_POINT('',(459.012589535028,-182.996048577579,3.4589615122766E-15));
#2051=CARTESIAN_POINT('',(469.012589535028,-182.996048577579,-2.));
#2052=CARTESIAN_POINT('',(469.012589535028,-181.346048577579,-2.));
#2053=CARTESIAN_POINT('',(467.362589535028,-181.346048577579,-2.));
#2054=CARTESIAN_POINT('',(465.712589535028,-181.346048577579,-2.));
#2055=CARTESIAN_POINT('',(465.712589535028,-182.996048577579,-2.));
#2056=CARTESIAN_POINT('',(465.712589535028,-184.646048577579,-2.));
#2057=CARTESIAN_POINT('',(467.362589535028,-184.646048577579,-2.));
#2058=CARTESIAN_POINT('',(469.012589535028,-184.646048577579,-2.));
#2059=CARTESIAN_POINT('',(469.012589535028,-182.996048577579,-2.));
#2060=CARTESIAN_POINT('',(469.012589535028,-182.996048577579,8.88178419700125E-15));
#2061=CARTESIAN_POINT('',(469.012589535028,-184.646048577579,6.2803698347351E-15));
#2062=CARTESIAN_POINT('',(467.362589535028,-184.646048577579,8.88178419700125E-15));
#2063=CARTESIAN_POINT('',(465.712589535028,-184.646048577579,6.2803698347351E-15));
#2064=CARTESIAN_POINT('',(465.712589535028,-182.996048577579,8.88178419700125E-15));
#2065=CARTESIAN_POINT('',(465.712589535028,-181.346048577579,6.2803698347351E-15));
#2066=CARTESIAN_POINT('',(467.362589535028,-181.346048577579,8.88178419700125E-15));
#2067=CARTESIAN_POINT('',(469.012589535028,-181.346048577579,6.2803698347351E-15));
#2068=CARTESIAN_POINT('',(469.012589535028,-182.996048577579,8.88178419700125E-15));
#2069=CARTESIAN_POINT('',(469.012589535028,-182.996048577579,2.99999999999999));
#2070=CARTESIAN_POINT('',(469.012589535028,-181.346048577579,2.99999999999999));
#2071=CARTESIAN_POINT('',(467.362589535028,-181.346048577579,2.99999999999999));
#2072=CARTESIAN_POINT('',(465.712589535028,-181.346048577579,2.99999999999999));
#2073=CARTESIAN_POINT('',(465.712589535028,-182.996048577579,2.99999999999999));
#2074=CARTESIAN_POINT('',(465.712589535028,-184.646048577579,2.99999999999999));
#2075=CARTESIAN_POINT('',(467.362589535028,-184.646048577579,2.99999999999999));
#2076=CARTESIAN_POINT('',(469.012589535028,-184.646048577579,2.99999999999999));
#2077=CARTESIAN_POINT('',(469.012589535028,-182.996048577579,2.99999999999999));
#2078=CARTESIAN_POINT('',(469.012589535028,-182.996048577579,10.));
#2079=CARTESIAN_POINT('',(469.012589535028,-184.646048577579,10.));
#2080=CARTESIAN_POINT('',(467.362589535028,-184.646048577579,10.));
#2081=CARTESIAN_POINT('',(465.712589535028,-184.646048577579,10.));
#2082=CARTESIAN_POINT('',(465.712589535028,-182.996048577579,10.));
#2083=CARTESIAN_POINT('',(465.712589535028,-181.346048577579,10.));
#2084=CARTESIAN_POINT('',(467.362589535028,-181.346048577579,10.));
#2085=CARTESIAN_POINT('',(469.012589535028,-181.346048577579,10.));
#2086=CARTESIAN_POINT('',(469.012589535028,-182.996048577579,10.));
#2087=CARTESIAN_POINT('',(469.012589535028,-182.996048577579,2.99999999999999));
#2088=CARTESIAN_POINT('',(469.012589535028,-182.996048577579,10.));
#2089=CARTESIAN_POINT('',(469.012589535028,-182.996048577579,-2.));
#2090=CARTESIAN_POINT('',(469.012589535028,-182.996048577579,8.09722659293281E-15));
#2091=CARTESIAN_POINT('',(460.862589535028,-170.996048577579,24.));
#2092=CARTESIAN_POINT('',(460.862589535028,-170.996048577579,20.));
#2093=CARTESIAN_POINT('',(460.862589535028,-170.996048577579,16.));
#2094=CARTESIAN_POINT('',(463.862589535028,-170.996048577579,24.));
#2095=CARTESIAN_POINT('',(463.862589535028,-170.996048577579,20.));
#2096=CARTESIAN_POINT('',(463.862589535028,-170.996048577579,16.));
#2097=CARTESIAN_POINT('',(460.862589535028,-169.996048577579,24.9999999999999));
#2098=CARTESIAN_POINT('',(460.862589535028,-170.996048577579,24.9999999999999));
#2099=CARTESIAN_POINT('',(460.862589535028,-170.996048577579,24.));
#2100=CARTESIAN_POINT('',(463.862589535028,-169.996048577579,25.));
#2101=CARTESIAN_POINT('',(463.862589535028,-170.996048577579,24.9999999999999));
#2102=CARTESIAN_POINT('',(463.862589535028,-170.996048577579,24.));
#2103=CARTESIAN_POINT('',(460.862589535028,-167.996048577579,25.));
#2104=CARTESIAN_POINT('',(463.862589535028,-167.996048577579,25.));
#2105=CARTESIAN_POINT('',(460.862589535028,-167.996048577579,25.));
#2106=CARTESIAN_POINT('',(460.862589535028,-168.996048577579,25.));
#2107=CARTESIAN_POINT('',(460.862589535028,-169.996048577579,24.9999999999999));
#2108=CARTESIAN_POINT('',(463.862589535028,-167.996048577579,25.));
#2109=CARTESIAN_POINT('',(463.862589535028,-168.996048577579,25.));
#2110=CARTESIAN_POINT('',(463.862589535028,-169.996048577579,25.));
#2111=CARTESIAN_POINT('',(460.862589535028,-186.996048577579,6.0000000000002));
#2112=CARTESIAN_POINT('',(463.862589535028,-186.996048577579,5.99999999999991));
#2113=CARTESIAN_POINT('',(460.862589535028,-185.99604857758,10.));
#2114=CARTESIAN_POINT('',(460.862589535028,-186.99604857758,10.0000000000001));
#2115=CARTESIAN_POINT('',(460.862589535028,-186.99604857758,9.00000000000015));
#2116=CARTESIAN_POINT('',(463.862589535028,-185.99604857758,10.));
#2117=CARTESIAN_POINT('',(463.862589535028,-186.99604857758,10.0000000000001));
#2118=CARTESIAN_POINT('',(463.862589535028,-186.99604857758,9.00000000000014));
#2119=CARTESIAN_POINT('',(460.862589535028,-176.996048577579,11.));
#2120=CARTESIAN_POINT('',(460.862589535028,-176.996048577579,9.99999999999997));
#2121=CARTESIAN_POINT('',(460.862589535028,-177.996048577579,10.));
#2122=CARTESIAN_POINT('',(463.862589535028,-176.996048577579,11.));
#2123=CARTESIAN_POINT('',(463.862589535028,-176.996048577579,9.99999999999995));
#2124=CARTESIAN_POINT('',(463.862589535028,-177.996048577579,10.));
#2125=CARTESIAN_POINT('',(460.862589535028,-176.996048577579,14.));
#2126=CARTESIAN_POINT('',(460.862589535028,-176.996048577579,12.5));
#2127=CARTESIAN_POINT('',(460.862589535028,-176.996048577579,11.));
#2128=CARTESIAN_POINT('',(463.862589535028,-176.996048577579,14.));
#2129=CARTESIAN_POINT('',(463.862589535028,-176.996048577579,12.5));
#2130=CARTESIAN_POINT('',(463.862589535028,-176.996048577579,11.));
#2131=CARTESIAN_POINT('',(460.862589535028,-175.996048577579,15.));
#2132=CARTESIAN_POINT('',(460.862589535028,-176.996048577579,15.));
#2133=CARTESIAN_POINT('',(460.862589535028,-176.996048577579,14.));
#2134=CARTESIAN_POINT('',(463.862589535028,-175.996048577579,15.));
#2135=CARTESIAN_POINT('',(463.862589535028,-176.996048577579,15.));
#2136=CARTESIAN_POINT('',(463.862589535028,-176.996048577579,14.));
#2137=CARTESIAN_POINT('',(460.862589535028,-170.996048577579,24.));
#2138=CARTESIAN_POINT('',(453.362589535028,-170.996048577579,24.));
#2139=CARTESIAN_POINT('',(460.862589535028,-170.996048577579,16.));
#2140=CARTESIAN_POINT('',(453.362589535028,-170.996048577579,16.));
#2141=CARTESIAN_POINT('',(460.862589535028,-169.996048577579,24.9999999999999));
#2142=CARTESIAN_POINT('',(453.362589535028,-169.996048577579,25.));
#2143=CARTESIAN_POINT('',(460.862589535028,-186.99604857758,9.00000000000015));
#2144=CARTESIAN_POINT('',(453.362589535028,-186.99604857758,9.00000000000014));
#2145=CARTESIAN_POINT('',(460.862589535028,-185.99604857758,10.));
#2146=CARTESIAN_POINT('',(453.362589535028,-185.99604857758,10.));
#2147=CARTESIAN_POINT('',(460.862589535028,-177.996048577579,10.));
#2148=CARTESIAN_POINT('',(453.362589535028,-177.996048577579,10.));
#2149=CARTESIAN_POINT('',(460.862589535028,-176.996048577579,11.));
#2150=CARTESIAN_POINT('',(453.362589535028,-176.996048577579,11.));
#2151=CARTESIAN_POINT('',(460.862589535028,-176.996048577579,14.));
#2152=CARTESIAN_POINT('',(453.362589535028,-176.996048577579,14.));
#2153=CARTESIAN_POINT('',(460.862589535028,-175.996048577579,15.));
#2154=CARTESIAN_POINT('',(453.362589535028,-175.996048577579,15.));
#2155=CARTESIAN_POINT('',(460.862589535028,-171.346048577579,10.9999999999999));
#2156=CARTESIAN_POINT('',(453.362589535028,-171.346048577579,10.9999999999999));
#2157=CARTESIAN_POINT('',(463.862589535028,-186.996048577579,5.99999999999991));
#2158=CARTESIAN_POINT('',(463.862589535028,-186.99604857758,9.00000000000014));
#2159=CARTESIAN_POINT('',(460.862589535028,-186.996048577579,6.0000000000002));
#2160=CARTESIAN_POINT('',(460.862589535028,-186.99604857758,9.00000000000015));
#2161=CARTESIAN_POINT('',(463.862589535028,-167.996048577579,6.0000000000002));
#2162=CARTESIAN_POINT('',(460.862589535028,-167.996048577579,6.0000000000002));
#2163=CARTESIAN_POINT('',(460.862589535028,-171.996048577579,15.));
#2164=CARTESIAN_POINT('',(453.362589535028,-171.996048577579,15.));
#2165=CARTESIAN_POINT('',(460.862589535028,-177.996048577579,10.));
#2166=CARTESIAN_POINT('',(460.862589535028,-179.937031583192,10.));
#2167=CARTESIAN_POINT('',(460.862589535028,-181.878014588829,10.0000000000001));
#2168=CARTESIAN_POINT('',(460.862589535028,-182.996048577579,10.0000000000001));
#2169=CARTESIAN_POINT('',(460.862589535028,-184.114082566329,10.0000000000001));
#2170=CARTESIAN_POINT('',(460.862589535028,-185.055065571965,10.));
#2171=CARTESIAN_POINT('',(460.862589535028,-185.99604857758,10.));
#2172=CARTESIAN_POINT('',(463.862589535028,-177.996048577579,10.));
#2173=CARTESIAN_POINT('',(463.862589535028,-179.937031583192,10.));
#2174=CARTESIAN_POINT('',(463.862589535028,-181.878014588829,10.0000000000001));
#2175=CARTESIAN_POINT('',(463.862589535028,-182.996048577579,10.0000000000001));
#2176=CARTESIAN_POINT('',(463.862589535028,-184.114082566329,10.0000000000001));
#2177=CARTESIAN_POINT('',(463.862589535028,-185.055065571965,10.));
#2178=CARTESIAN_POINT('',(463.862589535028,-185.99604857758,10.));
#2179=CARTESIAN_POINT('',(460.862589535028,-171.996048577579,15.));
#2180=CARTESIAN_POINT('',(460.862589535028,-173.246048577579,15.));
#2181=CARTESIAN_POINT('',(460.862589535028,-174.496048577579,15.));
#2182=CARTESIAN_POINT('',(460.862589535028,-175.246048577579,15.));
#2183=CARTESIAN_POINT('',(460.862589535028,-175.996048577579,15.));
#2184=CARTESIAN_POINT('',(463.862589535028,-171.996048577579,15.));
#2185=CARTESIAN_POINT('',(463.862589535028,-173.246048577579,15.));
#2186=CARTESIAN_POINT('',(463.862589535028,-174.496048577579,15.));
#2187=CARTESIAN_POINT('',(463.862589535028,-175.246048577579,15.));
#2188=CARTESIAN_POINT('',(463.862589535028,-175.996048577579,15.));
#2189=CARTESIAN_POINT('',(460.862589535028,-170.996048577579,16.));
#2190=CARTESIAN_POINT('',(460.862589535028,-170.996048577579,15.4226497308103));
#2191=CARTESIAN_POINT('',(460.862589535028,-171.496048577579,15.1339745962155));
#2192=CARTESIAN_POINT('',(460.862589535028,-171.728099385148,15.));
#2193=CARTESIAN_POINT('',(460.862589535028,-171.996048577579,15.));
#2194=CARTESIAN_POINT('',(463.862589535028,-170.996048577579,16.));
#2195=CARTESIAN_POINT('',(463.862589535028,-170.996048577579,15.4226497308103));
#2196=CARTESIAN_POINT('',(463.862589535028,-171.496048577579,15.1339745962155));
#2197=CARTESIAN_POINT('',(463.862589535028,-171.728099385148,15.));
#2198=CARTESIAN_POINT('',(463.862589535028,-171.996048577579,15.));
#2199=CARTESIAN_POINT('',(460.862589535028,-171.346048577579,10.9999999999999));
#2200=CARTESIAN_POINT('',(460.862589535028,-171.346048577579,11.3600595188894));
#2201=CARTESIAN_POINT('',(460.862589535028,-171.496048577579,11.6873863542434));
#2202=CARTESIAN_POINT('',(460.862589535028,-171.937173567246,12.65));
#2203=CARTESIAN_POINT('',(460.862589535028,-172.996048577579,12.65));
#2204=CARTESIAN_POINT('',(460.862589535028,-174.054923587911,12.65));
#2205=CARTESIAN_POINT('',(460.862589535028,-174.496048577579,11.6873863542434));
#2206=CARTESIAN_POINT('',(460.862589535028,-174.825057055412,10.9694309952176));
#2207=CARTESIAN_POINT('',(460.862589535028,-174.472240044875,10.2628712786217));
#2208=CARTESIAN_POINT('',(460.862589535028,-174.119423034338,9.55631156202583));
#2209=CARTESIAN_POINT('',(460.862589535028,-173.347829759565,9.38793610548459));
#2210=CARTESIAN_POINT('',(460.862589535028,-172.576236484793,9.21956064894335));
#2211=CARTESIAN_POINT('',(460.862589535028,-171.961142531186,9.71490487700743));
#2212=CARTESIAN_POINT('',(460.862589535028,-171.346048577579,10.2102491050715));
#2213=CARTESIAN_POINT('',(460.862589535028,-171.346048577579,10.9999999999999));
#2214=CARTESIAN_POINT('',(463.862589535028,-171.346048577579,10.9999999999999));
#2215=CARTESIAN_POINT('',(463.862589535028,-171.346048577579,11.3600595188893));
#2216=CARTESIAN_POINT('',(463.862589535028,-171.496048577579,11.6873863542433));
#2217=CARTESIAN_POINT('',(463.862589535028,-171.937173567246,12.6499999999999));
#2218=CARTESIAN_POINT('',(463.862589535028,-172.996048577579,12.6499999999999));
#2219=CARTESIAN_POINT('',(463.862589535028,-174.054923587911,12.6499999999999));
#2220=CARTESIAN_POINT('',(463.862589535028,-174.496048577579,11.6873863542433));
#2221=CARTESIAN_POINT('',(463.862589535028,-174.825057055412,10.9694309952175));
#2222=CARTESIAN_POINT('',(463.862589535028,-174.472240044875,10.2628712786217));
#2223=CARTESIAN_POINT('',(463.862589535028,-174.119423034338,9.55631156202583));
#2224=CARTESIAN_POINT('',(463.862589535028,-173.347829759565,9.38793610548462));
#2225=CARTESIAN_POINT('',(463.862589535028,-172.576236484792,9.21956064894341));
#2226=CARTESIAN_POINT('',(463.862589535028,-171.961142531186,9.71490487700748));
#2227=CARTESIAN_POINT('',(463.862589535028,-171.346048577579,10.2102491050716));
#2228=CARTESIAN_POINT('',(463.862589535028,-171.346048577579,10.9999999999999));
#2229=CARTESIAN_POINT('',(463.862589535028,-186.996048577579,5.99999999999991));
#2230=CARTESIAN_POINT('',(463.862589535028,-171.410262139952,6.));
#2231=CARTESIAN_POINT('',(463.862589535028,-167.996048577579,6.0000000000002));
#2232=CARTESIAN_POINT('',(463.862589535028,-167.996048577579,6.0000000000002));
#2233=CARTESIAN_POINT('',(463.862589535028,-167.996048577579,9.41421356237309));
#2234=CARTESIAN_POINT('',(463.862589535028,-167.996048577579,25.));
#2235=CARTESIAN_POINT('',(460.862589535028,-167.996048577579,6.0000000000002));
#2236=CARTESIAN_POINT('',(460.862589535028,-167.996048577579,9.41421356237309));
#2237=CARTESIAN_POINT('',(460.862589535028,-167.996048577579,25.));
#2238=CARTESIAN_POINT('',(460.862589535028,-167.996048577579,6.0000000000002));
#2239=CARTESIAN_POINT('',(460.862589535028,-171.410262139952,6.));
#2240=CARTESIAN_POINT('',(460.862589535028,-186.996048577579,6.0000000000002));
#2241=CARTESIAN_POINT('',(439.362589535028,-185.996048577579,-2.));
#2242=CARTESIAN_POINT('',(443.362589535028,-175.996048577579,2.99999999999997));
#2243=CARTESIAN_POINT('',(439.362589535028,-170.996048577579,3.));
#2244=CARTESIAN_POINT('',(443.362589535028,-171.996048577579,13.));
#2245=CARTESIAN_POINT('',(439.362589535028,-171.996048577579,14.));
#2246=CARTESIAN_POINT('',(443.362589535028,-176.996048577579,13.));
#2247=CARTESIAN_POINT('',(439.362589535028,-177.996048577579,13.));
#2248=CARTESIAN_POINT('',(443.362589535028,-179.996048577579,7.00000000000002));
#2249=CARTESIAN_POINT('',(439.362589535028,-179.996048577579,5.));
#2250=CARTESIAN_POINT('',(443.362589535028,-185.996048577579,4.00000000000006));
#2251=CARTESIAN_POINT('',(439.362589535028,-186.996048577579,4.00000000000002));
#2252=CARTESIAN_POINT('',(443.362589535028,-185.996048577579,-1.));
#2253=CARTESIAN_POINT('',(443.362589535028,-183.996048577579,5.));
#2254=CARTESIAN_POINT('',(443.362589535024,-166.996048577579,11.));
#2255=CARTESIAN_POINT('',(454.948375972651,-175.996048577579,6.));
#2256=CARTESIAN_POINT('',(454.948375972655,-178.996048577579,0.));
#2257=CARTESIAN_POINT('',(438.562589535028,-187.796048577579,3.));
#2258=CARTESIAN_POINT('',(438.562589535028,-187.796048577579,0.));
#2259=CARTESIAN_POINT('',(470.862589535024,-172.996048577579,118.5));
#2260=CARTESIAN_POINT('',(439.362589535028,-188.996048577579,-4.));
#2261=CARTESIAN_POINT('',(470.862589535024,-175.996048577579,118.5));
#2262=CARTESIAN_POINT('',(447.362589535028,-188.996048577579,-4.));
#2263=CARTESIAN_POINT('',(443.362589535024,-166.996048577579,11.));
#2264=CARTESIAN_POINT('',(443.362589535028,-183.996048577579,5.));
#2265=CARTESIAN_POINT('',(439.362589535028,-185.996048577579,-2.));
#2266=CARTESIAN_POINT('',(439.362589535028,-175.996048577579,-2.));
#2267=CARTESIAN_POINT('',(447.362589535028,-175.996048577579,-2.));
#2268=CARTESIAN_POINT('',(447.362589535028,-185.996048577579,-2.));
#2269=CARTESIAN_POINT('',(439.362589535028,-170.996048577579,3.));
#2270=CARTESIAN_POINT('',(447.362589535028,-170.996048577579,3.));
#2271=CARTESIAN_POINT('',(439.362589535028,-170.996048577579,13.));
#2272=CARTESIAN_POINT('',(447.362589535028,-170.996048577579,13.));
#2273=CARTESIAN_POINT('',(439.362589535028,-171.996048577579,14.));
#2274=CARTESIAN_POINT('',(447.362589535028,-171.996048577579,14.));
#2275=CARTESIAN_POINT('',(439.362589535028,-176.996048577579,14.));
#2276=CARTESIAN_POINT('',(447.362589535028,-176.996048577579,14.));
#2277=CARTESIAN_POINT('',(439.362589535028,-177.996048577579,13.));
#2278=CARTESIAN_POINT('',(447.362589535028,-177.996048577579,13.));
#2279=CARTESIAN_POINT('',(439.362589535028,-177.996048577579,6.99999999999999));
#2280=CARTESIAN_POINT('',(447.362589535028,-177.996048577579,6.99999999999999));
#2281=CARTESIAN_POINT('',(439.362589535028,-179.996048577579,5.));
#2282=CARTESIAN_POINT('',(447.362589535028,-179.996048577579,5.));
#2283=CARTESIAN_POINT('',(439.362589535028,-185.996048577579,5.));
#2284=CARTESIAN_POINT('',(447.362589535028,-185.996048577579,5.));
#2285=CARTESIAN_POINT('',(439.362589535028,-186.996048577579,4.00000000000002));
#2286=CARTESIAN_POINT('',(447.362589535028,-186.996048577579,4.00000000000002));
#2287=CARTESIAN_POINT('',(439.362589535028,-186.996048577579,-1.));
#2288=CARTESIAN_POINT('',(447.362589535028,-186.996048577579,-1.));
#2289=CARTESIAN_POINT('',(445.012589535028,-183.996048577579,-2.));
#2290=CARTESIAN_POINT('',(445.012589535028,-183.996048577579,5.));
#2291=CARTESIAN_POINT('',(445.012589535024,-170.996048577579,11.0000000000001));
#2292=CARTESIAN_POINT('',(445.012589535024,-177.996048577579,11.));
#2293=CARTESIAN_POINT('',(439.362589535028,-175.996048577579,14.));
#2294=CARTESIAN_POINT('',(447.362589535028,-175.996048577579,14.));
#2295=CARTESIAN_POINT('',(439.362589535028,-172.996048577579,14.));
#2296=CARTESIAN_POINT('',(447.362589535028,-172.996048577579,14.));
#2297=CARTESIAN_POINT('',(439.362589535028,-172.996048577579,6.));
#2298=CARTESIAN_POINT('',(439.362589535028,-175.996048577579,6.));
#2299=CARTESIAN_POINT('',(447.362589535028,-172.996048577579,6.));
#2300=CARTESIAN_POINT('',(447.362589535028,-175.996048577579,6.));
#2301=CARTESIAN_POINT('',(445.012589535024,-175.996048577579,11.));
#2302=CARTESIAN_POINT('',(445.012589535024,-172.996048577579,11.));
#2303=CARTESIAN_POINT('',(439.362589535028,-186.996048577579,6.52256026967279E-15));
#2304=CARTESIAN_POINT('',(447.362589535028,-186.996048577579,6.52256026967279E-15));
#2305=CARTESIAN_POINT('',(439.362589535028,-186.996048577579,2.99999999999999));
#2306=CARTESIAN_POINT('',(447.362589535028,-186.996048577579,2.99999999999999));
#2307=CARTESIAN_POINT('',(447.362589535028,-178.996048577579,3.));
#2308=CARTESIAN_POINT('',(447.362589535028,-178.996048577579,6.66133814775094E-16));
#2309=CARTESIAN_POINT('',(439.362589535028,-178.996048577579,3.));
#2310=CARTESIAN_POINT('',(439.362589535028,-178.996048577579,6.66133814775094E-16));
#2311=CARTESIAN_POINT('',(445.012589535028,-183.996048577579,0.));
#2312=CARTESIAN_POINT('',(445.012589535028,-183.996048577579,2.99999999999999));
#2313=CARTESIAN_POINT('',(439.362589535028,-185.996048577579,-2.));
#2314=CARTESIAN_POINT('',(439.362589535028,-180.996048577579,-2.));
#2315=CARTESIAN_POINT('',(439.362589535028,-175.996048577579,-2.));
#2316=CARTESIAN_POINT('',(439.362589535028,-175.996048577579,-2.));
#2317=CARTESIAN_POINT('',(447.362589535028,-175.996048577579,-2.));
#2318=CARTESIAN_POINT('',(447.362589535028,-185.996048577579,-2.));
#2319=CARTESIAN_POINT('',(447.362589535028,-180.996048577579,-2.));
#2320=CARTESIAN_POINT('',(447.362589535028,-175.996048577579,-2.));
#2321=CARTESIAN_POINT('',(439.362589535028,-185.996048577579,-2.));
#2322=CARTESIAN_POINT('',(447.362589535028,-185.996048577579,-2.));
#2323=CARTESIAN_POINT('',(439.362589535028,-175.996048577579,-2.));
#2324=CARTESIAN_POINT('',(439.362589535028,-170.996048577579,-2.));
#2325=CARTESIAN_POINT('',(439.362589535028,-170.996048577579,3.));
#2326=CARTESIAN_POINT('',(439.362589535028,-170.996048577579,3.));
#2327=CARTESIAN_POINT('',(447.362589535028,-170.996048577579,3.));
#2328=CARTESIAN_POINT('',(447.362589535028,-175.996048577579,-2.));
#2329=CARTESIAN_POINT('',(447.362589535028,-170.996048577579,-2.));
#2330=CARTESIAN_POINT('',(447.362589535028,-170.996048577579,3.));
#2331=CARTESIAN_POINT('',(439.362589535028,-170.996048577579,3.));
#2332=CARTESIAN_POINT('',(439.362589535028,-170.996048577579,7.99999999999999));
#2333=CARTESIAN_POINT('',(439.362589535028,-170.996048577579,13.));
#2334=CARTESIAN_POINT('',(439.362589535028,-170.996048577579,13.));
#2335=CARTESIAN_POINT('',(447.362589535028,-170.996048577579,13.));
#2336=CARTESIAN_POINT('',(447.362589535028,-170.996048577579,3.));
#2337=CARTESIAN_POINT('',(447.362589535028,-170.996048577579,7.99999999999999));
#2338=CARTESIAN_POINT('',(447.362589535028,-170.996048577579,13.));
#2339=CARTESIAN_POINT('',(439.362589535028,-170.996048577579,13.));
#2340=CARTESIAN_POINT('',(439.362589535028,-170.996048577579,14.));
#2341=CARTESIAN_POINT('',(439.362589535028,-171.996048577579,14.));
#2342=CARTESIAN_POINT('',(439.362589535028,-171.996048577579,14.));
#2343=CARTESIAN_POINT('',(447.362589535028,-171.996048577579,14.));
#2344=CARTESIAN_POINT('',(447.362589535028,-170.996048577579,13.));
#2345=CARTESIAN_POINT('',(447.362589535028,-170.996048577579,14.));
#2346=CARTESIAN_POINT('',(447.362589535028,-171.996048577579,14.));
#2347=CARTESIAN_POINT('',(439.362589535028,-171.996048577579,14.));
#2348=CARTESIAN_POINT('',(439.362589535028,-172.496048577579,14.));
#2349=CARTESIAN_POINT('',(439.362589535028,-172.996048577579,14.));
#2350=CARTESIAN_POINT('',(439.362589535028,-176.996048577579,14.));
#2351=CARTESIAN_POINT('',(447.362589535028,-176.996048577579,14.));
#2352=CARTESIAN_POINT('',(447.362589535028,-171.996048577579,14.));
#2353=CARTESIAN_POINT('',(447.362589535028,-172.496048577579,14.));
#2354=CARTESIAN_POINT('',(447.362589535028,-172.996048577579,14.));
#2355=CARTESIAN_POINT('',(439.362589535028,-176.996048577579,14.));
#2356=CARTESIAN_POINT('',(439.362589535028,-177.996048577579,14.));
#2357=CARTESIAN_POINT('',(439.362589535028,-177.996048577579,13.));
#2358=CARTESIAN_POINT('',(439.362589535028,-177.996048577579,13.));
#2359=CARTESIAN_POINT('',(447.362589535028,-177.996048577579,13.));
#2360=CARTESIAN_POINT('',(447.362589535028,-176.996048577579,14.));
#2361=CARTESIAN_POINT('',(447.362589535028,-177.996048577579,14.));
#2362=CARTESIAN_POINT('',(447.362589535028,-177.996048577579,13.));
#2363=CARTESIAN_POINT('',(439.362589535028,-177.996048577579,13.));
#2364=CARTESIAN_POINT('',(439.362589535028,-177.996048577579,9.99999999999999));
#2365=CARTESIAN_POINT('',(439.362589535028,-177.996048577579,6.99999999999999));
#2366=CARTESIAN_POINT('',(439.362589535028,-177.996048577579,6.99999999999999));
#2367=CARTESIAN_POINT('',(447.362589535028,-177.996048577579,6.99999999999999));
#2368=CARTESIAN_POINT('',(447.362589535028,-177.996048577579,13.));
#2369=CARTESIAN_POINT('',(447.362589535028,-177.996048577579,9.99999999999999));
#2370=CARTESIAN_POINT('',(447.362589535028,-177.996048577579,6.99999999999999));
#2371=CARTESIAN_POINT('',(439.362589535028,-177.996048577579,6.99999999999999));
#2372=CARTESIAN_POINT('',(439.362589535028,-177.996048577579,5.00000000000001));
#2373=CARTESIAN_POINT('',(439.362589535028,-179.996048577579,5.));
#2374=CARTESIAN_POINT('',(439.362589535028,-179.996048577579,5.));
#2375=CARTESIAN_POINT('',(447.362589535028,-179.996048577579,5.));
#2376=CARTESIAN_POINT('',(447.362589535028,-177.996048577579,6.99999999999999));
#2377=CARTESIAN_POINT('',(447.362589535028,-177.996048577579,5.00000000000001));
#2378=CARTESIAN_POINT('',(447.362589535028,-179.996048577579,5.));
#2379=CARTESIAN_POINT('',(439.362589535028,-179.996048577579,5.));
#2380=CARTESIAN_POINT('',(439.362589535028,-182.996048577579,5.));
#2381=CARTESIAN_POINT('',(439.362589535028,-185.996048577579,5.));
#2382=CARTESIAN_POINT('',(439.362589535028,-185.996048577579,5.));
#2383=CARTESIAN_POINT('',(447.362589535028,-185.996048577579,5.));
#2384=CARTESIAN_POINT('',(447.362589535028,-179.996048577579,5.));
#2385=CARTESIAN_POINT('',(447.362589535028,-182.996048577579,5.));
#2386=CARTESIAN_POINT('',(447.362589535028,-185.996048577579,5.));
#2387=CARTESIAN_POINT('',(439.362589535028,-185.996048577579,5.));
#2388=CARTESIAN_POINT('',(439.362589535028,-186.996048577579,4.99999999999998));
#2389=CARTESIAN_POINT('',(439.362589535028,-186.996048577579,4.00000000000002));
#2390=CARTESIAN_POINT('',(439.362589535028,-186.996048577579,4.00000000000002));
#2391=CARTESIAN_POINT('',(447.362589535028,-186.996048577579,4.00000000000002));
#2392=CARTESIAN_POINT('',(447.362589535028,-185.996048577579,5.));
#2393=CARTESIAN_POINT('',(447.362589535028,-186.996048577579,4.99999999999998));
#2394=CARTESIAN_POINT('',(447.362589535028,-186.996048577579,4.00000000000002));
#2395=CARTESIAN_POINT('',(439.362589535028,-186.996048577579,4.00000000000002));
#2396=CARTESIAN_POINT('',(439.362589535028,-186.996048577579,3.5));
#2397=CARTESIAN_POINT('',(439.362589535028,-186.996048577579,2.99999999999999));
#2398=CARTESIAN_POINT('',(439.362589535028,-186.996048577579,-1.));
#2399=CARTESIAN_POINT('',(447.362589535028,-186.996048577579,-1.));
#2400=CARTESIAN_POINT('',(447.362589535028,-186.996048577579,4.00000000000002));
#2401=CARTESIAN_POINT('',(447.362589535028,-186.996048577579,3.5));
#2402=CARTESIAN_POINT('',(447.362589535028,-186.996048577579,2.99999999999999));
#2403=CARTESIAN_POINT('',(439.362589535028,-186.996048577579,-1.));
#2404=CARTESIAN_POINT('',(439.362589535028,-186.996048577579,-2.00000000000001));
#2405=CARTESIAN_POINT('',(439.362589535028,-185.996048577579,-2.));
#2406=CARTESIAN_POINT('',(447.362589535028,-186.996048577579,-1.));
#2407=CARTESIAN_POINT('',(447.362589535028,-186.996048577579,-2.00000000000001));
#2408=CARTESIAN_POINT('',(447.362589535028,-185.996048577579,-2.));
#2409=CARTESIAN_POINT('',(445.012589535028,-183.996048577579,-2.));
#2410=CARTESIAN_POINT('',(445.012589535028,-182.346048577579,-2.));
#2411=CARTESIAN_POINT('',(443.362589535028,-182.346048577579,-2.));
#2412=CARTESIAN_POINT('',(441.712589535028,-182.346048577579,-2.));
#2413=CARTESIAN_POINT('',(441.712589535028,-183.996048577579,-2.));
#2414=CARTESIAN_POINT('',(441.712589535028,-185.646048577579,-2.));
#2415=CARTESIAN_POINT('',(443.362589535028,-185.646048577579,-2.));
#2416=CARTESIAN_POINT('',(445.012589535028,-185.646048577579,-2.));
#2417=CARTESIAN_POINT('',(445.012589535028,-183.996048577579,-2.));
#2418=CARTESIAN_POINT('',(445.012589535028,-183.996048577579,5.));
#2419=CARTESIAN_POINT('',(445.012589535028,-185.646048577579,5.));
#2420=CARTESIAN_POINT('',(443.362589535028,-185.646048577579,5.));
#2421=CARTESIAN_POINT('',(441.712589535028,-185.646048577579,5.));
#2422=CARTESIAN_POINT('',(441.712589535028,-183.996048577579,5.));
#2423=CARTESIAN_POINT('',(441.712589535028,-182.346048577579,5.));
#2424=CARTESIAN_POINT('',(443.362589535028,-182.346048577579,5.));
#2425=CARTESIAN_POINT('',(445.012589535028,-182.346048577579,5.));
#2426=CARTESIAN_POINT('',(445.012589535028,-183.996048577579,5.));
#2427=CARTESIAN_POINT('',(445.012589535028,-183.996048577579,-2.));
#2428=CARTESIAN_POINT('',(445.012589535028,-183.996048577579,0.));
#2429=CARTESIAN_POINT('',(445.012589535024,-170.996048577579,11.0000000000001));
#2430=CARTESIAN_POINT('',(445.012589535024,-170.996048577579,12.6500000000001));
#2431=CARTESIAN_POINT('',(443.362589535024,-170.996048577579,12.6500000000001));
#2432=CARTESIAN_POINT('',(441.712589535024,-170.996048577579,12.6500000000001));
#2433=CARTESIAN_POINT('',(441.712589535024,-170.996048577579,11.0000000000001));
#2434=CARTESIAN_POINT('',(441.712589535024,-170.996048577579,9.35000000000006));
#2435=CARTESIAN_POINT('',(443.362589535024,-170.996048577579,9.35000000000006));
#2436=CARTESIAN_POINT('',(445.012589535024,-170.996048577579,9.35000000000006));
#2437=CARTESIAN_POINT('',(445.012589535024,-170.996048577579,11.0000000000001));
#2438=CARTESIAN_POINT('',(445.012589535024,-177.996048577579,11.0000000000001));
#2439=CARTESIAN_POINT('',(445.012589535024,-177.996048577579,9.35000000000006));
#2440=CARTESIAN_POINT('',(443.362589535024,-177.996048577579,9.35000000000006));
#2441=CARTESIAN_POINT('',(441.712589535024,-177.996048577579,9.35000000000006));
#2442=CARTESIAN_POINT('',(441.712589535024,-177.996048577579,11.0000000000001));
#2443=CARTESIAN_POINT('',(441.712589535024,-177.996048577579,12.6500000000001));
#2444=CARTESIAN_POINT('',(443.362589535024,-177.996048577579,12.6500000000001));
#2445=CARTESIAN_POINT('',(445.012589535024,-177.996048577579,12.6500000000001));
#2446=CARTESIAN_POINT('',(445.012589535024,-177.996048577579,11.0000000000001));
#2447=CARTESIAN_POINT('',(445.012589535024,-177.996048577579,11.));
#2448=CARTESIAN_POINT('',(445.012589535024,-175.996048577579,11.));
#2449=CARTESIAN_POINT('',(439.362589535028,-175.996048577579,14.));
#2450=CARTESIAN_POINT('',(447.362589535028,-175.996048577579,14.));
#2451=CARTESIAN_POINT('',(439.362589535028,-172.996048577579,14.));
#2452=CARTESIAN_POINT('',(447.362589535028,-172.996048577579,14.));
#2453=CARTESIAN_POINT('',(439.362589535028,-172.996048577579,6.));
#2454=CARTESIAN_POINT('',(439.362589535028,-175.996048577579,6.));
#2455=CARTESIAN_POINT('',(439.362589535028,-175.996048577579,14.));
#2456=CARTESIAN_POINT('',(439.362589535028,-175.996048577579,6.));
#2457=CARTESIAN_POINT('',(439.362589535028,-172.996048577579,14.));
#2458=CARTESIAN_POINT('',(439.362589535028,-172.996048577579,6.));
#2459=CARTESIAN_POINT('',(447.362589535028,-172.996048577579,6.));
#2460=CARTESIAN_POINT('',(447.362589535028,-175.996048577579,6.));
#2461=CARTESIAN_POINT('',(447.362589535028,-175.996048577579,14.));
#2462=CARTESIAN_POINT('',(447.362589535028,-175.996048577579,6.));
#2463=CARTESIAN_POINT('',(447.362589535028,-172.996048577579,14.));
#2464=CARTESIAN_POINT('',(447.362589535028,-172.996048577579,6.));
#2465=CARTESIAN_POINT('',(445.012589535024,-175.996048577579,11.0000000000001));
#2466=CARTESIAN_POINT('',(445.012589535024,-175.996048577579,9.35000000000006));
#2467=CARTESIAN_POINT('',(443.362589535024,-175.996048577579,9.35000000000006));
#2468=CARTESIAN_POINT('',(441.712589535024,-175.996048577579,9.35000000000006));
#2469=CARTESIAN_POINT('',(441.712589535024,-175.996048577579,11.0000000000001));
#2470=CARTESIAN_POINT('',(441.712589535024,-175.996048577579,12.6500000000001));
#2471=CARTESIAN_POINT('',(443.362589535024,-175.996048577579,12.6500000000001));
#2472=CARTESIAN_POINT('',(445.012589535024,-175.996048577579,12.6500000000001));
#2473=CARTESIAN_POINT('',(445.012589535024,-175.996048577579,11.0000000000001));
#2474=CARTESIAN_POINT('',(445.012589535024,-172.996048577579,11.0000000000001));
#2475=CARTESIAN_POINT('',(445.012589535024,-172.996048577579,9.35000000000006));
#2476=CARTESIAN_POINT('',(443.362589535024,-172.996048577579,9.35000000000006));
#2477=CARTESIAN_POINT('',(441.712589535024,-172.996048577579,9.35000000000006));
#2478=CARTESIAN_POINT('',(441.712589535024,-172.996048577579,11.0000000000001));
#2479=CARTESIAN_POINT('',(441.712589535024,-172.996048577579,12.6500000000001));
#2480=CARTESIAN_POINT('',(443.362589535024,-172.996048577579,12.6500000000001));
#2481=CARTESIAN_POINT('',(445.012589535024,-172.996048577579,12.6500000000001));
#2482=CARTESIAN_POINT('',(445.012589535024,-172.996048577579,11.0000000000001));
#2483=CARTESIAN_POINT('',(439.362589535028,-175.996048577579,14.));
#2484=CARTESIAN_POINT('',(439.362589535028,-176.496048577579,14.));
#2485=CARTESIAN_POINT('',(439.362589535028,-176.996048577579,14.));
#2486=CARTESIAN_POINT('',(447.362589535028,-175.996048577579,14.));
#2487=CARTESIAN_POINT('',(447.362589535028,-176.496048577579,14.));
#2488=CARTESIAN_POINT('',(447.362589535028,-176.996048577579,14.));
#2489=CARTESIAN_POINT('',(445.012589535024,-172.996048577579,11.));
#2490=CARTESIAN_POINT('',(445.012589535024,-170.996048577579,11.0000000000001));
#2491=CARTESIAN_POINT('',(447.362589535028,-175.996048577579,6.));
#2492=CARTESIAN_POINT('',(443.362589535028,-175.996048577579,6.));
#2493=CARTESIAN_POINT('',(439.362589535028,-175.996048577579,6.));
#2494=CARTESIAN_POINT('',(447.362589535028,-172.996048577579,6.));
#2495=CARTESIAN_POINT('',(443.362589535028,-172.996048577579,6.));
#2496=CARTESIAN_POINT('',(439.362589535028,-172.996048577579,6.));
#2497=CARTESIAN_POINT('',(439.362589535028,-186.996048577579,6.52256026967279E-15));
#2498=CARTESIAN_POINT('',(447.362589535028,-186.996048577579,6.52256026967279E-15));
#2499=CARTESIAN_POINT('',(439.362589535028,-186.996048577579,2.99999999999999));
#2500=CARTESIAN_POINT('',(447.362589535028,-186.996048577579,2.99999999999999));
#2501=CARTESIAN_POINT('',(447.362589535028,-178.996048577579,3.));
#2502=CARTESIAN_POINT('',(447.362589535028,-178.996048577579,6.66133814775094E-16));
#2503=CARTESIAN_POINT('',(439.362589535028,-178.996048577579,3.));
#2504=CARTESIAN_POINT('',(439.362589535028,-178.996048577579,6.66133814775094E-16));
#2505=CARTESIAN_POINT('',(439.362589535028,-186.996048577579,6.52256026967279E-15));
#2506=CARTESIAN_POINT('',(439.362589535028,-178.996048577579,6.66133814775094E-16));
#2507=CARTESIAN_POINT('',(439.362589535028,-186.996048577579,2.99999999999999));
#2508=CARTESIAN_POINT('',(439.362589535028,-178.996048577579,3.));
#2509=CARTESIAN_POINT('',(439.362589535028,-186.996048577579,6.52256026967279E-15));
#2510=CARTESIAN_POINT('',(439.362589535028,-186.996048577579,-0.499999999999999));
#2511=CARTESIAN_POINT('',(439.362589535028,-186.996048577579,-1.));
#2512=CARTESIAN_POINT('',(447.362589535028,-186.996048577579,6.52256026967279E-15));
#2513=CARTESIAN_POINT('',(447.362589535028,-186.996048577579,-0.499999999999999));
#2514=CARTESIAN_POINT('',(447.362589535028,-186.996048577579,-1.));
#2515=CARTESIAN_POINT('',(447.362589535028,-178.996048577579,6.66133814775094E-16));
#2516=CARTESIAN_POINT('',(443.362589535028,-178.996048577579,6.66133814775094E-16));
#2517=CARTESIAN_POINT('',(439.362589535028,-178.996048577579,6.66133814775094E-16));
#2518=CARTESIAN_POINT('',(447.362589535028,-178.996048577579,3.));
#2519=CARTESIAN_POINT('',(443.362589535028,-178.996048577579,3.));
#2520=CARTESIAN_POINT('',(439.362589535028,-178.996048577579,3.));
#2521=CARTESIAN_POINT('',(445.012589535028,-183.996048577579,2.99999999999999));
#2522=CARTESIAN_POINT('',(445.012589535028,-183.996048577579,5.));
#2523=CARTESIAN_POINT('',(447.362589535028,-186.996048577579,2.99999999999999));
#2524=CARTESIAN_POINT('',(447.362589535028,-178.996048577579,3.));
#2525=CARTESIAN_POINT('',(445.012589535028,-183.996048577579,2.99999999999999));
#2526=CARTESIAN_POINT('',(445.012589535028,-182.937173567246,2.99999999999999));
#2527=CARTESIAN_POINT('',(444.049975889271,-182.496048577579,3.));
#2528=CARTESIAN_POINT('',(443.230280630545,-182.120417020588,3.));
#2529=CARTESIAN_POINT('',(442.471435082787,-182.607400406784,3.));
#2530=CARTESIAN_POINT('',(442.415476841272,-182.6433111847,3.));
#2531=CARTESIAN_POINT('',(442.362589535036,-182.683608102732,3.));
#2532=CARTESIAN_POINT('',(441.712589535028,-183.178868659275,3.));
#2533=CARTESIAN_POINT('',(441.712589535028,-183.996048577579,3.));
#2534=CARTESIAN_POINT('',(441.712589535028,-184.813228495882,3.));
#2535=CARTESIAN_POINT('',(442.362589535036,-185.308489052425,3.));
#2536=CARTESIAN_POINT('',(442.415476841273,-185.348785970457,3.));
#2537=CARTESIAN_POINT('',(442.471435082787,-185.384696748373,3.));
#2538=CARTESIAN_POINT('',(443.230280630545,-185.871680134569,3.));
#2539=CARTESIAN_POINT('',(444.049975889271,-185.496048577579,3.));
#2540=CARTESIAN_POINT('',(445.012589535028,-185.054923587911,2.99999999999999));
#2541=CARTESIAN_POINT('',(445.012589535028,-183.996048577579,2.99999999999999));
#2542=CARTESIAN_POINT('',(447.362589535028,-186.996048577579,6.52256026967279E-15));
#2543=CARTESIAN_POINT('',(447.362589535028,-178.996048577579,6.66133814775094E-16));
#2544=CARTESIAN_POINT('',(445.012589535028,-183.996048577579,0.));
#2545=CARTESIAN_POINT('',(445.012589535028,-182.937173567246,6.90253292068385E-31));
#2546=CARTESIAN_POINT('',(444.049975889271,-182.496048577579,-2.51999460512514E-16));
#2547=CARTESIAN_POINT('',(443.230280630545,-182.120417020588,1.04947038569025E-31));
#2548=CARTESIAN_POINT('',(442.471435082787,-182.607400406784,-5.94035139595603E-17));
#2549=CARTESIAN_POINT('',(442.415476841273,-182.6433111847,-5.50230228428285E-17));
#2550=CARTESIAN_POINT('',(442.362589535036,-182.683608102732,-4.89688044351665E-17));
#2551=CARTESIAN_POINT('',(441.712589535028,-183.178868659276,2.54392576316648E-17));
#2552=CARTESIAN_POINT('',(441.712589535028,-183.996048577579,2.7150049184775E-16));
#2553=CARTESIAN_POINT('',(441.712589535028,-184.813228495882,2.54392576316913E-17));
#2554=CARTESIAN_POINT('',(442.362589535036,-185.308489052425,3.75669805013683E-16));
#2555=CARTESIAN_POINT('',(442.415476841272,-185.348785970457,4.041663438025E-16));
#2556=CARTESIAN_POINT('',(442.471435082787,-185.384696748373,4.36342821706452E-16));
#2557=CARTESIAN_POINT('',(443.230280630546,-185.871680134569,-9.43111750366351E-31));
#2558=CARTESIAN_POINT('',(444.049975889271,-185.496048577579,2.83499393076578E-16));
#2559=CARTESIAN_POINT('',(445.012589535028,-185.054923587911,-1.70098132688281E-30));
#2560=CARTESIAN_POINT('',(445.012589535028,-183.996048577579,0.));
#2561=CARTESIAN_POINT('',(0.,0.,0.));
ENDSEC;
END-ISO-10303-21;
