  0
SECTION
  2
HEADER
  9
$ACADVER
  1
AC1009
  9
$DWGCODEPAGE
  3
ansi_1252
  9
$INSBASE
 10
0.0
 20
0.0
 30
0.0
  9
$EXTMIN
 10
255.8553960584788
 20
-564.4560370897391
 30
-0.0000000000000029
  9
$EXTMAX
 10
485.8553953432231
 20
-274.4560378049949
 30
7.235084533691406
  9
$LIMMIN
 10
0.0
 20
0.0
  9
$LIMMAX
 10
12.0
 20
9.0
  9
$ORTHOMODE
 70
     0
  9
$REGENMODE
 70
     1
  9
$FILLMODE
 70
     1
  9
$QTEXTMODE
 70
     0
  9
$MIRRTEXT
 70
     1
  9
$DRAGMODE
 70
     2
  9
$LTSCALE
 40
1.0
  9
$OSMODE
 70
    37
  9
$ATTMODE
 70
     1
  9
$TEXTSIZE
 40
0.2
  9
$TRACEWID
 40
0.05
  9
$TEXTSTYLE
  7
STANDARD
  9
$CLAYER
  8
0
  9
$CELTYPE
  6
BYLAYER
  9
$CECOLOR
 62
   256
  9
$DIMSCALE
 40
1.0
  9
$DIMASZ
 40
0.18
  9
$DIMEXO
 40
0.0625
  9
$DIMDLI
 40
0.38
  9
$DIMRND
 40
0.0
  9
$DIMDLE
 40
0.0
  9
$DIMEXE
 40
0.18
  9
$DIMTP
 40
0.0
  9
$DIMTM
 40
0.0
  9
$DIMTXT
 40
0.18
  9
$DIMCEN
 40
0.09
  9
$DIMTSZ
 40
0.0
  9
$DIMTOL
 70
     0
  9
$DIMLIM
 70
     0
  9
$DIMTIH
 70
     1
  9
$DIMTOH
 70
     1
  9
$DIMSE1
 70
     0
  9
$DIMSE2
 70
     0
  9
$DIMTAD
 70
     0
  9
$DIMZIN
 70
     0
  9
$DIMBLK
  1

  9
$DIMASO
 70
     1
  9
$DIMSHO
 70
     1
  9
$DIMPOST
  1

  9
$DIMAPOST
  1

  9
$DIMALT
 70
     0
  9
$DIMALTD
 70
     2
  9
$DIMALTF
 40
25.4
  9
$DIMLFAC
 40
1.0
  9
$DIMTOFL
 70
     0
  9
$DIMTVP
 40
0.0
  9
$DIMTIX
 70
     0
  9
$DIMSOXD
 70
     0
  9
$DIMSAH
 70
     0
  9
$DIMBLK1
  1

  9
$DIMBLK2
  1

  9
$DIMSTYLE
  2
STANDARD_ACAD
  9
$DIMCLRD
 70
     0
  9
$DIMCLRE
 70
     0
  9
$DIMCLRT
 70
     0
  9
$DIMTFAC
 40
1.0
  9
$DIMGAP
 40
0.09
  9
$LUNITS
 70
     2
  9
$LUPREC
 70
     3
  9
$SKETCHINC
 40
0.1
  9
$FILLETRAD
 40
0.0
  9
$AUNITS
 70
     0
  9
$AUPREC
 70
     0
  9
$MENU
  1
.
  9
$ELEVATION
 40
0.0
  9
$PELEVATION
 40
0.0
  9
$THICKNESS
 40
0.0
  9
$LIMCHECK
 70
     0
  9
$CHAMFERA
 40
0.0
  9
$CHAMFERB
 40
0.0
  9
$SKPOLY
 70
     0
  9
$TDCREATE
 40
2460843.772263252
  9
$TDUPDATE
 40
2460843.772284491
  9
$TDINDWG
 40
0.0000000116
  9
$TDUSRTIMER
 40
0.0000000116
  9
$USRTIMER
 70
     1
  9
$ANGBASE
 50
0.0
  9
$ANGDIR
 70
     0
  9
$PDMODE
 70
     0
  9
$PDSIZE
 40
0.0
  9
$PLINEWID
 40
0.0
  9
$COORDS
 70
     1
  9
$SPLFRAME
 70
     0
  9
$SPLINETYPE
 70
     6
  9
$SPLINESEGS
 70
     8
  9
$ATTDIA
 70
     0
  9
$ATTREQ
 70
     1
  9
$HANDLING
 70
     1
  9
$HANDSEED
  5
EAB
  9
$SURFTAB1
 70
     6
  9
$SURFTAB2
 70
     6
  9
$SURFTYPE
 70
     6
  9
$SURFU
 70
     6
  9
$SURFV
 70
     6
  9
$UCSNAME
  2

  9
$UCSORG
 10
0.0
 20
0.0
 30
0.0
  9
$UCSXDIR
 10
1.0
 20
0.0
 30
0.0
  9
$UCSYDIR
 10
0.0
 20
1.0
 30
0.0
  9
$PUCSNAME
  2

  9
$PUCSORG
 10
0.0
 20
0.0
 30
0.0
  9
$PUCSXDIR
 10
1.0
 20
0.0
 30
0.0
  9
$PUCSYDIR
 10
0.0
 20
1.0
 30
0.0
  9
$USERI1
 70
     0
  9
$USERI2
 70
     0
  9
$USERI3
 70
     0
  9
$USERI4
 70
     0
  9
$USERI5
 70
     0
  9
$USERR1
 40
0.0
  9
$USERR2
 40
0.0
  9
$USERR3
 40
0.0
  9
$USERR4
 40
0.0
  9
$USERR5
 40
0.0
  9
$WORLDVIEW
 70
     1
  9
$SHADEDGE
 70
     3
  9
$SHADEDIF
 70
    70
  9
$TILEMODE
 70
     1
  9
$MAXACTVP
 70
    64
  9
$PLIMCHECK
 70
     0
  9
$PEXTMIN
 10
1.000000000000000E+20
 20
1.000000000000000E+20
 30
1.000000000000000E+20
  9
$PEXTMAX
 10
-1.000000000000000E+20
 20
-1.000000000000000E+20
 30
-1.000000000000000E+20
  9
$PLIMMIN
 10
0.0
 20
0.0
  9
$PLIMMAX
 10
12.0
 20
9.0
  9
$UNITMODE
 70
     0
  9
$VISRETAIN
 70
     1
  9
$PLINEGEN
 70
     0
  9
$PSLTSCALE
 70
     1
  0
ENDSEC
  0
SECTION
  2
TABLES
  0
TABLE
  2
VPORT
 70
     1
  0
VPORT
  2
*ACTIVE
 70
     0
 10
0.0
 20
0.0
 11
1.0
 21
1.0
 12
10.42990654205607
 22
4.5
 13
0.0
 23
0.0
 14
0.5
 24
0.5
 15
0.5
 25
0.5
 16
0.0
 26
0.0
 36
1.0
 17
0.0
 27
0.0
 37
0.0
 40
9.0
 41
1.972972972850329
 42
50.0
 43
0.0
 44
0.0
 50
0.0
 51
0.0
 71
     0
 72
   100
 73
     1
 74
     3
 75
     0
 76
     0
 77
     0
 78
     0
  0
ENDTAB
  0
TABLE
  2
LTYPE
 70
     1
  0
LTYPE
  2
CONTINUOUS
 70
     0
  3
Solid line
 72
    65
 73
     0
 40
0.0
  0
ENDTAB
  0
TABLE
  2
LAYER
 70
     2
  0
LAYER
  2
0
 70
     0
 62
     7
  6
CONTINUOUS
  0
LAYER
  2
FAB
 70
     0
 62
     7
  6
CONTINUOUS
  0
ENDTAB
  0
TABLE
  2
STYLE
 70
     1
  0
STYLE
  2
STANDARD
 70
     0
 40
0.0
 41
1.0
 50
0.0
 71
     0
 42
0.2
  3
txt
  4

  0
ENDTAB
  0
TABLE
  2
VIEW
 70
     0
  0
ENDTAB
  0
TABLE
  2
UCS
 70
     0
  0
ENDTAB
  0
TABLE
  2
APPID
 70
     2
  0
APPID
  2
ACAD
 70
     0
  0
APPID
  2
RHINO
 70
     0
  0
ENDTAB
  0
TABLE
  2
DIMSTYLE
 70
     1
  0
DIMSTYLE
  2
STANDARD_ACAD
 70
     0
  3

  4

  5

  6

  7

 40
1.0
 41
0.18
 42
0.0625
 43
0.38
 44
0.18
 45
0.0
 46
0.0
 47
0.0
 48
0.0
140
0.18
141
0.09
142
0.0
143
25.4
144
1.0
145
0.0
146
1.0
147
0.09
 71
     0
 72
     0
 73
     1
 74
     1
 75
     0
 76
     0
 77
     0
 78
     0
170
     0
171
     2
172
     0
173
     0
174
     0
175
     0
176
     0
177
     0
178
     0
  0
ENDTAB
  0
ENDSEC
  0
SECTION
  2
BLOCKS
  0
BLOCK
  8
0
  2
$MODEL_SPACE
 70
     0
 10
0.0
 20
0.0
 30
0.0
  3
$MODEL_SPACE
  1

  0
ENDBLK
  5
21
  8
0
  0
BLOCK
 67
     1
  8
0
  2
$PAPER_SPACE
 70
     0
 10
0.0
 20
0.0
 30
0.0
  3
$PAPER_SPACE
  1

  0
ENDBLK
  5
1D
 67
     1
  8
0
  0
ENDSEC
  0
SECTION
  2
ENTITIES
  0
POLYLINE
  5
60
  8
FAB
 66
     1
 10
0.0
 20
0.0
 30
7.235084533691406
 70
     1
  0
VERTEX
  5
61
  8
FAB
 10
273.4729349874644
 20
-313.4552503084281
 30
7.235084533691406
  0
VERTEX
  5
62
  8
FAB
 10
271.3721735738902
 20
-301.0208352064231
 30
7.235084533691406
  0
VERTEX
  5
63
  8
FAB
 10
271.2772124075083
 20
-300.6404097532371
 30
7.235084533691406
  0
VERTEX
  5
64
  8
FAB
 10
271.1248381399302
 20
-300.2791312193015
 30
7.235084533691406
  0
VERTEX
  5
65
  8
FAB
 10
270.918680455604
 20
-299.9456084226707
 30
7.235084533691406
  0
VERTEX
  5
66
  8
FAB
 10
270.6636507772593
 20
-299.6477816557029
 30
7.235084533691406
  0
VERTEX
  5
67
  8
FAB
 10
270.3658240102915
 20
-299.3927519773582
 30
7.235084533691406
  0
VERTEX
  5
68
  8
FAB
 10
270.0323012136607
 20
-299.186594293032
 30
7.235084533691406
  0
VERTEX
  5
69
  8
FAB
 10
269.6710226797251
 20
-299.0342200254539
 30
7.235084533691406
  0
VERTEX
  5
6A
  8
FAB
 10
269.2905972265391
 20
-298.939258859072
 30
7.235084533691406
  0
VERTEX
  5
6B
  8
FAB
 10
256.8561821245341
 20
-296.8384974454978
 30
7.235084533691406
  0
VERTEX
  5
6C
  8
FAB
 10
256.5082791113047
 20
-296.4384787534812
 30
7.235084533691406
  0
VERTEX
  5
6D
  8
FAB
 10
256.2281337045817
 20
-295.9883997892478
 30
7.235084533691406
  0
VERTEX
  5
6E
  8
FAB
 10
256.0228178762583
 20
-295.4996283506492
 30
7.235084533691406
  0
VERTEX
  5
6F
  8
FAB
 10
255.8975160383372
 20
-294.9845049833396
 30
7.235084533691406
  0
VERTEX
  5
70
  8
FAB
 10
255.8553960584788
 20
-294.4560378049949
 30
7.235084533691406
  0
VERTEX
  5
71
  8
FAB
 10
255.8975160383372
 20
-293.9275687193015
 30
7.235084533691406
  0
VERTEX
  5
72
  8
FAB
 10
256.0228178762583
 20
-293.4124453519919
 30
7.235084533691406
  0
VERTEX
  5
73
  8
FAB
 10
256.2281337045817
 20
-292.9236739133933
 30
7.235084533691406
  0
VERTEX
  5
74
  8
FAB
 10
256.5082791113047
 20
-292.4735949491599
 30
7.235084533691406
  0
VERTEX
  5
75
  8
FAB
 10
256.8561821245341
 20
-292.0735762571433
 30
7.235084533691406
  0
VERTEX
  5
76
  8
FAB
 10
269.2905972265391
 20
-289.9728167509177
 30
7.235084533691406
  0
VERTEX
  5
77
  8
FAB
 10
269.6710226797251
 20
-289.8778536771873
 30
7.235084533691406
  0
VERTEX
  5
78
  8
FAB
 10
270.0323012136607
 20
-289.7254794096091
 30
7.235084533691406
  0
VERTEX
  5
79
  8
FAB
 10
270.3658240102915
 20
-289.519321725283
 30
7.235084533691406
  0
VERTEX
  5
7A
  8
FAB
 10
270.6636507772593
 20
-289.2642920469382
 30
7.235084533691406
  0
VERTEX
  5
7B
  8
FAB
 10
270.918680455604
 20
-288.9664652799705
 30
7.235084533691406
  0
VERTEX
  5
7C
  8
FAB
 10
271.1248381399302
 20
-288.6329424833396
 30
7.235084533691406
  0
VERTEX
  5
7D
  8
FAB
 10
271.2772124075083
 20
-288.2716639494041
 30
7.235084533691406
  0
VERTEX
  5
7E
  8
FAB
 10
271.3721735738902
 20
-287.8912394498923
 30
7.235084533691406
  0
VERTEX
  5
7F
  8
FAB
 10
273.4729349874644
 20
-275.4568236326317
 30
7.235084533691406
  0
VERTEX
  5
80
  8
FAB
 10
273.872953679481
 20
-275.1089194273094
 30
7.235084533691406
  0
VERTEX
  5
81
  8
FAB
 10
274.3230326437144
 20
-274.8287756895164
 30
7.235084533691406
  0
VERTEX
  5
82
  8
FAB
 10
274.811804082313
 20
-274.623461053286
 30
7.235084533691406
  0
VERTEX
  5
83
  8
FAB
 10
275.3269274496226
 20
-274.498159692202
 30
7.235084533691406
  0
VERTEX
  5
84
  8
FAB
 10
275.8553946279673
 20
-274.4560378049949
 30
7.235084533691406
  0
VERTEX
  5
85
  8
FAB
 10
276.3838637136607
 20
-274.498159692202
 30
7.235084533691406
  0
VERTEX
  5
86
  8
FAB
 10
276.8989870809702
 20
-274.623461053286
 30
7.235084533691406
  0
VERTEX
  5
87
  8
FAB
 10
277.3877585195689
 20
-274.8287756895164
 30
7.235084533691406
  0
VERTEX
  5
88
  8
FAB
 10
277.8378374838023
 20
-275.1089194273094
 30
7.235084533691406
  0
VERTEX
  5
89
  8
FAB
 10
278.2378561758189
 20
-275.4568236326317
 30
7.235084533691406
  0
VERTEX
  5
8A
  8
FAB
 10
280.3386156820445
 20
-287.8912394498923
 30
7.235084533691406
  0
VERTEX
  5
8B
  8
FAB
 10
280.4335787557749
 20
-288.2716639494041
 30
7.235084533691406
  0
VERTEX
  5
8C
  8
FAB
 10
280.5859530233531
 20
-288.6329424833396
 30
7.235084533691406
  0
VERTEX
  5
8D
  8
FAB
 10
280.7921107076792
 20
-288.9664652799705
 30
7.235084533691406
  0
VERTEX
  5
8E
  8
FAB
 10
281.047140386024
 20
-289.2642920469382
 30
7.235084533691406
  0
VERTEX
  5
8F
  8
FAB
 10
281.3449671529917
 20
-289.519321725283
 30
7.235084533691406
  0
VERTEX
  5
90
  8
FAB
 10
281.6784899496226
 20
-289.7254794096091
 30
7.235084533691406
  0
VERTEX
  5
91
  8
FAB
 10
282.0397684835581
 20
-289.8778536771873
 30
7.235084533691406
  0
VERTEX
  5
92
  8
FAB
 10
282.4201929830699
 20
-289.9728167509177
 30
7.235084533691406
  0
VERTEX
  5
93
  8
FAB
 10
294.8546088003306
 20
-292.0735762571433
 30
7.235084533691406
  0
VERTEX
  5
94
  8
FAB
 10
295.2025130056529
 20
-292.4735949491599
 30
7.235084533691406
  0
VERTEX
  5
95
  8
FAB
 10
295.4826567434458
 20
-292.9236739133933
 30
7.235084533691406
  0
VERTEX
  5
96
  8
FAB
 10
295.6879713796763
 20
-293.4124453519919
 30
7.235084533691406
  0
VERTEX
  5
97
  8
FAB
 10
295.8132727407603
 20
-293.9275687193015
 30
7.235084533691406
  0
VERTEX
  5
98
  8
FAB
 10
295.8553946279673
 20
-294.4560378049949
 30
7.235084533691406
  0
VERTEX
  5
99
  8
FAB
 10
295.8132727407603
 20
-294.9845049833396
 30
7.235084533691406
  0
VERTEX
  5
9A
  8
FAB
 10
295.6879713796763
 20
-295.4996283506492
 30
7.235084533691406
  0
VERTEX
  5
9B
  8
FAB
 10
295.4826567434458
 20
-295.9883997892478
 30
7.235084533691406
  0
VERTEX
  5
9C
  8
FAB
 10
295.2025130056529
 20
-296.4384787534812
 30
7.235084533691406
  0
VERTEX
  5
9D
  8
FAB
 10
294.8546088003306
 20
-296.8384974454978
 30
7.235084533691406
  0
VERTEX
  5
9E
  8
FAB
 10
282.4201929830699
 20
-298.939258859072
 30
7.235084533691406
  0
VERTEX
  5
9F
  8
FAB
 10
282.0397684835581
 20
-299.0342200254539
 30
7.235084533691406
  0
VERTEX
  5
A0
  8
FAB
 10
281.6784899496226
 20
-299.186594293032
 30
7.235084533691406
  0
VERTEX
  5
A1
  8
FAB
 10
281.3449671529917
 20
-299.3927519773582
 30
7.235084533691406
  0
VERTEX
  5
A2
  8
FAB
 10
281.047140386024
 20
-299.6477816557029
 30
7.235084533691406
  0
VERTEX
  5
A3
  8
FAB
 10
280.7921107076792
 20
-299.9456084226707
 30
7.235084533691406
  0
VERTEX
  5
A4
  8
FAB
 10
280.5859530233531
 20
-300.2791312193015
 30
7.235084533691406
  0
VERTEX
  5
A5
  8
FAB
 10
280.4335787557749
 20
-300.6404097532371
 30
7.235084533691406
  0
VERTEX
  5
A6
  8
FAB
 10
280.3386156820445
 20
-301.0208352064231
 30
7.235084533691406
  0
VERTEX
  5
A7
  8
FAB
 10
278.2378561758189
 20
-313.4552503084281
 30
7.235084533691406
  0
VERTEX
  5
A8
  8
FAB
 10
277.8378374838023
 20
-313.8031533216575
 30
7.235084533691406
  0
VERTEX
  5
A9
  8
FAB
 10
277.3877585195689
 20
-314.0832987283805
 30
7.235084533691406
  0
VERTEX
  5
AA
  8
FAB
 10
276.8989870809702
 20
-314.2886145567039
 30
7.235084533691406
  0
VERTEX
  5
AB
  8
FAB
 10
276.3838637136607
 20
-314.413916394625
 30
7.235084533691406
  0
VERTEX
  5
AC
  8
FAB
 10
275.8553946279673
 20
-314.4560363744834
 30
7.235084533691406
  0
VERTEX
  5
AD
  8
FAB
 10
275.3269274496226
 20
-314.413916394625
 30
7.235084533691406
  0
VERTEX
  5
AE
  8
FAB
 10
274.811804082313
 20
-314.2886145567039
 30
7.235084533691406
  0
VERTEX
  5
AF
  8
FAB
 10
274.3230326437144
 20
-314.0832987283805
 30
7.235084533691406
  0
VERTEX
  5
B0
  8
FAB
 10
273.872953679481
 20
-313.8031533216575
 30
7.235084533691406
  0
SEQEND
  5
B1
  8
FAB
  0
CIRCLE
  5
B2
  8
FAB
 10
322.107129623432
 20
-333.4560367611701
 30
6.000000000000012
 40
1.146027037054002
  0
CIRCLE
  5
B3
  8
FAB
 10
-322.1071296234321
 20
-333.4560367611701
 30
-6.000000000000012
 40
2.49999999999997
210
0.0
220
0.0
230
-1.0
  0
POLYLINE
  5
B4
  8
FAB
 66
     1
 10
0.0
 20
0.0
 30
5.000000000000006
 70
     1
  0
VERTEX
  5
B5
  8
FAB
 10
299.7052387362155
 20
-336.4560370897391
 30
5.000000000000006
  0
VERTEX
  5
B6
  8
FAB
 10
298.2052387362155
 20
-334.9560370897391
 30
5.000000000000006
  0
VERTEX
  5
B7
  8
FAB
 10
298.2052387362155
 20
-331.9560370897391
 30
5.000000000000006
  0
VERTEX
  5
B8
  8
FAB
 10
299.7052387362155
 20
-330.4560370897391
 30
5.000000000000006
  0
VERTEX
  5
B9
  8
FAB
 10
302.7052387362155
 20
-330.4560370897391
 30
5.000000000000006
  0
VERTEX
  5
BA
  8
FAB
 10
304.2052387362155
 20
-331.9560370897391
 30
5.000000000000006
  0
VERTEX
  5
BB
  8
FAB
 10
304.2052387362155
 20
-334.9560370897391
 30
5.000000000000006
  0
VERTEX
  5
BC
  8
FAB
 10
302.7052387362155
 20
-336.4560370897391
 30
5.000000000000006
  0
SEQEND
  5
BD
  8
FAB
  0
CIRCLE
  5
BE
  8
FAB
 10
301.205235574083
 20
-333.4560367611701
 30
5.000000000000007
 40
1.146027037054168
  0
POLYLINE
  5
BF
  8
FAB
 66
     1
 10
0.0
 20
0.0
 30
6.000000000000006
 70
     1
  0
VERTEX
  5
C0
  8
FAB
 10
276.1887908257031
 20
-331.6010367611701
 30
6.000000000000006
 42
0.3880638163473237
  0
VERTEX
  5
C1
  8
FAB
 10
276.188790825703
 20
-335.3110367611701
 30
6.000000000000006
  0
VERTEX
  5
C2
  8
FAB
 10
280.2490740670546
 20
-335.3110367611701
 30
6.000000000000006
 42
0.3880638163472813
  0
VERTEX
  5
C3
  8
FAB
 10
280.2490740670546
 20
-331.6010367611702
 30
6.000000000000006
  0
SEQEND
  5
C4
  8
FAB
  0
CIRCLE
  5
C5
  8
FAB
 10
-278.2189324463788
 20
-333.4560367611701
 30
-6.000000000000007
 40
4.36353710315578
210
0.0
220
0.0
230
-1.0
  0
CIRCLE
  5
C6
  8
FAB
 10
-322.107129623432
 20
-333.4560367611701
 30
0.0000000000000029
 40
1.146027037054002
210
0.0
220
0.0
230
-1.0
  0
CIRCLE
  5
C7
  8
FAB
 10
-322.1071331141339
 20
-326.4560339276067
 30
-0.0000000000000067
 40
1.499999999999886
210
0.0
220
0.0
230
-1.0
  0
CIRCLE
  5
C8
  8
FAB
 10
-329.1071359476972
 20
-333.4560374183083
 30
-0.0000000000000044
 40
1.5
210
0.0
220
0.0
230
-1.0
  0
CIRCLE
  5
C9
  8
FAB
 10
-322.1071324569955
 20
-340.4560402518718
 30
-0.0000000000000067
 40
1.5
210
0.0
220
0.0
230
-1.0
  0
CIRCLE
  5
CA
  8
FAB
 10
-315.107129623432
 20
-333.45603676117
 30
-0.0000000000000091
 40
1.5
210
0.0
220
0.0
230
-1.0
  0
CIRCLE
  5
CB
  8
FAB
 10
322.1071296234321
 20
-333.4560367611701
 30
0.0000000000000067
 40
10.00000032856906
  0
POLYLINE
  5
CC
  8
FAB
 66
     1
 10
0.0
 20
0.0
 30
0.0000000000000101
 70
     1
  0
VERTEX
  5
CD
  8
FAB
 10
291.2052387362155
 20
-328.4560370897391
 30
0.0000000000000101
  0
VERTEX
  5
CE
  8
FAB
 10
291.2052387362155
 20
-338.4560370897391
 30
0.0000000000000101
  0
VERTEX
  5
CF
  8
FAB
 10
296.2052387362155
 20
-343.4560370897391
 30
0.0000000000000101
  0
VERTEX
  5
D0
  8
FAB
 10
306.2052387362155
 20
-343.4560370897391
 30
0.0000000000000101
  0
VERTEX
  5
D1
  8
FAB
 10
311.2052387362155
 20
-338.4560370897391
 30
0.0000000000000101
  0
VERTEX
  5
D2
  8
FAB
 10
311.2052387362155
 20
-328.4560370897391
 30
0.0000000000000101
  0
VERTEX
  5
D3
  8
FAB
 10
306.2052387362155
 20
-323.4560370897391
 30
0.0000000000000101
  0
VERTEX
  5
D4
  8
FAB
 10
296.2052387362155
 20
-323.4560370897391
 30
0.0000000000000101
  0
SEQEND
  5
D5
  8
FAB
  0
CIRCLE
  5
D6
  8
FAB
 10
-301.2052355740829
 20
-333.4560367611701
 30
-0.0000000000000139
 40
1.146027037054057
210
0.0
220
0.0
230
-1.0
  0
CIRCLE
  5
D7
  8
FAB
 10
-301.2052390647846
 20
-326.4560339276067
 30
-0.0000000000000067
 40
1.5
210
0.0
220
0.0
230
-1.0
  0
CIRCLE
  5
D8
  8
FAB
 10
-308.2052418983481
 20
-333.4560374183083
 30
-0.0000000000000044
 40
1.5
210
0.0
220
0.0
230
-1.0
  0
CIRCLE
  5
D9
  8
FAB
 10
-301.2052384076463
 20
-340.4560402518717
 30
-0.0000000000000067
 40
1.499999999999943
210
0.0
220
0.0
230
-1.0
  0
CIRCLE
  5
DA
  8
FAB
 10
-294.2052355740829
 20
-333.45603676117
 30
-0.0000000000000091
 40
1.499999999999943
210
0.0
220
0.0
230
-1.0
  0
POLYLINE
  5
DB
  8
FAB
 66
     1
 10
0.0
 20
0.0
 30
0.0000000000000138
 70
     1
  0
VERTEX
  5
DC
  8
FAB
 10
276.1887908257031
 20
-331.6010367611701
 30
0.0000000000000138
  0
VERTEX
  5
DD
  8
FAB
 10
280.2490740670546
 20
-331.6010367611701
 30
0.0000000000000138
 42
-0.3880638163472772
  0
VERTEX
  5
DE
  8
FAB
 10
280.2490740670547
 20
-335.3110367611701
 30
0.0000000000000138
  0
VERTEX
  5
DF
  8
FAB
 10
276.188790825703
 20
-335.3110367611701
 30
0.0000000000000138
 42
-0.3880638163472666
  0
SEQEND
  5
E0
  8
FAB
  0
POLYLINE
  5
E1
  8
FAB
 66
     1
 10
0.0
 20
0.0
 30
0.0000000000000142
 70
     1
  0
VERTEX
  5
E2
  8
FAB
 10
266.2189356085114
 20
-339.4560370897391
 30
0.0000000000000142
  0
VERTEX
  5
E3
  8
FAB
 10
272.2189356085114
 20
-345.4560370897391
 30
0.0000000000000142
  0
VERTEX
  5
E4
  8
FAB
 10
284.2189356085114
 20
-345.4560370897391
 30
0.0000000000000142
  0
VERTEX
  5
E5
  8
FAB
 10
290.2189356085114
 20
-339.4560370897391
 30
0.0000000000000142
  0
VERTEX
  5
E6
  8
FAB
 10
290.2189356085114
 20
-327.4560370897391
 30
0.0000000000000142
  0
VERTEX
  5
E7
  8
FAB
 10
284.2189356085114
 20
-321.4560370897391
 30
0.0000000000000142
  0
VERTEX
  5
E8
  8
FAB
 10
272.2189356085114
 20
-321.4560370897391
 30
0.0000000000000142
  0
VERTEX
  5
E9
  8
FAB
 10
266.2189356085114
 20
-327.4560370897391
 30
0.0000000000000142
  0
SEQEND
  5
EA
  8
FAB
  0
CIRCLE
  5
EB
  8
FAB
 10
-278.2189324463789
 20
-324.4560367611701
 30
-0.0000000000000142
 40
1.5
210
0.0
220
0.0
230
-1.0
  0
CIRCLE
  5
EC
  8
FAB
 10
-287.2189324463788
 20
-333.4560367611703
 30
-0.0000000000000142
 40
1.499999999999943
210
0.0
220
0.0
230
-1.0
  0
CIRCLE
  5
ED
  8
FAB
 10
-278.2189324463787
 20
-342.4560367611701
 30
-0.0000000000000142
 40
1.5
210
0.0
220
0.0
230
-1.0
  0
CIRCLE
  5
EE
  8
FAB
 10
-269.2189324463786
 20
-333.4560367611701
 30
-0.0000000000000142
 40
1.500000000000057
210
0.0
220
0.0
230
-1.0
  0
POLYLINE
  5
EF
  8
FAB
 66
     1
 10
0.0
 20
0.0
 30
0.0
 70
     1
  0
VERTEX
  5
F0
  8
FAB
 10
338.3354826234965
 20
-297.0144625162223
 30
0.0
  0
VERTEX
  5
F1
  8
FAB
 10
334.9103498720316
 20
-297.0144625162223
 30
0.0
  0
VERTEX
  5
F2
  8
FAB
 10
333.4199934267192
 20
-309.5201683496574
 30
0.0
  0
VERTEX
  5
F3
  8
FAB
 10
333.3942671083598
 20
-309.6727829431632
 30
0.0
  0
VERTEX
  5
F4
  8
FAB
 10
333.353915240684
 20
-309.8221979593375
 30
0.0
  0
VERTEX
  5
F5
  8
FAB
 10
333.2993154787212
 20
-309.9670143579581
 30
0.0
  0
VERTEX
  5
F6
  8
FAB
 10
333.2309789919047
 20
-310.1058779214957
 30
0.0
  0
VERTEX
  5
F7
  8
FAB
 10
333.1495428346782
 20
-310.2374887918571
 30
0.0
  0
VERTEX
  5
F8
  8
FAB
 10
333.0557699464946
 20
-310.3606148218253
 30
0.0
  0
VERTEX
  5
F9
  8
FAB
 10
332.9505415224223
 20
-310.4741049265006
 30
0.0
  0
VERTEX
  5
FA
  8
FAB
 10
332.8348379396587
 20
-310.5768967126945
 30
0.0
  0
VERTEX
  5
FB
  8
FAB
 10
332.7097463869243
 20
-310.6680279230216
 30
0.0
  0
VERTEX
  5
FC
  8
FAB
 10
332.5764341615825
 20
-310.7466450189689
 30
0.0
  0
VERTEX
  5
FD
  8
FAB
 10
332.4361486696391
 20
-310.8120136713126
 30
0.0
  0
VERTEX
  5
FE
  8
FAB
 10
332.2902021669536
 20
-310.863522574816
 30
0.0
  0
VERTEX
  5
FF
  8
FAB
 10
332.1399641298442
 20
-310.9006882166007
 30
0.0
  0
VERTEX
  5
100
  8
FAB
 10
331.9868364595561
 20
-310.9231625055411
 30
0.0
  0
VERTEX
  5
101
  8
FAB
 10
331.8322534822612
 20
-310.930736586962
 30
0.0
  0
VERTEX
  5
102
  8
FAB
 10
331.6776628755717
 20
-310.923339888964
 30
0.0
  0
VERTEX
  5
103
  8
FAB
 10
331.5245085024028
 20
-310.9010401224235
 30
0.0
  0
VERTEX
  5
104
  8
FAB
 10
331.3742285036235
 20
-310.8640461420158
 30
0.0
  0
VERTEX
  5
105
  8
FAB
 10
331.2282228731303
 20
-310.812705085192
 30
0.0
  0
VERTEX
  5
106
  8
FAB
 10
331.0878629945903
 20
-310.7474966501334
 30
0.0
  0
VERTEX
  5
107
  8
FAB
 10
330.9544611238628
 20
-310.6690321420768
 30
0.0
  0
VERTEX
  5
108
  8
FAB
 10
330.8292627596049
 20
-310.5780439828971
 30
0.0
  0
VERTEX
  5
109
  8
FAB
 10
330.7134428285747
 20
-310.4753847574332
 30
0.0
  0
VERTEX
  5
10A
  8
FAB
 10
330.6080847047954
 20
-310.3620157693961
 30
0.0
  0
VERTEX
  5
10B
  8
FAB
 10
330.5141725801616
 20
-310.2389965509513
 30
0.0
  0
VERTEX
  5
10C
  8
FAB
 10
330.432585742393
 20
-310.107479140673
 30
0.0
  0
VERTEX
  5
10D
  8
FAB
 10
330.3640890382915
 20
-309.9686937784293
 30
0.0
  0
VERTEX
  5
10E
  8
FAB
 10
330.3093233369975
 20
-309.8239393686393
 30
0.0
  0
VERTEX
  5
10F
  8
FAB
 10
330.2687998079448
 20
-309.6745710825065
 30
0.0
  0
VERTEX
  5
110
  8
FAB
 10
330.2428980135112
 20
-309.5219860529044
 30
0.0
  0
VERTEX
  5
111
  8
FAB
 10
328.7376604341654
 20
-297.0144625162223
 30
0.0
  0
VERTEX
  5
112
  8
FAB
 10
325.3374815248637
 20
-297.0144625162223
 30
0.0
  0
VERTEX
  5
113
  8
FAB
 10
325.1517858766703
 20
-296.9980043624976
 30
0.0
  0
VERTEX
  5
114
  8
FAB
 10
325.0590410493998
 20
-296.9893399929145
 30
0.0
  0
VERTEX
  5
115
  8
FAB
 10
324.966916110435
 20
-296.9767121528724
 30
0.0
  0
VERTEX
  5
116
  8
FAB
 10
324.8757868074564
 20
-296.9579496835807
 30
0.0
  0
VERTEX
  5
117
  8
FAB
 10
324.7858743929057
 20
-296.9332156633475
 30
0.0
  0
VERTEX
  5
118
  8
FAB
 10
324.6973581575541
 20
-296.9032566999534
 30
0.0
  0
VERTEX
  5
119
  8
FAB
 10
324.6104212068705
 20
-296.8688196395972
 30
0.0
  0
VERTEX
  5
11A
  8
FAB
 10
324.525244738975
 20
-296.8305205558875
 30
0.0
  0
VERTEX
  5
11B
  8
FAB
 10
324.4420156740336
 20
-296.7884535049537
 30
0.0
  0
VERTEX
  5
11C
  8
FAB
 10
324.360917117515
 20
-296.7425821279624
 30
0.0
  0
VERTEX
  5
11D
  8
FAB
 10
324.2821359895854
 20
-296.6928700660804
 30
0.0
  0
VERTEX
  5
11E
  8
FAB
 10
324.2058573030619
 20
-296.6393124317268
 30
0.0
  0
VERTEX
  5
11F
  8
FAB
 10
324.1322737001566
 20
-296.5820301031211
 30
0.0
  0
VERTEX
  5
120
  8
FAB
 10
324.0615740083842
 20
-296.5211756681541
 30
0.0
  0
VERTEX
  5
121
  8
FAB
 10
323.9939508699564
 20
-296.4569018339255
 30
0.0
  0
VERTEX
  5
122
  8
FAB
 10
323.9295854829936
 20
-296.3893664335349
 30
0.0
  0
VERTEX
  5
123
  8
FAB
 10
323.868620898643
 20
-296.3187492345908
 30
0.0
  0
VERTEX
  5
124
  8
FAB
 10
323.8111868166117
 20
-296.2452359651664
 30
0.0
  0
VERTEX
  5
125
  8
FAB
 10
323.7574148439555
 20
-296.1690121149161
 30
0.0
  0
VERTEX
  5
126
  8
FAB
 10
323.7074384950785
 20
-296.0902629350761
 30
0.0
  0
VERTEX
  5
127
  8
FAB
 10
323.6613893770365
 20
-296.0091736768821
 30
0.0
  0
VERTEX
  5
128
  8
FAB
 10
323.6193990968852
 20
-295.9259303068259
 30
0.0
  0
VERTEX
  5
129
  8
FAB
 10
323.5815973543314
 20
-295.840717837725
 30
0.0
  0
VERTEX
  5
12A
  8
FAB
 10
323.548100497642
 20
-295.7537281965354
 30
0.0
  0
VERTEX
  5
12B
  8
FAB
 10
323.5189619325785
 20
-295.665177867327
 30
0.0
  0
VERTEX
  5
12C
  8
FAB
 10
323.4942102693705
 20
-295.5752892946342
 30
0.0
  0
VERTEX
  5
12D
  8
FAB
 10
323.4738836549906
 20
-295.4842856382468
 30
0.0
  0
VERTEX
  5
12E
  8
FAB
 10
323.458012607017
 20
-295.3923895811179
 30
0.0
  0
VERTEX
  5
12F
  8
FAB
 10
323.4466333650736
 20
-295.2998238062003
 30
0.0
  0
VERTEX
  5
130
  8
FAB
 10
323.4397783540873
 20
-295.2068112348655
 30
0.0
  0
VERTEX
  5
131
  8
FAB
 10
323.437483813682
 20
-295.1135745500663
 30
0.0
  0
VERTEX
  5
132
  8
FAB
 10
323.4397688173441
 20
-295.0203364347556
 30
0.0
  0
VERTEX
  5
133
  8
FAB
 10
323.4466123842387
 20
-294.9273202871421
 30
0.0
  0
VERTEX
  5
134
  8
FAB
 10
323.4579820894389
 20
-294.8347492670158
 30
0.0
  0
VERTEX
  5
135
  8
FAB
 10
323.4738416933207
 20
-294.7428470110038
 30
0.0
  0
VERTEX
  5
136
  8
FAB
 10
323.4941587709574
 20
-294.6518364404777
 30
0.0
  0
VERTEX
  5
137
  8
FAB
 10
323.5188989900736
 20
-294.5619411920646
 30
0.0
  0
VERTEX
  5
138
  8
FAB
 10
323.5480299257426
 20
-294.4733844255546
 30
0.0
  0
VERTEX
  5
139
  8
FAB
 10
323.5815172456889
 20
-294.3863893007377
 30
0.0
  0
VERTEX
  5
13A
  8
FAB
 10
323.6193094514994
 20
-294.3011732553581
 30
0.0
  0
VERTEX
  5
13B
  8
FAB
 10
323.6612921022563
 20
-294.2179265474418
 30
0.0
  0
VERTEX
  5
13C
  8
FAB
 10
323.7073335909037
 20
-294.1368346666435
 30
0.0
  0
VERTEX
  5
13D
  8
FAB
 10
323.7573023103861
 20
-294.0580826257805
 30
0.0
  0
VERTEX
  5
13E
  8
FAB
 10
323.8110666536479
 20
-293.9818540071586
 30
0.0
  0
VERTEX
  5
13F
  8
FAB
 10
323.8684931062846
 20
-293.9083347772697
 30
0.0
  0
VERTEX
  5
140
  8
FAB
 10
323.9294500612406
 20
-293.8377089952568
 30
0.0
  0
VERTEX
  5
141
  8
FAB
 10
323.993807818809
 20
-293.7701616739372
 30
0.0
  0
VERTEX
  5
142
  8
FAB
 10
324.0614252351908
 20
-293.7058730577568
 30
0.0
  0
VERTEX
  5
143
  8
FAB
 10
324.1321172975688
 20
-293.6450057481865
 30
0.0
  0
VERTEX
  5
144
  8
FAB
 10
324.2056970857768
 20
-293.5877166246513
 30
0.0
  0
VERTEX
  5
145
  8
FAB
 10
324.2819700502543
 20
-293.5341635202507
 30
0.0
  0
VERTEX
  5
146
  8
FAB
 10
324.3607492708354
 20
-293.4844685052971
 30
0.0
  0
VERTEX
  5
147
  8
FAB
 10
324.4418459200053
 20
-293.4386110757927
 30
0.0
  0
VERTEX
  5
148
  8
FAB
 10
324.5250711702494
 20
-293.3965335344413
 30
0.0
  0
VERTEX
  5
149
  8
FAB
 10
324.6102381014018
 20
-293.3581796144584
 30
0.0
  0
VERTEX
  5
14A
  8
FAB
 10
324.6971636079936
 20
-293.3236394380668
 30
0.0
  0
VERTEX
  5
14B
  8
FAB
 10
324.7856683992533
 20
-293.2935891603569
 30
0.0
  0
VERTEX
  5
14C
  8
FAB
 10
324.8755789064555
 20
-293.2688513254265
 30
0.0
  0
VERTEX
  5
14D
  8
FAB
 10
324.9667215608744
 20
-293.2502494310478
 30
0.0
  0
VERTEX
  5
14E
  8
FAB
 10
325.0588808321147
 20
-293.2379932855705
 30
0.0
  0
VERTEX
  5
14F
  8
FAB
 10
325.1516752504496
 20
-293.2298450922111
 30
0.0
  0
VERTEX
  5
150
  8
FAB
 10
325.3374815248637
 20
-293.2144670938591
 30
0.0
  0
VERTEX
  5
151
  8
FAB
 10
328.7258863710551
 20
-293.214467093859
 30
0.0
  0
VERTEX
  5
152
  8
FAB
 10
330.2345857881693
 20
-278.5808382486442
 30
0.0
  0
VERTEX
  5
153
  8
FAB
 10
330.2651300691752
 20
-278.4332151865104
 30
0.0
  0
VERTEX
  5
154
  8
FAB
 10
330.3094339632182
 20
-278.2891226266959
 30
0.0
  0
VERTEX
  5
155
  8
FAB
 10
330.3671026491313
 20
-278.1498384927848
 30
0.0
  0
VERTEX
  5
156
  8
FAB
 10
330.4376249574809
 20
-278.0166025613883
 30
0.0
  0
VERTEX
  5
157
  8
FAB
 10
330.5203752779154
 20
-277.8905935739616
 30
0.0
  0
VERTEX
  5
158
  8
FAB
 10
330.6146173738627
 20
-277.7729330515006
 30
0.0
  0
VERTEX
  5
159
  8
FAB
 10
330.7195158266215
 20
-277.6646643137076
 30
0.0
  0
VERTEX
  5
15A
  8
FAB
 10
330.8341379427104
 20
-277.5667505716422
 30
0.0
  0
VERTEX
  5
15B
  8
FAB
 10
330.957467105308
 20
-277.4800596689323
 30
0.0
  0
VERTEX
  5
15C
  8
FAB
 10
331.0884084962992
 20
-277.4053602670768
 30
0.0
  0
VERTEX
  5
15D
  8
FAB
 10
331.2257986330179
 20
-277.3433180307487
 30
0.0
  0
VERTEX
  5
15E
  8
FAB
 10
331.3684187196878
 20
-277.2944803690055
 30
0.0
  0
VERTEX
  5
15F
  8
FAB
 10
331.5150041841654
 20
-277.2592840646842
 30
0.0
  0
VERTEX
  5
160
  8
FAB
 10
331.6642484926371
 20
-277.2380419229606
 30
0.0
  0
VERTEX
  5
161
  8
FAB
 10
331.814831759849
 20
-277.230938956652
 30
0.0
  0
VERTEX
  5
162
  8
FAB
 10
331.9654131197123
 20
-277.2380419229606
 30
0.0
  0
VERTEX
  5
163
  8
FAB
 10
332.1146593355326
 20
-277.2592840646842
 30
0.0
  0
VERTEX
  5
164
  8
FAB
 10
332.2612428926615
 20
-277.2944803690055
 30
0.0
  0
VERTEX
  5
165
  8
FAB
 10
332.40386488668
 20
-277.3433180307487
 30
0.0
  0
VERTEX
  5
166
  8
FAB
 10
332.5412550233988
 20
-277.4053602670768
 30
0.0
  0
VERTEX
  5
167
  8
FAB
 10
332.6721945070414
 20
-277.4800596689323
 30
0.0
  0
VERTEX
  5
168
  8
FAB
 10
332.7955236696391
 20
-277.5667505716422
 30
0.0
  0
VERTEX
  5
169
  8
FAB
 10
332.9101476930766
 20
-277.6646643137076
 30
0.0
  0
VERTEX
  5
16A
  8
FAB
 10
333.0150442384867
 20
-277.7729330515006
 30
0.0
  0
VERTEX
  5
16B
  8
FAB
 10
333.109286334434
 20
-277.8905935739616
 30
0.0
  0
VERTEX
  5
16C
  8
FAB
 10
333.1920385622172
 20
-278.0166025613883
 30
0.0
  0
VERTEX
  5
16D
  8
FAB
 10
333.2625608705668
 20
-278.1498384927848
 30
0.0
  0
VERTEX
  5
16E
  8
FAB
 10
333.3202276491313
 20
-278.2891226266959
 30
0.0
  0
VERTEX
  5
16F
  8
FAB
 10
333.3645315431742
 20
-278.4332151865104
 30
0.0
  0
VERTEX
  5
170
  8
FAB
 10
333.3950758241801
 20
-278.5808382486442
 30
0.0
  0
VERTEX
  5
171
  8
FAB
 10
334.9192037843852
 20
-293.214467093859
 30
0.0
  0
VERTEX
  5
172
  8
FAB
 10
338.3354826234965
 20
-293.214467093859
 30
0.0
  0
VERTEX
  5
173
  8
FAB
 10
338.5212888979106
 20
-293.2298450922111
 30
0.0
  0
VERTEX
  5
174
  8
FAB
 10
338.6140852235941
 20
-293.2379932855704
 30
0.0
  0
VERTEX
  5
175
  8
FAB
 10
338.7062444948344
 20
-293.2502494310477
 30
0.0
  0
VERTEX
  5
176
  8
FAB
 10
338.7973852419047
 20
-293.2688513254264
 30
0.0
  0
VERTEX
  5
177
  8
FAB
 10
338.8872976564555
 20
-293.2935886835197
 30
0.0
  0
VERTEX
  5
178
  8
FAB
 10
338.9758024477152
 20
-293.3236389612296
 30
0.0
  0
VERTEX
  5
179
  8
FAB
 10
339.062727954307
 20
-293.3581796144584
 30
0.0
  0
VERTEX
  5
17A
  8
FAB
 10
339.1478948854594
 20
-293.3965330576041
 30
0.0
  0
VERTEX
  5
17B
  8
FAB
 10
339.2311201357035
 20
-293.4386105989554
 30
0.0
  0
VERTEX
  5
17C
  8
FAB
 10
339.3122167848734
 20
-293.484468505297
 30
0.0
  0
VERTEX
  5
17D
  8
FAB
 10
339.3909940981059
 20
-293.5341635202506
 30
0.0
  0
VERTEX
  5
17E
  8
FAB
 10
339.467268969932
 20
-293.5877166246513
 30
0.0
  0
VERTEX
  5
17F
  8
FAB
 10
339.5408468507914
 20
-293.6450057481864
 30
0.0
  0
VERTEX
  5
180
  8
FAB
 10
339.611540820518
 20
-293.7058735345939
 30
0.0
  0
VERTEX
  5
181
  8
FAB
 10
339.6791563295512
 20
-293.7701621507743
 30
0.0
  0
VERTEX
  5
182
  8
FAB
 10
339.7435140871195
 20
-293.8377089952567
 30
0.0
  0
VERTEX
  5
183
  8
FAB
 10
339.8044729494242
 20
-293.9083347772697
 30
0.0
  0
VERTEX
  5
184
  8
FAB
 10
339.8618994020609
 20
-293.9818540071586
 30
0.0
  0
VERTEX
  5
185
  8
FAB
 10
339.9156637453227
 20
-294.0580821489432
 30
0.0
  0
VERTEX
  5
186
  8
FAB
 10
339.9656324648051
 20
-294.1368346666434
 30
0.0
  0
VERTEX
  5
187
  8
FAB
 10
340.0116758608012
 20
-294.2179265474418
 30
0.0
  0
VERTEX
  5
188
  8
FAB
 10
340.0536566042094
 20
-294.3011727785209
 30
0.0
  0
VERTEX
  5
189
  8
FAB
 10
340.0914488100199
 20
-294.3863893007377
 30
0.0
  0
VERTEX
  5
18A
  8
FAB
 10
340.1249380373148
 20
-294.4733844255546
 30
0.0
  0
VERTEX
  5
18B
  8
FAB
 10
340.1540670656352
 20
-294.5619411920646
 30
0.0
  0
VERTEX
  5
18C
  8
FAB
 10
340.1788091921
 20
-294.6518362020591
 30
0.0
  0
VERTEX
  5
18D
  8
FAB
 10
340.1991262697367
 20
-294.7428467725852
 30
0.0
  0
VERTEX
  5
18E
  8
FAB
 10
340.2149839662699
 20
-294.8347492670158
 30
0.0
  0
VERTEX
  5
18F
  8
FAB
 10
340.2263517641215
 20
-294.9273200487235
 30
0.0
  0
VERTEX
  5
190
  8
FAB
 10
340.2331991457133
 20
-295.0203364347556
 30
0.0
  0
VERTEX
  5
191
  8
FAB
 10
340.2354841493754
 20
-295.1135745500663
 30
0.0
  0
VERTEX
  5
192
  8
FAB
 10
340.2331877016215
 20
-295.2068112348655
 30
0.0
  0
VERTEX
  5
193
  8
FAB
 10
340.2263326906352
 20
-295.2998240446189
 30
0.0
  0
VERTEX
  5
194
  8
FAB
 10
340.2149534486918
 20
-295.3923898195365
 30
0.0
  0
VERTEX
  5
195
  8
FAB
 10
340.1990843080668
 20
-295.4842858766654
 30
0.0
  0
VERTEX
  5
196
  8
FAB
 10
340.1787557863383
 20
-295.5752895330527
 30
0.0
  0
VERTEX
  5
197
  8
FAB
 10
340.1540060304789
 20
-295.6651781057456
 30
0.0
  0
VERTEX
  5
198
  8
FAB
 10
340.1248655580668
 20
-295.753728434954
 30
0.0
  0
VERTEX
  5
199
  8
FAB
 10
340.0913687013773
 20
-295.8407180761436
 30
0.0
  0
VERTEX
  5
19A
  8
FAB
 10
340.0535688661723
 20
-295.9259305452445
 30
0.0
  0
VERTEX
  5
19B
  8
FAB
 10
340.0115766786723
 20
-296.0091739153007
 30
0.0
  0
VERTEX
  5
19C
  8
FAB
 10
339.9655256532816
 20
-296.0902629350761
 30
0.0
  0
VERTEX
  5
19D
  8
FAB
 10
339.9155493044047
 20
-296.1690121149161
 30
0.0
  0
VERTEX
  5
19E
  8
FAB
 10
339.8617811464457
 20
-296.245236203585
 30
0.0
  0
VERTEX
  5
19F
  8
FAB
 10
339.8043470644145
 20
-296.3187492345908
 30
0.0
  0
VERTEX
  5
1A0
  8
FAB
 10
339.7433805727152
 20
-296.3893664335349
 30
0.0
  0
VERTEX
  5
1A1
  8
FAB
 10
339.6790151857523
 20
-296.4569018339255
 30
0.0
  0
VERTEX
  5
1A2
  8
FAB
 10
339.6113920473246
 20
-296.5211756681541
 30
0.0
  0
VERTEX
  5
1A3
  8
FAB
 10
339.5406942629008
 20
-296.5820299839118
 30
0.0
  0
VERTEX
  5
1A4
  8
FAB
 10
339.4671087526469
 20
-296.6393123125175
 30
0.0
  0
VERTEX
  5
1A5
  8
FAB
 10
339.3908300661234
 20
-296.6928700660804
 30
0.0
  0
VERTEX
  5
1A6
  8
FAB
 10
339.3120489381938
 20
-296.7425821279624
 30
0.0
  0
VERTEX
  5
1A7
  8
FAB
 10
339.2309484743266
 20
-296.788453624163
 30
0.0
  0
VERTEX
  5
1A8
  8
FAB
 10
339.1477194093852
 20
-296.8305207943061
 30
0.0
  0
VERTEX
  5
1A9
  8
FAB
 10
339.0625448488383
 20
-296.8688198780158
 30
0.0
  0
VERTEX
  5
1AA
  8
FAB
 10
338.9756078981547
 20
-296.903256938372
 30
0.0
  0
VERTEX
  5
1AB
  8
FAB
 10
338.8870916628031
 20
-296.9332157825568
 30
0.0
  0
VERTEX
  5
1AC
  8
FAB
 10
338.7971792482523
 20
-296.95794980279
 30
0.0
  0
VERTEX
  5
1AD
  8
FAB
 10
338.7060499452738
 20
-296.9767121528724
 30
0.0
  0
VERTEX
  5
1AE
  8
FAB
 10
338.613925006309
 20
-296.9893398737052
 30
0.0
  0
VERTEX
  5
1AF
  8
FAB
 10
338.5211782716898
 20
-296.9980043624976
 30
0.0
  0
SEQEND
  5
1B0
  8
FAB
  0
POLYLINE
  5
1B1
  8
FAB
 66
     1
 10
0.0
 20
0.0
 30
0.0
 70
     1
  0
VERTEX
  5
1B2
  8
FAB
 10
304.8580196165232
 20
-298.3560364996532
 30
0.0
  0
VERTEX
  5
1B3
  8
FAB
 10
304.770658757606
 20
-298.3624304985145
 30
0.0
  0
VERTEX
  5
1B4
  8
FAB
 10
304.6851599477915
 20
-298.3814761494735
 30
0.0
  0
VERTEX
  5
1B5
  8
FAB
 10
304.6033451818614
 20
-298.4127675747016
 30
0.0
  0
VERTEX
  5
1B6
  8
FAB
 10
304.5269587301402
 20
-298.4556378280261
 30
0.0
  0
VERTEX
  5
1B7
  8
FAB
 10
304.4576280378489
 20
-298.5091732000449
 30
0.0
  0
VERTEX
  5
1B8
  8
FAB
 10
304.396831300178
 20
-298.5722327088454
 30
0.0
  0
VERTEX
  5
1B9
  8
FAB
 10
304.3458636068492
 20
-298.6434722994903
 30
0.0
  0
VERTEX
  5
1BA
  8
FAB
 10
304.3058116697459
 20
-298.7213736628631
 30
0.0
  0
VERTEX
  5
1BB
  8
FAB
 10
304.2775290273814
 20
-298.804276451979
 30
0.0
  0
VERTEX
  5
1BC
  8
FAB
 10
304.2616188787608
 20
-298.8904138063529
 30
0.0
  0
VERTEX
  5
1BD
  8
FAB
 10
304.2584197782664
 20
-298.9779496645072
 30
0.0
  0
VERTEX
  5
1BE
  8
FAB
 10
304.2679999136118
 20
-299.0650185798743
 30
0.0
  0
VERTEX
  5
1BF
  8
FAB
 10
304.2901556753306
 20
-299.1497647022346
 30
0.0
  0
VERTEX
  5
1C0
  8
FAB
 10
304.3244140409617
 20
-299.2303818916419
 30
0.0
  0
VERTEX
  5
1C1
  8
FAB
 10
304.3700454496531
 20
-299.3051518653968
 30
0.0
  0
VERTEX
  5
1C2
  8
FAB
 10
304.4260771536021
 20
-299.3724810337165
 30
0.0
  0
VERTEX
  5
1C3
  8
FAB
 10
304.4913151525645
 20
-299.4309343551734
 30
0.0
  0
VERTEX
  5
1C4
  8
FAB
 10
304.5643685125498
 20
-299.479266211901
 30
0.0
  0
VERTEX
  5
1C5
  8
FAB
 10
304.6436808370738
 20
-299.5164461588004
 30
0.0
  0
VERTEX
  5
1C6
  8
FAB
 10
304.7275612615733
 20
-299.5416820501426
 30
0.0
  0
VERTEX
  5
1C7
  8
FAB
 10
304.8142221235423
 20
-299.5544358944038
 30
0.0
  0
VERTEX
  5
1C8
  8
FAB
 10
304.901816632667
 20
-299.5544358944038
 30
0.0
  0
VERTEX
  5
1C9
  8
FAB
 10
304.988477494636
 20
-299.5416820501426
 30
0.0
  0
VERTEX
  5
1CA
  8
FAB
 10
305.0723579191355
 20
-299.5164461588004
 30
0.0
  0
VERTEX
  5
1CB
  8
FAB
 10
305.1516702436595
 20
-299.479266211901
 30
0.0
  0
VERTEX
  5
1CC
  8
FAB
 10
305.2247236036448
 20
-299.4309343551734
 30
0.0
  0
VERTEX
  5
1CD
  8
FAB
 10
305.2899616026072
 20
-299.3724810337165
 30
0.0
  0
VERTEX
  5
1CE
  8
FAB
 10
305.3459933065562
 20
-299.3051518653968
 30
0.0
  0
VERTEX
  5
1CF
  8
FAB
 10
305.3916247152476
 20
-299.2303818916419
 30
0.0
  0
VERTEX
  5
1D0
  8
FAB
 10
305.4258830808787
 20
-299.1497647022346
 30
0.0
  0
VERTEX
  5
1D1
  8
FAB
 10
305.4480388425974
 20
-299.0650185798743
 30
0.0
  0
VERTEX
  5
1D2
  8
FAB
 10
305.4576189779429
 20
-298.9779496645072
 30
0.0
  0
VERTEX
  5
1D3
  8
FAB
 10
305.4544198774485
 20
-298.8904138063529
 30
0.0
  0
VERTEX
  5
1D4
  8
FAB
 10
305.4385097288279
 20
-298.804276451979
 30
0.0
  0
VERTEX
  5
1D5
  8
FAB
 10
305.4102270864634
 20
-298.7213736628631
 30
0.0
  0
VERTEX
  5
1D6
  8
FAB
 10
305.3701751493601
 20
-298.6434722994903
 30
0.0
  0
VERTEX
  5
1D7
  8
FAB
 10
305.3192074560313
 20
-298.5722327088454
 30
0.0
  0
VERTEX
  5
1D8
  8
FAB
 10
305.2584107183604
 20
-298.5091732000449
 30
0.0
  0
VERTEX
  5
1D9
  8
FAB
 10
305.1890800260691
 20
-298.4556378280261
 30
0.0
  0
VERTEX
  5
1DA
  8
FAB
 10
305.1126935743479
 20
-298.4127675747016
 30
0.0
  0
VERTEX
  5
1DB
  8
FAB
 10
305.0308788084178
 20
-298.3814761494735
 30
0.0
  0
VERTEX
  5
1DC
  8
FAB
 10
304.9453799986033
 20
-298.3624304985145
 30
0.0
  0
SEQEND
  5
1DD
  8
FAB
  0
POLYLINE
  5
1DE
  8
FAB
 66
     1
 10
0.0
 20
0.0
 30
0.0
 70
     1
  0
VERTEX
  5
1DF
  8
FAB
 10
304.8580196165232
 20
-302.3560367082694
 30
0.0
  0
VERTEX
  5
1E0
  8
FAB
 10
304.770658757606
 20
-302.3624306177238
 30
0.0
  0
VERTEX
  5
1E1
  8
FAB
 10
304.6851599477915
 20
-302.3814759706596
 30
0.0
  0
VERTEX
  5
1E2
  8
FAB
 10
304.6033451818614
 20
-302.4127674554923
 30
0.0
  0
VERTEX
  5
1E3
  8
FAB
 10
304.5269587301402
 20
-302.4556379770377
 30
0.0
  0
VERTEX
  5
1E4
  8
FAB
 10
304.4576280378489
 20
-302.5091729616263
 30
0.0
  0
VERTEX
  5
1E5
  8
FAB
 10
304.396831300178
 20
-302.5722327684501
 30
0.0
  0
VERTEX
  5
1E6
  8
FAB
 10
304.3458636068492
 20
-302.6434722398856
 30
0.0
  0
VERTEX
  5
1E7
  8
FAB
 10
304.3058116697459
 20
-302.7213736032584
 30
0.0
  0
VERTEX
  5
1E8
  8
FAB
 10
304.2775290273814
 20
-302.8042765115836
 30
0.0
  0
VERTEX
  5
1E9
  8
FAB
 10
304.2616188787608
 20
-302.8904138063529
 30
0.0
  0
VERTEX
  5
1EA
  8
FAB
 10
304.2584197782664
 20
-302.9779496645072
 30
0.0
  0
VERTEX
  5
1EB
  8
FAB
 10
304.2679999136118
 20
-303.0650186990836
 30
0.0
  0
VERTEX
  5
1EC
  8
FAB
 10
304.2901556753306
 20
-303.1497645830253
 30
0.0
  0
VERTEX
  5
1ED
  8
FAB
 10
304.3244140409617
 20
-303.2303820108512
 30
0.0
  0
VERTEX
  5
1EE
  8
FAB
 10
304.3700454496531
 20
-303.3051519846061
 30
0.0
  0
VERTEX
  5
1EF
  8
FAB
 10
304.4260771536021
 20
-303.3724809145072
 30
0.0
  0
VERTEX
  5
1F0
  8
FAB
 10
304.4913151525645
 20
-303.4309344743827
 30
0.0
  0
VERTEX
  5
1F1
  8
FAB
 10
304.5643685125498
 20
-303.479266211901
 30
0.0
  0
VERTEX
  5
1F2
  8
FAB
 10
304.6436808370738
 20
-303.5164461588004
 30
0.0
  0
VERTEX
  5
1F3
  8
FAB
 10
304.7275612615733
 20
-303.541681811724
 30
0.0
  0
VERTEX
  5
1F4
  8
FAB
 10
304.8142221235423
 20
-303.5544357751945
 30
0.0
  0
VERTEX
  5
1F5
  8
FAB
 10
304.901816632667
 20
-303.5544357751945
 30
0.0
  0
VERTEX
  5
1F6
  8
FAB
 10
304.988477494636
 20
-303.541681811724
 30
0.0
  0
VERTEX
  5
1F7
  8
FAB
 10
305.0723579191355
 20
-303.5164461588004
 30
0.0
  0
VERTEX
  5
1F8
  8
FAB
 10
305.1516702436595
 20
-303.479266211901
 30
0.0
  0
VERTEX
  5
1F9
  8
FAB
 10
305.2247236036448
 20
-303.4309344743827
 30
0.0
  0
VERTEX
  5
1FA
  8
FAB
 10
305.2899616026072
 20
-303.3724809145072
 30
0.0
  0
VERTEX
  5
1FB
  8
FAB
 10
305.3459933065562
 20
-303.3051519846061
 30
0.0
  0
VERTEX
  5
1FC
  8
FAB
 10
305.3916247152476
 20
-303.2303820108512
 30
0.0
  0
VERTEX
  5
1FD
  8
FAB
 10
305.4258830808787
 20
-303.1497645830253
 30
0.0
  0
VERTEX
  5
1FE
  8
FAB
 10
305.4480388425974
 20
-303.0650186990836
 30
0.0
  0
VERTEX
  5
1FF
  8
FAB
 10
305.4576189779429
 20
-302.9779496645072
 30
0.0
  0
VERTEX
  5
200
  8
FAB
 10
305.4544198774485
 20
-302.8904138063529
 30
0.0
  0
VERTEX
  5
201
  8
FAB
 10
305.4385097288279
 20
-302.8042765115836
 30
0.0
  0
VERTEX
  5
202
  8
FAB
 10
305.4102270864634
 20
-302.7213736032584
 30
0.0
  0
VERTEX
  5
203
  8
FAB
 10
305.3701751493601
 20
-302.6434722398856
 30
0.0
  0
VERTEX
  5
204
  8
FAB
 10
305.3192074560313
 20
-302.5722327684501
 30
0.0
  0
VERTEX
  5
205
  8
FAB
 10
305.2584107183604
 20
-302.5091729616263
 30
0.0
  0
VERTEX
  5
206
  8
FAB
 10
305.1890800260691
 20
-302.4556379770377
 30
0.0
  0
VERTEX
  5
207
  8
FAB
 10
305.1126935743479
 20
-302.4127674554923
 30
0.0
  0
VERTEX
  5
208
  8
FAB
 10
305.0308788084178
 20
-302.3814759706596
 30
0.0
  0
VERTEX
  5
209
  8
FAB
 10
304.9453799986033
 20
-302.3624306177238
 30
0.0
  0
SEQEND
  5
20A
  8
FAB
  0
POLYLINE
  5
20B
  8
FAB
 66
     1
 10
0.0
 20
0.0
 30
0.0
 70
     1
  0
VERTEX
  5
20C
  8
FAB
 10
304.8580196165232
 20
-304.3560367082694
 30
0.0
  0
VERTEX
  5
20D
  8
FAB
 10
304.770658757606
 20
-304.3624306177238
 30
0.0
  0
VERTEX
  5
20E
  8
FAB
 10
304.6851599477915
 20
-304.3814759706596
 30
0.0
  0
VERTEX
  5
20F
  8
FAB
 10
304.6033451818614
 20
-304.4127674554923
 30
0.0
  0
VERTEX
  5
210
  8
FAB
 10
304.5269587301402
 20
-304.4556379770377
 30
0.0
  0
VERTEX
  5
211
  8
FAB
 10
304.4576280378489
 20
-304.5091729616263
 30
0.0
  0
VERTEX
  5
212
  8
FAB
 10
304.396831300178
 20
-304.5722327684501
 30
0.0
  0
VERTEX
  5
213
  8
FAB
 10
304.3458636068492
 20
-304.6434722398856
 30
0.0
  0
VERTEX
  5
214
  8
FAB
 10
304.3058116697459
 20
-304.7213736032584
 30
0.0
  0
VERTEX
  5
215
  8
FAB
 10
304.2775290273814
 20
-304.8042765115836
 30
0.0
  0
VERTEX
  5
216
  8
FAB
 10
304.2616188787608
 20
-304.8904138063529
 30
0.0
  0
VERTEX
  5
217
  8
FAB
 10
304.2584197782664
 20
-304.9779496645072
 30
0.0
  0
VERTEX
  5
218
  8
FAB
 10
304.2679999136118
 20
-305.0650186990836
 30
0.0
  0
VERTEX
  5
219
  8
FAB
 10
304.2901556753306
 20
-305.1497645830253
 30
0.0
  0
VERTEX
  5
21A
  8
FAB
 10
304.3244140409617
 20
-305.2303820108512
 30
0.0
  0
VERTEX
  5
21B
  8
FAB
 10
304.3700454496531
 20
-305.3051519846061
 30
0.0
  0
VERTEX
  5
21C
  8
FAB
 10
304.4260771536021
 20
-305.3724809145072
 30
0.0
  0
VERTEX
  5
21D
  8
FAB
 10
304.4913151525645
 20
-305.4309344743827
 30
0.0
  0
VERTEX
  5
21E
  8
FAB
 10
304.5643685125498
 20
-305.479266211901
 30
0.0
  0
VERTEX
  5
21F
  8
FAB
 10
304.6436808370738
 20
-305.5164461588004
 30
0.0
  0
VERTEX
  5
220
  8
FAB
 10
304.7275612615733
 20
-305.541681811724
 30
0.0
  0
VERTEX
  5
221
  8
FAB
 10
304.8142221235423
 20
-305.5544357751945
 30
0.0
  0
VERTEX
  5
222
  8
FAB
 10
304.901816632667
 20
-305.5544357751945
 30
0.0
  0
VERTEX
  5
223
  8
FAB
 10
304.988477494636
 20
-305.541681811724
 30
0.0
  0
VERTEX
  5
224
  8
FAB
 10
305.0723579191355
 20
-305.5164461588004
 30
0.0
  0
VERTEX
  5
225
  8
FAB
 10
305.1516702436595
 20
-305.479266211901
 30
0.0
  0
VERTEX
  5
226
  8
FAB
 10
305.2247236036448
 20
-305.4309344743827
 30
0.0
  0
VERTEX
  5
227
  8
FAB
 10
305.2899616026072
 20
-305.3724809145072
 30
0.0
  0
VERTEX
  5
228
  8
FAB
 10
305.3459933065562
 20
-305.3051519846061
 30
0.0
  0
VERTEX
  5
229
  8
FAB
 10
305.3916247152476
 20
-305.2303820108512
 30
0.0
  0
VERTEX
  5
22A
  8
FAB
 10
305.4258830808787
 20
-305.1497645830253
 30
0.0
  0
VERTEX
  5
22B
  8
FAB
 10
305.4480388425974
 20
-305.0650186990836
 30
0.0
  0
VERTEX
  5
22C
  8
FAB
 10
305.4576189779429
 20
-304.9779496645072
 30
0.0
  0
VERTEX
  5
22D
  8
FAB
 10
305.4544198774485
 20
-304.8904138063529
 30
0.0
  0
VERTEX
  5
22E
  8
FAB
 10
305.4385097288279
 20
-304.8042765115836
 30
0.0
  0
VERTEX
  5
22F
  8
FAB
 10
305.4102270864634
 20
-304.7213736032584
 30
0.0
  0
VERTEX
  5
230
  8
FAB
 10
305.3701751493601
 20
-304.6434722398856
 30
0.0
  0
VERTEX
  5
231
  8
FAB
 10
305.3192074560313
 20
-304.5722327684501
 30
0.0
  0
VERTEX
  5
232
  8
FAB
 10
305.2584107183604
 20
-304.5091729616263
 30
0.0
  0
VERTEX
  5
233
  8
FAB
 10
305.1890800260691
 20
-304.4556379770377
 30
0.0
  0
VERTEX
  5
234
  8
FAB
 10
305.1126935743479
 20
-304.4127674554923
 30
0.0
  0
VERTEX
  5
235
  8
FAB
 10
305.0308788084178
 20
-304.3814759706596
 30
0.0
  0
VERTEX
  5
236
  8
FAB
 10
304.9453799986033
 20
-304.3624306177238
 30
0.0
  0
SEQEND
  5
237
  8
FAB
  0
POLYLINE
  5
238
  8
FAB
 66
     1
 10
0.0
 20
0.0
 30
0.0
 70
     1
  0
VERTEX
  5
239
  8
FAB
 10
304.8580196165232
 20
-300.3560364698508
 30
0.0
  0
VERTEX
  5
23A
  8
FAB
 10
304.770658757606
 20
-300.3624303793052
 30
0.0
  0
VERTEX
  5
23B
  8
FAB
 10
304.6851599477915
 20
-300.3814762090781
 30
0.0
  0
VERTEX
  5
23C
  8
FAB
 10
304.6033451818614
 20
-300.4127674554923
 30
0.0
  0
VERTEX
  5
23D
  8
FAB
 10
304.5269587301402
 20
-300.4556377386191
 30
0.0
  0
VERTEX
  5
23E
  8
FAB
 10
304.4576280378489
 20
-300.5091732000449
 30
0.0
  0
VERTEX
  5
23F
  8
FAB
 10
304.396831300178
 20
-300.5722327684501
 30
0.0
  0
VERTEX
  5
240
  8
FAB
 10
304.3458636068492
 20
-300.6434722398856
 30
0.0
  0
VERTEX
  5
241
  8
FAB
 10
304.3058116697459
 20
-300.7213736032584
 30
0.0
  0
VERTEX
  5
242
  8
FAB
 10
304.2775290273814
 20
-300.8042765115836
 30
0.0
  0
VERTEX
  5
243
  8
FAB
 10
304.2616188787608
 20
-300.8904138063529
 30
0.0
  0
VERTEX
  5
244
  8
FAB
 10
304.2584197782664
 20
-300.9779496645072
 30
0.0
  0
VERTEX
  5
245
  8
FAB
 10
304.2679999136118
 20
-301.0650186990836
 30
0.0
  0
VERTEX
  5
246
  8
FAB
 10
304.2901556753306
 20
-301.1497648214439
 30
0.0
  0
VERTEX
  5
247
  8
FAB
 10
304.3244140409617
 20
-301.2303820108512
 30
0.0
  0
VERTEX
  5
248
  8
FAB
 10
304.3700454496531
 20
-301.3051517461875
 30
0.0
  0
VERTEX
  5
249
  8
FAB
 10
304.4260771536021
 20
-301.3724809145072
 30
0.0
  0
VERTEX
  5
24A
  8
FAB
 10
304.4913151525645
 20
-301.4309344743827
 30
0.0
  0
VERTEX
  5
24B
  8
FAB
 10
304.5643685125498
 20
-301.479266211901
 30
0.0
  0
VERTEX
  5
24C
  8
FAB
 10
304.6436808370738
 20
-301.5164461588004
 30
0.0
  0
VERTEX
  5
24D
  8
FAB
 10
304.7275612615733
 20
-301.5416820501426
 30
0.0
  0
VERTEX
  5
24E
  8
FAB
 10
304.8142221235423
 20
-301.5544357751945
 30
0.0
  0
VERTEX
  5
24F
  8
FAB
 10
304.901816632667
 20
-301.5544357751945
 30
0.0
  0
VERTEX
  5
250
  8
FAB
 10
304.988477494636
 20
-301.5416820501426
 30
0.0
  0
VERTEX
  5
251
  8
FAB
 10
305.0723579191355
 20
-301.5164461588004
 30
0.0
  0
VERTEX
  5
252
  8
FAB
 10
305.1516702436595
 20
-301.479266211901
 30
0.0
  0
VERTEX
  5
253
  8
FAB
 10
305.2247236036448
 20
-301.4309344743827
 30
0.0
  0
VERTEX
  5
254
  8
FAB
 10
305.2899616026072
 20
-301.3724809145072
 30
0.0
  0
VERTEX
  5
255
  8
FAB
 10
305.3459933065562
 20
-301.3051517461875
 30
0.0
  0
VERTEX
  5
256
  8
FAB
 10
305.3916247152476
 20
-301.2303820108512
 30
0.0
  0
VERTEX
  5
257
  8
FAB
 10
305.4258830808787
 20
-301.1497648214439
 30
0.0
  0
VERTEX
  5
258
  8
FAB
 10
305.4480388425974
 20
-301.0650186990836
 30
0.0
  0
VERTEX
  5
259
  8
FAB
 10
305.4576189779429
 20
-300.9779496645072
 30
0.0
  0
VERTEX
  5
25A
  8
FAB
 10
305.4544198774485
 20
-300.8904138063529
 30
0.0
  0
VERTEX
  5
25B
  8
FAB
 10
305.4385097288279
 20
-300.8042765115836
 30
0.0
  0
VERTEX
  5
25C
  8
FAB
 10
305.4102270864634
 20
-300.7213736032584
 30
0.0
  0
VERTEX
  5
25D
  8
FAB
 10
305.3701751493601
 20
-300.6434722398856
 30
0.0
  0
VERTEX
  5
25E
  8
FAB
 10
305.3192074560313
 20
-300.5722327684501
 30
0.0
  0
VERTEX
  5
25F
  8
FAB
 10
305.2584107183604
 20
-300.5091732000449
 30
0.0
  0
VERTEX
  5
260
  8
FAB
 10
305.1890800260691
 20
-300.4556377386191
 30
0.0
  0
VERTEX
  5
261
  8
FAB
 10
305.1126935743479
 20
-300.4127674554923
 30
0.0
  0
VERTEX
  5
262
  8
FAB
 10
305.0308788084178
 20
-300.3814762090781
 30
0.0
  0
VERTEX
  5
263
  8
FAB
 10
304.9453799986033
 20
-300.3624303793052
 30
0.0
  0
SEQEND
  5
264
  8
FAB
  0
POLYLINE
  5
265
  8
FAB
 66
     1
 10
0.0
 20
0.0
 30
0.0
 70
     1
  0
VERTEX
  5
266
  8
FAB
 10
304.8580196165232
 20
-308.3560362314323
 30
0.0
  0
VERTEX
  5
267
  8
FAB
 10
304.770658757606
 20
-308.3624306177238
 30
0.0
  0
VERTEX
  5
268
  8
FAB
 10
304.6851599477915
 20
-308.3814764474967
 30
0.0
  0
VERTEX
  5
269
  8
FAB
 10
304.6033451818614
 20
-308.4127674554923
 30
0.0
  0
VERTEX
  5
26A
  8
FAB
 10
304.5269587301402
 20
-308.4556379770377
 30
0.0
  0
VERTEX
  5
26B
  8
FAB
 10
304.4576280378489
 20
-308.5091734384635
 30
0.0
  0
VERTEX
  5
26C
  8
FAB
 10
304.396831300178
 20
-308.5722322916129
 30
0.0
  0
VERTEX
  5
26D
  8
FAB
 10
304.3458636068492
 20
-308.6434727167228
 30
0.0
  0
VERTEX
  5
26E
  8
FAB
 10
304.3058116697459
 20
-308.7213736032584
 30
0.0
  0
VERTEX
  5
26F
  8
FAB
 10
304.2775290273814
 20
-308.8042765115836
 30
0.0
  0
VERTEX
  5
270
  8
FAB
 10
304.2616188787608
 20
-308.8904133295158
 30
0.0
  0
VERTEX
  5
271
  8
FAB
 10
304.2584197782664
 20
-308.9779501413444
 30
0.0
  0
VERTEX
  5
272
  8
FAB
 10
304.2679999136118
 20
-309.0650186990836
 30
0.0
  0
VERTEX
  5
273
  8
FAB
 10
304.2901556753306
 20
-309.1497650598624
 30
0.0
  0
VERTEX
  5
274
  8
FAB
 10
304.3244140409617
 20
-309.2303820108512
 30
0.0
  0
VERTEX
  5
275
  8
FAB
 10
304.3700454496531
 20
-309.3051519846061
 30
0.0
  0
VERTEX
  5
276
  8
FAB
 10
304.4260771536021
 20
-309.3724813913444
 30
0.0
  0
VERTEX
  5
277
  8
FAB
 10
304.4913151525645
 20
-309.4309339975455
 30
0.0
  0
VERTEX
  5
278
  8
FAB
 10
304.5643685125498
 20
-309.479266211901
 30
0.0
  0
VERTEX
  5
279
  8
FAB
 10
304.6436808370738
 20
-309.5164461588004
 30
0.0
  0
VERTEX
  5
27A
  8
FAB
 10
304.7275612615733
 20
-309.5416822885612
 30
0.0
  0
VERTEX
  5
27B
  8
FAB
 10
304.8142221235423
 20
-309.5544357751945
 30
0.0
  0
VERTEX
  5
27C
  8
FAB
 10
304.901816632667
 20
-309.5544357751945
 30
0.0
  0
VERTEX
  5
27D
  8
FAB
 10
304.988477494636
 20
-309.5416822885612
 30
0.0
  0
VERTEX
  5
27E
  8
FAB
 10
305.0723579191355
 20
-309.5164461588004
 30
0.0
  0
VERTEX
  5
27F
  8
FAB
 10
305.1516702436595
 20
-309.479266211901
 30
0.0
  0
VERTEX
  5
280
  8
FAB
 10
305.2247236036448
 20
-309.4309339975455
 30
0.0
  0
VERTEX
  5
281
  8
FAB
 10
305.2899616026072
 20
-309.3724813913444
 30
0.0
  0
VERTEX
  5
282
  8
FAB
 10
305.3459933065562
 20
-309.3051519846061
 30
0.0
  0
VERTEX
  5
283
  8
FAB
 10
305.3916247152476
 20
-309.2303820108512
 30
0.0
  0
VERTEX
  5
284
  8
FAB
 10
305.4258830808787
 20
-309.1497650598624
 30
0.0
  0
VERTEX
  5
285
  8
FAB
 10
305.4480388425974
 20
-309.0650186990836
 30
0.0
  0
VERTEX
  5
286
  8
FAB
 10
305.4576189779429
 20
-308.9779501413444
 30
0.0
  0
VERTEX
  5
287
  8
FAB
 10
305.4544198774485
 20
-308.8904133295158
 30
0.0
  0
VERTEX
  5
288
  8
FAB
 10
305.4385097288279
 20
-308.8042765115836
 30
0.0
  0
VERTEX
  5
289
  8
FAB
 10
305.4102270864634
 20
-308.7213736032584
 30
0.0
  0
VERTEX
  5
28A
  8
FAB
 10
305.3701751493601
 20
-308.6434727167228
 30
0.0
  0
VERTEX
  5
28B
  8
FAB
 10
305.3192074560313
 20
-308.5722322916129
 30
0.0
  0
VERTEX
  5
28C
  8
FAB
 10
305.2584107183604
 20
-308.5091734384635
 30
0.0
  0
VERTEX
  5
28D
  8
FAB
 10
305.1890800260691
 20
-308.4556379770377
 30
0.0
  0
VERTEX
  5
28E
  8
FAB
 10
305.1126935743479
 20
-308.4127674554923
 30
0.0
  0
VERTEX
  5
28F
  8
FAB
 10
305.0308788084178
 20
-308.3814764474967
 30
0.0
  0
VERTEX
  5
290
  8
FAB
 10
304.9453799986033
 20
-308.3624306177238
 30
0.0
  0
SEQEND
  5
291
  8
FAB
  0
POLYLINE
  5
292
  8
FAB
 66
     1
 10
0.0
 20
0.0
 30
0.0
 70
     1
  0
VERTEX
  5
293
  8
FAB
 10
304.8580196165232
 20
-306.3560362314323
 30
0.0
  0
VERTEX
  5
294
  8
FAB
 10
304.770658757606
 20
-306.3624306177238
 30
0.0
  0
VERTEX
  5
295
  8
FAB
 10
304.6851599477915
 20
-306.3814764474967
 30
0.0
  0
VERTEX
  5
296
  8
FAB
 10
304.6033451818614
 20
-306.4127674554923
 30
0.0
  0
VERTEX
  5
297
  8
FAB
 10
304.5269587301402
 20
-306.4556379770377
 30
0.0
  0
VERTEX
  5
298
  8
FAB
 10
304.4576280378489
 20
-306.5091734384635
 30
0.0
  0
VERTEX
  5
299
  8
FAB
 10
304.396831300178
 20
-306.5722322916129
 30
0.0
  0
VERTEX
  5
29A
  8
FAB
 10
304.3458636068492
 20
-306.6434727167228
 30
0.0
  0
VERTEX
  5
29B
  8
FAB
 10
304.3058116697459
 20
-306.7213736032584
 30
0.0
  0
VERTEX
  5
29C
  8
FAB
 10
304.2775290273814
 20
-306.8042765115836
 30
0.0
  0
VERTEX
  5
29D
  8
FAB
 10
304.2616188787608
 20
-306.8904133295158
 30
0.0
  0
VERTEX
  5
29E
  8
FAB
 10
304.2584197782664
 20
-306.9779501413444
 30
0.0
  0
VERTEX
  5
29F
  8
FAB
 10
304.2679999136118
 20
-307.0650186990836
 30
0.0
  0
VERTEX
  5
2A0
  8
FAB
 10
304.2901556753306
 20
-307.1497650598624
 30
0.0
  0
VERTEX
  5
2A1
  8
FAB
 10
304.3244140409617
 20
-307.2303820108512
 30
0.0
  0
VERTEX
  5
2A2
  8
FAB
 10
304.3700454496531
 20
-307.3051519846061
 30
0.0
  0
VERTEX
  5
2A3
  8
FAB
 10
304.4260771536021
 20
-307.3724813913444
 30
0.0
  0
VERTEX
  5
2A4
  8
FAB
 10
304.4913151525645
 20
-307.4309339975455
 30
0.0
  0
VERTEX
  5
2A5
  8
FAB
 10
304.5643685125498
 20
-307.479266211901
 30
0.0
  0
VERTEX
  5
2A6
  8
FAB
 10
304.6436808370738
 20
-307.5164461588004
 30
0.0
  0
VERTEX
  5
2A7
  8
FAB
 10
304.7275612615733
 20
-307.5416822885612
 30
0.0
  0
VERTEX
  5
2A8
  8
FAB
 10
304.8142221235423
 20
-307.5544357751945
 30
0.0
  0
VERTEX
  5
2A9
  8
FAB
 10
304.901816632667
 20
-307.5544357751945
 30
0.0
  0
VERTEX
  5
2AA
  8
FAB
 10
304.988477494636
 20
-307.5416822885612
 30
0.0
  0
VERTEX
  5
2AB
  8
FAB
 10
305.0723579191355
 20
-307.5164461588004
 30
0.0
  0
VERTEX
  5
2AC
  8
FAB
 10
305.1516702436595
 20
-307.479266211901
 30
0.0
  0
VERTEX
  5
2AD
  8
FAB
 10
305.2247236036448
 20
-307.4309339975455
 30
0.0
  0
VERTEX
  5
2AE
  8
FAB
 10
305.2899616026072
 20
-307.3724813913444
 30
0.0
  0
VERTEX
  5
2AF
  8
FAB
 10
305.3459933065562
 20
-307.3051519846061
 30
0.0
  0
VERTEX
  5
2B0
  8
FAB
 10
305.3916247152476
 20
-307.2303820108512
 30
0.0
  0
VERTEX
  5
2B1
  8
FAB
 10
305.4258830808787
 20
-307.1497650598624
 30
0.0
  0
VERTEX
  5
2B2
  8
FAB
 10
305.4480388425974
 20
-307.0650186990836
 30
0.0
  0
VERTEX
  5
2B3
  8
FAB
 10
305.4576189779429
 20
-306.9779501413444
 30
0.0
  0
VERTEX
  5
2B4
  8
FAB
 10
305.4544198774485
 20
-306.8904133295158
 30
0.0
  0
VERTEX
  5
2B5
  8
FAB
 10
305.4385097288279
 20
-306.8042765115836
 30
0.0
  0
VERTEX
  5
2B6
  8
FAB
 10
305.4102270864634
 20
-306.7213736032584
 30
0.0
  0
VERTEX
  5
2B7
  8
FAB
 10
305.3701751493601
 20
-306.6434727167228
 30
0.0
  0
VERTEX
  5
2B8
  8
FAB
 10
305.3192074560313
 20
-306.5722322916129
 30
0.0
  0
VERTEX
  5
2B9
  8
FAB
 10
305.2584107183604
 20
-306.5091734384635
 30
0.0
  0
VERTEX
  5
2BA
  8
FAB
 10
305.1890800260691
 20
-306.4556379770377
 30
0.0
  0
VERTEX
  5
2BB
  8
FAB
 10
305.1126935743479
 20
-306.4127674554923
 30
0.0
  0
VERTEX
  5
2BC
  8
FAB
 10
305.0308788084178
 20
-306.3814764474967
 30
0.0
  0
VERTEX
  5
2BD
  8
FAB
 10
304.9453799986033
 20
-306.3624306177238
 30
0.0
  0
SEQEND
  5
2BE
  8
FAB
  0
POLYLINE
  5
2BF
  8
FAB
 66
     1
 10
0.0
 20
0.0
 30
0.0
 70
     1
  0
VERTEX
  5
2C0
  8
FAB
 10
304.8527934812693
 20
-290.5560365175346
 30
0.0
  0
VERTEX
  5
2C1
  8
FAB
 10
304.9401543401866
 20
-290.5496426080802
 30
0.0
  0
VERTEX
  5
2C2
  8
FAB
 10
305.025653150001
 20
-290.5305967783073
 30
0.0
  0
VERTEX
  5
2C3
  8
FAB
 10
305.107467439094
 20
-290.4993057703117
 30
0.0
  0
VERTEX
  5
2C4
  8
FAB
 10
305.1838543676524
 20
-290.4564352487662
 30
0.0
  0
VERTEX
  5
2C5
  8
FAB
 10
305.2531850599436
 20
-290.4028997873405
 30
0.0
  0
VERTEX
  5
2C6
  8
FAB
 10
305.3139817976145
 20
-290.3398404573539
 30
0.0
  0
VERTEX
  5
2C7
  8
FAB
 10
305.3649494909434
 20
-290.2686009859183
 30
0.0
  0
VERTEX
  5
2C8
  8
FAB
 10
305.4050014280467
 20
-290.1906996225455
 30
0.0
  0
VERTEX
  5
2C9
  8
FAB
 10
305.433283593574
 20
-290.1077967142203
 30
0.0
  0
VERTEX
  5
2CA
  8
FAB
 10
305.4491942190318
 20
-290.0216594194511
 30
0.0
  0
VERTEX
  5
2CB
  8
FAB
 10
305.4523933195262
 20
-289.9341230844596
 30
0.0
  0
VERTEX
  5
2CC
  8
FAB
 10
305.4428131841807
 20
-289.8470545267203
 30
0.0
  0
VERTEX
  5
2CD
  8
FAB
 10
305.4206574224619
 20
-289.7623081659415
 30
0.0
  0
VERTEX
  5
2CE
  8
FAB
 10
305.3863990568308
 20
-289.6816912149528
 30
0.0
  0
VERTEX
  5
2CF
  8
FAB
 10
305.3407676481394
 20
-289.6069212411979
 30
0.0
  0
VERTEX
  5
2D0
  8
FAB
 10
305.2847354673533
 20
-289.5395918344596
 30
0.0
  0
VERTEX
  5
2D1
  8
FAB
 10
305.2194979452281
 20
-289.4811382745841
 30
0.0
  0
VERTEX
  5
2D2
  8
FAB
 10
305.1464441084055
 20
-289.432807013903
 30
0.0
  0
VERTEX
  5
2D3
  8
FAB
 10
305.0671322607188
 20
-289.3956270670035
 30
0.0
  0
VERTEX
  5
2D4
  8
FAB
 10
304.9832518362193
 20
-289.3703909372428
 30
0.0
  0
VERTEX
  5
2D5
  8
FAB
 10
304.8965909742503
 20
-289.3576374506095
 30
0.0
  0
VERTEX
  5
2D6
  8
FAB
 10
304.8089964651255
 20
-289.3576374506095
 30
0.0
  0
VERTEX
  5
2D7
  8
FAB
 10
304.7223356031565
 20
-289.3703909372428
 30
0.0
  0
VERTEX
  5
2D8
  8
FAB
 10
304.638455178657
 20
-289.3956270670035
 30
0.0
  0
VERTEX
  5
2D9
  8
FAB
 10
304.5591428541331
 20
-289.432807013903
 30
0.0
  0
VERTEX
  5
2DA
  8
FAB
 10
304.4860894941477
 20
-289.4811382745841
 30
0.0
  0
VERTEX
  5
2DB
  8
FAB
 10
304.4208514951853
 20
-289.5395918344596
 30
0.0
  0
VERTEX
  5
2DC
  8
FAB
 10
304.3648197912364
 20
-289.6069212411979
 30
0.0
  0
VERTEX
  5
2DD
  8
FAB
 10
304.319188382545
 20
-289.6816912149528
 30
0.0
  0
VERTEX
  5
2DE
  8
FAB
 10
304.2849295400767
 20
-289.7623081659415
 30
0.0
  0
VERTEX
  5
2DF
  8
FAB
 10
304.2627742551951
 20
-289.8470545267203
 30
0.0
  0
VERTEX
  5
2E0
  8
FAB
 10
304.2531941198496
 20
-289.9341230844596
 30
0.0
  0
VERTEX
  5
2E1
  8
FAB
 10
304.256393220344
 20
-290.0216594194511
 30
0.0
  0
VERTEX
  5
2E2
  8
FAB
 10
304.2723033689646
 20
-290.1077967142203
 30
0.0
  0
VERTEX
  5
2E3
  8
FAB
 10
304.3005860113291
 20
-290.1906996225455
 30
0.0
  0
VERTEX
  5
2E4
  8
FAB
 10
304.3406379484324
 20
-290.2686009859183
 30
0.0
  0
VERTEX
  5
2E5
  8
FAB
 10
304.3916051649241
 20
-290.3398404573539
 30
0.0
  0
VERTEX
  5
2E6
  8
FAB
 10
304.4524023794322
 20
-290.4028997873405
 30
0.0
  0
VERTEX
  5
2E7
  8
FAB
 10
304.5217330717234
 20
-290.4564352487662
 30
0.0
  0
VERTEX
  5
2E8
  8
FAB
 10
304.5981195234446
 20
-290.4993057703117
 30
0.0
  0
VERTEX
  5
2E9
  8
FAB
 10
304.6799342893748
 20
-290.5305967783073
 30
0.0
  0
VERTEX
  5
2EA
  8
FAB
 10
304.7654330991892
 20
-290.5496426080802
 30
0.0
  0
SEQEND
  5
2EB
  8
FAB
  0
POLYLINE
  5
2EC
  8
FAB
 66
     1
 10
0.0
 20
0.0
 30
0.0
 70
     1
  0
VERTEX
  5
2ED
  8
FAB
 10
304.8527934812693
 20
-286.5560369943717
 30
0.0
  0
VERTEX
  5
2EE
  8
FAB
 10
304.9401543401866
 20
-286.5496426080802
 30
0.0
  0
VERTEX
  5
2EF
  8
FAB
 10
305.025653150001
 20
-286.5305967783073
 30
0.0
  0
VERTEX
  5
2F0
  8
FAB
 10
305.107467439094
 20
-286.4993057703117
 30
0.0
  0
VERTEX
  5
2F1
  8
FAB
 10
305.1838543676524
 20
-286.4564352487662
 30
0.0
  0
VERTEX
  5
2F2
  8
FAB
 10
305.2531850599436
 20
-286.4028997873405
 30
0.0
  0
VERTEX
  5
2F3
  8
FAB
 10
305.3139817976145
 20
-286.3398399805167
 30
0.0
  0
VERTEX
  5
2F4
  8
FAB
 10
305.3649494909434
 20
-286.2686005090812
 30
0.0
  0
VERTEX
  5
2F5
  8
FAB
 10
305.4050014280467
 20
-286.1906996225455
 30
0.0
  0
VERTEX
  5
2F6
  8
FAB
 10
305.433283593574
 20
-286.1077967142203
 30
0.0
  0
VERTEX
  5
2F7
  8
FAB
 10
305.4491942190318
 20
-286.0216589426139
 30
0.0
  0
VERTEX
  5
2F8
  8
FAB
 10
305.4523933195262
 20
-285.9341230844596
 30
0.0
  0
VERTEX
  5
2F9
  8
FAB
 10
305.4428131841807
 20
-285.8470545267203
 30
0.0
  0
VERTEX
  5
2FA
  8
FAB
 10
305.4206574224619
 20
-285.7623081659415
 30
0.0
  0
VERTEX
  5
2FB
  8
FAB
 10
305.3863990568308
 20
-285.6816912149528
 30
0.0
  0
VERTEX
  5
2FC
  8
FAB
 10
305.3407676481394
 20
-285.6069212411979
 30
0.0
  0
VERTEX
  5
2FD
  8
FAB
 10
305.2847354673533
 20
-285.5395918344596
 30
0.0
  0
VERTEX
  5
2FE
  8
FAB
 10
305.2194979452281
 20
-285.4811382745841
 30
0.0
  0
VERTEX
  5
2FF
  8
FAB
 10
305.1464441084055
 20
-285.432807013903
 30
0.0
  0
VERTEX
  5
300
  8
FAB
 10
305.0671322607188
 20
-285.3956270670035
 30
0.0
  0
VERTEX
  5
301
  8
FAB
 10
304.9832518362193
 20
-285.3703909372428
 30
0.0
  0
VERTEX
  5
302
  8
FAB
 10
304.8965909742503
 20
-285.3576374506095
 30
0.0
  0
VERTEX
  5
303
  8
FAB
 10
304.8089964651255
 20
-285.3576374506095
 30
0.0
  0
VERTEX
  5
304
  8
FAB
 10
304.7223356031565
 20
-285.3703909372428
 30
0.0
  0
VERTEX
  5
305
  8
FAB
 10
304.638455178657
 20
-285.3956270670035
 30
0.0
  0
VERTEX
  5
306
  8
FAB
 10
304.5591428541331
 20
-285.432807013903
 30
0.0
  0
VERTEX
  5
307
  8
FAB
 10
304.4860894941477
 20
-285.4811382745841
 30
0.0
  0
VERTEX
  5
308
  8
FAB
 10
304.4208514951853
 20
-285.5395918344596
 30
0.0
  0
VERTEX
  5
309
  8
FAB
 10
304.3648197912364
 20
-285.6069212411979
 30
0.0
  0
VERTEX
  5
30A
  8
FAB
 10
304.319188382545
 20
-285.6816912149528
 30
0.0
  0
VERTEX
  5
30B
  8
FAB
 10
304.2849295400767
 20
-285.7623081659415
 30
0.0
  0
VERTEX
  5
30C
  8
FAB
 10
304.2627742551951
 20
-285.8470545267203
 30
0.0
  0
VERTEX
  5
30D
  8
FAB
 10
304.2531941198496
 20
-285.9341230844596
 30
0.0
  0
VERTEX
  5
30E
  8
FAB
 10
304.256393220344
 20
-286.0216589426139
 30
0.0
  0
VERTEX
  5
30F
  8
FAB
 10
304.2723033689646
 20
-286.1077967142203
 30
0.0
  0
VERTEX
  5
310
  8
FAB
 10
304.3005860113291
 20
-286.1906996225455
 30
0.0
  0
VERTEX
  5
311
  8
FAB
 10
304.3406379484324
 20
-286.2686005090812
 30
0.0
  0
VERTEX
  5
312
  8
FAB
 10
304.3916051649241
 20
-286.3398399805167
 30
0.0
  0
VERTEX
  5
313
  8
FAB
 10
304.4524023794322
 20
-286.4028997873405
 30
0.0
  0
VERTEX
  5
314
  8
FAB
 10
304.5217330717234
 20
-286.4564352487662
 30
0.0
  0
VERTEX
  5
315
  8
FAB
 10
304.5981195234446
 20
-286.4993057703117
 30
0.0
  0
VERTEX
  5
316
  8
FAB
 10
304.6799342893748
 20
-286.5305967783073
 30
0.0
  0
VERTEX
  5
317
  8
FAB
 10
304.7654330991892
 20
-286.5496426080802
 30
0.0
  0
SEQEND
  5
318
  8
FAB
  0
POLYLINE
  5
319
  8
FAB
 66
     1
 10
0.0
 20
0.0
 30
0.0
 70
     1
  0
VERTEX
  5
31A
  8
FAB
 10
304.8527934812693
 20
-284.5560369943717
 30
0.0
  0
VERTEX
  5
31B
  8
FAB
 10
304.9401543401866
 20
-284.5496426080802
 30
0.0
  0
VERTEX
  5
31C
  8
FAB
 10
305.025653150001
 20
-284.5305967783073
 30
0.0
  0
VERTEX
  5
31D
  8
FAB
 10
305.107467439094
 20
-284.4993057703117
 30
0.0
  0
VERTEX
  5
31E
  8
FAB
 10
305.1838543676524
 20
-284.4564352487662
 30
0.0
  0
VERTEX
  5
31F
  8
FAB
 10
305.2531850599436
 20
-284.4028997873405
 30
0.0
  0
VERTEX
  5
320
  8
FAB
 10
305.3139817976145
 20
-284.3398399805167
 30
0.0
  0
VERTEX
  5
321
  8
FAB
 10
305.3649494909434
 20
-284.2686005090812
 30
0.0
  0
VERTEX
  5
322
  8
FAB
 10
305.4050014280467
 20
-284.1906996225455
 30
0.0
  0
VERTEX
  5
323
  8
FAB
 10
305.433283593574
 20
-284.1077967142203
 30
0.0
  0
VERTEX
  5
324
  8
FAB
 10
305.4491942190318
 20
-284.0216589426139
 30
0.0
  0
VERTEX
  5
325
  8
FAB
 10
305.4523933195262
 20
-283.9341230844596
 30
0.0
  0
VERTEX
  5
326
  8
FAB
 10
305.4428131841807
 20
-283.8470545267203
 30
0.0
  0
VERTEX
  5
327
  8
FAB
 10
305.4206574224619
 20
-283.7623081659415
 30
0.0
  0
VERTEX
  5
328
  8
FAB
 10
305.3863990568308
 20
-283.6816912149528
 30
0.0
  0
VERTEX
  5
329
  8
FAB
 10
305.3407676481394
 20
-283.6069212411979
 30
0.0
  0
VERTEX
  5
32A
  8
FAB
 10
305.2847354673533
 20
-283.5395918344596
 30
0.0
  0
VERTEX
  5
32B
  8
FAB
 10
305.2194979452281
 20
-283.4811382745841
 30
0.0
  0
VERTEX
  5
32C
  8
FAB
 10
305.1464441084055
 20
-283.432807013903
 30
0.0
  0
VERTEX
  5
32D
  8
FAB
 10
305.0671322607188
 20
-283.3956270670035
 30
0.0
  0
VERTEX
  5
32E
  8
FAB
 10
304.9832518362193
 20
-283.3703909372428
 30
0.0
  0
VERTEX
  5
32F
  8
FAB
 10
304.8965909742503
 20
-283.3576374506095
 30
0.0
  0
VERTEX
  5
330
  8
FAB
 10
304.8089964651255
 20
-283.3576374506095
 30
0.0
  0
VERTEX
  5
331
  8
FAB
 10
304.7223356031565
 20
-283.3703909372428
 30
0.0
  0
VERTEX
  5
332
  8
FAB
 10
304.638455178657
 20
-283.3956270670035
 30
0.0
  0
VERTEX
  5
333
  8
FAB
 10
304.5591428541331
 20
-283.432807013903
 30
0.0
  0
VERTEX
  5
334
  8
FAB
 10
304.4860894941477
 20
-283.4811382745841
 30
0.0
  0
VERTEX
  5
335
  8
FAB
 10
304.4208514951853
 20
-283.5395918344596
 30
0.0
  0
VERTEX
  5
336
  8
FAB
 10
304.3648197912364
 20
-283.6069212411979
 30
0.0
  0
VERTEX
  5
337
  8
FAB
 10
304.319188382545
 20
-283.6816912149528
 30
0.0
  0
VERTEX
  5
338
  8
FAB
 10
304.2849295400767
 20
-283.7623081659415
 30
0.0
  0
VERTEX
  5
339
  8
FAB
 10
304.2627742551951
 20
-283.8470545267203
 30
0.0
  0
VERTEX
  5
33A
  8
FAB
 10
304.2531941198496
 20
-283.9341230844596
 30
0.0
  0
VERTEX
  5
33B
  8
FAB
 10
304.256393220344
 20
-284.0216589426139
 30
0.0
  0
VERTEX
  5
33C
  8
FAB
 10
304.2723033689646
 20
-284.1077967142203
 30
0.0
  0
VERTEX
  5
33D
  8
FAB
 10
304.3005860113291
 20
-284.1906996225455
 30
0.0
  0
VERTEX
  5
33E
  8
FAB
 10
304.3406379484324
 20
-284.2686005090812
 30
0.0
  0
VERTEX
  5
33F
  8
FAB
 10
304.3916051649241
 20
-284.3398399805167
 30
0.0
  0
VERTEX
  5
340
  8
FAB
 10
304.4524023794322
 20
-284.4028997873405
 30
0.0
  0
VERTEX
  5
341
  8
FAB
 10
304.5217330717234
 20
-284.4564352487662
 30
0.0
  0
VERTEX
  5
342
  8
FAB
 10
304.5981195234446
 20
-284.4993057703117
 30
0.0
  0
VERTEX
  5
343
  8
FAB
 10
304.6799342893748
 20
-284.5305967783073
 30
0.0
  0
VERTEX
  5
344
  8
FAB
 10
304.7654330991892
 20
-284.5496426080802
 30
0.0
  0
SEQEND
  5
345
  8
FAB
  0
POLYLINE
  5
346
  8
FAB
 66
     1
 10
0.0
 20
0.0
 30
0.0
 70
     1
  0
VERTEX
  5
347
  8
FAB
 10
304.8527934812693
 20
-288.5560369943717
 30
0.0
  0
VERTEX
  5
348
  8
FAB
 10
304.9401543401866
 20
-288.5496426080802
 30
0.0
  0
VERTEX
  5
349
  8
FAB
 10
305.025653150001
 20
-288.5305967783073
 30
0.0
  0
VERTEX
  5
34A
  8
FAB
 10
305.107467439094
 20
-288.4993057703117
 30
0.0
  0
VERTEX
  5
34B
  8
FAB
 10
305.1838543676524
 20
-288.4564352487662
 30
0.0
  0
VERTEX
  5
34C
  8
FAB
 10
305.2531850599436
 20
-288.4028997873405
 30
0.0
  0
VERTEX
  5
34D
  8
FAB
 10
305.3139817976145
 20
-288.3398399805167
 30
0.0
  0
VERTEX
  5
34E
  8
FAB
 10
305.3649494909434
 20
-288.2686005090812
 30
0.0
  0
VERTEX
  5
34F
  8
FAB
 10
305.4050014280467
 20
-288.1906996225455
 30
0.0
  0
VERTEX
  5
350
  8
FAB
 10
305.433283593574
 20
-288.1077967142203
 30
0.0
  0
VERTEX
  5
351
  8
FAB
 10
305.4491942190318
 20
-288.0216589426139
 30
0.0
  0
VERTEX
  5
352
  8
FAB
 10
305.4523933195262
 20
-287.9341230844596
 30
0.0
  0
VERTEX
  5
353
  8
FAB
 10
305.4428131841807
 20
-287.8470545267203
 30
0.0
  0
VERTEX
  5
354
  8
FAB
 10
305.4206574224619
 20
-287.7623081659415
 30
0.0
  0
VERTEX
  5
355
  8
FAB
 10
305.3863990568308
 20
-287.6816912149528
 30
0.0
  0
VERTEX
  5
356
  8
FAB
 10
305.3407676481394
 20
-287.6069212411979
 30
0.0
  0
VERTEX
  5
357
  8
FAB
 10
305.2847354673533
 20
-287.5395918344596
 30
0.0
  0
VERTEX
  5
358
  8
FAB
 10
305.2194979452281
 20
-287.4811382745841
 30
0.0
  0
VERTEX
  5
359
  8
FAB
 10
305.1464441084055
 20
-287.432807013903
 30
0.0
  0
VERTEX
  5
35A
  8
FAB
 10
305.0671322607188
 20
-287.3956270670035
 30
0.0
  0
VERTEX
  5
35B
  8
FAB
 10
304.9832518362193
 20
-287.3703909372428
 30
0.0
  0
VERTEX
  5
35C
  8
FAB
 10
304.8965909742503
 20
-287.3576374506095
 30
0.0
  0
VERTEX
  5
35D
  8
FAB
 10
304.8089964651255
 20
-287.3576374506095
 30
0.0
  0
VERTEX
  5
35E
  8
FAB
 10
304.7223356031565
 20
-287.3703909372428
 30
0.0
  0
VERTEX
  5
35F
  8
FAB
 10
304.638455178657
 20
-287.3956270670035
 30
0.0
  0
VERTEX
  5
360
  8
FAB
 10
304.5591428541331
 20
-287.432807013903
 30
0.0
  0
VERTEX
  5
361
  8
FAB
 10
304.4860894941477
 20
-287.4811382745841
 30
0.0
  0
VERTEX
  5
362
  8
FAB
 10
304.4208514951853
 20
-287.5395918344596
 30
0.0
  0
VERTEX
  5
363
  8
FAB
 10
304.3648197912364
 20
-287.6069212411979
 30
0.0
  0
VERTEX
  5
364
  8
FAB
 10
304.319188382545
 20
-287.6816912149528
 30
0.0
  0
VERTEX
  5
365
  8
FAB
 10
304.2849295400767
 20
-287.7623081659415
 30
0.0
  0
VERTEX
  5
366
  8
FAB
 10
304.2627742551951
 20
-287.8470545267203
 30
0.0
  0
VERTEX
  5
367
  8
FAB
 10
304.2531941198496
 20
-287.9341230844596
 30
0.0
  0
VERTEX
  5
368
  8
FAB
 10
304.256393220344
 20
-288.0216589426139
 30
0.0
  0
VERTEX
  5
369
  8
FAB
 10
304.2723033689646
 20
-288.1077967142203
 30
0.0
  0
VERTEX
  5
36A
  8
FAB
 10
304.3005860113291
 20
-288.1906996225455
 30
0.0
  0
VERTEX
  5
36B
  8
FAB
 10
304.3406379484324
 20
-288.2686005090812
 30
0.0
  0
VERTEX
  5
36C
  8
FAB
 10
304.3916051649241
 20
-288.3398399805167
 30
0.0
  0
VERTEX
  5
36D
  8
FAB
 10
304.4524023794322
 20
-288.4028997873405
 30
0.0
  0
VERTEX
  5
36E
  8
FAB
 10
304.5217330717234
 20
-288.4564352487662
 30
0.0
  0
VERTEX
  5
36F
  8
FAB
 10
304.5981195234446
 20
-288.4993057703117
 30
0.0
  0
VERTEX
  5
370
  8
FAB
 10
304.6799342893748
 20
-288.5305967783073
 30
0.0
  0
VERTEX
  5
371
  8
FAB
 10
304.7654330991892
 20
-288.5496426080802
 30
0.0
  0
SEQEND
  5
372
  8
FAB
  0
POLYLINE
  5
373
  8
FAB
 66
     1
 10
0.0
 20
0.0
 30
0.0
 70
     1
  0
VERTEX
  5
374
  8
FAB
 10
304.8527934812693
 20
-280.5560369943717
 30
0.0
  0
VERTEX
  5
375
  8
FAB
 10
304.9401543401866
 20
-280.5496435617545
 30
0.0
  0
VERTEX
  5
376
  8
FAB
 10
305.025653150001
 20
-280.5305967783073
 30
0.0
  0
VERTEX
  5
377
  8
FAB
 10
305.107467439094
 20
-280.4993048166373
 30
0.0
  0
VERTEX
  5
378
  8
FAB
 10
305.1838543676524
 20
-280.4564352487662
 30
0.0
  0
VERTEX
  5
379
  8
FAB
 10
305.2531850599436
 20
-280.4028997873405
 30
0.0
  0
VERTEX
  5
37A
  8
FAB
 10
305.3139817976145
 20
-280.339840934191
 30
0.0
  0
VERTEX
  5
37B
  8
FAB
 10
305.3649494909434
 20
-280.2686014627555
 30
0.0
  0
VERTEX
  5
37C
  8
FAB
 10
305.4050014280467
 20
-280.1906996225455
 30
0.0
  0
VERTEX
  5
37D
  8
FAB
 10
305.433283593574
 20
-280.1077967142203
 30
0.0
  0
VERTEX
  5
37E
  8
FAB
 10
305.4491942190318
 20
-280.0216589426139
 30
0.0
  0
VERTEX
  5
37F
  8
FAB
 10
305.4523933195262
 20
-279.9341230844596
 30
0.0
  0
VERTEX
  5
380
  8
FAB
 10
305.4428131841807
 20
-279.8470545267203
 30
0.0
  0
VERTEX
  5
381
  8
FAB
 10
305.4206574224619
 20
-279.7623091196158
 30
0.0
  0
VERTEX
  5
382
  8
FAB
 10
305.3863990568308
 20
-279.6816912149528
 30
0.0
  0
VERTEX
  5
383
  8
FAB
 10
305.3407676481394
 20
-279.6069212411979
 30
0.0
  0
VERTEX
  5
384
  8
FAB
 10
305.2847354673533
 20
-279.5395918344596
 30
0.0
  0
VERTEX
  5
385
  8
FAB
 10
305.2194979452281
 20
-279.4811392282584
 30
0.0
  0
VERTEX
  5
386
  8
FAB
 10
305.1464441084055
 20
-279.432807013903
 30
0.0
  0
VERTEX
  5
387
  8
FAB
 10
305.0671322607188
 20
-279.3956270670035
 30
0.0
  0
VERTEX
  5
388
  8
FAB
 10
304.9832518362193
 20
-279.3703909372428
 30
0.0
  0
VERTEX
  5
389
  8
FAB
 10
304.8965909742503
 20
-279.3576364969352
 30
0.0
  0
VERTEX
  5
38A
  8
FAB
 10
304.8089964651255
 20
-279.3576364969352
 30
0.0
  0
VERTEX
  5
38B
  8
FAB
 10
304.7223356031565
 20
-279.3703909372428
 30
0.0
  0
VERTEX
  5
38C
  8
FAB
 10
304.638455178657
 20
-279.3956270670035
 30
0.0
  0
VERTEX
  5
38D
  8
FAB
 10
304.5591428541331
 20
-279.432807013903
 30
0.0
  0
VERTEX
  5
38E
  8
FAB
 10
304.4860894941477
 20
-279.4811392282584
 30
0.0
  0
VERTEX
  5
38F
  8
FAB
 10
304.4208514951853
 20
-279.5395918344596
 30
0.0
  0
VERTEX
  5
390
  8
FAB
 10
304.3648197912364
 20
-279.6069212411979
 30
0.0
  0
VERTEX
  5
391
  8
FAB
 10
304.319188382545
 20
-279.6816912149528
 30
0.0
  0
VERTEX
  5
392
  8
FAB
 10
304.2849295400767
 20
-279.7623091196158
 30
0.0
  0
VERTEX
  5
393
  8
FAB
 10
304.2627742551951
 20
-279.8470545267203
 30
0.0
  0
VERTEX
  5
394
  8
FAB
 10
304.2531941198496
 20
-279.9341230844596
 30
0.0
  0
VERTEX
  5
395
  8
FAB
 10
304.256393220344
 20
-280.0216589426139
 30
0.0
  0
VERTEX
  5
396
  8
FAB
 10
304.2723033689646
 20
-280.1077967142203
 30
0.0
  0
VERTEX
  5
397
  8
FAB
 10
304.3005860113291
 20
-280.1906996225455
 30
0.0
  0
VERTEX
  5
398
  8
FAB
 10
304.3406379484324
 20
-280.2686014627555
 30
0.0
  0
VERTEX
  5
399
  8
FAB
 10
304.3916051649241
 20
-280.339840934191
 30
0.0
  0
VERTEX
  5
39A
  8
FAB
 10
304.4524023794322
 20
-280.4028997873405
 30
0.0
  0
VERTEX
  5
39B
  8
FAB
 10
304.5217330717234
 20
-280.4564352487662
 30
0.0
  0
VERTEX
  5
39C
  8
FAB
 10
304.5981195234446
 20
-280.4993048166373
 30
0.0
  0
VERTEX
  5
39D
  8
FAB
 10
304.6799342893748
 20
-280.5305967783073
 30
0.0
  0
VERTEX
  5
39E
  8
FAB
 10
304.7654330991892
 20
-280.5496435617545
 30
0.0
  0
SEQEND
  5
39F
  8
FAB
  0
POLYLINE
  5
3A0
  8
FAB
 66
     1
 10
0.0
 20
0.0
 30
0.0
 70
     1
  0
VERTEX
  5
3A1
  8
FAB
 10
304.8527934812693
 20
-282.5560369943717
 30
0.0
  0
VERTEX
  5
3A2
  8
FAB
 10
304.9401543401866
 20
-282.5496426080802
 30
0.0
  0
VERTEX
  5
3A3
  8
FAB
 10
305.025653150001
 20
-282.5305967783073
 30
0.0
  0
VERTEX
  5
3A4
  8
FAB
 10
305.107467439094
 20
-282.4993057703117
 30
0.0
  0
VERTEX
  5
3A5
  8
FAB
 10
305.1838543676524
 20
-282.4564352487662
 30
0.0
  0
VERTEX
  5
3A6
  8
FAB
 10
305.2531850599436
 20
-282.4028997873405
 30
0.0
  0
VERTEX
  5
3A7
  8
FAB
 10
305.3139817976145
 20
-282.3398399805167
 30
0.0
  0
VERTEX
  5
3A8
  8
FAB
 10
305.3649494909434
 20
-282.2686005090812
 30
0.0
  0
VERTEX
  5
3A9
  8
FAB
 10
305.4050014280467
 20
-282.1906996225455
 30
0.0
  0
VERTEX
  5
3AA
  8
FAB
 10
305.433283593574
 20
-282.1077967142203
 30
0.0
  0
VERTEX
  5
3AB
  8
FAB
 10
305.4491942190318
 20
-282.0216589426139
 30
0.0
  0
VERTEX
  5
3AC
  8
FAB
 10
305.4523933195262
 20
-281.9341230844596
 30
0.0
  0
VERTEX
  5
3AD
  8
FAB
 10
305.4428131841807
 20
-281.8470545267203
 30
0.0
  0
VERTEX
  5
3AE
  8
FAB
 10
305.4206574224619
 20
-281.7623091196158
 30
0.0
  0
VERTEX
  5
3AF
  8
FAB
 10
305.3863990568308
 20
-281.6816912149528
 30
0.0
  0
VERTEX
  5
3B0
  8
FAB
 10
305.3407676481394
 20
-281.6069212411979
 30
0.0
  0
VERTEX
  5
3B1
  8
FAB
 10
305.2847354673533
 20
-281.5395918344596
 30
0.0
  0
VERTEX
  5
3B2
  8
FAB
 10
305.2194979452281
 20
-281.4811392282584
 30
0.0
  0
VERTEX
  5
3B3
  8
FAB
 10
305.1464441084055
 20
-281.432807013903
 30
0.0
  0
VERTEX
  5
3B4
  8
FAB
 10
305.0671322607188
 20
-281.3956270670035
 30
0.0
  0
VERTEX
  5
3B5
  8
FAB
 10
304.9832518362193
 20
-281.3703909372428
 30
0.0
  0
VERTEX
  5
3B6
  8
FAB
 10
304.8965909742503
 20
-281.3576364969352
 30
0.0
  0
VERTEX
  5
3B7
  8
FAB
 10
304.8089964651255
 20
-281.3576364969352
 30
0.0
  0
VERTEX
  5
3B8
  8
FAB
 10
304.7223356031565
 20
-281.3703909372428
 30
0.0
  0
VERTEX
  5
3B9
  8
FAB
 10
304.638455178657
 20
-281.3956270670035
 30
0.0
  0
VERTEX
  5
3BA
  8
FAB
 10
304.5591428541331
 20
-281.432807013903
 30
0.0
  0
VERTEX
  5
3BB
  8
FAB
 10
304.4860894941477
 20
-281.4811392282584
 30
0.0
  0
VERTEX
  5
3BC
  8
FAB
 10
304.4208514951853
 20
-281.5395918344596
 30
0.0
  0
VERTEX
  5
3BD
  8
FAB
 10
304.3648197912364
 20
-281.6069212411979
 30
0.0
  0
VERTEX
  5
3BE
  8
FAB
 10
304.319188382545
 20
-281.6816912149528
 30
0.0
  0
VERTEX
  5
3BF
  8
FAB
 10
304.2849295400767
 20
-281.7623091196158
 30
0.0
  0
VERTEX
  5
3C0
  8
FAB
 10
304.2627742551951
 20
-281.8470545267203
 30
0.0
  0
VERTEX
  5
3C1
  8
FAB
 10
304.2531941198496
 20
-281.9341230844596
 30
0.0
  0
VERTEX
  5
3C2
  8
FAB
 10
304.256393220344
 20
-282.0216589426139
 30
0.0
  0
VERTEX
  5
3C3
  8
FAB
 10
304.2723033689646
 20
-282.1077967142203
 30
0.0
  0
VERTEX
  5
3C4
  8
FAB
 10
304.3005860113291
 20
-282.1906996225455
 30
0.0
  0
VERTEX
  5
3C5
  8
FAB
 10
304.3406379484324
 20
-282.2686005090812
 30
0.0
  0
VERTEX
  5
3C6
  8
FAB
 10
304.3916051649241
 20
-282.3398399805167
 30
0.0
  0
VERTEX
  5
3C7
  8
FAB
 10
304.4524023794322
 20
-282.4028997873405
 30
0.0
  0
VERTEX
  5
3C8
  8
FAB
 10
304.5217330717234
 20
-282.4564352487662
 30
0.0
  0
VERTEX
  5
3C9
  8
FAB
 10
304.5981195234446
 20
-282.4993057703117
 30
0.0
  0
VERTEX
  5
3CA
  8
FAB
 10
304.6799342893748
 20
-282.5305967783073
 30
0.0
  0
VERTEX
  5
3CB
  8
FAB
 10
304.7654330991892
 20
-282.5496426080802
 30
0.0
  0
SEQEND
  5
3CC
  8
FAB
  0
POLYLINE
  5
3CD
  8
FAB
 66
     1
 10
0.0
 20
0.0
 30
0.0
 70
     1
  0
VERTEX
  5
3CE
  8
FAB
 10
303.2812750600962
 20
-279.877854392443
 30
0.0
  0
VERTEX
  5
3CF
  8
FAB
 10
303.2584960722117
 20
-280.0167074655631
 30
0.0
  0
VERTEX
  5
3D0
  8
FAB
 10
301.7053952478556
 20
-293.0489120935538
 30
0.0
  0
VERTEX
  5
3D1
  8
FAB
 10
301.6265640520243
 20
-293.240656421099
 30
0.0
  0
VERTEX
  5
3D2
  8
FAB
 10
301.5593922399668
 20
-293.4367890810111
 30
0.0
  0
VERTEX
  5
3D3
  8
FAB
 10
301.5041225217967
 20
-293.6366029237846
 30
0.0
  0
VERTEX
  5
3D4
  8
FAB
 10
301.460954215446
 20
-293.8393755411246
 30
0.0
  0
VERTEX
  5
3D5
  8
FAB
 10
301.430043485084
 20
-294.044374749575
 30
0.0
  0
VERTEX
  5
3D6
  8
FAB
 10
301.4115016721873
 20
-294.2508607362846
 30
0.0
  0
VERTEX
  5
3D7
  8
FAB
 10
301.4053957723765
 20
-294.4580874895194
 30
0.0
  0
VERTEX
  5
3D8
  8
FAB
 10
301.4117479585795
 20
-294.6653068517783
 30
0.0
  0
VERTEX
  5
3D9
  8
FAB
 10
301.4305353426127
 20
-294.8717706655601
 30
0.0
  0
VERTEX
  5
3DA
  8
FAB
 10
301.4616897367625
 20
-295.0767331575492
 30
0.0
  0
VERTEX
  5
3DB
  8
FAB
 10
301.5050990842967
 20
-295.2794542764762
 30
0.0
  0
VERTEX
  5
3DC
  8
FAB
 10
301.5606065057902
 20
-295.4792018388846
 30
0.0
  0
VERTEX
  5
3DD
  8
FAB
 10
301.6280112527995
 20
-295.6752551054099
 30
0.0
  0
VERTEX
  5
3DE
  8
FAB
 10
301.7070703767924
 20
-295.8669054960349
 30
0.0
  0
VERTEX
  5
3DF
  8
FAB
 10
303.2752206586985
 20
-308.8971844171622
 30
0.0
  0
VERTEX
  5
3E0
  8
FAB
 10
303.2981584333567
 20
-309.0360098337272
 30
0.0
  0
VERTEX
  5
3E1
  8
FAB
 10
303.3332050108103
 20
-309.1722822641471
 30
0.0
  0
VERTEX
  5
3E2
  8
FAB
 10
303.3800895475535
 20
-309.304949805651
 30
0.0
  0
VERTEX
  5
3E3
  8
FAB
 10
303.438449647346
 20
-309.4329834436515
 30
0.0
  0
VERTEX
  5
3E4
  8
FAB
 10
303.5078327917246
 20
-309.5553951715568
 30
0.0
  0
VERTEX
  5
3E5
  8
FAB
 10
303.5877034925608
 20
-309.6712370370963
 30
0.0
  0
VERTEX
  5
3E6
  8
FAB
 10
303.6774432920603
 20
-309.779613540087
 30
0.0
  0
VERTEX
  5
3E7
  8
FAB
 10
303.776358392158
 20
-309.8796854471305
 30
0.0
  0
VERTEX
  5
3E8
  8
FAB
 10
303.8836834692149
 20
-309.9706802820304
 30
0.0
  0
VERTEX
  5
3E9
  8
FAB
 10
303.9985883497386
 20
-310.0518923257926
 30
0.0
  0
VERTEX
  5
3EA
  8
FAB
 10
304.1201846861033
 20
-310.1226950143912
 30
0.0
  0
VERTEX
  5
3EB
  8
FAB
 10
304.247531678596
 20
-310.1825399850944
 30
0.0
  0
VERTEX
  5
3EC
  8
FAB
 10
304.3796441816477
 20
-310.2309647058585
 30
0.0
  0
VERTEX
  5
3ED
  8
FAB
 10
304.5155008100657
 20
-310.2675943826774
 30
0.0
  0
VERTEX
  5
3EE
  8
FAB
 10
304.6540496610789
 20
-310.2921448206046
 30
0.0
  0
VERTEX
  5
3EF
  8
FAB
 10
304.7942202352671
 20
-310.3044281457999
 30
0.0
  0
VERTEX
  5
3F0
  8
FAB
 10
304.9349282049326
 20
-310.304347083483
 30
0.0
  0
VERTEX
  5
3F1
  8
FAB
 10
305.0750844740061
 20
-310.2919044946769
 30
0.0
  0
VERTEX
  5
3F2
  8
FAB
 10
305.2136056684641
 20
-310.2671947931388
 30
0.0
  0
VERTEX
  5
3F3
  8
FAB
 10
305.349419858375
 20
-310.2304096674064
 30
0.0
  0
VERTEX
  5
3F4
  8
FAB
 10
305.4814770483164
 20
-310.1818342661002
 30
0.0
  0
VERTEX
  5
3F5
  8
FAB
 10
305.6087553762583
 20
-310.1218433832267
 30
0.0
  0
VERTEX
  5
3F6
  8
FAB
 10
305.730270173469
 20
-310.0509024118522
 30
0.0
  0
VERTEX
  5
3F7
  8
FAB
 10
305.845082547584
 20
-309.96955780736
 30
0.0
  0
VERTEX
  5
3F8
  8
FAB
 10
305.9523031973033
 20
-309.8784409021476
 30
0.0
  0
VERTEX
  5
3F9
  8
FAB
 10
306.0511038564829
 20
-309.7782555078605
 30
0.0
  0
VERTEX
  5
3FA
  8
FAB
 10
306.1407196783213
 20
-309.6697769617179
 30
0.0
  0
VERTEX
  5
3FB
  8
FAB
 10
306.2204578184275
 20
-309.553843543444
 30
0.0
  0
VERTEX
  5
3FC
  8
FAB
 10
306.2897012495188
 20
-309.4313526605704
 30
0.0
  0
VERTEX
  5
3FD
  8
FAB
 10
306.3479140066294
 20
-309.3032513116935
 30
0.0
  0
VERTEX
  5
3FE
  8
FAB
 10
306.3946473859934
 20
-309.1705313181022
 30
0.0
  0
VERTEX
  5
3FF
  8
FAB
 10
306.4295375608592
 20
-309.0342178796867
 30
0.0
  0
VERTEX
  5
400
  8
FAB
 10
306.4523170255808
 20
-308.8953667139152
 30
0.0
  0
VERTEX
  5
401
  8
FAB
 10
308.0054261945872
 20
-295.8630922292808
 30
0.0
  0
VERTEX
  5
402
  8
FAB
 10
308.0842492841868
 20
-295.6713562463859
 30
0.0
  0
VERTEX
  5
403
  8
FAB
 10
308.1514137052683
 20
-295.4752324079612
 30
0.0
  0
VERTEX
  5
404
  8
FAB
 10
308.2066781782298
 20
-295.2754283403495
 30
0.0
  0
VERTEX
  5
405
  8
FAB
 10
308.2498414777903
 20
-295.0726659750083
 30
0.0
  0
VERTEX
  5
406
  8
FAB
 10
308.2807491087107
 20
-294.8676770185569
 30
0.0
  0
VERTEX
  5
407
  8
FAB
 10
308.299289491096
 20
-294.6612017606834
 30
0.0
  0
VERTEX
  5
408
  8
FAB
 10
308.3053949140696
 20
-294.4539857362846
 30
0.0
  0
VERTEX
  5
409
  8
FAB
 10
308.2990434431223
 20
-294.2467771028617
 30
0.0
  0
VERTEX
  5
40A
  8
FAB
 10
308.2802579664378
 20
-294.040324017916
 30
0.0
  0
VERTEX
  5
40B
  8
FAB
 10
308.2491061948924
 20
-293.8353720163444
 30
0.0
  0
VERTEX
  5
40C
  8
FAB
 10
308.2057016157298
 20
-293.6326609109977
 30
0.0
  0
VERTEX
  5
40D
  8
FAB
 10
308.1501996778636
 20
-293.4329228853324
 30
0.0
  0
VERTEX
  5
40E
  8
FAB
 10
308.0828016065745
 20
-293.2368789171317
 30
0.0
  0
VERTEX
  5
40F
  8
FAB
 10
308.0037505888133
 20
-293.0452366327384
 30
0.0
  0
VERTEX
  5
410
  8
FAB
 10
306.435592439094
 20
-280.014889762316
 30
0.0
  0
VERTEX
  5
411
  8
FAB
 10
306.4126546644358
 20
-279.8760633920768
 30
0.0
  0
VERTEX
  5
412
  8
FAB
 10
306.3776080869822
 20
-279.7397909616569
 30
0.0
  0
VERTEX
  5
413
  8
FAB
 10
306.3307230734019
 20
-279.607123420153
 30
0.0
  0
VERTEX
  5
414
  8
FAB
 10
306.2723634504466
 20
-279.4790888284782
 30
0.0
  0
VERTEX
  5
415
  8
FAB
 10
306.2029803060679
 20
-279.3566771005729
 30
0.0
  0
VERTEX
  5
416
  8
FAB
 10
306.1231096052317
 20
-279.2408361887076
 30
0.0
  0
VERTEX
  5
417
  8
FAB
 10
306.0333698057322
 20
-279.1324587320426
 30
0.0
  0
VERTEX
  5
418
  8
FAB
 10
305.9344547056346
 20
-279.0323877786735
 30
0.0
  0
VERTEX
  5
419
  8
FAB
 10
305.8271296285777
 20
-278.9413919900992
 30
0.0
  0
VERTEX
  5
41A
  8
FAB
 10
305.7122242712168
 20
-278.8601809000114
 30
0.0
  0
VERTEX
  5
41B
  8
FAB
 10
305.5906279348521
 20
-278.7893782114127
 30
0.0
  0
VERTEX
  5
41C
  8
FAB
 10
305.4632814191966
 20
-278.7295332407096
 30
0.0
  0
VERTEX
  5
41D
  8
FAB
 10
305.3311689161448
 20
-278.6811075662711
 30
0.0
  0
VERTEX
  5
41E
  8
FAB
 10
305.1953122877268
 20
-278.6444788431266
 30
0.0
  0
VERTEX
  5
41F
  8
FAB
 10
305.0567629598765
 20
-278.619927451525
 30
0.0
  0
VERTEX
  5
420
  8
FAB
 10
304.9165923856883
 20
-278.6076460336783
 30
0.0
  0
VERTEX
  5
421
  8
FAB
 10
304.7758848928599
 20
-278.6077261423209
 30
0.0
  0
VERTEX
  5
422
  8
FAB
 10
304.6357286237864
 20
-278.6201696848014
 30
0.0
  0
VERTEX
  5
423
  8
FAB
 10
304.4972074293284
 20
-278.6448774789908
 30
0.0
  0
VERTEX
  5
424
  8
FAB
 10
304.3613932394175
 20
-278.6816626047233
 30
0.0
  0
VERTEX
  5
425
  8
FAB
 10
304.2293360494761
 20
-278.7302389597037
 30
0.0
  0
VERTEX
  5
426
  8
FAB
 10
304.1020577215342
 20
-278.790228888903
 30
0.0
  0
VERTEX
  5
427
  8
FAB
 10
303.9805424474864
 20
-278.8611708139518
 30
0.0
  0
VERTEX
  5
428
  8
FAB
 10
303.8657305502085
 20
-278.942515418444
 30
0.0
  0
VERTEX
  5
429
  8
FAB
 10
303.7585094236521
 20
-279.0336313699821
 30
0.0
  0
VERTEX
  5
42A
  8
FAB
 10
303.6597092413096
 20
-279.1338167642692
 30
0.0
  0
VERTEX
  5
42B
  8
FAB
 10
303.5700934194712
 20
-279.2422972177604
 30
0.0
  0
VERTEX
  5
42C
  8
FAB
 10
303.490355279365
 20
-279.35822968236
 30
0.0
  0
VERTEX
  5
42D
  8
FAB
 10
303.4211118482737
 20
-279.4807196115592
 30
0.0
  0
VERTEX
  5
42E
  8
FAB
 10
303.362898614326
 20
-279.6088209604362
 30
0.0
  0
VERTEX
  5
42F
  8
FAB
 10
303.3161661886363
 20
-279.7415419077018
 30
0.0
  0
SEQEND
  5
430
  8
FAB
  0
POLYLINE
  5
431
  8
FAB
 66
     1
 10
0.0
 20
0.0
 30
0.0
 70
     1
  0
VERTEX
  5
432
  8
FAB
 10
316.6289346479563
 20
-290.0636678194144
 30
0.0
  0
VERTEX
  5
433
  8
FAB
 10
316.6985903047709
 20
-290.0596108888724
 30
0.0
  0
VERTEX
  5
434
  8
FAB
 10
316.7673039697794
 20
-290.0474949335197
 30
0.0
  0
VERTEX
  5
435
  8
FAB
 10
316.8341465257792
 20
-290.0274835085013
 30
0.0
  0
VERTEX
  5
436
  8
FAB
 10
316.8982141279368
 20
-289.9998474573234
 30
0.0
  0
VERTEX
  5
437
  8
FAB
 10
316.9586398862986
 20
-289.9649606203178
 30
0.0
  0
VERTEX
  5
438
  8
FAB
 10
317.0146072172312
 20
-289.923294589434
 30
0.0
  0
VERTEX
  5
439
  8
FAB
 10
317.0653586649088
 20
-289.875412986193
 30
0.0
  0
VERTEX
  5
43A
  8
FAB
 10
317.110208537498
 20
-289.8219628786185
 30
0.0
  0
VERTEX
  5
43B
  8
FAB
 10
317.1485498212962
 20
-289.7636681055167
 30
0.0
  0
VERTEX
  5
43C
  8
FAB
 10
317.1798641943125
 20
-289.7013159250358
 30
0.0
  0
VERTEX
  5
43D
  8
FAB
 10
317.2037282251505
 20
-289.6357498621086
 30
0.0
  0
VERTEX
  5
43E
  8
FAB
 10
317.2198190950541
 20
-289.5678568338493
 30
0.0
  0
VERTEX
  5
43F
  8
FAB
 10
317.2279193662791
 20
-289.4985547517875
 30
0.0
  0
VERTEX
  5
440
  8
FAB
 10
317.2279193662791
 20
-289.4287806009391
 30
0.0
  0
VERTEX
  5
441
  8
FAB
 10
317.2198190950542
 20
-289.3594789957145
 30
0.0
  0
VERTEX
  5
442
  8
FAB
 10
317.2037282251506
 20
-289.2915859674553
 30
0.0
  0
VERTEX
  5
443
  8
FAB
 10
317.1798641943126
 20
-289.226019904528
 30
0.0
  0
VERTEX
  5
444
  8
FAB
 10
317.1485498212962
 20
-289.163667724047
 30
0.0
  0
VERTEX
  5
445
  8
FAB
 10
317.110208537498
 20
-289.105372474108
 30
0.0
  0
VERTEX
  5
446
  8
FAB
 10
317.0653586649089
 20
-289.0519228433707
 30
0.0
  0
VERTEX
  5
447
  8
FAB
 10
317.0146072172313
 20
-289.0040417169669
 30
0.0
  0
VERTEX
  5
448
  8
FAB
 10
316.9586398862987
 20
-288.9623756860831
 30
0.0
  0
VERTEX
  5
449
  8
FAB
 10
316.8982141279369
 20
-288.9274883722404
 30
0.0
  0
VERTEX
  5
44A
  8
FAB
 10
316.8341465257793
 20
-288.8998527978995
 30
0.0
  0
VERTEX
  5
44B
  8
FAB
 10
316.7673039697795
 20
-288.8798408960441
 30
0.0
  0
VERTEX
  5
44C
  8
FAB
 10
316.698590304771
 20
-288.8677244638541
 30
0.0
  0
VERTEX
  5
44D
  8
FAB
 10
316.6289346479564
 20
-288.8636675333121
 30
0.0
  0
VERTEX
  5
44E
  8
FAB
 10
316.5592787527232
 20
-288.8677244638541
 30
0.0
  0
VERTEX
  5
44F
  8
FAB
 10
316.4905650877147
 20
-288.8798408960441
 30
0.0
  0
VERTEX
  5
450
  8
FAB
 10
316.4237225317149
 20
-288.8998527978995
 30
0.0
  0
VERTEX
  5
451
  8
FAB
 10
316.3596549295573
 20
-288.9274883722404
 30
0.0
  0
VERTEX
  5
452
  8
FAB
 10
316.2992291711955
 20
-288.9623756860831
 30
0.0
  0
VERTEX
  5
453
  8
FAB
 10
316.2432620786815
 20
-289.0040417169669
 30
0.0
  0
VERTEX
  5
454
  8
FAB
 10
316.1925103925853
 20
-289.0519228433707
 30
0.0
  0
VERTEX
  5
455
  8
FAB
 10
316.1476605199962
 20
-289.105372474108
 30
0.0
  0
VERTEX
  5
456
  8
FAB
 10
316.109319236198
 20
-289.163667724047
 30
0.0
  0
VERTEX
  5
457
  8
FAB
 10
316.0780048631816
 20
-289.226019904528
 30
0.0
  0
VERTEX
  5
458
  8
FAB
 10
316.054140593925
 20
-289.2915859674552
 30
0.0
  0
VERTEX
  5
459
  8
FAB
 10
316.0380497240214
 20
-289.3594789957145
 30
0.0
  0
VERTEX
  5
45A
  8
FAB
 10
316.029949691215
 20
-289.4287806009391
 30
0.0
  0
VERTEX
  5
45B
  8
FAB
 10
316.029949691215
 20
-289.4985547517875
 30
0.0
  0
VERTEX
  5
45C
  8
FAB
 10
316.0380497240214
 20
-289.5678568338492
 30
0.0
  0
VERTEX
  5
45D
  8
FAB
 10
316.054140593925
 20
-289.6357498621085
 30
0.0
  0
VERTEX
  5
45E
  8
FAB
 10
316.0780048631815
 20
-289.7013159250358
 30
0.0
  0
VERTEX
  5
45F
  8
FAB
 10
316.1093192361979
 20
-289.7636681055167
 30
0.0
  0
VERTEX
  5
460
  8
FAB
 10
316.1476605199961
 20
-289.8219628786185
 30
0.0
  0
VERTEX
  5
461
  8
FAB
 10
316.1925103925852
 20
-289.875412986193
 30
0.0
  0
VERTEX
  5
462
  8
FAB
 10
316.2432620786814
 20
-289.923294589434
 30
0.0
  0
VERTEX
  5
463
  8
FAB
 10
316.2992291711955
 20
-289.9649606203178
 30
0.0
  0
VERTEX
  5
464
  8
FAB
 10
316.3596549295573
 20
-289.9998474573234
 30
0.0
  0
VERTEX
  5
465
  8
FAB
 10
316.4237225317149
 20
-290.0274835085013
 30
0.0
  0
VERTEX
  5
466
  8
FAB
 10
316.4905650877146
 20
-290.0474949335197
 30
0.0
  0
VERTEX
  5
467
  8
FAB
 10
316.5592787527232
 20
-290.0596108888724
 30
0.0
  0
SEQEND
  5
468
  8
FAB
  0
POLYLINE
  5
469
  8
FAB
 66
     1
 10
0.0
 20
0.0
 30
0.0
 70
     1
  0
VERTEX
  5
46A
  8
FAB
 10
316.6289346479564
 20
-286.0636682962516
 30
0.0
  0
VERTEX
  5
46B
  8
FAB
 10
316.698590304771
 20
-286.0596113657096
 30
0.0
  0
VERTEX
  5
46C
  8
FAB
 10
316.7673039697795
 20
-286.0474949335197
 30
0.0
  0
VERTEX
  5
46D
  8
FAB
 10
316.8341465257793
 20
-286.0274830316642
 30
0.0
  0
VERTEX
  5
46E
  8
FAB
 10
316.8982141279369
 20
-285.9998474573234
 30
0.0
  0
VERTEX
  5
46F
  8
FAB
 10
316.9586398862987
 20
-285.9649601434806
 30
0.0
  0
VERTEX
  5
470
  8
FAB
 10
317.0146072172313
 20
-285.9232941125968
 30
0.0
  0
VERTEX
  5
471
  8
FAB
 10
317.0653586649089
 20
-285.875412986193
 30
0.0
  0
VERTEX
  5
472
  8
FAB
 10
317.110208537498
 20
-285.8219633554557
 30
0.0
  0
VERTEX
  5
473
  8
FAB
 10
317.1485498212962
 20
-285.7636681055167
 30
0.0
  0
VERTEX
  5
474
  8
FAB
 10
317.1798641943126
 20
-285.7013159250358
 30
0.0
  0
VERTEX
  5
475
  8
FAB
 10
317.2037282251506
 20
-285.6357498621086
 30
0.0
  0
VERTEX
  5
476
  8
FAB
 10
317.2198190950542
 20
-285.5678568338493
 30
0.0
  0
VERTEX
  5
477
  8
FAB
 10
317.2279193662791
 20
-285.4985552286247
 30
0.0
  0
VERTEX
  5
478
  8
FAB
 10
317.2279193662791
 20
-285.4287806009391
 30
0.0
  0
VERTEX
  5
479
  8
FAB
 10
317.2198190950542
 20
-285.3594789957145
 30
0.0
  0
VERTEX
  5
47A
  8
FAB
 10
317.2037282251506
 20
-285.2915859674553
 30
0.0
  0
VERTEX
  5
47B
  8
FAB
 10
317.1798641943126
 20
-285.226019904528
 30
0.0
  0
VERTEX
  5
47C
  8
FAB
 10
317.1485498212962
 20
-285.163667724047
 30
0.0
  0
VERTEX
  5
47D
  8
FAB
 10
317.110208537498
 20
-285.105372474108
 30
0.0
  0
VERTEX
  5
47E
  8
FAB
 10
317.0653586649089
 20
-285.0519228433707
 30
0.0
  0
VERTEX
  5
47F
  8
FAB
 10
317.0146072172313
 20
-285.0040417169669
 30
0.0
  0
VERTEX
  5
480
  8
FAB
 10
316.9586398862987
 20
-284.9623756860831
 30
0.0
  0
VERTEX
  5
481
  8
FAB
 10
316.8982141279369
 20
-284.9274883722404
 30
0.0
  0
VERTEX
  5
482
  8
FAB
 10
316.8341465257793
 20
-284.8998527978995
 30
0.0
  0
VERTEX
  5
483
  8
FAB
 10
316.7673039697795
 20
-284.8798408960441
 30
0.0
  0
VERTEX
  5
484
  8
FAB
 10
316.698590304771
 20
-284.8677244638541
 30
0.0
  0
VERTEX
  5
485
  8
FAB
 10
316.6289346479564
 20
-284.8636675333121
 30
0.0
  0
VERTEX
  5
486
  8
FAB
 10
316.5592787527232
 20
-284.8677244638541
 30
0.0
  0
VERTEX
  5
487
  8
FAB
 10
316.4905650877147
 20
-284.8798408960441
 30
0.0
  0
VERTEX
  5
488
  8
FAB
 10
316.4237225317149
 20
-284.8998527978995
 30
0.0
  0
VERTEX
  5
489
  8
FAB
 10
316.3596549295573
 20
-284.9274883722404
 30
0.0
  0
VERTEX
  5
48A
  8
FAB
 10
316.2992291711955
 20
-284.9623756860831
 30
0.0
  0
VERTEX
  5
48B
  8
FAB
 10
316.2432620786815
 20
-285.0040417169669
 30
0.0
  0
VERTEX
  5
48C
  8
FAB
 10
316.1925103925853
 20
-285.0519228433707
 30
0.0
  0
VERTEX
  5
48D
  8
FAB
 10
316.1476605199962
 20
-285.105372474108
 30
0.0
  0
VERTEX
  5
48E
  8
FAB
 10
316.109319236198
 20
-285.163667724047
 30
0.0
  0
VERTEX
  5
48F
  8
FAB
 10
316.0780048631816
 20
-285.226019904528
 30
0.0
  0
VERTEX
  5
490
  8
FAB
 10
316.054140593925
 20
-285.2915859674552
 30
0.0
  0
VERTEX
  5
491
  8
FAB
 10
316.0380497240214
 20
-285.3594789957145
 30
0.0
  0
VERTEX
  5
492
  8
FAB
 10
316.0299496912151
 20
-285.4287806009391
 30
0.0
  0
VERTEX
  5
493
  8
FAB
 10
316.0299496912151
 20
-285.4985552286246
 30
0.0
  0
VERTEX
  5
494
  8
FAB
 10
316.0380497240214
 20
-285.5678568338492
 30
0.0
  0
VERTEX
  5
495
  8
FAB
 10
316.054140593925
 20
-285.6357498621085
 30
0.0
  0
VERTEX
  5
496
  8
FAB
 10
316.0780048631816
 20
-285.7013159250358
 30
0.0
  0
VERTEX
  5
497
  8
FAB
 10
316.109319236198
 20
-285.7636681055167
 30
0.0
  0
VERTEX
  5
498
  8
FAB
 10
316.1476605199962
 20
-285.8219633554557
 30
0.0
  0
VERTEX
  5
499
  8
FAB
 10
316.1925103925853
 20
-285.875412986193
 30
0.0
  0
VERTEX
  5
49A
  8
FAB
 10
316.2432620786815
 20
-285.9232941125968
 30
0.0
  0
VERTEX
  5
49B
  8
FAB
 10
316.2992291711955
 20
-285.9649601434806
 30
0.0
  0
VERTEX
  5
49C
  8
FAB
 10
316.3596549295573
 20
-285.9998474573234
 30
0.0
  0
VERTEX
  5
49D
  8
FAB
 10
316.4237225317149
 20
-286.0274830316642
 30
0.0
  0
VERTEX
  5
49E
  8
FAB
 10
316.4905650877147
 20
-286.0474949335197
 30
0.0
  0
VERTEX
  5
49F
  8
FAB
 10
316.5592787527232
 20
-286.0596113657096
 30
0.0
  0
SEQEND
  5
4A0
  8
FAB
  0
POLYLINE
  5
4A1
  8
FAB
 66
     1
 10
0.0
 20
0.0
 30
0.0
 70
     1
  0
VERTEX
  5
4A2
  8
FAB
 10
316.6289346479564
 20
-284.0636682962516
 30
0.0
  0
VERTEX
  5
4A3
  8
FAB
 10
316.698590304771
 20
-284.0596113657096
 30
0.0
  0
VERTEX
  5
4A4
  8
FAB
 10
316.7673039697795
 20
-284.0474949335197
 30
0.0
  0
VERTEX
  5
4A5
  8
FAB
 10
316.8341465257793
 20
-284.0274830316642
 30
0.0
  0
VERTEX
  5
4A6
  8
FAB
 10
316.8982141279369
 20
-283.9998474573234
 30
0.0
  0
VERTEX
  5
4A7
  8
FAB
 10
316.9586398862987
 20
-283.9649601434806
 30
0.0
  0
VERTEX
  5
4A8
  8
FAB
 10
317.0146072172313
 20
-283.9232941125968
 30
0.0
  0
VERTEX
  5
4A9
  8
FAB
 10
317.0653586649089
 20
-283.875412986193
 30
0.0
  0
VERTEX
  5
4AA
  8
FAB
 10
317.110208537498
 20
-283.8219633554557
 30
0.0
  0
VERTEX
  5
4AB
  8
FAB
 10
317.1485498212962
 20
-283.7636681055167
 30
0.0
  0
VERTEX
  5
4AC
  8
FAB
 10
317.1798641943126
 20
-283.7013159250358
 30
0.0
  0
VERTEX
  5
4AD
  8
FAB
 10
317.2037282251506
 20
-283.6357498621086
 30
0.0
  0
VERTEX
  5
4AE
  8
FAB
 10
317.2198190950542
 20
-283.5678568338493
 30
0.0
  0
VERTEX
  5
4AF
  8
FAB
 10
317.2279193662791
 20
-283.4985552286247
 30
0.0
  0
VERTEX
  5
4B0
  8
FAB
 10
317.2279193662791
 20
-283.4287806009391
 30
0.0
  0
VERTEX
  5
4B1
  8
FAB
 10
317.2198190950542
 20
-283.3594789957145
 30
0.0
  0
VERTEX
  5
4B2
  8
FAB
 10
317.2037282251506
 20
-283.2915859674553
 30
0.0
  0
VERTEX
  5
4B3
  8
FAB
 10
317.1798641943126
 20
-283.226019904528
 30
0.0
  0
VERTEX
  5
4B4
  8
FAB
 10
317.1485498212962
 20
-283.163667724047
 30
0.0
  0
VERTEX
  5
4B5
  8
FAB
 10
317.110208537498
 20
-283.105372474108
 30
0.0
  0
VERTEX
  5
4B6
  8
FAB
 10
317.0653586649089
 20
-283.0519228433707
 30
0.0
  0
VERTEX
  5
4B7
  8
FAB
 10
317.0146072172313
 20
-283.0040417169669
 30
0.0
  0
VERTEX
  5
4B8
  8
FAB
 10
316.9586398862987
 20
-282.9623756860831
 30
0.0
  0
VERTEX
  5
4B9
  8
FAB
 10
316.8982141279369
 20
-282.9274883722404
 30
0.0
  0
VERTEX
  5
4BA
  8
FAB
 10
316.8341465257793
 20
-282.8998527978995
 30
0.0
  0
VERTEX
  5
4BB
  8
FAB
 10
316.7673039697795
 20
-282.8798408960441
 30
0.0
  0
VERTEX
  5
4BC
  8
FAB
 10
316.698590304771
 20
-282.8677244638541
 30
0.0
  0
VERTEX
  5
4BD
  8
FAB
 10
316.6289346479564
 20
-282.8636675333121
 30
0.0
  0
VERTEX
  5
4BE
  8
FAB
 10
316.5592787527232
 20
-282.8677244638541
 30
0.0
  0
VERTEX
  5
4BF
  8
FAB
 10
316.4905650877147
 20
-282.8798408960441
 30
0.0
  0
VERTEX
  5
4C0
  8
FAB
 10
316.4237225317149
 20
-282.8998527978995
 30
0.0
  0
VERTEX
  5
4C1
  8
FAB
 10
316.3596549295573
 20
-282.9274883722404
 30
0.0
  0
VERTEX
  5
4C2
  8
FAB
 10
316.2992291711955
 20
-282.9623756860831
 30
0.0
  0
VERTEX
  5
4C3
  8
FAB
 10
316.2432620786815
 20
-283.0040417169669
 30
0.0
  0
VERTEX
  5
4C4
  8
FAB
 10
316.1925103925853
 20
-283.0519228433707
 30
0.0
  0
VERTEX
  5
4C5
  8
FAB
 10
316.1476605199962
 20
-283.105372474108
 30
0.0
  0
VERTEX
  5
4C6
  8
FAB
 10
316.109319236198
 20
-283.163667724047
 30
0.0
  0
VERTEX
  5
4C7
  8
FAB
 10
316.0780048631816
 20
-283.226019904528
 30
0.0
  0
VERTEX
  5
4C8
  8
FAB
 10
316.054140593925
 20
-283.2915859674552
 30
0.0
  0
VERTEX
  5
4C9
  8
FAB
 10
316.0380497240214
 20
-283.3594789957145
 30
0.0
  0
VERTEX
  5
4CA
  8
FAB
 10
316.0299496912151
 20
-283.4287806009391
 30
0.0
  0
VERTEX
  5
4CB
  8
FAB
 10
316.0299496912151
 20
-283.4985552286246
 30
0.0
  0
VERTEX
  5
4CC
  8
FAB
 10
316.0380497240214
 20
-283.5678568338492
 30
0.0
  0
VERTEX
  5
4CD
  8
FAB
 10
316.054140593925
 20
-283.6357498621085
 30
0.0
  0
VERTEX
  5
4CE
  8
FAB
 10
316.0780048631816
 20
-283.7013159250358
 30
0.0
  0
VERTEX
  5
4CF
  8
FAB
 10
316.109319236198
 20
-283.7636681055167
 30
0.0
  0
VERTEX
  5
4D0
  8
FAB
 10
316.1476605199962
 20
-283.8219633554557
 30
0.0
  0
VERTEX
  5
4D1
  8
FAB
 10
316.1925103925853
 20
-283.875412986193
 30
0.0
  0
VERTEX
  5
4D2
  8
FAB
 10
316.2432620786815
 20
-283.9232941125968
 30
0.0
  0
VERTEX
  5
4D3
  8
FAB
 10
316.2992291711955
 20
-283.9649601434806
 30
0.0
  0
VERTEX
  5
4D4
  8
FAB
 10
316.3596549295573
 20
-283.9998474573234
 30
0.0
  0
VERTEX
  5
4D5
  8
FAB
 10
316.4237225317149
 20
-284.0274830316642
 30
0.0
  0
VERTEX
  5
4D6
  8
FAB
 10
316.4905650877147
 20
-284.0474949335197
 30
0.0
  0
VERTEX
  5
4D7
  8
FAB
 10
316.5592787527232
 20
-284.0596113657096
 30
0.0
  0
SEQEND
  5
4D8
  8
FAB
  0
POLYLINE
  5
4D9
  8
FAB
 66
     1
 10
0.0
 20
0.0
 30
0.0
 70
     1
  0
VERTEX
  5
4DA
  8
FAB
 10
316.6289346479564
 20
-288.0636682962516
 30
0.0
  0
VERTEX
  5
4DB
  8
FAB
 10
316.698590304771
 20
-288.0596113657096
 30
0.0
  0
VERTEX
  5
4DC
  8
FAB
 10
316.7673039697795
 20
-288.0474949335197
 30
0.0
  0
VERTEX
  5
4DD
  8
FAB
 10
316.8341465257793
 20
-288.0274830316642
 30
0.0
  0
VERTEX
  5
4DE
  8
FAB
 10
316.8982141279369
 20
-287.9998474573234
 30
0.0
  0
VERTEX
  5
4DF
  8
FAB
 10
316.9586398862987
 20
-287.9649601434806
 30
0.0
  0
VERTEX
  5
4E0
  8
FAB
 10
317.0146072172313
 20
-287.9232941125968
 30
0.0
  0
VERTEX
  5
4E1
  8
FAB
 10
317.0653586649089
 20
-287.875412986193
 30
0.0
  0
VERTEX
  5
4E2
  8
FAB
 10
317.110208537498
 20
-287.8219633554557
 30
0.0
  0
VERTEX
  5
4E3
  8
FAB
 10
317.1485498212962
 20
-287.7636681055167
 30
0.0
  0
VERTEX
  5
4E4
  8
FAB
 10
317.1798641943126
 20
-287.7013159250358
 30
0.0
  0
VERTEX
  5
4E5
  8
FAB
 10
317.2037282251506
 20
-287.6357498621086
 30
0.0
  0
VERTEX
  5
4E6
  8
FAB
 10
317.2198190950542
 20
-287.5678568338493
 30
0.0
  0
VERTEX
  5
4E7
  8
FAB
 10
317.2279193662791
 20
-287.4985552286247
 30
0.0
  0
VERTEX
  5
4E8
  8
FAB
 10
317.2279193662791
 20
-287.4287806009391
 30
0.0
  0
VERTEX
  5
4E9
  8
FAB
 10
317.2198190950542
 20
-287.3594789957145
 30
0.0
  0
VERTEX
  5
4EA
  8
FAB
 10
317.2037282251506
 20
-287.2915859674553
 30
0.0
  0
VERTEX
  5
4EB
  8
FAB
 10
317.1798641943126
 20
-287.226019904528
 30
0.0
  0
VERTEX
  5
4EC
  8
FAB
 10
317.1485498212962
 20
-287.163667724047
 30
0.0
  0
VERTEX
  5
4ED
  8
FAB
 10
317.110208537498
 20
-287.105372474108
 30
0.0
  0
VERTEX
  5
4EE
  8
FAB
 10
317.0653586649089
 20
-287.0519228433707
 30
0.0
  0
VERTEX
  5
4EF
  8
FAB
 10
317.0146072172313
 20
-287.0040417169669
 30
0.0
  0
VERTEX
  5
4F0
  8
FAB
 10
316.9586398862987
 20
-286.9623756860831
 30
0.0
  0
VERTEX
  5
4F1
  8
FAB
 10
316.8982141279369
 20
-286.9274883722404
 30
0.0
  0
VERTEX
  5
4F2
  8
FAB
 10
316.8341465257793
 20
-286.8998527978995
 30
0.0
  0
VERTEX
  5
4F3
  8
FAB
 10
316.7673039697795
 20
-286.8798408960441
 30
0.0
  0
VERTEX
  5
4F4
  8
FAB
 10
316.698590304771
 20
-286.8677244638541
 30
0.0
  0
VERTEX
  5
4F5
  8
FAB
 10
316.6289346479564
 20
-286.8636675333121
 30
0.0
  0
VERTEX
  5
4F6
  8
FAB
 10
316.5592787527232
 20
-286.8677244638541
 30
0.0
  0
VERTEX
  5
4F7
  8
FAB
 10
316.4905650877147
 20
-286.8798408960441
 30
0.0
  0
VERTEX
  5
4F8
  8
FAB
 10
316.4237225317149
 20
-286.8998527978995
 30
0.0
  0
VERTEX
  5
4F9
  8
FAB
 10
316.3596549295573
 20
-286.9274883722404
 30
0.0
  0
VERTEX
  5
4FA
  8
FAB
 10
316.2992291711955
 20
-286.9623756860831
 30
0.0
  0
VERTEX
  5
4FB
  8
FAB
 10
316.2432620786815
 20
-287.0040417169669
 30
0.0
  0
VERTEX
  5
4FC
  8
FAB
 10
316.1925103925853
 20
-287.0519228433707
 30
0.0
  0
VERTEX
  5
4FD
  8
FAB
 10
316.1476605199962
 20
-287.105372474108
 30
0.0
  0
VERTEX
  5
4FE
  8
FAB
 10
316.109319236198
 20
-287.163667724047
 30
0.0
  0
VERTEX
  5
4FF
  8
FAB
 10
316.0780048631816
 20
-287.226019904528
 30
0.0
  0
VERTEX
  5
500
  8
FAB
 10
316.054140593925
 20
-287.2915859674552
 30
0.0
  0
VERTEX
  5
501
  8
FAB
 10
316.0380497240214
 20
-287.3594789957145
 30
0.0
  0
VERTEX
  5
502
  8
FAB
 10
316.0299496912151
 20
-287.4287806009391
 30
0.0
  0
VERTEX
  5
503
  8
FAB
 10
316.0299496912151
 20
-287.4985552286246
 30
0.0
  0
VERTEX
  5
504
  8
FAB
 10
316.0380497240214
 20
-287.5678568338492
 30
0.0
  0
VERTEX
  5
505
  8
FAB
 10
316.054140593925
 20
-287.6357498621085
 30
0.0
  0
VERTEX
  5
506
  8
FAB
 10
316.0780048631816
 20
-287.7013159250358
 30
0.0
  0
VERTEX
  5
507
  8
FAB
 10
316.109319236198
 20
-287.7636681055167
 30
0.0
  0
VERTEX
  5
508
  8
FAB
 10
316.1476605199962
 20
-287.8219633554557
 30
0.0
  0
VERTEX
  5
509
  8
FAB
 10
316.1925103925853
 20
-287.875412986193
 30
0.0
  0
VERTEX
  5
50A
  8
FAB
 10
316.2432620786815
 20
-287.9232941125968
 30
0.0
  0
VERTEX
  5
50B
  8
FAB
 10
316.2992291711955
 20
-287.9649601434806
 30
0.0
  0
VERTEX
  5
50C
  8
FAB
 10
316.3596549295573
 20
-287.9998474573234
 30
0.0
  0
VERTEX
  5
50D
  8
FAB
 10
316.4237225317149
 20
-288.0274830316642
 30
0.0
  0
VERTEX
  5
50E
  8
FAB
 10
316.4905650877147
 20
-288.0474949335197
 30
0.0
  0
VERTEX
  5
50F
  8
FAB
 10
316.5592787527232
 20
-288.0596113657096
 30
0.0
  0
SEQEND
  5
510
  8
FAB
  0
POLYLINE
  5
511
  8
FAB
 66
     1
 10
0.0
 20
0.0
 30
0.0
 70
     1
  0
VERTEX
  5
512
  8
FAB
 10
316.6289346479564
 20
-280.0636682962516
 30
0.0
  0
VERTEX
  5
513
  8
FAB
 10
316.698590304771
 20
-280.0596113657096
 30
0.0
  0
VERTEX
  5
514
  8
FAB
 10
316.7673039697795
 20
-280.0474939798453
 30
0.0
  0
VERTEX
  5
515
  8
FAB
 10
316.8341465257793
 20
-280.0274839853385
 30
0.0
  0
VERTEX
  5
516
  8
FAB
 10
316.8982141279369
 20
-279.9998484109977
 30
0.0
  0
VERTEX
  5
517
  8
FAB
 10
316.9586398862987
 20
-279.9649610971549
 30
0.0
  0
VERTEX
  5
518
  8
FAB
 10
317.0146072172313
 20
-279.9232950662711
 30
0.0
  0
VERTEX
  5
519
  8
FAB
 10
317.0653586649089
 20
-279.875412986193
 30
0.0
  0
VERTEX
  5
51A
  8
FAB
 10
317.110208537498
 20
-279.8219633554557
 30
0.0
  0
VERTEX
  5
51B
  8
FAB
 10
317.1485498212962
 20
-279.7636671518424
 30
0.0
  0
VERTEX
  5
51C
  8
FAB
 10
317.1798641943126
 20
-279.7013159250358
 30
0.0
  0
VERTEX
  5
51D
  8
FAB
 10
317.2037282251506
 20
-279.6357489084343
 30
0.0
  0
VERTEX
  5
51E
  8
FAB
 10
317.2198190950542
 20
-279.5678568338493
 30
0.0
  0
VERTEX
  5
51F
  8
FAB
 10
317.2279193662791
 20
-279.4985552286247
 30
0.0
  0
VERTEX
  5
520
  8
FAB
 10
317.2279193662791
 20
-279.4287806009391
 30
0.0
  0
VERTEX
  5
521
  8
FAB
 10
317.2198190950542
 20
-279.3594789957145
 30
0.0
  0
VERTEX
  5
522
  8
FAB
 10
317.2037282251506
 20
-279.2915869211296
 30
0.0
  0
VERTEX
  5
523
  8
FAB
 10
317.1798641943126
 20
-279.226019904528
 30
0.0
  0
VERTEX
  5
524
  8
FAB
 10
317.1485498212963
 20
-279.1636686777213
 30
0.0
  0
VERTEX
  5
525
  8
FAB
 10
317.1102085374981
 20
-279.105372474108
 30
0.0
  0
VERTEX
  5
526
  8
FAB
 10
317.065358664909
 20
-279.0519228433707
 30
0.0
  0
VERTEX
  5
527
  8
FAB
 10
317.0146072172313
 20
-279.0040407632926
 30
0.0
  0
VERTEX
  5
528
  8
FAB
 10
316.9586398862987
 20
-278.9623747324088
 30
0.0
  0
VERTEX
  5
529
  8
FAB
 10
316.8982141279369
 20
-278.927487418566
 30
0.0
  0
VERTEX
  5
52A
  8
FAB
 10
316.8341465257793
 20
-278.8998518442252
 30
0.0
  0
VERTEX
  5
52B
  8
FAB
 10
316.7673039697796
 20
-278.8798418497184
 30
0.0
  0
VERTEX
  5
52C
  8
FAB
 10
316.698590304771
 20
-278.8677244638541
 30
0.0
  0
VERTEX
  5
52D
  8
FAB
 10
316.6289346479564
 20
-278.8636675333121
 30
0.0
  0
VERTEX
  5
52E
  8
FAB
 10
316.5592787527233
 20
-278.8677244638541
 30
0.0
  0
VERTEX
  5
52F
  8
FAB
 10
316.4905650877147
 20
-278.8798418497184
 30
0.0
  0
VERTEX
  5
530
  8
FAB
 10
316.423722531715
 20
-278.8998518442252
 30
0.0
  0
VERTEX
  5
531
  8
FAB
 10
316.3596549295574
 20
-278.927487418566
 30
0.0
  0
VERTEX
  5
532
  8
FAB
 10
316.2992291711956
 20
-278.9623747324088
 30
0.0
  0
VERTEX
  5
533
  8
FAB
 10
316.2432620786815
 20
-279.0040407632926
 30
0.0
  0
VERTEX
  5
534
  8
FAB
 10
316.1925103925853
 20
-279.0519228433707
 30
0.0
  0
VERTEX
  5
535
  8
FAB
 10
316.1476605199962
 20
-279.105372474108
 30
0.0
  0
VERTEX
  5
536
  8
FAB
 10
316.109319236198
 20
-279.1636686777213
 30
0.0
  0
VERTEX
  5
537
  8
FAB
 10
316.0780048631816
 20
-279.226019904528
 30
0.0
  0
VERTEX
  5
538
  8
FAB
 10
316.054140593925
 20
-279.2915869211295
 30
0.0
  0
VERTEX
  5
539
  8
FAB
 10
316.0380497240214
 20
-279.3594789957145
 30
0.0
  0
VERTEX
  5
53A
  8
FAB
 10
316.0299496912151
 20
-279.4287806009391
 30
0.0
  0
VERTEX
  5
53B
  8
FAB
 10
316.0299496912151
 20
-279.4985552286246
 30
0.0
  0
VERTEX
  5
53C
  8
FAB
 10
316.0380497240214
 20
-279.5678568338492
 30
0.0
  0
VERTEX
  5
53D
  8
FAB
 10
316.054140593925
 20
-279.6357489084342
 30
0.0
  0
VERTEX
  5
53E
  8
FAB
 10
316.0780048631816
 20
-279.7013159250358
 30
0.0
  0
VERTEX
  5
53F
  8
FAB
 10
316.109319236198
 20
-279.7636671518424
 30
0.0
  0
VERTEX
  5
540
  8
FAB
 10
316.1476605199962
 20
-279.8219633554557
 30
0.0
  0
VERTEX
  5
541
  8
FAB
 10
316.1925103925853
 20
-279.875412986193
 30
0.0
  0
VERTEX
  5
542
  8
FAB
 10
316.2432620786815
 20
-279.9232950662711
 30
0.0
  0
VERTEX
  5
543
  8
FAB
 10
316.2992291711955
 20
-279.9649610971549
 30
0.0
  0
VERTEX
  5
544
  8
FAB
 10
316.3596549295573
 20
-279.9998484109977
 30
0.0
  0
VERTEX
  5
545
  8
FAB
 10
316.4237225317149
 20
-280.0274839853385
 30
0.0
  0
VERTEX
  5
546
  8
FAB
 10
316.4905650877147
 20
-280.0474939798453
 30
0.0
  0
VERTEX
  5
547
  8
FAB
 10
316.5592787527232
 20
-280.0596113657096
 30
0.0
  0
SEQEND
  5
548
  8
FAB
  0
POLYLINE
  5
549
  8
FAB
 66
     1
 10
0.0
 20
0.0
 30
0.0
 70
     1
  0
VERTEX
  5
54A
  8
FAB
 10
316.6289346479564
 20
-282.0636682962516
 30
0.0
  0
VERTEX
  5
54B
  8
FAB
 10
316.698590304771
 20
-282.0596113657096
 30
0.0
  0
VERTEX
  5
54C
  8
FAB
 10
316.7673039697795
 20
-282.0474949335197
 30
0.0
  0
VERTEX
  5
54D
  8
FAB
 10
316.8341465257793
 20
-282.0274830316642
 30
0.0
  0
VERTEX
  5
54E
  8
FAB
 10
316.8982141279369
 20
-281.9998474573234
 30
0.0
  0
VERTEX
  5
54F
  8
FAB
 10
316.9586398862987
 20
-281.9649601434806
 30
0.0
  0
VERTEX
  5
550
  8
FAB
 10
317.0146072172313
 20
-281.9232941125968
 30
0.0
  0
VERTEX
  5
551
  8
FAB
 10
317.0653586649089
 20
-281.875412986193
 30
0.0
  0
VERTEX
  5
552
  8
FAB
 10
317.110208537498
 20
-281.8219633554557
 30
0.0
  0
VERTEX
  5
553
  8
FAB
 10
317.1485498212962
 20
-281.7636681055167
 30
0.0
  0
VERTEX
  5
554
  8
FAB
 10
317.1798641943126
 20
-281.7013159250358
 30
0.0
  0
VERTEX
  5
555
  8
FAB
 10
317.2037282251506
 20
-281.6357498621086
 30
0.0
  0
VERTEX
  5
556
  8
FAB
 10
317.2198190950542
 20
-281.5678568338493
 30
0.0
  0
VERTEX
  5
557
  8
FAB
 10
317.2279193662791
 20
-281.4985552286247
 30
0.0
  0
VERTEX
  5
558
  8
FAB
 10
317.2279193662791
 20
-281.4287806009391
 30
0.0
  0
VERTEX
  5
559
  8
FAB
 10
317.2198190950542
 20
-281.3594789957145
 30
0.0
  0
VERTEX
  5
55A
  8
FAB
 10
317.2037282251506
 20
-281.2915869211296
 30
0.0
  0
VERTEX
  5
55B
  8
FAB
 10
317.1798641943126
 20
-281.226019904528
 30
0.0
  0
VERTEX
  5
55C
  8
FAB
 10
317.1485498212962
 20
-281.1636686777213
 30
0.0
  0
VERTEX
  5
55D
  8
FAB
 10
317.110208537498
 20
-281.105372474108
 30
0.0
  0
VERTEX
  5
55E
  8
FAB
 10
317.0653586649089
 20
-281.0519228433707
 30
0.0
  0
VERTEX
  5
55F
  8
FAB
 10
317.0146072172313
 20
-281.0040407632926
 30
0.0
  0
VERTEX
  5
560
  8
FAB
 10
316.9586398862987
 20
-280.9623747324088
 30
0.0
  0
VERTEX
  5
561
  8
FAB
 10
316.8982141279369
 20
-280.927487418566
 30
0.0
  0
VERTEX
  5
562
  8
FAB
 10
316.8341465257793
 20
-280.8998518442252
 30
0.0
  0
VERTEX
  5
563
  8
FAB
 10
316.7673039697795
 20
-280.8798418497184
 30
0.0
  0
VERTEX
  5
564
  8
FAB
 10
316.698590304771
 20
-280.8677244638541
 30
0.0
  0
VERTEX
  5
565
  8
FAB
 10
316.6289346479564
 20
-280.8636675333121
 30
0.0
  0
VERTEX
  5
566
  8
FAB
 10
316.5592787527232
 20
-280.8677244638541
 30
0.0
  0
VERTEX
  5
567
  8
FAB
 10
316.4905650877147
 20
-280.8798418497184
 30
0.0
  0
VERTEX
  5
568
  8
FAB
 10
316.4237225317149
 20
-280.8998518442252
 30
0.0
  0
VERTEX
  5
569
  8
FAB
 10
316.3596549295573
 20
-280.927487418566
 30
0.0
  0
VERTEX
  5
56A
  8
FAB
 10
316.2992291711955
 20
-280.9623747324088
 30
0.0
  0
VERTEX
  5
56B
  8
FAB
 10
316.2432620786815
 20
-281.0040407632926
 30
0.0
  0
VERTEX
  5
56C
  8
FAB
 10
316.1925103925853
 20
-281.0519228433707
 30
0.0
  0
VERTEX
  5
56D
  8
FAB
 10
316.1476605199962
 20
-281.105372474108
 30
0.0
  0
VERTEX
  5
56E
  8
FAB
 10
316.109319236198
 20
-281.1636686777213
 30
0.0
  0
VERTEX
  5
56F
  8
FAB
 10
316.0780048631816
 20
-281.226019904528
 30
0.0
  0
VERTEX
  5
570
  8
FAB
 10
316.054140593925
 20
-281.2915869211295
 30
0.0
  0
VERTEX
  5
571
  8
FAB
 10
316.0380497240214
 20
-281.3594789957145
 30
0.0
  0
VERTEX
  5
572
  8
FAB
 10
316.0299496912151
 20
-281.4287806009391
 30
0.0
  0
VERTEX
  5
573
  8
FAB
 10
316.0299496912151
 20
-281.4985552286246
 30
0.0
  0
VERTEX
  5
574
  8
FAB
 10
316.0380497240214
 20
-281.5678568338492
 30
0.0
  0
VERTEX
  5
575
  8
FAB
 10
316.054140593925
 20
-281.6357498621085
 30
0.0
  0
VERTEX
  5
576
  8
FAB
 10
316.0780048631816
 20
-281.7013159250358
 30
0.0
  0
VERTEX
  5
577
  8
FAB
 10
316.109319236198
 20
-281.7636681055167
 30
0.0
  0
VERTEX
  5
578
  8
FAB
 10
316.1476605199962
 20
-281.8219633554557
 30
0.0
  0
VERTEX
  5
579
  8
FAB
 10
316.1925103925853
 20
-281.875412986193
 30
0.0
  0
VERTEX
  5
57A
  8
FAB
 10
316.2432620786815
 20
-281.9232941125968
 30
0.0
  0
VERTEX
  5
57B
  8
FAB
 10
316.2992291711955
 20
-281.9649601434806
 30
0.0
  0
VERTEX
  5
57C
  8
FAB
 10
316.3596549295573
 20
-281.9998474573234
 30
0.0
  0
VERTEX
  5
57D
  8
FAB
 10
316.4237225317149
 20
-282.0274830316642
 30
0.0
  0
VERTEX
  5
57E
  8
FAB
 10
316.4905650877147
 20
-282.0474949335197
 30
0.0
  0
VERTEX
  5
57F
  8
FAB
 10
316.5592787527232
 20
-282.0596113657096
 30
0.0
  0
SEQEND
  5
580
  8
FAB
  0
POLYLINE
  5
581
  8
FAB
 66
     1
 10
0.0
 20
0.0
 30
0.0
 70
     1
  0
VERTEX
  5
582
  8
FAB
 10
315.0520134233623
 20
-279.4124136423209
 30
0.0
  0
VERTEX
  5
583
  8
FAB
 10
315.0346370004802
 20
-279.524338767443
 30
0.0
  0
VERTEX
  5
584
  8
FAB
 10
313.4815359377055
 20
-292.5565433954337
 30
0.0
  0
VERTEX
  5
585
  8
FAB
 10
313.4161796831278
 20
-292.7130752061942
 30
0.0
  0
VERTEX
  5
586
  8
FAB
 10
313.3585958742289
 20
-292.8726306413749
 30
0.0
  0
VERTEX
  5
587
  8
FAB
 10
313.308924224296
 20
-293.0348239397147
 30
0.0
  0
VERTEX
  5
588
  8
FAB
 10
313.2672853731303
 20
-293.1992621873954
 30
0.0
  0
VERTEX
  5
589
  8
FAB
 10
313.2337789796977
 20
-293.3655486559013
 30
0.0
  0
VERTEX
  5
58A
  8
FAB
 10
313.2084865831523
 20
-293.5332808946708
 30
0.0
  0
VERTEX
  5
58B
  8
FAB
 10
313.1914696954875
 20
-293.7020535921195
 30
0.0
  0
VERTEX
  5
58C
  8
FAB
 10
313.1827683710246
 20
-293.8714588140586
 30
0.0
  0
VERTEX
  5
58D
  8
FAB
 10
313.18240502111
 20
-294.0410867189506
 30
0.0
  0
VERTEX
  5
58E
  8
FAB
 10
313.1903791689066
 20
-294.2105277036765
 30
0.0
  0
VERTEX
  5
58F
  8
FAB
 10
313.2066726946024
 20
-294.379371926699
 30
0.0
  0
VERTEX
  5
590
  8
FAB
 10
313.2312455438761
 20
-294.5472109769919
 30
0.0
  0
VERTEX
  5
591
  8
FAB
 10
313.2640381120829
 20
-294.713639542971
 30
0.0
  0
VERTEX
  5
592
  8
FAB
 10
313.3049717210916
 20
-294.8782549356559
 30
0.0
  0
VERTEX
  5
593
  8
FAB
 10
313.3539471887735
 20
-295.0406594728568
 30
0.0
  0
VERTEX
  5
594
  8
FAB
 10
313.4108462595133
 20
-295.200460479174
 30
0.0
  0
VERTEX
  5
595
  8
FAB
 10
313.475530650535
 20
-295.3572714780906
 30
0.0
  0
VERTEX
  5
596
  8
FAB
 10
313.5478449129251
 20
-295.5107135032752
 30
0.0
  0
VERTEX
  5
597
  8
FAB
 10
313.6276140474466
 20
-295.6604155754188
 30
0.0
  0
VERTEX
  5
598
  8
FAB
 10
313.7146449350504
 20
-295.8060158943275
 30
0.0
  0
VERTEX
  5
599
  8
FAB
 10
313.8087272905497
 20
-295.9471624349692
 30
0.0
  0
VERTEX
  5
59A
  8
FAB
 10
313.90963366262
 20
-296.0835139011481
 30
0.0
  0
VERTEX
  5
59B
  8
FAB
 10
314.0171199106363
 20
-296.2147407983878
 30
0.0
  0
VERTEX
  5
59C
  8
FAB
 10
314.1309266351847
 20
-296.3405256723502
 30
0.0
  0
VERTEX
  5
59D
  8
FAB
 10
314.2507787012247
 20
-296.4605646585563
 30
0.0
  0
VERTEX
  5
59E
  8
FAB
 10
314.3763857149271
 20
-296.5745675419906
 30
0.0
  0
VERTEX
  5
59F
  8
FAB
 10
314.5074448846964
 20
-296.682258651171
 30
0.0
  0
VERTEX
  5
5A0
  8
FAB
 10
314.6436386369852
 20
-296.7833776926139
 30
0.0
  0
VERTEX
  5
5A1
  8
FAB
 10
314.7846379541544
 20
-296.8776801680663
 30
0.0
  0
VERTEX
  5
5A2
  8
FAB
 10
314.930102374473
 20
-296.9649381493667
 30
0.0
  0
VERTEX
  5
5A3
  8
FAB
 10
315.0796795152811
 20
-297.0449406658748
 30
0.0
  0
VERTEX
  5
5A4
  8
FAB
 10
315.2330088876871
 20
-297.117494360123
 30
0.0
  0
VERTEX
  5
5A5
  8
FAB
 10
315.3897185587076
 20
-297.1824237858394
 30
0.0
  0
VERTEX
  5
5A6
  8
FAB
 10
315.5494303964762
 20
-297.2395719890931
 30
0.0
  0
VERTEX
  5
5A7
  8
FAB
 10
315.7117581628946
 20
-297.2888008361199
 30
0.0
  0
VERTEX
  5
5A8
  8
FAB
 10
315.8763098978189
 20
-297.3299913113454
 30
0.0
  0
VERTEX
  5
5A9
  8
FAB
 10
316.0426869653849
 20
-297.3630438303092
 30
0.0
  0
VERTEX
  5
5AA
  8
FAB
 10
316.2104876302866
 20
-297.3878784929851
 30
0.0
  0
VERTEX
  5
5AB
  8
FAB
 10
316.3793061041025
 20
-297.4044352700451
 30
0.0
  0
VERTEX
  5
5AC
  8
FAB
 10
316.5487342142252
 20
-297.4126741295198
 30
0.0
  0
VERTEX
  5
5AD
  8
FAB
 10
316.7183628343729
 20
-297.4125751522818
 30
0.0
  0
VERTEX
  5
5AE
  8
FAB
 10
316.8877811693338
 20
-297.4041385804751
 30
0.0
  0
VERTEX
  5
5AF
  8
FAB
 10
317.0565803312448
 20
-297.3873848100641
 30
0.0
  0
VERTEX
  5
5B0
  8
FAB
 10
317.2243519090799
 20
-297.3623543386797
 30
0.0
  0
VERTEX
  5
5B1
  8
FAB
 10
317.390690352836
 20
-297.3291076873878
 30
0.0
  0
VERTEX
  5
5B2
  8
FAB
 10
317.5551934503702
 20
-297.2877252107004
 30
0.0
  0
VERTEX
  5
5B3
  8
FAB
 10
317.7174637579111
 20
-297.2383069699148
 30
0.0
  0
VERTEX
  5
5B4
  8
FAB
 10
317.8771090768961
 20
-297.1809724127392
 30
0.0
  0
VERTEX
  5
5B5
  8
FAB
 10
318.0337429308084
 20
-297.1158601497749
 30
0.0
  0
VERTEX
  5
5B6
  8
FAB
 10
318.1869871877817
 20
-297.0431275819877
 30
0.0
  0
VERTEX
  5
5B7
  8
FAB
 10
318.3364712261347
 20
-296.9629505728821
 30
0.0
  0
VERTEX
  5
5B8
  8
FAB
 10
318.4818334840921
 20
-296.875522897158
 30
0.0
  0
VERTEX
  5
5B9
  8
FAB
 10
318.6227228902964
 20
-296.781055912886
 30
0.0
  0
VERTEX
  5
5BA
  8
FAB
 10
318.7587986253885
 20
-296.6797780250648
 30
0.0
  0
VERTEX
  5
5BB
  8
FAB
 10
318.8897317909388
 20
-296.5719340895752
 30
0.0
  0
VERTEX
  5
5BC
  8
FAB
 10
319.0152058862833
 20
-296.457784697924
 30
0.0
  0
VERTEX
  5
5BD
  8
FAB
 10
319.1349174641756
 20
-296.3376058792213
 30
0.0
  0
VERTEX
  5
5BE
  8
FAB
 10
319.2485773228792
 20
-296.2116882061104
 30
0.0
  0
VERTEX
  5
5BF
  8
FAB
 10
319.3559105061678
 20
-296.0803360199073
 30
0.0
  0
VERTEX
  5
5C0
  8
FAB
 10
319.4566576742319
 20
-295.9438668941597
 30
0.0
  0
VERTEX
  5
5C1
  8
FAB
 10
319.5505752228884
 20
-295.8026106809715
 30
0.0
  0
VERTEX
  5
5C2
  8
FAB
 10
319.6374360882429
 20
-295.6569089149574
 30
0.0
  0
VERTEX
  5
5C3
  8
FAB
 10
319.7170303129343
 20
-295.507113859568
 30
0.0
  0
VERTEX
  5
5C4
  8
FAB
 10
319.7891654931692
 20
-295.3535874342064
 30
0.0
  0
VERTEX
  5
5C5
  8
FAB
 10
319.853667225757
 20
-295.1967010950187
 30
0.0
  0
VERTEX
  5
5C6
  8
FAB
 10
319.9103795998482
 20
-295.0368340467552
 30
0.0
  0
VERTEX
  5
5C7
  8
FAB
 10
319.9591654949573
 20
-294.8743722890953
 30
0.0
  0
VERTEX
  5
5C8
  8
FAB
 10
319.9999069683937
 20
-294.7097092126945
 30
0.0
  0
VERTEX
  5
5C9
  8
FAB
 10
320.0325055532841
 20
-294.5432424997429
 30
0.0
  0
VERTEX
  5
5CA
  8
FAB
 10
320.0568824224857
 20
-294.3753748392204
 30
0.0
  0
VERTEX
  5
5CB
  8
FAB
 10
320.0729786568073
 20
-294.2065117811302
 30
0.0
  0
VERTEX
  5
5CC
  8
FAB
 10
320.0807553418664
 20
-294.0370617364982
 30
0.0
  0
VERTEX
  5
5CD
  8
FAB
 10
320.0801936798482
 20
-293.8674340700248
 30
0.0
  0
VERTEX
  5
5CE
  8
FAB
 10
320.0712950230329
 20
-293.6980393385032
 30
0.0
  0
VERTEX
  5
5CF
  8
FAB
 10
320.0540808924226
 20
-293.5292864297966
 30
0.0
  0
VERTEX
  5
5D0
  8
FAB
 10
320.0285928883342
 20
-293.3615837549308
 30
0.0
  0
VERTEX
  5
5D1
  8
FAB
 10
319.9948926382451
 20
-293.1953368639091
 30
0.0
  0
VERTEX
  5
5D2
  8
FAB
 10
319.9530616217045
 20
-293.0309472536186
 30
0.0
  0
VERTEX
  5
5D3
  8
FAB
 10
319.9032009356408
 20
-292.868812129412
 30
0.0
  0
VERTEX
  5
5D4
  8
FAB
 10
319.845431145349
 20
-292.7093239282707
 30
0.0
  0
VERTEX
  5
5D5
  8
FAB
 10
319.7798918747096
 20
-292.5528679346183
 30
0.0
  0
VERTEX
  5
5D6
  8
FAB
 10
318.2117334865718
 20
-279.522521064196
 30
0.0
  0
VERTEX
  5
5D7
  8
FAB
 10
318.1942290329127
 20
-279.4106150125602
 30
0.0
  0
VERTEX
  5
5D8
  8
FAB
 10
318.1688510440974
 20
-279.3002291177849
 30
0.0
  0
VERTEX
  5
5D9
  8
FAB
 10
318.1357267164378
 20
-279.1919165109733
 30
0.0
  0
VERTEX
  5
5DA
  8
FAB
 10
318.0950222276836
 20
-279.0862169717888
 30
0.0
  0
VERTEX
  5
5DB
  8
FAB
 10
318.0469413065105
 20
-278.9836645578483
 30
0.0
  0
VERTEX
  5
5DC
  8
FAB
 10
317.9917252325207
 20
-278.884768531237
 30
0.0
  0
VERTEX
  5
5DD
  8
FAB
 10
317.9296505712658
 20
-278.7900286172966
 30
0.0
  0
VERTEX
  5
5DE
  8
FAB
 10
317.8610284589916
 20
-278.699917838488
 30
0.0
  0
VERTEX
  5
5DF
  8
FAB
 10
317.7862029337078
 20
-278.6148863290886
 30
0.0
  0
VERTEX
  5
5E0
  8
FAB
 10
317.7055487894207
 20
-278.5353632425407
 30
0.0
  0
VERTEX
  5
5E1
  8
FAB
 10
317.6194703840404
 20
-278.46174530736
 30
0.0
  0
VERTEX
  5
5E2
  8
FAB
 10
317.5283992551952
 20
-278.3944025491813
 30
0.0
  0
VERTEX
  5
5E3
  8
FAB
 10
317.432791974464
 20
-278.333670661364
 30
0.0
  0
VERTEX
  5
5E4
  8
FAB
 10
317.3331272863537
 20
-278.2798567270378
 30
0.0
  0
VERTEX
  5
5E5
  8
FAB
 10
317.229904916206
 20
-278.2332277750114
 30
0.0
  0
VERTEX
  5
5E6
  8
FAB
 10
317.1236422323375
 20
-278.1940203165153
 30
0.0
  0
VERTEX
  5
5E7
  8
FAB
 10
317.0148718618541
 20
-278.16242890111
 30
0.0
  0
VERTEX
  5
5E8
  8
FAB
 10
316.9041388296276
 20
-278.1386118387321
 30
0.0
  0
VERTEX
  5
5E9
  8
FAB
 10
316.79199817411
 20
-278.1226873849967
 30
0.0
  0
VERTEX
  5
5EA
  8
FAB
 10
316.6790120863109
 20
-278.1147394632438
 30
0.0
  0
VERTEX
  5
5EB
  8
FAB
 10
316.5657468103557
 20
-278.1148043130973
 30
0.0
  0
VERTEX
  5
5EC
  8
FAB
 10
316.4527697824627
 20
-278.1228819345573
 30
0.0
  0
VERTEX
  5
5ED
  8
FAB
 10
316.3406474851757
 20
-278.138934180651
 30
0.0
  0
VERTEX
  5
5EE
  8
FAB
 10
316.2299418710857
 20
-278.1628771280387
 30
0.0
  0
VERTEX
  5
5EF
  8
FAB
 10
316.1212077402263
 20
-278.1945944284537
 30
0.0
  0
VERTEX
  5
5F0
  8
FAB
 10
316.0149898790508
 20
-278.2339239572623
 30
0.0
  0
VERTEX
  5
5F1
  8
FAB
 10
315.9118209146648
 20
-278.2806692575553
 30
0.0
  0
VERTEX
  5
5F2
  8
FAB
 10
315.8122177385479
 20
-278.3345976327994
 30
0.0
  0
VERTEX
  5
5F3
  8
FAB
 10
315.7166800760418
 20
-278.3954382394889
 30
0.0
  0
VERTEX
  5
5F4
  8
FAB
 10
315.625685717979
 20
-278.4628859018424
 30
0.0
  0
VERTEX
  5
5F5
  8
FAB
 10
315.5396919511944
 20
-278.536603019152
 30
0.0
  0
VERTEX
  5
5F6
  8
FAB
 10
315.4591288828045
 20
-278.6162176584342
 30
0.0
  0
VERTEX
  5
5F7
  8
FAB
 10
315.3844003938823
 20
-278.7013330911735
 30
0.0
  0
VERTEX
  5
5F8
  8
FAB
 10
315.3158817552715
 20
-278.7915239786246
 30
0.0
  0
VERTEX
  5
5F9
  8
FAB
 10
315.2539153360515
 20
-278.8863344644645
 30
0.0
  0
VERTEX
  5
5FA
  8
FAB
 10
315.1988125108867
 20
-278.9852934335807
 30
0.0
  0
VERTEX
  5
5FB
  8
FAB
 10
315.1508488916546
 20
-279.0879030679801
 30
0.0
  0
VERTEX
  5
5FC
  8
FAB
 10
315.1102652811198
 20
-279.1936464761832
 30
0.0
  0
VERTEX
  5
5FD
  8
FAB
 10
315.0772652887492
 20
-279.301999137316
 30
0.0
  0
SEQEND
  5
5FE
  8
FAB
  0
POLYLINE
  5
5FF
  8
FAB
 66
     1
 10
0.0
 20
0.0
 30
0.0
 70
     1
  0
VERTEX
  5
600
  8
FAB
 10
336.326514270225
 20
-295.7136164163688
 30
0.0
  0
VERTEX
  5
601
  8
FAB
 10
336.4203748964457
 20
-295.7062294935325
 30
0.0
  0
VERTEX
  5
602
  8
FAB
 10
336.5119238161234
 20
-295.6842503999808
 30
0.0
  0
VERTEX
  5
603
  8
FAB
 10
336.5989065431742
 20
-295.6482203458884
 30
0.0
  0
VERTEX
  5
604
  8
FAB
 10
336.679183032432
 20
-295.5990267252067
 30
0.0
  0
VERTEX
  5
605
  8
FAB
 10
336.7507772707133
 20
-295.5378804658988
 30
0.0
  0
VERTEX
  5
606
  8
FAB
 10
336.811923053184
 20
-295.466287658129
 30
0.0
  0
VERTEX
  5
607
  8
FAB
 10
336.8611173891215
 20
-295.3860106920341
 30
0.0
  0
VERTEX
  5
608
  8
FAB
 10
336.8971472047953
 20
-295.2990265344718
 30
0.0
  0
VERTEX
  5
609
  8
FAB
 10
336.9191274904398
 20
-295.2074771379569
 30
0.0
  0
VERTEX
  5
60A
  8
FAB
 10
336.9265127443461
 20
-295.1136165117362
 30
0.0
  0
VERTEX
  5
60B
  8
FAB
 10
336.9191274904398
 20
-295.0197556470969
 30
0.0
  0
VERTEX
  5
60C
  8
FAB
 10
336.8971472047953
 20
-294.928206250582
 30
0.0
  0
VERTEX
  5
60D
  8
FAB
 10
336.8611173891215
 20
-294.8412220930198
 30
0.0
  0
VERTEX
  5
60E
  8
FAB
 10
336.811923053184
 20
-294.7609453653434
 30
0.0
  0
VERTEX
  5
60F
  8
FAB
 10
336.7507772707133
 20
-294.689352319155
 30
0.0
  0
VERTEX
  5
610
  8
FAB
 10
336.679183032432
 20
-294.6282062982658
 30
0.0
  0
VERTEX
  5
611
  8
FAB
 10
336.5989065431742
 20
-294.5790124391654
 30
0.0
  0
VERTEX
  5
612
  8
FAB
 10
336.5119238161234
 20
-294.5429826234916
 30
0.0
  0
VERTEX
  5
613
  8
FAB
 10
336.4203748964457
 20
-294.5210032915214
 30
0.0
  0
VERTEX
  5
614
  8
FAB
 10
336.326514270225
 20
-294.5136166071036
 30
0.0
  0
VERTEX
  5
615
  8
FAB
 10
336.2326536440043
 20
-294.5210032915214
 30
0.0
  0
VERTEX
  5
616
  8
FAB
 10
336.1411009096293
 20
-294.5429826234916
 30
0.0
  0
VERTEX
  5
617
  8
FAB
 10
336.0541181825785
 20
-294.5790124391654
 30
0.0
  0
VERTEX
  5
618
  8
FAB
 10
335.9738416933207
 20
-294.6282062982658
 30
0.0
  0
VERTEX
  5
619
  8
FAB
 10
335.9022474550395
 20
-294.689352319155
 30
0.0
  0
VERTEX
  5
61A
  8
FAB
 10
335.8411016725688
 20
-294.7609453653434
 30
0.0
  0
VERTEX
  5
61B
  8
FAB
 10
335.7919073366313
 20
-294.8412220930198
 30
0.0
  0
VERTEX
  5
61C
  8
FAB
 10
335.7558775209574
 20
-294.928206250582
 30
0.0
  0
VERTEX
  5
61D
  8
FAB
 10
335.7339010500102
 20
-295.0197556470969
 30
0.0
  0
VERTEX
  5
61E
  8
FAB
 10
335.7265119814066
 20
-295.1136165117362
 30
0.0
  0
VERTEX
  5
61F
  8
FAB
 10
335.7339010500102
 20
-295.2074771379569
 30
0.0
  0
VERTEX
  5
620
  8
FAB
 10
335.7558775209574
 20
-295.2990265344718
 30
0.0
  0
VERTEX
  5
621
  8
FAB
 10
335.7919073366313
 20
-295.3860106920341
 30
0.0
  0
VERTEX
  5
622
  8
FAB
 10
335.8411016725688
 20
-295.466287658129
 30
0.0
  0
VERTEX
  5
623
  8
FAB
 10
335.9022474550395
 20
-295.5378804658988
 30
0.0
  0
VERTEX
  5
624
  8
FAB
 10
335.9738416933207
 20
-295.5990267252067
 30
0.0
  0
VERTEX
  5
625
  8
FAB
 10
336.0541181825785
 20
-295.6482203458884
 30
0.0
  0
VERTEX
  5
626
  8
FAB
 10
336.1411009096293
 20
-295.6842503999808
 30
0.0
  0
VERTEX
  5
627
  8
FAB
 10
336.2326536440043
 20
-295.7062294935325
 30
0.0
  0
SEQEND
  5
628
  8
FAB
  0
POLYLINE
  5
629
  8
FAB
 66
     1
 10
0.0
 20
0.0
 30
0.0
 70
     1
  0
VERTEX
  5
62A
  8
FAB
 10
338.4266195558695
 20
-295.7134879087546
 30
0.0
  0
VERTEX
  5
62B
  8
FAB
 10
338.5204801820902
 20
-295.7061007474998
 30
0.0
  0
VERTEX
  5
62C
  8
FAB
 10
338.612029101768
 20
-295.6841216539481
 30
0.0
  0
VERTEX
  5
62D
  8
FAB
 10
338.6990118288188
 20
-295.6480915998557
 30
0.0
  0
VERTEX
  5
62E
  8
FAB
 10
338.7792921327738
 20
-295.598897979174
 30
0.0
  0
VERTEX
  5
62F
  8
FAB
 10
338.8508825563578
 20
-295.5377519582847
 30
0.0
  0
VERTEX
  5
630
  8
FAB
 10
338.9120283388285
 20
-295.4661589120963
 30
0.0
  0
VERTEX
  5
631
  8
FAB
 10
338.961222674766
 20
-295.3858821844199
 30
0.0
  0
VERTEX
  5
632
  8
FAB
 10
338.9972524904398
 20
-295.2988980268577
 30
0.0
  0
VERTEX
  5
633
  8
FAB
 10
339.0192327760844
 20
-295.2073483919242
 30
0.0
  0
VERTEX
  5
634
  8
FAB
 10
339.0266180299906
 20
-295.1134877657035
 30
0.0
  0
VERTEX
  5
635
  8
FAB
 10
339.0192327760844
 20
-295.0196271394828
 30
0.0
  0
VERTEX
  5
636
  8
FAB
 10
338.9972524904398
 20
-294.9280775045493
 30
0.0
  0
VERTEX
  5
637
  8
FAB
 10
338.961222674766
 20
-294.8410935854056
 30
0.0
  0
VERTEX
  5
638
  8
FAB
 10
338.9120283388285
 20
-294.7608166193107
 30
0.0
  0
VERTEX
  5
639
  8
FAB
 10
338.8508825563578
 20
-294.6892238115409
 30
0.0
  0
VERTEX
  5
63A
  8
FAB
 10
338.7792921327738
 20
-294.628077552233
 30
0.0
  0
VERTEX
  5
63B
  8
FAB
 10
338.6990118288188
 20
-294.5788836931327
 30
0.0
  0
VERTEX
  5
63C
  8
FAB
 10
338.612029101768
 20
-294.5428538774589
 30
0.0
  0
VERTEX
  5
63D
  8
FAB
 10
338.5204801820902
 20
-294.5208750223258
 30
0.0
  0
VERTEX
  5
63E
  8
FAB
 10
338.4266195558695
 20
-294.5134878610709
 30
0.0
  0
VERTEX
  5
63F
  8
FAB
 10
338.3327589296488
 20
-294.5208750223258
 30
0.0
  0
VERTEX
  5
640
  8
FAB
 10
338.2412100099711
 20
-294.5428538774589
 30
0.0
  0
VERTEX
  5
641
  8
FAB
 10
338.1542234682231
 20
-294.5788836931327
 30
0.0
  0
VERTEX
  5
642
  8
FAB
 10
338.0739469789652
 20
-294.628077552233
 30
0.0
  0
VERTEX
  5
643
  8
FAB
 10
338.0023565553813
 20
-294.6892238115409
 30
0.0
  0
VERTEX
  5
644
  8
FAB
 10
337.9412107729106
 20
-294.7608166193107
 30
0.0
  0
VERTEX
  5
645
  8
FAB
 10
337.8920164369731
 20
-294.8410935854056
 30
0.0
  0
VERTEX
  5
646
  8
FAB
 10
337.8559866212992
 20
-294.9280775045493
 30
0.0
  0
VERTEX
  5
647
  8
FAB
 10
337.8340063356547
 20
-295.0196271394828
 30
0.0
  0
VERTEX
  5
648
  8
FAB
 10
337.8266210817484
 20
-295.1134877657035
 30
0.0
  0
VERTEX
  5
649
  8
FAB
 10
337.8340063356547
 20
-295.2073483919242
 30
0.0
  0
VERTEX
  5
64A
  8
FAB
 10
337.8559866212992
 20
-295.2988980268577
 30
0.0
  0
VERTEX
  5
64B
  8
FAB
 10
337.8920164369731
 20
-295.3858821844199
 30
0.0
  0
VERTEX
  5
64C
  8
FAB
 10
337.9412107729106
 20
-295.4661589120963
 30
0.0
  0
VERTEX
  5
64D
  8
FAB
 10
338.0023565553813
 20
-295.5377519582847
 30
0.0
  0
VERTEX
  5
64E
  8
FAB
 10
338.0739469789652
 20
-295.598897979174
 30
0.0
  0
VERTEX
  5
64F
  8
FAB
 10
338.1542234682231
 20
-295.6480915998557
 30
0.0
  0
VERTEX
  5
650
  8
FAB
 10
338.2412100099711
 20
-295.6841216539481
 30
0.0
  0
VERTEX
  5
651
  8
FAB
 10
338.3327589296488
 20
-295.7061007474998
 30
0.0
  0
SEQEND
  5
652
  8
FAB
  0
POLYLINE
  5
653
  8
FAB
 66
     1
 10
0.0
 20
0.0
 30
0.0
 70
     1
  0
VERTEX
  5
654
  8
FAB
 10
327.3163442873148
 20
-295.713568732653
 30
0.0
  0
VERTEX
  5
655
  8
FAB
 10
327.4102049135356
 20
-295.7061818098167
 30
0.0
  0
VERTEX
  5
656
  8
FAB
 10
327.5017557405619
 20
-295.684202716265
 30
0.0
  0
VERTEX
  5
657
  8
FAB
 10
327.5887384676127
 20
-295.6481726621726
 30
0.0
  0
VERTEX
  5
658
  8
FAB
 10
327.6690168642191
 20
-295.5989788030723
 30
0.0
  0
VERTEX
  5
659
  8
FAB
 10
327.7406091951518
 20
-295.537832782183
 30
0.0
  0
VERTEX
  5
65A
  8
FAB
 10
327.8017549776225
 20
-295.4662399744132
 30
0.0
  0
VERTEX
  5
65B
  8
FAB
 10
327.85094931356
 20
-295.3859630083182
 30
0.0
  0
VERTEX
  5
65C
  8
FAB
 10
327.8869791292338
 20
-295.298978850756
 30
0.0
  0
VERTEX
  5
65D
  8
FAB
 10
327.9089575075297
 20
-295.2074294542411
 30
0.0
  0
VERTEX
  5
65E
  8
FAB
 10
327.9163446687846
 20
-295.1135685896018
 30
0.0
  0
VERTEX
  5
65F
  8
FAB
 10
327.9089575075297
 20
-295.0197079633811
 30
0.0
  0
VERTEX
  5
660
  8
FAB
 10
327.8869791292338
 20
-294.9281585668662
 30
0.0
  0
VERTEX
  5
661
  8
FAB
 10
327.85094931356
 20
-294.841174409304
 30
0.0
  0
VERTEX
  5
662
  8
FAB
 10
327.8017549776225
 20
-294.760897443209
 30
0.0
  0
VERTEX
  5
663
  8
FAB
 10
327.7406091951518
 20
-294.6893046354392
 30
0.0
  0
VERTEX
  5
664
  8
FAB
 10
327.6690168642191
 20
-294.6281586145499
 30
0.0
  0
VERTEX
  5
665
  8
FAB
 10
327.5887384676127
 20
-294.5789647554496
 30
0.0
  0
VERTEX
  5
666
  8
FAB
 10
327.5017557405619
 20
-294.5429349397758
 30
0.0
  0
VERTEX
  5
667
  8
FAB
 10
327.4102049135356
 20
-294.5209556078055
 30
0.0
  0
VERTEX
  5
668
  8
FAB
 10
327.3163442873148
 20
-294.5135689233878
 30
0.0
  0
VERTEX
  5
669
  8
FAB
 10
327.2224836610941
 20
-294.5209556078055
 30
0.0
  0
VERTEX
  5
66A
  8
FAB
 10
327.1309347414164
 20
-294.5429349397758
 30
0.0
  0
VERTEX
  5
66B
  8
FAB
 10
327.043950107017
 20
-294.5789647554496
 30
0.0
  0
VERTEX
  5
66C
  8
FAB
 10
326.9636736177592
 20
-294.6281586145499
 30
0.0
  0
VERTEX
  5
66D
  8
FAB
 10
326.8920812868266
 20
-294.6893046354392
 30
0.0
  0
VERTEX
  5
66E
  8
FAB
 10
326.8309355043559
 20
-294.760897443209
 30
0.0
  0
VERTEX
  5
66F
  8
FAB
 10
326.7817411684184
 20
-294.841174409304
 30
0.0
  0
VERTEX
  5
670
  8
FAB
 10
326.7457113527445
 20
-294.9281585668662
 30
0.0
  0
VERTEX
  5
671
  8
FAB
 10
326.7237310671
 20
-295.0197079633811
 30
0.0
  0
VERTEX
  5
672
  8
FAB
 10
326.7163458131938
 20
-295.1135685896018
 30
0.0
  0
VERTEX
  5
673
  8
FAB
 10
326.7237310671
 20
-295.2074294542411
 30
0.0
  0
VERTEX
  5
674
  8
FAB
 10
326.7457113527445
 20
-295.298978850756
 30
0.0
  0
VERTEX
  5
675
  8
FAB
 10
326.7817411684184
 20
-295.3859630083182
 30
0.0
  0
VERTEX
  5
676
  8
FAB
 10
326.8309355043559
 20
-295.4662399744132
 30
0.0
  0
VERTEX
  5
677
  8
FAB
 10
326.8920812868266
 20
-295.537832782183
 30
0.0
  0
VERTEX
  5
678
  8
FAB
 10
326.9636736177592
 20
-295.5989788030723
 30
0.0
  0
VERTEX
  5
679
  8
FAB
 10
327.043950107017
 20
-295.6481726621726
 30
0.0
  0
VERTEX
  5
67A
  8
FAB
 10
327.1309347414164
 20
-295.684202716265
 30
0.0
  0
VERTEX
  5
67B
  8
FAB
 10
327.2224836610941
 20
-295.7061818098167
 30
0.0
  0
SEQEND
  5
67C
  8
FAB
  0
POLYLINE
  5
67D
  8
FAB
 66
     1
 10
0.0
 20
0.0
 30
0.0
 70
     1
  0
VERTEX
  5
67E
  8
FAB
 10
325.2163439058451
 20
-295.7138588880637
 30
0.0
  0
VERTEX
  5
67F
  8
FAB
 10
325.3102045320658
 20
-295.7064717268088
 30
0.0
  0
VERTEX
  5
680
  8
FAB
 10
325.4017553590922
 20
-295.6844926332572
 30
0.0
  0
VERTEX
  5
681
  8
FAB
 10
325.4887399934916
 20
-295.6484628175834
 30
0.0
  0
VERTEX
  5
682
  8
FAB
 10
325.5690164827494
 20
-295.599268958483
 30
0.0
  0
VERTEX
  5
683
  8
FAB
 10
325.640608813682
 20
-295.5381229375938
 30
0.0
  0
VERTEX
  5
684
  8
FAB
 10
325.7017545961527
 20
-295.4665298914054
 30
0.0
  0
VERTEX
  5
685
  8
FAB
 10
325.7509489320902
 20
-295.386253163729
 30
0.0
  0
VERTEX
  5
686
  8
FAB
 10
325.7869787477641
 20
-295.2992690061668
 30
0.0
  0
VERTEX
  5
687
  8
FAB
 10
325.80895712606
 20
-295.2077196096519
 30
0.0
  0
VERTEX
  5
688
  8
FAB
 10
325.8163442873148
 20
-295.1138587450126
 30
0.0
  0
VERTEX
  5
689
  8
FAB
 10
325.80895712606
 20
-295.0199981187919
 30
0.0
  0
VERTEX
  5
68A
  8
FAB
 10
325.7869787477641
 20
-294.928448722277
 30
0.0
  0
VERTEX
  5
68B
  8
FAB
 10
325.7509489320902
 20
-294.8414645647147
 30
0.0
  0
VERTEX
  5
68C
  8
FAB
 10
325.7017545961527
 20
-294.7611875986198
 30
0.0
  0
VERTEX
  5
68D
  8
FAB
 10
325.640608813682
 20
-294.68959479085
 30
0.0
  0
VERTEX
  5
68E
  8
FAB
 10
325.5690164827494
 20
-294.6284485315421
 30
0.0
  0
VERTEX
  5
68F
  8
FAB
 10
325.4887399934916
 20
-294.5792546724418
 30
0.0
  0
VERTEX
  5
690
  8
FAB
 10
325.4017553590922
 20
-294.5432248567679
 30
0.0
  0
VERTEX
  5
691
  8
FAB
 10
325.3102045320658
 20
-294.5212460016349
 30
0.0
  0
VERTEX
  5
692
  8
FAB
 10
325.2163439058451
 20
-294.51385884038
 30
0.0
  0
VERTEX
  5
693
  8
FAB
 10
325.1224832796244
 20
-294.5212460016349
 30
0.0
  0
VERTEX
  5
694
  8
FAB
 10
325.0309343599467
 20
-294.5432248567679
 30
0.0
  0
VERTEX
  5
695
  8
FAB
 10
324.9439497255473
 20
-294.5792546724418
 30
0.0
  0
VERTEX
  5
696
  8
FAB
 10
324.8636732362895
 20
-294.6284485315421
 30
0.0
  0
VERTEX
  5
697
  8
FAB
 10
324.7920809053568
 20
-294.68959479085
 30
0.0
  0
VERTEX
  5
698
  8
FAB
 10
324.7309351228861
 20
-294.7611875986198
 30
0.0
  0
VERTEX
  5
699
  8
FAB
 10
324.6817407869486
 20
-294.8414645647147
 30
0.0
  0
VERTEX
  5
69A
  8
FAB
 10
324.6457109712748
 20
-294.928448722277
 30
0.0
  0
VERTEX
  5
69B
  8
FAB
 10
324.6237325929789
 20
-295.0199981187919
 30
0.0
  0
VERTEX
  5
69C
  8
FAB
 10
324.616345431724
 20
-295.1138587450126
 30
0.0
  0
VERTEX
  5
69D
  8
FAB
 10
324.6237325929789
 20
-295.2077196096519
 30
0.0
  0
VERTEX
  5
69E
  8
FAB
 10
324.6457109712748
 20
-295.2992690061668
 30
0.0
  0
VERTEX
  5
69F
  8
FAB
 10
324.6817407869486
 20
-295.386253163729
 30
0.0
  0
VERTEX
  5
6A0
  8
FAB
 10
324.7309351228861
 20
-295.4665298914054
 30
0.0
  0
VERTEX
  5
6A1
  8
FAB
 10
324.7920809053568
 20
-295.5381229375938
 30
0.0
  0
VERTEX
  5
6A2
  8
FAB
 10
324.8636732362895
 20
-295.599268958483
 30
0.0
  0
VERTEX
  5
6A3
  8
FAB
 10
324.9439497255473
 20
-295.6484628175834
 30
0.0
  0
VERTEX
  5
6A4
  8
FAB
 10
325.0309343599467
 20
-295.6844926332572
 30
0.0
  0
VERTEX
  5
6A5
  8
FAB
 10
325.1224832796244
 20
-295.7064717268088
 30
0.0
  0
SEQEND
  5
6A6
  8
FAB
  0
POLYLINE
  5
6A7
  8
FAB
 66
     1
 10
0.0
 20
0.0
 30
0.0
 70
     1
  0
VERTEX
  5
6A8
  8
FAB
 10
331.8256979250102
 20
-306.9808378671744
 30
0.0
  0
VERTEX
  5
6A9
  8
FAB
 10
331.7318372987895
 20
-306.9882250284293
 30
0.0
  0
VERTEX
  5
6AA
  8
FAB
 10
331.6402883791118
 20
-307.0102043603995
 30
0.0
  0
VERTEX
  5
6AB
  8
FAB
 10
331.5533037447124
 20
-307.0462341760734
 30
0.0
  0
VERTEX
  5
6AC
  8
FAB
 10
331.4730272554546
 20
-307.0954275583366
 30
0.0
  0
VERTEX
  5
6AD
  8
FAB
 10
331.4014330171733
 20
-307.1565742944816
 30
0.0
  0
VERTEX
  5
6AE
  8
FAB
 10
331.3402872347026
 20
-307.2281666254142
 30
0.0
  0
VERTEX
  5
6AF
  8
FAB
 10
331.2910928987651
 20
-307.3084440683463
 30
0.0
  0
VERTEX
  5
6B0
  8
FAB
 10
331.2550630830913
 20
-307.3954277490714
 30
0.0
  0
VERTEX
  5
6B1
  8
FAB
 10
331.2330847047954
 20
-307.4869776224235
 30
0.0
  0
VERTEX
  5
6B2
  8
FAB
 10
331.2256975435405
 20
-307.5808382486442
 30
0.0
  0
VERTEX
  5
6B3
  8
FAB
 10
331.2330847047954
 20
-307.6746988748649
 30
0.0
  0
VERTEX
  5
6B4
  8
FAB
 10
331.2550630830913
 20
-307.7662487482169
 30
0.0
  0
VERTEX
  5
6B5
  8
FAB
 10
331.2910928987651
 20
-307.853232428942
 30
0.0
  0
VERTEX
  5
6B6
  8
FAB
 10
331.3402872347026
 20
-307.9335089181998
 30
0.0
  0
VERTEX
  5
6B7
  8
FAB
 10
331.4014330171733
 20
-308.0051022028068
 30
0.0
  0
VERTEX
  5
6B8
  8
FAB
 10
331.4730272554546
 20
-308.0662479852775
 30
0.0
  0
VERTEX
  5
6B9
  8
FAB
 10
331.5533037447124
 20
-308.115442321215
 30
0.0
  0
VERTEX
  5
6BA
  8
FAB
 10
331.6402883791118
 20
-308.1514721368888
 30
0.0
  0
VERTEX
  5
6BB
  8
FAB
 10
331.7318372987895
 20
-308.173451468859
 30
0.0
  0
VERTEX
  5
6BC
  8
FAB
 10
331.8256979250102
 20
-308.1808376764396
 30
0.0
  0
VERTEX
  5
6BD
  8
FAB
 10
331.9195585512309
 20
-308.173451468859
 30
0.0
  0
VERTEX
  5
6BE
  8
FAB
 10
332.0111074709087
 20
-308.1514721368888
 30
0.0
  0
VERTEX
  5
6BF
  8
FAB
 10
332.0980921053081
 20
-308.115442321215
 30
0.0
  0
VERTEX
  5
6C0
  8
FAB
 10
332.1783685945659
 20
-308.0662479852775
 30
0.0
  0
VERTEX
  5
6C1
  8
FAB
 10
332.2499609254985
 20
-308.0051022028068
 30
0.0
  0
VERTEX
  5
6C2
  8
FAB
 10
332.3111086153178
 20
-307.9335089181998
 30
0.0
  0
VERTEX
  5
6C3
  8
FAB
 10
332.3603010439067
 20
-307.853232428942
 30
0.0
  0
VERTEX
  5
6C4
  8
FAB
 10
332.3963308595805
 20
-307.7662487482169
 30
0.0
  0
VERTEX
  5
6C5
  8
FAB
 10
332.4183111452251
 20
-307.6746988748649
 30
0.0
  0
VERTEX
  5
6C6
  8
FAB
 10
332.4256963991313
 20
-307.5808382486442
 30
0.0
  0
VERTEX
  5
6C7
  8
FAB
 10
332.4183111452251
 20
-307.4869776224235
 30
0.0
  0
VERTEX
  5
6C8
  8
FAB
 10
332.3963308595805
 20
-307.3954277490714
 30
0.0
  0
VERTEX
  5
6C9
  8
FAB
 10
332.3603010439067
 20
-307.3084440683463
 30
0.0
  0
VERTEX
  5
6CA
  8
FAB
 10
332.3111086153178
 20
-307.2281666254142
 30
0.0
  0
VERTEX
  5
6CB
  8
FAB
 10
332.2499609254985
 20
-307.1565742944816
 30
0.0
  0
VERTEX
  5
6CC
  8
FAB
 10
332.1783685945659
 20
-307.0954275583366
 30
0.0
  0
VERTEX
  5
6CD
  8
FAB
 10
332.0980921053081
 20
-307.0462341760734
 30
0.0
  0
VERTEX
  5
6CE
  8
FAB
 10
332.0111074709087
 20
-307.0102043603995
 30
0.0
  0
VERTEX
  5
6CF
  8
FAB
 10
331.9195585512309
 20
-306.9882250284293
 30
0.0
  0
SEQEND
  5
6D0
  8
FAB
  0
POLYLINE
  5
6D1
  8
FAB
 66
     1
 10
0.0
 20
0.0
 30
0.0
 70
     1
  0
VERTEX
  5
6D2
  8
FAB
 10
331.8256979250102
 20
-308.9808378671744
 30
0.0
  0
VERTEX
  5
6D3
  8
FAB
 10
331.7318372987895
 20
-308.9882250284293
 30
0.0
  0
VERTEX
  5
6D4
  8
FAB
 10
331.6402883791118
 20
-309.0102043603995
 30
0.0
  0
VERTEX
  5
6D5
  8
FAB
 10
331.5533037447124
 20
-309.0462341760734
 30
0.0
  0
VERTEX
  5
6D6
  8
FAB
 10
331.4730272554546
 20
-309.0954275583366
 30
0.0
  0
VERTEX
  5
6D7
  8
FAB
 10
331.4014330171733
 20
-309.1565742944816
 30
0.0
  0
VERTEX
  5
6D8
  8
FAB
 10
331.3402872347026
 20
-309.2281666254142
 30
0.0
  0
VERTEX
  5
6D9
  8
FAB
 10
331.2910928987651
 20
-309.3084440683463
 30
0.0
  0
VERTEX
  5
6DA
  8
FAB
 10
331.2550630830913
 20
-309.3954277490714
 30
0.0
  0
VERTEX
  5
6DB
  8
FAB
 10
331.2330847047954
 20
-309.4869776224235
 30
0.0
  0
VERTEX
  5
6DC
  8
FAB
 10
331.2256975435405
 20
-309.5808382486442
 30
0.0
  0
VERTEX
  5
6DD
  8
FAB
 10
331.2330847047954
 20
-309.6746988748649
 30
0.0
  0
VERTEX
  5
6DE
  8
FAB
 10
331.2550630830913
 20
-309.7662487482169
 30
0.0
  0
VERTEX
  5
6DF
  8
FAB
 10
331.2910928987651
 20
-309.853232428942
 30
0.0
  0
VERTEX
  5
6E0
  8
FAB
 10
331.3402872347026
 20
-309.9335089181998
 30
0.0
  0
VERTEX
  5
6E1
  8
FAB
 10
331.4014330171733
 20
-310.0051022028068
 30
0.0
  0
VERTEX
  5
6E2
  8
FAB
 10
331.4730272554546
 20
-310.0662479852775
 30
0.0
  0
VERTEX
  5
6E3
  8
FAB
 10
331.5533037447124
 20
-310.115442321215
 30
0.0
  0
VERTEX
  5
6E4
  8
FAB
 10
331.6402883791118
 20
-310.1514721368888
 30
0.0
  0
VERTEX
  5
6E5
  8
FAB
 10
331.7318372987895
 20
-310.173451468859
 30
0.0
  0
VERTEX
  5
6E6
  8
FAB
 10
331.8256979250102
 20
-310.1808376764396
 30
0.0
  0
VERTEX
  5
6E7
  8
FAB
 10
331.9195585512309
 20
-310.173451468859
 30
0.0
  0
VERTEX
  5
6E8
  8
FAB
 10
332.0111074709087
 20
-310.1514721368888
 30
0.0
  0
VERTEX
  5
6E9
  8
FAB
 10
332.0980921053081
 20
-310.115442321215
 30
0.0
  0
VERTEX
  5
6EA
  8
FAB
 10
332.1783685945659
 20
-310.0662479852775
 30
0.0
  0
VERTEX
  5
6EB
  8
FAB
 10
332.2499609254985
 20
-310.0051022028068
 30
0.0
  0
VERTEX
  5
6EC
  8
FAB
 10
332.3111086153178
 20
-309.9335089181998
 30
0.0
  0
VERTEX
  5
6ED
  8
FAB
 10
332.3603010439067
 20
-309.853232428942
 30
0.0
  0
VERTEX
  5
6EE
  8
FAB
 10
332.3963308595805
 20
-309.7662487482169
 30
0.0
  0
VERTEX
  5
6EF
  8
FAB
 10
332.4183111452251
 20
-309.6746988748649
 30
0.0
  0
VERTEX
  5
6F0
  8
FAB
 10
332.4256963991313
 20
-309.5808382486442
 30
0.0
  0
VERTEX
  5
6F1
  8
FAB
 10
332.4183111452251
 20
-309.4869776224235
 30
0.0
  0
VERTEX
  5
6F2
  8
FAB
 10
332.3963308595805
 20
-309.3954277490714
 30
0.0
  0
VERTEX
  5
6F3
  8
FAB
 10
332.3603010439067
 20
-309.3084440683463
 30
0.0
  0
VERTEX
  5
6F4
  8
FAB
 10
332.3111086153178
 20
-309.2281666254142
 30
0.0
  0
VERTEX
  5
6F5
  8
FAB
 10
332.2499609254985
 20
-309.1565742944816
 30
0.0
  0
VERTEX
  5
6F6
  8
FAB
 10
332.1783685945659
 20
-309.0954275583366
 30
0.0
  0
VERTEX
  5
6F7
  8
FAB
 10
332.0980921053081
 20
-309.0462341760734
 30
0.0
  0
VERTEX
  5
6F8
  8
FAB
 10
332.0111074709087
 20
-309.0102043603995
 30
0.0
  0
VERTEX
  5
6F9
  8
FAB
 10
331.9195585512309
 20
-308.9882250284293
 30
0.0
  0
SEQEND
  5
6FA
  8
FAB
  0
POLYLINE
  5
6FB
  8
FAB
 66
     1
 10
0.0
 20
0.0
 30
0.0
 70
     1
  0
VERTEX
  5
6FC
  8
FAB
 10
331.8256979250102
 20
-300.980838105593
 30
0.0
  0
VERTEX
  5
6FD
  8
FAB
 10
331.7318372987895
 20
-300.9882250284293
 30
0.0
  0
VERTEX
  5
6FE
  8
FAB
 10
331.6402883791117
 20
-301.010204121981
 30
0.0
  0
VERTEX
  5
6FF
  8
FAB
 10
331.5533037447123
 20
-301.0462341760734
 30
0.0
  0
VERTEX
  5
700
  8
FAB
 10
331.4730272554545
 20
-301.0954280351737
 30
0.0
  0
VERTEX
  5
701
  8
FAB
 10
331.4014330171732
 20
-301.156574056063
 30
0.0
  0
VERTEX
  5
702
  8
FAB
 10
331.3402872347025
 20
-301.2281671022513
 30
0.0
  0
VERTEX
  5
703
  8
FAB
 10
331.291092898765
 20
-301.3084438299277
 30
0.0
  0
VERTEX
  5
704
  8
FAB
 10
331.2550630830912
 20
-301.39542798749
 30
0.0
  0
VERTEX
  5
705
  8
FAB
 10
331.2330847047953
 20
-301.4869773840049
 30
0.0
  0
VERTEX
  5
706
  8
FAB
 10
331.2256975435404
 20
-301.5808382486442
 30
0.0
  0
VERTEX
  5
707
  8
FAB
 10
331.2330847047953
 20
-301.6746988748649
 30
0.0
  0
VERTEX
  5
708
  8
FAB
 10
331.2550630830912
 20
-301.7662482713798
 30
0.0
  0
VERTEX
  5
709
  8
FAB
 10
331.291092898765
 20
-301.853232428942
 30
0.0
  0
VERTEX
  5
70A
  8
FAB
 10
331.3402872347025
 20
-301.933509395037
 30
0.0
  0
VERTEX
  5
70B
  8
FAB
 10
331.4014330171732
 20
-302.0051022028068
 30
0.0
  0
VERTEX
  5
70C
  8
FAB
 10
331.4730272554545
 20
-302.066248223696
 30
0.0
  0
VERTEX
  5
70D
  8
FAB
 10
331.5533037447123
 20
-302.1154420827964
 30
0.0
  0
VERTEX
  5
70E
  8
FAB
 10
331.6402883791117
 20
-302.1514721368888
 30
0.0
  0
VERTEX
  5
70F
  8
FAB
 10
331.7318372987895
 20
-302.1734512304404
 30
0.0
  0
VERTEX
  5
710
  8
FAB
 10
331.8256979250102
 20
-302.1808381532767
 30
0.0
  0
VERTEX
  5
711
  8
FAB
 10
331.9195585512309
 20
-302.1734512304404
 30
0.0
  0
VERTEX
  5
712
  8
FAB
 10
332.0111074709086
 20
-302.1514721368888
 30
0.0
  0
VERTEX
  5
713
  8
FAB
 10
332.098092105308
 20
-302.1154420827964
 30
0.0
  0
VERTEX
  5
714
  8
FAB
 10
332.1783685945658
 20
-302.066248223696
 30
0.0
  0
VERTEX
  5
715
  8
FAB
 10
332.2499609254984
 20
-302.0051022028068
 30
0.0
  0
VERTEX
  5
716
  8
FAB
 10
332.3111086153178
 20
-301.933509395037
 30
0.0
  0
VERTEX
  5
717
  8
FAB
 10
332.3603010439066
 20
-301.853232428942
 30
0.0
  0
VERTEX
  5
718
  8
FAB
 10
332.3963308595805
 20
-301.7662482713798
 30
0.0
  0
VERTEX
  5
719
  8
FAB
 10
332.418311145225
 20
-301.6746988748649
 30
0.0
  0
VERTEX
  5
71A
  8
FAB
 10
332.4256963991313
 20
-301.5808382486442
 30
0.0
  0
VERTEX
  5
71B
  8
FAB
 10
332.418311145225
 20
-301.4869773840049
 30
0.0
  0
VERTEX
  5
71C
  8
FAB
 10
332.3963308595805
 20
-301.39542798749
 30
0.0
  0
VERTEX
  5
71D
  8
FAB
 10
332.3603010439066
 20
-301.3084438299277
 30
0.0
  0
VERTEX
  5
71E
  8
FAB
 10
332.3111086153178
 20
-301.2281671022513
 30
0.0
  0
VERTEX
  5
71F
  8
FAB
 10
332.2499609254984
 20
-301.156574056063
 30
0.0
  0
VERTEX
  5
720
  8
FAB
 10
332.1783685945658
 20
-301.0954280351737
 30
0.0
  0
VERTEX
  5
721
  8
FAB
 10
332.098092105308
 20
-301.0462341760734
 30
0.0
  0
VERTEX
  5
722
  8
FAB
 10
332.0111074709086
 20
-301.010204121981
 30
0.0
  0
VERTEX
  5
723
  8
FAB
 10
331.9195585512309
 20
-300.9882250284293
 30
0.0
  0
SEQEND
  5
724
  8
FAB
  0
POLYLINE
  5
725
  8
FAB
 66
     1
 10
0.0
 20
0.0
 30
0.0
 70
     1
  0
VERTEX
  5
726
  8
FAB
 10
331.8256979250102
 20
-304.9808383440116
 30
0.0
  0
VERTEX
  5
727
  8
FAB
 10
331.7318372987895
 20
-304.9882250284293
 30
0.0
  0
VERTEX
  5
728
  8
FAB
 10
331.6402883791118
 20
-305.0102043603995
 30
0.0
  0
VERTEX
  5
729
  8
FAB
 10
331.5533037447124
 20
-305.0462341760734
 30
0.0
  0
VERTEX
  5
72A
  8
FAB
 10
331.4730272554546
 20
-305.0954280351737
 30
0.0
  0
VERTEX
  5
72B
  8
FAB
 10
331.4014330171733
 20
-305.1565742944816
 30
0.0
  0
VERTEX
  5
72C
  8
FAB
 10
331.3402872347026
 20
-305.2281671022513
 30
0.0
  0
VERTEX
  5
72D
  8
FAB
 10
331.2910928987651
 20
-305.3084440683463
 30
0.0
  0
VERTEX
  5
72E
  8
FAB
 10
331.2550630830913
 20
-305.3954277490714
 30
0.0
  0
VERTEX
  5
72F
  8
FAB
 10
331.2330847047954
 20
-305.4869776224235
 30
0.0
  0
VERTEX
  5
730
  8
FAB
 10
331.2256975435405
 20
-305.5808382486442
 30
0.0
  0
VERTEX
  5
731
  8
FAB
 10
331.2330847047954
 20
-305.6746988748649
 30
0.0
  0
VERTEX
  5
732
  8
FAB
 10
331.2550630830913
 20
-305.7662482713798
 30
0.0
  0
VERTEX
  5
733
  8
FAB
 10
331.2910928987651
 20
-305.853232428942
 30
0.0
  0
VERTEX
  5
734
  8
FAB
 10
331.3402872347026
 20
-305.933509395037
 30
0.0
  0
VERTEX
  5
735
  8
FAB
 10
331.4014330171733
 20
-306.0051022028068
 30
0.0
  0
VERTEX
  5
736
  8
FAB
 10
331.4730272554546
 20
-306.0662484621146
 30
0.0
  0
VERTEX
  5
737
  8
FAB
 10
331.5533037447124
 20
-306.1154418443778
 30
0.0
  0
VERTEX
  5
738
  8
FAB
 10
331.6402883791118
 20
-306.1514721368888
 30
0.0
  0
VERTEX
  5
739
  8
FAB
 10
331.7318372987895
 20
-306.1734509920219
 30
0.0
  0
VERTEX
  5
73A
  8
FAB
 10
331.8256979250102
 20
-306.1808381532767
 30
0.0
  0
VERTEX
  5
73B
  8
FAB
 10
331.9195585512309
 20
-306.1734509920219
 30
0.0
  0
VERTEX
  5
73C
  8
FAB
 10
332.0111074709087
 20
-306.1514721368888
 30
0.0
  0
VERTEX
  5
73D
  8
FAB
 10
332.0980921053081
 20
-306.1154418443778
 30
0.0
  0
VERTEX
  5
73E
  8
FAB
 10
332.1783685945659
 20
-306.0662484621146
 30
0.0
  0
VERTEX
  5
73F
  8
FAB
 10
332.2499609254985
 20
-306.0051022028068
 30
0.0
  0
VERTEX
  5
740
  8
FAB
 10
332.3111086153178
 20
-305.933509395037
 30
0.0
  0
VERTEX
  5
741
  8
FAB
 10
332.3603010439067
 20
-305.853232428942
 30
0.0
  0
VERTEX
  5
742
  8
FAB
 10
332.3963308595805
 20
-305.7662482713798
 30
0.0
  0
VERTEX
  5
743
  8
FAB
 10
332.4183111452251
 20
-305.6746988748649
 30
0.0
  0
VERTEX
  5
744
  8
FAB
 10
332.4256963991313
 20
-305.5808382486442
 30
0.0
  0
VERTEX
  5
745
  8
FAB
 10
332.4183111452251
 20
-305.4869776224235
 30
0.0
  0
VERTEX
  5
746
  8
FAB
 10
332.3963308595805
 20
-305.3954277490714
 30
0.0
  0
VERTEX
  5
747
  8
FAB
 10
332.3603010439067
 20
-305.3084440683463
 30
0.0
  0
VERTEX
  5
748
  8
FAB
 10
332.3111086153178
 20
-305.2281671022513
 30
0.0
  0
VERTEX
  5
749
  8
FAB
 10
332.2499609254985
 20
-305.1565742944816
 30
0.0
  0
VERTEX
  5
74A
  8
FAB
 10
332.1783685945659
 20
-305.0954280351737
 30
0.0
  0
VERTEX
  5
74B
  8
FAB
 10
332.0980921053081
 20
-305.0462341760734
 30
0.0
  0
VERTEX
  5
74C
  8
FAB
 10
332.0111074709087
 20
-305.0102043603995
 30
0.0
  0
VERTEX
  5
74D
  8
FAB
 10
331.9195585512309
 20
-304.9882250284293
 30
0.0
  0
SEQEND
  5
74E
  8
FAB
  0
POLYLINE
  5
74F
  8
FAB
 66
     1
 10
0.0
 20
0.0
 30
0.0
 70
     1
  0
VERTEX
  5
750
  8
FAB
 10
331.8256979250102
 20
-302.9808383440116
 30
0.0
  0
VERTEX
  5
751
  8
FAB
 10
331.7318372987895
 20
-302.9882250284293
 30
0.0
  0
VERTEX
  5
752
  8
FAB
 10
331.6402883791117
 20
-303.0102043603995
 30
0.0
  0
VERTEX
  5
753
  8
FAB
 10
331.5533037447123
 20
-303.0462341760734
 30
0.0
  0
VERTEX
  5
754
  8
FAB
 10
331.4730272554545
 20
-303.0954280351737
 30
0.0
  0
VERTEX
  5
755
  8
FAB
 10
331.4014330171732
 20
-303.1565742944816
 30
0.0
  0
VERTEX
  5
756
  8
FAB
 10
331.3402872347025
 20
-303.2281671022513
 30
0.0
  0
VERTEX
  5
757
  8
FAB
 10
331.291092898765
 20
-303.3084440683463
 30
0.0
  0
VERTEX
  5
758
  8
FAB
 10
331.2550630830912
 20
-303.3954277490714
 30
0.0
  0
VERTEX
  5
759
  8
FAB
 10
331.2330847047953
 20
-303.4869776224235
 30
0.0
  0
VERTEX
  5
75A
  8
FAB
 10
331.2256975435404
 20
-303.5808382486442
 30
0.0
  0
VERTEX
  5
75B
  8
FAB
 10
331.2330847047953
 20
-303.6746988748649
 30
0.0
  0
VERTEX
  5
75C
  8
FAB
 10
331.2550630830912
 20
-303.7662482713798
 30
0.0
  0
VERTEX
  5
75D
  8
FAB
 10
331.291092898765
 20
-303.853232428942
 30
0.0
  0
VERTEX
  5
75E
  8
FAB
 10
331.3402872347025
 20
-303.933509395037
 30
0.0
  0
VERTEX
  5
75F
  8
FAB
 10
331.4014330171732
 20
-304.0051022028068
 30
0.0
  0
VERTEX
  5
760
  8
FAB
 10
331.4730272554545
 20
-304.0662484621146
 30
0.0
  0
VERTEX
  5
761
  8
FAB
 10
331.5533037447124
 20
-304.1154418443778
 30
0.0
  0
VERTEX
  5
762
  8
FAB
 10
331.6402883791118
 20
-304.1514721368888
 30
0.0
  0
VERTEX
  5
763
  8
FAB
 10
331.7318372987895
 20
-304.1734509920219
 30
0.0
  0
VERTEX
  5
764
  8
FAB
 10
331.8256979250102
 20
-304.1808381532767
 30
0.0
  0
VERTEX
  5
765
  8
FAB
 10
331.9195585512309
 20
-304.1734509920219
 30
0.0
  0
VERTEX
  5
766
  8
FAB
 10
332.0111074709087
 20
-304.1514721368888
 30
0.0
  0
VERTEX
  5
767
  8
FAB
 10
332.0980921053081
 20
-304.1154418443778
 30
0.0
  0
VERTEX
  5
768
  8
FAB
 10
332.1783685945658
 20
-304.0662484621146
 30
0.0
  0
VERTEX
  5
769
  8
FAB
 10
332.2499609254984
 20
-304.0051022028068
 30
0.0
  0
VERTEX
  5
76A
  8
FAB
 10
332.3111086153178
 20
-303.933509395037
 30
0.0
  0
VERTEX
  5
76B
  8
FAB
 10
332.3603010439066
 20
-303.853232428942
 30
0.0
  0
VERTEX
  5
76C
  8
FAB
 10
332.3963308595805
 20
-303.7662482713798
 30
0.0
  0
VERTEX
  5
76D
  8
FAB
 10
332.418311145225
 20
-303.6746988748649
 30
0.0
  0
VERTEX
  5
76E
  8
FAB
 10
332.4256963991313
 20
-303.5808382486442
 30
0.0
  0
VERTEX
  5
76F
  8
FAB
 10
332.418311145225
 20
-303.4869776224235
 30
0.0
  0
VERTEX
  5
770
  8
FAB
 10
332.3963308595805
 20
-303.3954277490714
 30
0.0
  0
VERTEX
  5
771
  8
FAB
 10
332.3603010439066
 20
-303.3084440683463
 30
0.0
  0
VERTEX
  5
772
  8
FAB
 10
332.3111086153178
 20
-303.2281671022513
 30
0.0
  0
VERTEX
  5
773
  8
FAB
 10
332.2499609254984
 20
-303.1565742944816
 30
0.0
  0
VERTEX
  5
774
  8
FAB
 10
332.1783685945658
 20
-303.0954280351737
 30
0.0
  0
VERTEX
  5
775
  8
FAB
 10
332.098092105308
 20
-303.0462341760734
 30
0.0
  0
VERTEX
  5
776
  8
FAB
 10
332.0111074709086
 20
-303.0102043603995
 30
0.0
  0
VERTEX
  5
777
  8
FAB
 10
331.9195585512309
 20
-302.9882250284293
 30
0.0
  0
SEQEND
  5
778
  8
FAB
  0
POLYLINE
  5
779
  8
FAB
 66
     1
 10
0.0
 20
0.0
 30
0.0
 70
     1
  0
VERTEX
  5
77A
  8
FAB
 10
331.8256979250102
 20
-298.9808381353953
 30
0.0
  0
VERTEX
  5
77B
  8
FAB
 10
331.7318372987895
 20
-298.9882251476386
 30
0.0
  0
VERTEX
  5
77C
  8
FAB
 10
331.6402883791117
 20
-299.0102042411903
 30
0.0
  0
VERTEX
  5
77D
  8
FAB
 10
331.5533037447123
 20
-299.046234235678
 30
0.0
  0
VERTEX
  5
77E
  8
FAB
 10
331.4730272554545
 20
-299.0954279755691
 30
0.0
  0
VERTEX
  5
77F
  8
FAB
 10
331.4014330171732
 20
-299.156574056063
 30
0.0
  0
VERTEX
  5
780
  8
FAB
 10
331.3402872347025
 20
-299.2281669830421
 30
0.0
  0
VERTEX
  5
781
  8
FAB
 10
331.291092898765
 20
-299.3084438299277
 30
0.0
  0
VERTEX
  5
782
  8
FAB
 10
331.2550630830912
 20
-299.3954279278854
 30
0.0
  0
VERTEX
  5
783
  8
FAB
 10
331.2330847047953
 20
-299.4869774436095
 30
0.0
  0
VERTEX
  5
784
  8
FAB
 10
331.2256975435404
 20
-299.5808381294349
 30
0.0
  0
VERTEX
  5
785
  8
FAB
 10
331.2330847047953
 20
-299.6746988748649
 30
0.0
  0
VERTEX
  5
786
  8
FAB
 10
331.2550630830912
 20
-299.7662483905891
 30
0.0
  0
VERTEX
  5
787
  8
FAB
 10
331.291092898765
 20
-299.853232428942
 30
0.0
  0
VERTEX
  5
788
  8
FAB
 10
331.3402872347025
 20
-299.9335092758277
 30
0.0
  0
VERTEX
  5
789
  8
FAB
 10
331.4014330171732
 20
-300.0051022028068
 30
0.0
  0
VERTEX
  5
78A
  8
FAB
 10
331.4730272554545
 20
-300.0662483429053
 30
0.0
  0
VERTEX
  5
78B
  8
FAB
 10
331.5533037447123
 20
-300.1154420827964
 30
0.0
  0
VERTEX
  5
78C
  8
FAB
 10
331.6402883791117
 20
-300.1514720176795
 30
0.0
  0
VERTEX
  5
78D
  8
FAB
 10
331.7318372987895
 20
-300.1734511112311
 30
0.0
  0
VERTEX
  5
78E
  8
FAB
 10
331.8256979250102
 20
-300.1808381532767
 30
0.0
  0
VERTEX
  5
78F
  8
FAB
 10
331.9195585512309
 20
-300.1734511112311
 30
0.0
  0
VERTEX
  5
790
  8
FAB
 10
332.0111074709086
 20
-300.1514720176795
 30
0.0
  0
VERTEX
  5
791
  8
FAB
 10
332.098092105308
 20
-300.1154420827964
 30
0.0
  0
VERTEX
  5
792
  8
FAB
 10
332.1783685945658
 20
-300.0662483429053
 30
0.0
  0
VERTEX
  5
793
  8
FAB
 10
332.2499609254984
 20
-300.0051022028068
 30
0.0
  0
VERTEX
  5
794
  8
FAB
 10
332.3111086153178
 20
-299.9335092758277
 30
0.0
  0
VERTEX
  5
795
  8
FAB
 10
332.3603010439066
 20
-299.853232428942
 30
0.0
  0
VERTEX
  5
796
  8
FAB
 10
332.3963308595805
 20
-299.7662483905891
 30
0.0
  0
VERTEX
  5
797
  8
FAB
 10
332.418311145225
 20
-299.6746988748649
 30
0.0
  0
VERTEX
  5
798
  8
FAB
 10
332.4256963991313
 20
-299.5808381294349
 30
0.0
  0
VERTEX
  5
799
  8
FAB
 10
332.418311145225
 20
-299.4869774436095
 30
0.0
  0
VERTEX
  5
79A
  8
FAB
 10
332.3963308595805
 20
-299.3954279278854
 30
0.0
  0
VERTEX
  5
79B
  8
FAB
 10
332.3603010439066
 20
-299.3084438299277
 30
0.0
  0
VERTEX
  5
79C
  8
FAB
 10
332.3111086153178
 20
-299.2281669830421
 30
0.0
  0
VERTEX
  5
79D
  8
FAB
 10
332.2499609254984
 20
-299.156574056063
 30
0.0
  0
VERTEX
  5
79E
  8
FAB
 10
332.1783685945658
 20
-299.0954279755691
 30
0.0
  0
VERTEX
  5
79F
  8
FAB
 10
332.098092105308
 20
-299.046234235678
 30
0.0
  0
VERTEX
  5
7A0
  8
FAB
 10
332.0111074709086
 20
-299.0102042411903
 30
0.0
  0
VERTEX
  5
7A1
  8
FAB
 10
331.9195585512309
 20
-298.9882251476386
 30
0.0
  0
SEQEND
  5
7A2
  8
FAB
  0
POLYLINE
  5
7A3
  8
FAB
 66
     1
 10
0.0
 20
0.0
 30
0.0
 70
     1
  0
VERTEX
  5
7A4
  8
FAB
 10
331.8139162325053
 20
-277.9808378671744
 30
0.0
  0
VERTEX
  5
7A5
  8
FAB
 10
331.7200556062846
 20
-277.9882250284293
 30
0.0
  0
VERTEX
  5
7A6
  8
FAB
 10
331.6285066866068
 20
-278.0102034067252
 30
0.0
  0
VERTEX
  5
7A7
  8
FAB
 10
331.5415220522074
 20
-278.0462351297477
 30
0.0
  0
VERTEX
  5
7A8
  8
FAB
 10
331.4612455629496
 20
-278.0954275583366
 30
0.0
  0
VERTEX
  5
7A9
  8
FAB
 10
331.3896513246684
 20
-278.1565733408073
 30
0.0
  0
VERTEX
  5
7AA
  8
FAB
 10
331.3285055421977
 20
-278.2281675790885
 30
0.0
  0
VERTEX
  5
7AB
  8
FAB
 10
331.2793131136088
 20
-278.3084440683463
 30
0.0
  0
VERTEX
  5
7AC
  8
FAB
 10
331.2432813905863
 20
-278.3954287027457
 30
0.0
  0
VERTEX
  5
7AD
  8
FAB
 10
331.2213030122904
 20
-278.4869776224235
 30
0.0
  0
VERTEX
  5
7AE
  8
FAB
 10
331.2139158510356
 20
-278.5808382486442
 30
0.0
  0
VERTEX
  5
7AF
  8
FAB
 10
331.2213030122904
 20
-278.6746988748649
 30
0.0
  0
VERTEX
  5
7B0
  8
FAB
 10
331.2432813905863
 20
-278.7662477945426
 30
0.0
  0
VERTEX
  5
7B1
  8
FAB
 10
331.2793131136088
 20
-278.853232428942
 30
0.0
  0
VERTEX
  5
7B2
  8
FAB
 10
331.3285055421977
 20
-278.9335089181998
 30
0.0
  0
VERTEX
  5
7B3
  8
FAB
 10
331.3896513246684
 20
-279.0051031564811
 30
0.0
  0
VERTEX
  5
7B4
  8
FAB
 10
331.4612455629496
 20
-279.0662489389518
 30
0.0
  0
VERTEX
  5
7B5
  8
FAB
 10
331.5415220522074
 20
-279.1154413675407
 30
0.0
  0
VERTEX
  5
7B6
  8
FAB
 10
331.6285066866068
 20
-279.1514730905631
 30
0.0
  0
VERTEX
  5
7B7
  8
FAB
 10
331.7200556062846
 20
-279.173451468859
 30
0.0
  0
VERTEX
  5
7B8
  8
FAB
 10
331.8139162325053
 20
-279.1808386301139
 30
0.0
  0
VERTEX
  5
7B9
  8
FAB
 10
331.907776858726
 20
-279.173451468859
 30
0.0
  0
VERTEX
  5
7BA
  8
FAB
 10
331.9993257784037
 20
-279.1514730905631
 30
0.0
  0
VERTEX
  5
7BB
  8
FAB
 10
332.0863104128031
 20
-279.1154413675407
 30
0.0
  0
VERTEX
  5
7BC
  8
FAB
 10
332.1665869020609
 20
-279.0662489389518
 30
0.0
  0
VERTEX
  5
7BD
  8
FAB
 10
332.2381811403422
 20
-279.0051031564811
 30
0.0
  0
VERTEX
  5
7BE
  8
FAB
 10
332.2993269228129
 20
-278.9335089181998
 30
0.0
  0
VERTEX
  5
7BF
  8
FAB
 10
332.3485212587504
 20
-278.853232428942
 30
0.0
  0
VERTEX
  5
7C0
  8
FAB
 10
332.3845510744242
 20
-278.7662477945426
 30
0.0
  0
VERTEX
  5
7C1
  8
FAB
 10
332.4065275453715
 20
-278.6746988748649
 30
0.0
  0
VERTEX
  5
7C2
  8
FAB
 10
332.413916613975
 20
-278.5808382486442
 30
0.0
  0
VERTEX
  5
7C3
  8
FAB
 10
332.4065275453715
 20
-278.4869776224235
 30
0.0
  0
VERTEX
  5
7C4
  8
FAB
 10
332.3845510744242
 20
-278.3954287027457
 30
0.0
  0
VERTEX
  5
7C5
  8
FAB
 10
332.3485212587504
 20
-278.3084440683463
 30
0.0
  0
VERTEX
  5
7C6
  8
FAB
 10
332.2993269228129
 20
-278.2281675790885
 30
0.0
  0
VERTEX
  5
7C7
  8
FAB
 10
332.2381811403422
 20
-278.1565733408073
 30
0.0
  0
VERTEX
  5
7C8
  8
FAB
 10
332.1665869020609
 20
-278.0954275583366
 30
0.0
  0
VERTEX
  5
7C9
  8
FAB
 10
332.0863104128031
 20
-278.0462351297477
 30
0.0
  0
VERTEX
  5
7CA
  8
FAB
 10
331.9993257784037
 20
-278.0102034067252
 30
0.0
  0
VERTEX
  5
7CB
  8
FAB
 10
331.907776858726
 20
-277.9882250284293
 30
0.0
  0
SEQEND
  5
7CC
  8
FAB
  0
POLYLINE
  5
7CD
  8
FAB
 66
     1
 10
0.0
 20
0.0
 30
0.0
 70
     1
  0
VERTEX
  5
7CE
  8
FAB
 10
331.8204717897563
 20
-285.9808378671744
 30
0.0
  0
VERTEX
  5
7CF
  8
FAB
 10
331.7266111635356
 20
-285.9882250284293
 30
0.0
  0
VERTEX
  5
7D0
  8
FAB
 10
331.6350622438578
 20
-286.0102043603995
 30
0.0
  0
VERTEX
  5
7D1
  8
FAB
 10
331.5480776094584
 20
-286.0462341760734
 30
0.0
  0
VERTEX
  5
7D2
  8
FAB
 10
331.4678011202006
 20
-286.0954285120109
 30
0.0
  0
VERTEX
  5
7D3
  8
FAB
 10
331.396208789268
 20
-286.1565742944816
 30
0.0
  0
VERTEX
  5
7D4
  8
FAB
 10
331.3350610994486
 20
-286.2281666254142
 30
0.0
  0
VERTEX
  5
7D5
  8
FAB
 10
331.2858686708598
 20
-286.3084440683463
 30
0.0
  0
VERTEX
  5
7D6
  8
FAB
 10
331.2498388551859
 20
-286.3954277490714
 30
0.0
  0
VERTEX
  5
7D7
  8
FAB
 10
331.2278585695414
 20
-286.4869776224235
 30
0.0
  0
VERTEX
  5
7D8
  8
FAB
 10
331.2204714082865
 20
-286.5808382486442
 30
0.0
  0
VERTEX
  5
7D9
  8
FAB
 10
331.2278585695414
 20
-286.6746988748649
 30
0.0
  0
VERTEX
  5
7DA
  8
FAB
 10
331.2498388551859
 20
-286.7662487482169
 30
0.0
  0
VERTEX
  5
7DB
  8
FAB
 10
331.2858686708598
 20
-286.853232428942
 30
0.0
  0
VERTEX
  5
7DC
  8
FAB
 10
331.3350610994486
 20
-286.9335098718742
 30
0.0
  0
VERTEX
  5
7DD
  8
FAB
 10
331.396208789268
 20
-287.0051022028068
 30
0.0
  0
VERTEX
  5
7DE
  8
FAB
 10
331.4678011202006
 20
-287.0662479852775
 30
0.0
  0
VERTEX
  5
7DF
  8
FAB
 10
331.5480776094584
 20
-287.115442321215
 30
0.0
  0
VERTEX
  5
7E0
  8
FAB
 10
331.6350622438578
 20
-287.1514721368888
 30
0.0
  0
VERTEX
  5
7E1
  8
FAB
 10
331.7266111635356
 20
-287.173451468859
 30
0.0
  0
VERTEX
  5
7E2
  8
FAB
 10
331.8204717897563
 20
-287.1808386301139
 30
0.0
  0
VERTEX
  5
7E3
  8
FAB
 10
331.914332415977
 20
-287.173451468859
 30
0.0
  0
VERTEX
  5
7E4
  8
FAB
 10
332.0058813356547
 20
-287.1514721368888
 30
0.0
  0
VERTEX
  5
7E5
  8
FAB
 10
332.0928659700541
 20
-287.115442321215
 30
0.0
  0
VERTEX
  5
7E6
  8
FAB
 10
332.1731424593119
 20
-287.0662479852775
 30
0.0
  0
VERTEX
  5
7E7
  8
FAB
 10
332.2447366975932
 20
-287.0051022028068
 30
0.0
  0
VERTEX
  5
7E8
  8
FAB
 10
332.3058824800639
 20
-286.9335098718742
 30
0.0
  0
VERTEX
  5
7E9
  8
FAB
 10
332.3550749086527
 20
-286.853232428942
 30
0.0
  0
VERTEX
  5
7EA
  8
FAB
 10
332.3911047243266
 20
-286.7662487482169
 30
0.0
  0
VERTEX
  5
7EB
  8
FAB
 10
332.4130850099711
 20
-286.6746988748649
 30
0.0
  0
VERTEX
  5
7EC
  8
FAB
 10
332.4204702638773
 20
-286.5808382486442
 30
0.0
  0
VERTEX
  5
7ED
  8
FAB
 10
332.4130850099711
 20
-286.4869776224235
 30
0.0
  0
VERTEX
  5
7EE
  8
FAB
 10
332.3911047243266
 20
-286.3954277490714
 30
0.0
  0
VERTEX
  5
7EF
  8
FAB
 10
332.3550749086527
 20
-286.3084440683463
 30
0.0
  0
VERTEX
  5
7F0
  8
FAB
 10
332.3058824800639
 20
-286.2281666254142
 30
0.0
  0
VERTEX
  5
7F1
  8
FAB
 10
332.2447366975932
 20
-286.1565742944816
 30
0.0
  0
VERTEX
  5
7F2
  8
FAB
 10
332.1731424593119
 20
-286.0954285120109
 30
0.0
  0
VERTEX
  5
7F3
  8
FAB
 10
332.0928659700541
 20
-286.0462341760734
 30
0.0
  0
VERTEX
  5
7F4
  8
FAB
 10
332.0058813356547
 20
-286.0102043603995
 30
0.0
  0
VERTEX
  5
7F5
  8
FAB
 10
331.914332415977
 20
-285.9882250284293
 30
0.0
  0
SEQEND
  5
7F6
  8
FAB
  0
POLYLINE
  5
7F7
  8
FAB
 66
     1
 10
0.0
 20
0.0
 30
0.0
 70
     1
  0
VERTEX
  5
7F8
  8
FAB
 10
331.8204717897563
 20
-287.9808378671744
 30
0.0
  0
VERTEX
  5
7F9
  8
FAB
 10
331.7266111635356
 20
-287.9882250284293
 30
0.0
  0
VERTEX
  5
7FA
  8
FAB
 10
331.6350622438578
 20
-288.0102043603995
 30
0.0
  0
VERTEX
  5
7FB
  8
FAB
 10
331.5480776094584
 20
-288.0462341760734
 30
0.0
  0
VERTEX
  5
7FC
  8
FAB
 10
331.4678011202006
 20
-288.0954285120109
 30
0.0
  0
VERTEX
  5
7FD
  8
FAB
 10
331.396208789268
 20
-288.1565742944816
 30
0.0
  0
VERTEX
  5
7FE
  8
FAB
 10
331.3350610994486
 20
-288.2281666254142
 30
0.0
  0
VERTEX
  5
7FF
  8
FAB
 10
331.2858686708598
 20
-288.3084440683463
 30
0.0
  0
VERTEX
  5
800
  8
FAB
 10
331.2498388551859
 20
-288.3954277490714
 30
0.0
  0
VERTEX
  5
801
  8
FAB
 10
331.2278585695414
 20
-288.4869776224235
 30
0.0
  0
VERTEX
  5
802
  8
FAB
 10
331.2204714082865
 20
-288.5808382486442
 30
0.0
  0
VERTEX
  5
803
  8
FAB
 10
331.2278585695414
 20
-288.6746988748649
 30
0.0
  0
VERTEX
  5
804
  8
FAB
 10
331.2498388551859
 20
-288.7662487482169
 30
0.0
  0
VERTEX
  5
805
  8
FAB
 10
331.2858686708598
 20
-288.853232428942
 30
0.0
  0
VERTEX
  5
806
  8
FAB
 10
331.3350610994486
 20
-288.9335098718742
 30
0.0
  0
VERTEX
  5
807
  8
FAB
 10
331.396208789268
 20
-289.0051022028068
 30
0.0
  0
VERTEX
  5
808
  8
FAB
 10
331.4678011202006
 20
-289.0662479852775
 30
0.0
  0
VERTEX
  5
809
  8
FAB
 10
331.5480776094584
 20
-289.115442321215
 30
0.0
  0
VERTEX
  5
80A
  8
FAB
 10
331.6350622438578
 20
-289.1514721368888
 30
0.0
  0
VERTEX
  5
80B
  8
FAB
 10
331.7266111635356
 20
-289.173451468859
 30
0.0
  0
VERTEX
  5
80C
  8
FAB
 10
331.8204717897563
 20
-289.1808386301139
 30
0.0
  0
VERTEX
  5
80D
  8
FAB
 10
331.914332415977
 20
-289.173451468859
 30
0.0
  0
VERTEX
  5
80E
  8
FAB
 10
332.0058813356547
 20
-289.1514721368888
 30
0.0
  0
VERTEX
  5
80F
  8
FAB
 10
332.0928659700541
 20
-289.115442321215
 30
0.0
  0
VERTEX
  5
810
  8
FAB
 10
332.1731424593119
 20
-289.0662479852775
 30
0.0
  0
VERTEX
  5
811
  8
FAB
 10
332.2447366975932
 20
-289.0051022028068
 30
0.0
  0
VERTEX
  5
812
  8
FAB
 10
332.3058824800639
 20
-288.9335098718742
 30
0.0
  0
VERTEX
  5
813
  8
FAB
 10
332.3550749086527
 20
-288.853232428942
 30
0.0
  0
VERTEX
  5
814
  8
FAB
 10
332.3911047243266
 20
-288.7662487482169
 30
0.0
  0
VERTEX
  5
815
  8
FAB
 10
332.4130850099711
 20
-288.6746988748649
 30
0.0
  0
VERTEX
  5
816
  8
FAB
 10
332.4204702638773
 20
-288.5808382486442
 30
0.0
  0
VERTEX
  5
817
  8
FAB
 10
332.4130850099711
 20
-288.4869776224235
 30
0.0
  0
VERTEX
  5
818
  8
FAB
 10
332.3911047243266
 20
-288.3954277490714
 30
0.0
  0
VERTEX
  5
819
  8
FAB
 10
332.3550749086527
 20
-288.3084440683463
 30
0.0
  0
VERTEX
  5
81A
  8
FAB
 10
332.3058824800639
 20
-288.2281666254142
 30
0.0
  0
VERTEX
  5
81B
  8
FAB
 10
332.2447366975932
 20
-288.1565742944816
 30
0.0
  0
VERTEX
  5
81C
  8
FAB
 10
332.1731424593119
 20
-288.0954285120109
 30
0.0
  0
VERTEX
  5
81D
  8
FAB
 10
332.0928659700541
 20
-288.0462341760734
 30
0.0
  0
VERTEX
  5
81E
  8
FAB
 10
332.0058813356547
 20
-288.0102043603995
 30
0.0
  0
VERTEX
  5
81F
  8
FAB
 10
331.914332415977
 20
-287.9882250284293
 30
0.0
  0
SEQEND
  5
820
  8
FAB
  0
POLYLINE
  5
821
  8
FAB
 66
     1
 10
0.0
 20
0.0
 30
0.0
 70
     1
  0
VERTEX
  5
822
  8
FAB
 10
331.8204717897563
 20
-279.9808378671744
 30
0.0
  0
VERTEX
  5
823
  8
FAB
 10
331.7266111635356
 20
-279.9882250284293
 30
0.0
  0
VERTEX
  5
824
  8
FAB
 10
331.6350622438578
 20
-280.0102034067252
 30
0.0
  0
VERTEX
  5
825
  8
FAB
 10
331.5480776094584
 20
-280.0462351297477
 30
0.0
  0
VERTEX
  5
826
  8
FAB
 10
331.4678011202006
 20
-280.0954275583366
 30
0.0
  0
VERTEX
  5
827
  8
FAB
 10
331.396208789268
 20
-280.1565733408073
 30
0.0
  0
VERTEX
  5
828
  8
FAB
 10
331.3350610994486
 20
-280.2281675790885
 30
0.0
  0
VERTEX
  5
829
  8
FAB
 10
331.2858686708598
 20
-280.3084440683463
 30
0.0
  0
VERTEX
  5
82A
  8
FAB
 10
331.2498388551859
 20
-280.3954287027457
 30
0.0
  0
VERTEX
  5
82B
  8
FAB
 10
331.2278585695414
 20
-280.4869776224235
 30
0.0
  0
VERTEX
  5
82C
  8
FAB
 10
331.2204714082865
 20
-280.5808382486442
 30
0.0
  0
VERTEX
  5
82D
  8
FAB
 10
331.2278585695414
 20
-280.6746988748649
 30
0.0
  0
VERTEX
  5
82E
  8
FAB
 10
331.2498388551859
 20
-280.7662477945426
 30
0.0
  0
VERTEX
  5
82F
  8
FAB
 10
331.2858686708598
 20
-280.853232428942
 30
0.0
  0
VERTEX
  5
830
  8
FAB
 10
331.3350610994486
 20
-280.9335089181998
 30
0.0
  0
VERTEX
  5
831
  8
FAB
 10
331.396208789268
 20
-281.0051031564811
 30
0.0
  0
VERTEX
  5
832
  8
FAB
 10
331.4678011202006
 20
-281.0662489389518
 30
0.0
  0
VERTEX
  5
833
  8
FAB
 10
331.5480776094584
 20
-281.1154413675407
 30
0.0
  0
VERTEX
  5
834
  8
FAB
 10
331.6350622438578
 20
-281.1514730905631
 30
0.0
  0
VERTEX
  5
835
  8
FAB
 10
331.7266111635356
 20
-281.173451468859
 30
0.0
  0
VERTEX
  5
836
  8
FAB
 10
331.8204717897563
 20
-281.1808386301139
 30
0.0
  0
VERTEX
  5
837
  8
FAB
 10
331.914332415977
 20
-281.173451468859
 30
0.0
  0
VERTEX
  5
838
  8
FAB
 10
332.0058813356547
 20
-281.1514730905631
 30
0.0
  0
VERTEX
  5
839
  8
FAB
 10
332.0928659700541
 20
-281.1154413675407
 30
0.0
  0
VERTEX
  5
83A
  8
FAB
 10
332.1731424593119
 20
-281.0662489389518
 30
0.0
  0
VERTEX
  5
83B
  8
FAB
 10
332.2447366975932
 20
-281.0051031564811
 30
0.0
  0
VERTEX
  5
83C
  8
FAB
 10
332.3058824800639
 20
-280.9335089181998
 30
0.0
  0
VERTEX
  5
83D
  8
FAB
 10
332.3550749086527
 20
-280.853232428942
 30
0.0
  0
VERTEX
  5
83E
  8
FAB
 10
332.3911047243266
 20
-280.7662477945426
 30
0.0
  0
VERTEX
  5
83F
  8
FAB
 10
332.4130850099711
 20
-280.6746988748649
 30
0.0
  0
VERTEX
  5
840
  8
FAB
 10
332.4204702638773
 20
-280.5808382486442
 30
0.0
  0
VERTEX
  5
841
  8
FAB
 10
332.4130850099711
 20
-280.4869776224235
 30
0.0
  0
VERTEX
  5
842
  8
FAB
 10
332.3911047243266
 20
-280.3954287027457
 30
0.0
  0
VERTEX
  5
843
  8
FAB
 10
332.3550749086527
 20
-280.3084440683463
 30
0.0
  0
VERTEX
  5
844
  8
FAB
 10
332.3058824800639
 20
-280.2281675790885
 30
0.0
  0
VERTEX
  5
845
  8
FAB
 10
332.2447366975932
 20
-280.1565733408073
 30
0.0
  0
VERTEX
  5
846
  8
FAB
 10
332.1731424593119
 20
-280.0954275583366
 30
0.0
  0
VERTEX
  5
847
  8
FAB
 10
332.0928659700541
 20
-280.0462351297477
 30
0.0
  0
VERTEX
  5
848
  8
FAB
 10
332.0058813356547
 20
-280.0102034067252
 30
0.0
  0
VERTEX
  5
849
  8
FAB
 10
331.914332415977
 20
-279.9882250284293
 30
0.0
  0
SEQEND
  5
84A
  8
FAB
  0
POLYLINE
  5
84B
  8
FAB
 66
     1
 10
0.0
 20
0.0
 30
0.0
 70
     1
  0
VERTEX
  5
84C
  8
FAB
 10
331.8204717897563
 20
-283.9808378671744
 30
0.0
  0
VERTEX
  5
84D
  8
FAB
 10
331.7266111635356
 20
-283.9882250284293
 30
0.0
  0
VERTEX
  5
84E
  8
FAB
 10
331.6350622438578
 20
-284.0102043603995
 30
0.0
  0
VERTEX
  5
84F
  8
FAB
 10
331.5480776094584
 20
-284.0462341760734
 30
0.0
  0
VERTEX
  5
850
  8
FAB
 10
331.4678011202006
 20
-284.0954285120109
 30
0.0
  0
VERTEX
  5
851
  8
FAB
 10
331.396208789268
 20
-284.1565742944816
 30
0.0
  0
VERTEX
  5
852
  8
FAB
 10
331.3350610994486
 20
-284.2281666254142
 30
0.0
  0
VERTEX
  5
853
  8
FAB
 10
331.2858686708598
 20
-284.3084440683463
 30
0.0
  0
VERTEX
  5
854
  8
FAB
 10
331.2498388551859
 20
-284.3954277490714
 30
0.0
  0
VERTEX
  5
855
  8
FAB
 10
331.2278585695414
 20
-284.4869776224235
 30
0.0
  0
VERTEX
  5
856
  8
FAB
 10
331.2204714082865
 20
-284.5808382486442
 30
0.0
  0
VERTEX
  5
857
  8
FAB
 10
331.2278585695414
 20
-284.6746988748649
 30
0.0
  0
VERTEX
  5
858
  8
FAB
 10
331.2498388551859
 20
-284.7662487482169
 30
0.0
  0
VERTEX
  5
859
  8
FAB
 10
331.2858686708598
 20
-284.853232428942
 30
0.0
  0
VERTEX
  5
85A
  8
FAB
 10
331.3350610994486
 20
-284.9335098718742
 30
0.0
  0
VERTEX
  5
85B
  8
FAB
 10
331.396208789268
 20
-285.0051022028068
 30
0.0
  0
VERTEX
  5
85C
  8
FAB
 10
331.4678011202006
 20
-285.0662479852775
 30
0.0
  0
VERTEX
  5
85D
  8
FAB
 10
331.5480776094584
 20
-285.115442321215
 30
0.0
  0
VERTEX
  5
85E
  8
FAB
 10
331.6350622438578
 20
-285.1514721368888
 30
0.0
  0
VERTEX
  5
85F
  8
FAB
 10
331.7266111635356
 20
-285.173451468859
 30
0.0
  0
VERTEX
  5
860
  8
FAB
 10
331.8204717897563
 20
-285.1808386301139
 30
0.0
  0
VERTEX
  5
861
  8
FAB
 10
331.914332415977
 20
-285.173451468859
 30
0.0
  0
VERTEX
  5
862
  8
FAB
 10
332.0058813356547
 20
-285.1514721368888
 30
0.0
  0
VERTEX
  5
863
  8
FAB
 10
332.0928659700541
 20
-285.115442321215
 30
0.0
  0
VERTEX
  5
864
  8
FAB
 10
332.1731424593119
 20
-285.0662479852775
 30
0.0
  0
VERTEX
  5
865
  8
FAB
 10
332.2447366975932
 20
-285.0051022028068
 30
0.0
  0
VERTEX
  5
866
  8
FAB
 10
332.3058824800639
 20
-284.9335098718742
 30
0.0
  0
VERTEX
  5
867
  8
FAB
 10
332.3550749086527
 20
-284.853232428942
 30
0.0
  0
VERTEX
  5
868
  8
FAB
 10
332.3911047243266
 20
-284.7662487482169
 30
0.0
  0
VERTEX
  5
869
  8
FAB
 10
332.4130850099711
 20
-284.6746988748649
 30
0.0
  0
VERTEX
  5
86A
  8
FAB
 10
332.4204702638773
 20
-284.5808382486442
 30
0.0
  0
VERTEX
  5
86B
  8
FAB
 10
332.4130850099711
 20
-284.4869776224235
 30
0.0
  0
VERTEX
  5
86C
  8
FAB
 10
332.3911047243266
 20
-284.3954277490714
 30
0.0
  0
VERTEX
  5
86D
  8
FAB
 10
332.3550749086527
 20
-284.3084440683463
 30
0.0
  0
VERTEX
  5
86E
  8
FAB
 10
332.3058824800639
 20
-284.2281666254142
 30
0.0
  0
VERTEX
  5
86F
  8
FAB
 10
332.2447366975932
 20
-284.1565742944816
 30
0.0
  0
VERTEX
  5
870
  8
FAB
 10
332.1731424593119
 20
-284.0954285120109
 30
0.0
  0
VERTEX
  5
871
  8
FAB
 10
332.0928659700541
 20
-284.0462341760734
 30
0.0
  0
VERTEX
  5
872
  8
FAB
 10
332.0058813356547
 20
-284.0102043603995
 30
0.0
  0
VERTEX
  5
873
  8
FAB
 10
331.914332415977
 20
-283.9882250284293
 30
0.0
  0
SEQEND
  5
874
  8
FAB
  0
POLYLINE
  5
875
  8
FAB
 66
     1
 10
0.0
 20
0.0
 30
0.0
 70
     1
  0
VERTEX
  5
876
  8
FAB
 10
331.8204717897563
 20
-289.9808378671744
 30
0.0
  0
VERTEX
  5
877
  8
FAB
 10
331.7266111635356
 20
-289.9882250284293
 30
0.0
  0
VERTEX
  5
878
  8
FAB
 10
331.6350622438578
 20
-290.0102043603995
 30
0.0
  0
VERTEX
  5
879
  8
FAB
 10
331.5480776094584
 20
-290.0462341760734
 30
0.0
  0
VERTEX
  5
87A
  8
FAB
 10
331.4678011202006
 20
-290.0954285120109
 30
0.0
  0
VERTEX
  5
87B
  8
FAB
 10
331.396208789268
 20
-290.1565742944816
 30
0.0
  0
VERTEX
  5
87C
  8
FAB
 10
331.3350610994486
 20
-290.2281666254142
 30
0.0
  0
VERTEX
  5
87D
  8
FAB
 10
331.2858686708598
 20
-290.3084440683463
 30
0.0
  0
VERTEX
  5
87E
  8
FAB
 10
331.2498388551859
 20
-290.3954277490714
 30
0.0
  0
VERTEX
  5
87F
  8
FAB
 10
331.2278585695414
 20
-290.4869776224235
 30
0.0
  0
VERTEX
  5
880
  8
FAB
 10
331.2204714082865
 20
-290.5808382486442
 30
0.0
  0
VERTEX
  5
881
  8
FAB
 10
331.2278585695414
 20
-290.6746988748649
 30
0.0
  0
VERTEX
  5
882
  8
FAB
 10
331.2498388551859
 20
-290.7662482713798
 30
0.0
  0
VERTEX
  5
883
  8
FAB
 10
331.2858686708598
 20
-290.853232428942
 30
0.0
  0
VERTEX
  5
884
  8
FAB
 10
331.3350610994486
 20
-290.933509395037
 30
0.0
  0
VERTEX
  5
885
  8
FAB
 10
331.396208789268
 20
-291.0051022028068
 30
0.0
  0
VERTEX
  5
886
  8
FAB
 10
331.4678011202006
 20
-291.0662484621146
 30
0.0
  0
VERTEX
  5
887
  8
FAB
 10
331.5480776094584
 20
-291.115442321215
 30
0.0
  0
VERTEX
  5
888
  8
FAB
 10
331.6350622438578
 20
-291.1514721368888
 30
0.0
  0
VERTEX
  5
889
  8
FAB
 10
331.7266111635356
 20
-291.173451468859
 30
0.0
  0
VERTEX
  5
88A
  8
FAB
 10
331.8204717897563
 20
-291.1808381532767
 30
0.0
  0
VERTEX
  5
88B
  8
FAB
 10
331.914332415977
 20
-291.173451468859
 30
0.0
  0
VERTEX
  5
88C
  8
FAB
 10
332.0058813356547
 20
-291.1514721368888
 30
0.0
  0
VERTEX
  5
88D
  8
FAB
 10
332.0928659700541
 20
-291.115442321215
 30
0.0
  0
VERTEX
  5
88E
  8
FAB
 10
332.1731424593119
 20
-291.0662484621146
 30
0.0
  0
VERTEX
  5
88F
  8
FAB
 10
332.2447366975932
 20
-291.0051022028068
 30
0.0
  0
VERTEX
  5
890
  8
FAB
 10
332.3058824800639
 20
-290.933509395037
 30
0.0
  0
VERTEX
  5
891
  8
FAB
 10
332.3550749086527
 20
-290.853232428942
 30
0.0
  0
VERTEX
  5
892
  8
FAB
 10
332.3911047243266
 20
-290.7662482713798
 30
0.0
  0
VERTEX
  5
893
  8
FAB
 10
332.4130850099711
 20
-290.6746988748649
 30
0.0
  0
VERTEX
  5
894
  8
FAB
 10
332.4204702638773
 20
-290.5808382486442
 30
0.0
  0
VERTEX
  5
895
  8
FAB
 10
332.4130850099711
 20
-290.4869776224235
 30
0.0
  0
VERTEX
  5
896
  8
FAB
 10
332.3911047243266
 20
-290.3954277490714
 30
0.0
  0
VERTEX
  5
897
  8
FAB
 10
332.3550749086527
 20
-290.3084440683463
 30
0.0
  0
VERTEX
  5
898
  8
FAB
 10
332.3058824800639
 20
-290.2281666254142
 30
0.0
  0
VERTEX
  5
899
  8
FAB
 10
332.2447366975932
 20
-290.1565742944816
 30
0.0
  0
VERTEX
  5
89A
  8
FAB
 10
332.1731424593119
 20
-290.0954285120109
 30
0.0
  0
VERTEX
  5
89B
  8
FAB
 10
332.0928659700541
 20
-290.0462341760734
 30
0.0
  0
VERTEX
  5
89C
  8
FAB
 10
332.0058813356547
 20
-290.0102043603995
 30
0.0
  0
VERTEX
  5
89D
  8
FAB
 10
331.914332415977
 20
-289.9882250284293
 30
0.0
  0
SEQEND
  5
89E
  8
FAB
  0
POLYLINE
  5
89F
  8
FAB
 66
     1
 10
0.0
 20
0.0
 30
0.0
 70
     1
  0
VERTEX
  5
8A0
  8
FAB
 10
331.8204717897563
 20
-281.9808378671744
 30
0.0
  0
VERTEX
  5
8A1
  8
FAB
 10
331.7266111635356
 20
-281.9882250284293
 30
0.0
  0
VERTEX
  5
8A2
  8
FAB
 10
331.6350622438578
 20
-282.0102034067252
 30
0.0
  0
VERTEX
  5
8A3
  8
FAB
 10
331.5480776094584
 20
-282.0462351297477
 30
0.0
  0
VERTEX
  5
8A4
  8
FAB
 10
331.4678011202006
 20
-282.0954275583366
 30
0.0
  0
VERTEX
  5
8A5
  8
FAB
 10
331.396208789268
 20
-282.1565733408073
 30
0.0
  0
VERTEX
  5
8A6
  8
FAB
 10
331.3350610994486
 20
-282.2281675790885
 30
0.0
  0
VERTEX
  5
8A7
  8
FAB
 10
331.2858686708598
 20
-282.3084440683463
 30
0.0
  0
VERTEX
  5
8A8
  8
FAB
 10
331.2498388551859
 20
-282.3954287027457
 30
0.0
  0
VERTEX
  5
8A9
  8
FAB
 10
331.2278585695414
 20
-282.4869776224235
 30
0.0
  0
VERTEX
  5
8AA
  8
FAB
 10
331.2204714082865
 20
-282.5808382486442
 30
0.0
  0
VERTEX
  5
8AB
  8
FAB
 10
331.2278585695414
 20
-282.6746988748649
 30
0.0
  0
VERTEX
  5
8AC
  8
FAB
 10
331.2498388551859
 20
-282.7662487482169
 30
0.0
  0
VERTEX
  5
8AD
  8
FAB
 10
331.2858686708598
 20
-282.853232428942
 30
0.0
  0
VERTEX
  5
8AE
  8
FAB
 10
331.3350610994486
 20
-282.9335098718742
 30
0.0
  0
VERTEX
  5
8AF
  8
FAB
 10
331.396208789268
 20
-283.0051022028068
 30
0.0
  0
VERTEX
  5
8B0
  8
FAB
 10
331.4678011202006
 20
-283.0662479852775
 30
0.0
  0
VERTEX
  5
8B1
  8
FAB
 10
331.5480776094584
 20
-283.115442321215
 30
0.0
  0
VERTEX
  5
8B2
  8
FAB
 10
331.6350622438578
 20
-283.1514721368888
 30
0.0
  0
VERTEX
  5
8B3
  8
FAB
 10
331.7266111635356
 20
-283.173451468859
 30
0.0
  0
VERTEX
  5
8B4
  8
FAB
 10
331.8204717897563
 20
-283.1808386301139
 30
0.0
  0
VERTEX
  5
8B5
  8
FAB
 10
331.914332415977
 20
-283.173451468859
 30
0.0
  0
VERTEX
  5
8B6
  8
FAB
 10
332.0058813356547
 20
-283.1514721368888
 30
0.0
  0
VERTEX
  5
8B7
  8
FAB
 10
332.0928659700541
 20
-283.115442321215
 30
0.0
  0
VERTEX
  5
8B8
  8
FAB
 10
332.1731424593119
 20
-283.0662479852775
 30
0.0
  0
VERTEX
  5
8B9
  8
FAB
 10
332.2447366975932
 20
-283.0051022028068
 30
0.0
  0
VERTEX
  5
8BA
  8
FAB
 10
332.3058824800639
 20
-282.9335098718742
 30
0.0
  0
VERTEX
  5
8BB
  8
FAB
 10
332.3550749086527
 20
-282.853232428942
 30
0.0
  0
VERTEX
  5
8BC
  8
FAB
 10
332.3911047243266
 20
-282.7662487482169
 30
0.0
  0
VERTEX
  5
8BD
  8
FAB
 10
332.4130850099711
 20
-282.6746988748649
 30
0.0
  0
VERTEX
  5
8BE
  8
FAB
 10
332.4204702638773
 20
-282.5808382486442
 30
0.0
  0
VERTEX
  5
8BF
  8
FAB
 10
332.4130850099711
 20
-282.4869776224235
 30
0.0
  0
VERTEX
  5
8C0
  8
FAB
 10
332.3911047243266
 20
-282.3954287027457
 30
0.0
  0
VERTEX
  5
8C1
  8
FAB
 10
332.3550749086527
 20
-282.3084440683463
 30
0.0
  0
VERTEX
  5
8C2
  8
FAB
 10
332.3058824800639
 20
-282.2281675790885
 30
0.0
  0
VERTEX
  5
8C3
  8
FAB
 10
332.2447366975932
 20
-282.1565733408073
 30
0.0
  0
VERTEX
  5
8C4
  8
FAB
 10
332.1731424593119
 20
-282.0954275583366
 30
0.0
  0
VERTEX
  5
8C5
  8
FAB
 10
332.0928659700541
 20
-282.0462351297477
 30
0.0
  0
VERTEX
  5
8C6
  8
FAB
 10
332.0058813356547
 20
-282.0102034067252
 30
0.0
  0
VERTEX
  5
8C7
  8
FAB
 10
331.914332415977
 20
-281.9882250284293
 30
0.0
  0
SEQEND
  5
8C8
  8
FAB
  0
CIRCLE
  5
8C9
  8
FAB
 10
304.8554065488963
 20
-294.4568444942573
 30
1.5
 40
1.299192070960999
  0
CIRCLE
  5
8CA
  8
FAB
 10
304.8553949855952
 20
-294.4568541502097
 30
0.0
 40
2.624182462692261
  0
CIRCLE
  5
8CB
  8
FAB
 10
304.8554065488963
 20
-294.4568444942573
 30
1.5
 40
3.450807690620422
  0
CIRCLE
  5
8CC
  8
FAB
 10
316.6315473579554
 20
-293.9641818260291
 30
1.0
 40
1.299486041069031
  0
CIRCLE
  5
8CD
  8
FAB
 10
316.6315473579554
 20
-293.9641818260291
 30
1.0
 40
2.625513911247253
  0
CIRCLE
  5
8CE
  8
FAB
 10
316.6315473579554
 20
-293.9641818260291
 30
1.0
 40
3.45051372051239
  0
CIRCLE
  5
8CF
  8
FAB
 10
331.8230839037089
 20
-295.0817593788245
 30
1.0
 40
1.299078822135925
  0
CIRCLE
  5
8D0
  8
FAB
 10
331.8230839037089
 20
-295.0817593788245
 30
1.0
 40
2.625921089546159
  0
CIRCLE
  5
8D1
  8
FAB
 10
331.8230839037089
 20
-295.0817593788245
 30
1.0
 40
3.449035048484802
  0
CIRCLE
  5
8D2
  8
FAB
 10
275.8553955816416
 20
-294.4461300825217
 30
7.235084533691406
 40
5.490092277526855
  0
CIRCLE
  5
8D3
  8
FAB
 10
275.8553955816416
 20
-277.9439776395896
 30
7.235084533691406
 40
1.140939712524414
  0
CIRCLE
  5
8D4
  8
FAB
 10
275.8553955816416
 20
-280.9939787839988
 30
7.235084533691406
 40
1.140941619873047
  0
CIRCLE
  5
8D5
  8
FAB
 10
275.8553955816416
 20
-283.9139779066184
 30
7.235084533691406
 40
1.140942573547363
  0
CIRCLE
  5
8D6
  8
FAB
 10
275.8553955816416
 20
-287.0089781736472
 30
7.235084533691406
 40
1.140941619873047
  0
CIRCLE
  5
8D7
  8
FAB
 10
259.3532431387095
 20
-294.4461300825217
 30
7.235084533691406
 40
1.140939712524414
  0
CIRCLE
  5
8D8
  8
FAB
 10
262.4032442831187
 20
-294.4461300825217
 30
7.235084533691406
 40
1.140941619873047
  0
CIRCLE
  5
8D9
  8
FAB
 10
265.3232434057383
 20
-294.4461300825217
 30
7.235084533691406
 40
1.140942573547363
  0
CIRCLE
  5
8DA
  8
FAB
 10
268.4182436727671
 20
-294.4461300825217
 30
7.235084533691406
 40
1.140941619873047
  0
CIRCLE
  5
8DB
  8
FAB
 10
275.8553955816416
 20
-310.9482825254539
 30
7.235084533691406
 40
1.140939712524414
  0
CIRCLE
  5
8DC
  8
FAB
 10
275.8553955816416
 20
-307.8982813810447
 30
7.235084533691406
 40
1.140941619873047
  0
CIRCLE
  5
8DD
  8
FAB
 10
275.8553955816416
 20
-304.9782822584251
 30
7.235084533691406
 40
1.140942573547363
  0
CIRCLE
  5
8DE
  8
FAB
 10
275.8553955816416
 20
-301.8832819913962
 30
7.235084533691406
 40
1.140941619873047
  0
CIRCLE
  5
8DF
  8
FAB
 10
292.3575480245738
 20
-294.4461300825217
 30
7.235084533691406
 40
1.140939712524414
  0
CIRCLE
  5
8E0
  8
FAB
 10
289.3075468801646
 20
-294.4461300825217
 30
7.235084533691406
 40
1.140941619873047
  0
CIRCLE
  5
8E1
  8
FAB
 10
286.387547757545
 20
-294.4461300825217
 30
7.235084533691406
 40
1.140942573547363
  0
CIRCLE
  5
8E2
  8
FAB
 10
283.2925474905161
 20
-294.4461300825217
 30
7.235084533691406
 40
1.140941619873047
  0
POLYLINE
  5
8E3
  8
FAB
 66
     1
 10
0.0
 20
0.0
 30
0.0000000000000022
 70
     1
  0
VERTEX
  5
8E4
  8
FAB
 10
382.5067828574684
 20
-324.5264611929408
 30
0.0000000000000022
 42
-1.912658911334652
  0
VERTEX
  5
8E5
  8
FAB
 10
382.4977203689263
 20
-302.4139444570812
 30
0.0000000000000022
 42
-0.1353060866689392
  0
VERTEX
  5
8E6
  8
FAB
 10
387.2237370185623
 20
-308.1776824750065
 30
0.0000000000000022
 42
0.2960710528572875
  0
VERTEX
  5
8E7
  8
FAB
 10
389.9637338347383
 20
-309.9560370897391
 30
0.0000000000000022
  0
VERTEX
  5
8E8
  8
FAB
 10
396.5391376186895
 20
-309.9560370897392
 30
0.0000000000000022
 42
0.4142135623731161
  0
VERTEX
  5
8E9
  8
FAB
 10
399.0391376186896
 20
-307.4560370897392
 30
0.0000000000000022
  0
VERTEX
  5
8EA
  8
FAB
 10
399.0391376186896
 20
-306.4560370897392
 30
0.0000000000000022
 42
0.4142135623730751
  0
VERTEX
  5
8EB
  8
FAB
 10
396.5391376186896
 20
-303.9560370897391
 30
0.0000000000000022
  0
VERTEX
  5
8EC
  8
FAB
 10
391.1034721524952
 20
-303.9560370897394
 30
0.0000000000000022
 42
-0.2328366833753391
  0
VERTEX
  5
8ED
  8
FAB
 10
388.7257048145529
 20
-302.7853053824223
 30
0.0000000000000022
 42
0.0357128917157617
  0
VERTEX
  5
8EE
  8
FAB
 10
387.0660317257386
 20
-300.9200744568186
 30
0.0000000000000022
 42
0.081601817639
  0
VERTEX
  5
8EF
  8
FAB
 10
387.2237370185624
 20
-299.9601990495095
 30
0.0000000000000022
  0
VERTEX
  5
8F0
  8
FAB
 10
387.2237370185622
 20
-292.3663875779699
 30
0.0000000000000022
  0
VERTEX
  5
8F1
  8
FAB
 10
387.2221468365349
 20
-292.2687220083732
 30
0.0000000000000022
  0
VERTEX
  5
8F2
  8
FAB
 10
387.2172992746796
 20
-292.1699568809073
 30
0.0000000000000022
  0
VERTEX
  5
8F3
  8
FAB
 10
387.209083749132
 20
-292.0702374500361
 30
0.0000000000000022
  0
VERTEX
  5
8F4
  8
FAB
 10
387.1973971408627
 20
-291.9697196097155
 30
0.0000000000000022
  0
VERTEX
  5
8F5
  8
FAB
 10
387.1821448991845
 20
-291.8685695270005
 30
0.0000000000000022
  0
VERTEX
  5
8F6
  8
FAB
 10
387.1632421394208
 20
-291.7669631503351
 30
0.0000000000000022
  0
VERTEX
  5
8F7
  8
FAB
 10
387.1406147192166
 20
-291.6650855892197
 30
0.0000000000000022
  0
VERTEX
  5
8F8
  8
FAB
 10
387.1278842859224
 20
-291.6141052842239
 30
0.0000000000000022
  0
VERTEX
  5
8F9
  8
FAB
 10
387.114200276975
 20
-291.5631303640186
 30
0.0000000000000022
  0
VERTEX
  5
8FA
  8
FAB
 10
387.0995568992996
 20
-291.5121861886273
 30
0.0000000000000022
  0
VERTEX
  5
8FB
  8
FAB
 10
387.0839492151995
 20
-291.4612985269887
 30
0.0000000000000022
  0
VERTEX
  5
8FC
  8
FAB
 10
387.0673731688361
 20
-291.4104935227241
 30
0.0000000000000022
  0
VERTEX
  5
8FD
  8
FAB
 10
387.0498256111616
 20
-291.3597976581023
 30
0.0000000000000022
  0
VERTEX
  5
8FE
  8
FAB
 10
387.0313043231732
 20
-291.3092377162764
 30
0.0000000000000022
  0
VERTEX
  5
8FF
  8
FAB
 10
387.0118080373603
 20
-291.2588407418778
 30
0.0000000000000022
  0
VERTEX
  5
900
  8
FAB
 10
386.9913364572176
 20
-291.208634000064
 30
0.0000000000000022
  0
VERTEX
  5
901
  8
FAB
 10
386.9698902747085
 20
-291.1586449341269
 30
0.0000000000000022
  0
VERTEX
  5
902
  8
FAB
 10
386.9474711855628
 20
-291.1089011217754
 30
0.0000000000000022
  0
VERTEX
  5
903
  8
FAB
 10
386.9240819023066
 20
-291.059430230221
 30
0.0000000000000022
  0
VERTEX
  5
904
  8
FAB
 10
386.8997261649234
 20
-291.0102599701996
 30
0.0000000000000022
  0
VERTEX
  5
905
  8
FAB
 10
386.8744087490609
 20
-290.9614180490709
 30
0.0000000000000022
  0
VERTEX
  5
906
  8
FAB
 10
386.8481354717042
 20
-290.91293212315
 30
0.0000000000000022
  0
VERTEX
  5
907
  8
FAB
 10
386.8209131942459
 20
-290.8648297494261
 30
0.0000000000000022
  0
VERTEX
  5
908
  8
FAB
 10
386.7927498228976
 20
-290.8171383368339
 30
0.0000000000000022
  0
VERTEX
  5
909
  8
FAB
 10
386.7636543063975
 20
-290.7698850972468
 30
0.0000000000000022
  0
VERTEX
  5
90A
  8
FAB
 10
386.7336366309792
 20
-290.7230969963659
 30
0.0000000000000022
  0
VERTEX
  5
90B
  8
FAB
 10
386.7027078125845
 20
-290.6768007046829
 30
0.0000000000000022
  0
VERTEX
  5
90C
  8
FAB
 10
386.6708798863106
 20
-290.6310225486957
 30
0.0000000000000022
  0
VERTEX
  5
90D
  8
FAB
 10
386.6381658930987
 20
-290.5857884625585
 30
0.0000000000000022
  0
VERTEX
  5
90E
  8
FAB
 10
386.6045798636849
 20
-290.5411239403473
 30
0.0000000000000022
  0
VERTEX
  5
90F
  8
FAB
 10
386.5701367998449
 20
-290.4970539891218
 30
0.0000000000000022
  0
VERTEX
  5
910
  8
FAB
 10
386.5348526529802
 20
-290.4536030829605
 30
0.0000000000000022
  0
VERTEX
  5
911
  8
FAB
 10
386.4987443001064
 20
-290.4107951181459
 30
0.0000000000000022
  0
VERTEX
  5
912
  8
FAB
 10
386.4618295173173
 20
-290.3686533696689
 30
0.0000000000000022
  0
VERTEX
  5
913
  8
FAB
 10
386.4241269508085
 20
-290.3272004492177
 30
0.0000000000000022
  0
VERTEX
  5
914
  8
FAB
 10
386.3856560855633
 20
-290.2864582648114
 30
0.0000000000000022
  0
VERTEX
  5
915
  8
FAB
 10
386.3464372118058
 20
-290.246447982226
 30
0.0000000000000022
  0
VERTEX
  5
916
  8
FAB
 10
386.3064913893468
 20
-290.20718998836
 30
0.0000000000000022
  0
VERTEX
  5
917
  8
FAB
 10
386.2658404099511
 20
-290.1687038566675
 30
0.0000000000000022
  0
VERTEX
  5
918
  8
FAB
 10
386.22450675787
 20
-290.1310083147866
 30
0.0000000000000022
  0
VERTEX
  5
919
  8
FAB
 10
386.1825135686847
 20
-290.0941212144708
 30
0.0000000000000022
  0
VERTEX
  5
91A
  8
FAB
 10
386.1398845866211
 20
-290.0580595039256
 30
0.0000000000000022
  0
VERTEX
  5
91B
  8
FAB
 10
386.0966441204982
 20
-290.0228392026388
 30
0.0000000000000022
  0
VERTEX
  5
91C
  8
FAB
 10
386.0528169984798
 20
-289.9884753787783
 30
0.0000000000000022
  0
VERTEX
  5
91D
  8
FAB
 10
386.0084285218018
 20
-289.9549821292194
 30
0.0000000000000022
  0
VERTEX
  5
91E
  8
FAB
 10
385.9635044176554
 20
-289.9223725622526
 30
0.0000000000000022
  0
VERTEX
  5
91F
  8
FAB
 10
385.9180707914008
 20
-289.8906587830051
 30
0.0000000000000022
  0
VERTEX
  5
920
  8
FAB
 10
385.872154078295
 20
-289.8598518815991
 30
0.0000000000000022
  0
VERTEX
  5
921
  8
FAB
 10
385.8257809949123
 20
-289.8299619240546
 30
0.0000000000000022
  0
VERTEX
  5
922
  8
FAB
 10
385.7789784904359
 20
-289.8009979459328
 30
0.0000000000000022
  0
VERTEX
  5
923
  8
FAB
 10
385.7317736979986
 20
-289.7729679487017
 30
0.0000000000000022
  0
VERTEX
  5
924
  8
FAB
 10
385.6841938862442
 20
-289.7458788987934
 30
0.0000000000000022
  0
VERTEX
  5
925
  8
FAB
 10
385.6362664112788
 20
-289.7197367293102
 30
0.0000000000000022
  0
VERTEX
  5
926
  8
FAB
 10
385.5880186691763
 20
-289.6945463443266
 30
0.0000000000000022
  0
VERTEX
  5
927
  8
FAB
 10
385.5394780491956
 20
-289.6703116257187
 30
0.0000000000000022
  0
VERTEX
  5
928
  8
FAB
 10
385.490671887858
 20
-289.647035442449
 30
0.0000000000000022
  0
VERTEX
  5
929
  8
FAB
 10
385.4416274240308
 20
-289.6247196622173
 30
0.0000000000000022
  0
VERTEX
  5
92A
  8
FAB
 10
384.6260203891066
 20
-289.2788808009448
 30
0.0000000000000022
  0
VERTEX
  5
92B
  8
FAB
 10
383.7924147712619
 20
-288.958492646614
 30
0.0000000000000022
  0
VERTEX
  5
92C
  8
FAB
 10
382.9419457400728
 20
-288.6647542935778
 30
0.0000000000000022
  0
VERTEX
  5
92D
  8
FAB
 10
382.0758464550782
 20
-288.398800894553
 30
0.0000000000000022
  0
VERTEX
  5
92E
  8
FAB
 10
381.7620882403195
 20
-288.31134630834
 30
0.0000000000000022
  0
VERTEX
  5
92F
  8
FAB
 10
381.6055124064605
 20
-288.2708464289465
 30
0.0000000000000022
  0
VERTEX
  5
930
  8
FAB
 10
381.4495890716802
 20
-288.2334265810931
 30
0.0000000000000022
  0
VERTEX
  5
931
  8
FAB
 10
381.2946914128365
 20
-288.1997699526536
 30
0.0000000000000022
  0
VERTEX
  5
932
  8
FAB
 10
381.1412131871271
 20
-288.1705433335838
 30
0.0000000000000022
  0
VERTEX
  5
933
  8
FAB
 10
380.9895622561662
 20
-288.1463922036062
 30
0.0000000000000022
  0
VERTEX
  5
934
  8
FAB
 10
380.9145517459632
 20
-288.1364146235331
 30
0.0000000000000022
  0
VERTEX
  5
935
  8
FAB
 10
380.8401541100619
 20
-288.1279358198944
 30
0.0000000000000022
  0
VERTEX
  5
936
  8
FAB
 10
380.7664214142218
 20
-288.1210282966366
 30
0.0000000000000022
  0
VERTEX
  5
937
  8
FAB
 10
380.693405391493
 20
-288.1157623047579
 30
0.0000000000000022
  0
VERTEX
  5
938
  8
FAB
 10
380.6211572398433
 20
-288.1122056887975
 30
0.0000000000000022
  0
VERTEX
  5
939
  8
FAB
 10
380.549727419786
 20
-288.1104237333266
 30
0.0000000000000022
  0
VERTEX
  5
93A
  8
FAB
 10
380.4791654520069
 20
-288.1104790094379
 30
0.0000000000000022
  0
VERTEX
  5
93B
  8
FAB
 10
380.4095197149919
 20
-288.112431221236
 30
0.0000000000000022
  0
VERTEX
  5
93C
  8
FAB
 10
380.3408372426547
 20
-288.1163370523275
 30
0.0000000000000022
  0
VERTEX
  5
93D
  8
FAB
 10
380.2731635219636
 20
-288.1222500123112
 30
0.0000000000000022
  0
VERTEX
  5
93E
  8
FAB
 10
380.2065422905694
 20
-288.1302202832682
 30
0.0000000000000022
  0
VERTEX
  5
93F
  8
FAB
 10
380.1410153344327
 20
-288.1402945662519
 30
0.0000000000000022
  0
VERTEX
  5
940
  8
FAB
 10
380.1086746842306
 20
-288.1461343167118
 30
0.0000000000000022
  0
VERTEX
  5
941
  8
FAB
 10
380.0766222854509
 20
-288.1525159277787
 30
0.0000000000000022
  0
VERTEX
  5
942
  8
FAB
 10
380.0448627223069
 20
-288.1594441896853
 30
0.0000000000000022
  0
VERTEX
  5
943
  8
FAB
 10
380.0134004190862
 20
-288.1669236463173
 30
0.0000000000000022
  0
VERTEX
  5
944
  8
FAB
 10
379.9822396338269
 20
-288.1749585904156
 30
0.0000000000000022
  0
VERTEX
  5
945
  8
FAB
 10
379.9513844519929
 20
-288.1835530587796
 30
0.0000000000000022
  0
VERTEX
  5
946
  8
FAB
 10
379.9208387801506
 20
-288.1927108274697
 30
0.0000000000000022
  0
VERTEX
  5
947
  8
FAB
 10
379.8906063396443
 20
-288.2024354070103
 30
0.0000000000000022
  0
VERTEX
  5
948
  8
FAB
 10
379.8606906602718
 20
-288.2127300375926
 30
0.0000000000000022
  0
VERTEX
  5
949
  8
FAB
 10
379.8310950739606
 20
-288.2235976842774
 30
0.0000000000000022
  0
VERTEX
  5
94A
  8
FAB
 10
379.801822708444
 20
-288.2350410321978
 30
0.0000000000000022
  0
VERTEX
  5
94B
  8
FAB
 10
379.7728764809363
 20
-288.2470624817622
 30
0.0000000000000022
  0
VERTEX
  5
94C
  8
FAB
 10
379.7442590918092
 20
-288.2596641438571
 30
0.0000000000000022
  0
VERTEX
  5
94D
  8
FAB
 10
379.7159730182674
 20
-288.2728478350496
 30
0.0000000000000022
  0
VERTEX
  5
94E
  8
FAB
 10
379.6880205080244
 20
-288.2866150727907
 30
0.0000000000000022
  0
VERTEX
  5
94F
  8
FAB
 10
379.6604035729787
 20
-288.3009670706178
 30
0.0000000000000022
  0
VERTEX
  5
950
  8
FAB
 10
379.6331239828893
 20
-288.3159047333577
 30
0.0000000000000022
  0
VERTEX
  5
951
  8
FAB
 10
379.6061832590516
 20
-288.3314286523293
 30
0.0000000000000022
  0
VERTEX
  5
952
  8
FAB
 10
379.5795826679736
 20
-288.3475391005462
 30
0.0000000000000022
  0
VERTEX
  5
953
  8
FAB
 10
379.5533232150513
 20
-288.3642360279198
 30
0.0000000000000022
  0
VERTEX
  5
954
  8
FAB
 10
379.5274056382448
 20
-288.3815190564625
 30
0.0000000000000022
  0
VERTEX
  5
955
  8
FAB
 10
379.501830401754
 20
-288.3993874754898
 30
0.0000000000000022
  0
VERTEX
  5
956
  8
FAB
 10
379.4765976896948
 20
-288.4178402368232
 30
0.0000000000000022
  0
VERTEX
  5
957
  8
FAB
 10
379.4517073997747
 20
-288.4368759499935
 30
0.0000000000000022
  0
VERTEX
  5
958
  8
FAB
 10
379.4271591369685
 20
-288.4564928774431
 30
0.0000000000000022
  0
VERTEX
  5
959
  8
FAB
 10
379.4029522071945
 20
-288.4766889297294
 30
0.0000000000000022
  0
VERTEX
  5
95A
  8
FAB
 10
379.3790856109899
 20
-288.497461660727
 30
0.0000000000000022
  0
VERTEX
  5
95B
  8
FAB
 10
379.3555580371874
 20
-288.5188082628309
 30
0.0000000000000022
  0
VERTEX
  5
95C
  8
FAB
 10
379.3323678565903
 20
-288.5407255621593
 30
0.0000000000000022
  0
VERTEX
  5
95D
  8
FAB
 10
379.3095131156489
 20
-288.5632100137559
 30
0.0000000000000022
  0
VERTEX
  5
95E
  8
FAB
 10
379.2869915301358
 20
-288.5862576967936
 30
0.0000000000000022
  0
VERTEX
  5
95F
  8
FAB
 10
379.2648004788223
 20
-288.6098643097768
 30
0.0000000000000022
  0
VERTEX
  5
960
  8
FAB
 10
379.2429369971539
 20
-288.634025165744
 30
0.0000000000000022
  0
VERTEX
  5
961
  8
FAB
 10
379.2213977709266
 20
-288.6587351874713
 30
0.0000000000000022
  0
VERTEX
  5
962
  8
FAB
 10
379.200179129962
 20
-288.6839889026744
 30
0.0000000000000022
  0
VERTEX
  5
963
  8
FAB
 10
379.179277041784
 20
-288.709780439212
 30
0.0000000000000022
  0
VERTEX
  5
964
  8
FAB
 10
379.1384045444469
 20
-288.7629514596567
 30
0.0000000000000022
  0
VERTEX
  5
965
  8
FAB
 10
379.0987405328257
 20
-288.8181930922386
 30
0.0000000000000022
  0
VERTEX
  5
966
  8
FAB
 10
379.0602390593162
 20
-288.8754434756565
 30
0.0000000000000022
  0
VERTEX
  5
967
  8
FAB
 10
379.0228477724265
 20
-288.9346338903648
 30
0.0000000000000022
  0
VERTEX
  5
968
  8
FAB
 10
378.9865077144052
 20
-288.9956886050635
 30
0.0000000000000022
  0
VERTEX
  5
969
  8
FAB
 10
378.9511531188681
 20
-289.0585247231892
 30
0.0000000000000022
  0
VERTEX
  5
96A
  8
FAB
 10
378.916711208426
 20
-289.1230520294037
 30
0.0000000000000022
  0
VERTEX
  5
96B
  8
FAB
 10
378.8831019923117
 20
-289.1891728360856
 30
0.0000000000000022
  0
VERTEX
  5
96C
  8
FAB
 10
378.8180243988753
 20
-289.325765917888
 30
0.0000000000000022
  0
VERTEX
  5
96D
  8
FAB
 10
378.7551284547105
 20
-289.4673671885749
 30
0.0000000000000022
  0
VERTEX
  5
96E
  8
FAB
 10
378.5048946932897
 20
-290.0604870601366
 30
0.0000000000000022
 42
-0.5916229389656129
  0
VERTEX
  5
96F
  8
FAB
 10
367.3835424733675
 20
-290.9873472884844
 30
0.0000000000000022
  0
VERTEX
  5
970
  8
FAB
 10
367.0385807965308
 20
-290.4438313651573
 30
0.0000000000000022
  0
VERTEX
  5
971
  8
FAB
 10
366.953113064218
 20
-290.3145948131071
 30
0.0000000000000022
  0
VERTEX
  5
972
  8
FAB
 10
366.8663227925131
 20
-290.1906584911465
 30
0.0000000000000022
  0
VERTEX
  5
973
  8
FAB
 10
366.8222321567482
 20
-290.1310132371699
 30
0.0000000000000022
  0
VERTEX
  5
974
  8
FAB
 10
366.7775840885858
 20
-290.0730773376638
 30
0.0000000000000022
  0
VERTEX
  5
975
  8
FAB
 10
366.7323158711483
 20
-290.0169603735913
 30
0.0000000000000022
  0
VERTEX
  5
976
  8
FAB
 10
366.6863706645256
 20
-289.9627633626743
 30
0.0000000000000022
  0
VERTEX
  5
977
  8
FAB
 10
366.6396973316045
 20
-289.9105789442849
 30
0.0000000000000022
  0
VERTEX
  5
978
  8
FAB
 10
366.5922502638995
 20
-289.8604915643365
 30
0.0000000000000022
  0
VERTEX
  5
979
  8
FAB
 10
366.5439892073822
 20
-289.8125776601748
 30
0.0000000000000022
  0
VERTEX
  5
97A
  8
FAB
 10
366.4948790883111
 20
-289.766905845469
 30
0.0000000000000022
  0
VERTEX
  5
97B
  8
FAB
 10
366.4699960433963
 20
-289.7449300696477
 30
0.0000000000000022
  0
VERTEX
  5
97C
  8
FAB
 10
366.4448898390621
 20
-289.723537095103
 30
0.0000000000000022
  0
VERTEX
  5
97D
  8
FAB
 10
366.4195574704863
 20
-289.702733380469
 30
0.0000000000000022
  0
VERTEX
  5
97E
  8
FAB
 10
366.3939962239581
 20
-289.6825249300668
 30
0.0000000000000022
  0
VERTEX
  5
97F
  8
FAB
 10
366.3682036714348
 20
-289.662917299683
 30
0.0000000000000022
  0
VERTEX
  5
980
  8
FAB
 10
366.342177665099
 20
-289.6439156023471
 30
0.0000000000000022
  0
VERTEX
  5
981
  8
FAB
 10
366.3159163319164
 20
-289.6255245141093
 30
0.0000000000000022
  0
VERTEX
  5
982
  8
FAB
 10
366.2894180681917
 20
-289.6077482798187
 30
0.0000000000000022
  0
VERTEX
  5
983
  8
FAB
 10
366.2626815341275
 20
-289.5905907189009
 30
0.0000000000000022
  0
VERTEX
  5
984
  8
FAB
 10
366.23570564838
 20
-289.574055231136
 30
0.0000000000000022
  0
VERTEX
  5
985
  8
FAB
 10
366.2084895826168
 20
-289.558144802436
 30
0.0000000000000022
  0
VERTEX
  5
986
  8
FAB
 10
366.1810327560744
 20
-289.5428620106234
 30
0.0000000000000022
  0
VERTEX
  5
987
  8
FAB
 10
366.1533348301147
 20
-289.5282090312085
 30
0.0000000000000022
  0
VERTEX
  5
988
  8
FAB
 10
366.1253957027825
 20
-289.5141876431673
 30
0.0000000000000022
  0
VERTEX
  5
989
  8
FAB
 10
366.097215503363
 20
-289.5007992347195
 30
0.0000000000000022
  0
VERTEX
  5
98A
  8
FAB
 10
366.0687945869385
 20
-289.4880448091064
 30
0.0000000000000022
  0
VERTEX
  5
98B
  8
FAB
 10
366.0401335289457
 20
-289.4759249903685
 30
0.0000000000000022
  0
VERTEX
  5
98C
  8
FAB
 10
366.0112331197333
 20
-289.4644400291235
 30
0.0000000000000022
  0
VERTEX
  5
98D
  8
FAB
 10
365.9820943591184
 20
-289.4535898083442
 30
0.0000000000000022
  0
VERTEX
  5
98E
  8
FAB
 10
365.9527184509445
 20
-289.4433738491363
 30
0.0000000000000022
  0
VERTEX
  5
98F
  8
FAB
 10
365.9231067976382
 20
-289.4337913165162
 30
0.0000000000000022
  0
VERTEX
  5
990
  8
FAB
 10
365.8932609947665
 20
-289.4248410251888
 30
0.0000000000000022
  0
VERTEX
  5
991
  8
FAB
 10
365.8631828255939
 20
-289.4165214453255
 30
0.0000000000000022
  0
VERTEX
  5
992
  8
FAB
 10
365.8328742556399
 20
-289.4088307083421
 30
0.0000000000000022
  0
VERTEX
  5
993
  8
FAB
 10
365.8023374272358
 20
-289.4017666126762
 30
0.0000000000000022
  0
VERTEX
  5
994
  8
FAB
 10
365.7715746540821
 20
-289.3953266295659
 30
0.0000000000000022
  0
VERTEX
  5
995
  8
FAB
 10
365.7405884158058
 20
-289.3895079088264
 30
0.0000000000000022
  0
VERTEX
  5
996
  8
FAB
 10
365.709381352517
 20
-289.3843072846294
 30
0.0000000000000022
  0
VERTEX
  5
997
  8
FAB
 10
365.677956259367
 20
-289.3797212812793
 30
0.0000000000000022
  0
VERTEX
  5
998
  8
FAB
 10
365.6463160811047
 20
-289.3757461189925
 30
0.0000000000000022
  0
VERTEX
  5
999
  8
FAB
 10
365.6144639066342
 20
-289.3723777196743
 30
0.0000000000000022
  0
VERTEX
  5
99A
  8
FAB
 10
365.5824029635718
 20
-289.3696117126971
 30
0.0000000000000022
  0
VERTEX
  5
99B
  8
FAB
 10
365.5501366128034
 20
-289.3674434406784
 30
0.0000000000000022
  0
VERTEX
  5
99C
  8
FAB
 10
365.5176683430413
 20
-289.3658679652582
 30
0.0000000000000022
  0
VERTEX
  5
99D
  8
FAB
 10
365.4850017653818
 20
-289.3648800728771
 30
0.0000000000000022
  0
VERTEX
  5
99E
  8
FAB
 10
365.4521406078622
 20
-289.3644742805545
 30
0.0000000000000022
  0
VERTEX
  5
99F
  8
FAB
 10
365.3858500174402
 20
-289.3653857517207
 30
0.0000000000000022
  0
VERTEX
  5
9A0
  8
FAB
 10
365.3188285280667
 20
-289.3685533460375
 30
0.0000000000000022
  0
VERTEX
  5
9A1
  8
FAB
 10
365.2511096187494
 20
-289.3739240898232
 30
0.0000000000000022
  0
VERTEX
  5
9A2
  8
FAB
 10
365.182728117042
 20
-289.3814412533253
 30
0.0000000000000022
  0
VERTEX
  5
9A3
  8
FAB
 10
365.1137200248745
 20
-289.3910445356107
 30
0.0000000000000022
  0
VERTEX
  5
9A4
  8
FAB
 10
365.0441223443825
 20
-289.4026702494575
 30
0.0000000000000022
  0
VERTEX
  5
9A5
  8
FAB
 10
364.9739729037378
 20
-289.4162515062461
 30
0.0000000000000022
  0
VERTEX
  5
9A6
  8
FAB
 10
364.903310182978
 20
-289.4317184008502
 30
0.0000000000000022
  0
VERTEX
  5
9A7
  8
FAB
 10
364.8321731398363
 20
-289.4489981965281
 30
0.0000000000000022
  0
VERTEX
  5
9A8
  8
FAB
 10
364.7606010355721
 20
-289.4680155098133
 30
0.0000000000000022
  0
VERTEX
  5
9A9
  8
FAB
 10
364.6886332608002
 20
-289.4886924954066
 30
0.0000000000000022
  0
VERTEX
  5
9AA
  8
FAB
 10
364.6163091613212
 20
-289.5109490310664
 30
0.0000000000000022
  0
VERTEX
  5
9AB
  8
FAB
 10
364.4707481023524
 20
-289.5598699882563
 30
0.0000000000000022
  0
VERTEX
  5
9AC
  8
FAB
 10
364.3242251103219
 20
-289.614098890473
 30
0.0000000000000022
  0
VERTEX
  5
9AD
  8
FAB
 10
364.1770355729739
 20
-289.6729316487666
 30
0.0000000000000022
  0
VERTEX
  5
9AE
  8
FAB
 10
364.0294574406983
 20
-289.7356454926646
 30
0.0000000000000022
  0
VERTEX
  5
9AF
  8
FAB
 10
363.8817456530898
 20
-289.8015048866872
 30
0.0000000000000022
  0
VERTEX
  5
9B0
  8
FAB
 10
363.5867923756254
 20
-289.9396898572566
 30
0.0000000000000022
 42
0.0552225609026058
  0
VERTEX
  5
9B1
  8
FAB
 10
358.7127854460177
 20
-292.9763850979037
 30
0.0000000000000022
  0
VERTEX
  5
9B2
  8
FAB
 10
358.4587485175994
 20
-293.1802423052231
 30
0.0000000000000022
  0
VERTEX
  5
9B3
  8
FAB
 10
358.3345285524977
 20
-293.2838069335916
 30
0.0000000000000022
  0
VERTEX
  5
9B4
  8
FAB
 10
358.2131910525389
 20
-293.3886379521192
 30
0.0000000000000022
  0
VERTEX
  5
9B5
  8
FAB
 10
358.0955086222463
 20
-293.4948306964708
 30
0.0000000000000022
  0
VERTEX
  5
9B6
  8
FAB
 10
357.9822525495529
 20
-293.602454220974
 30
0.0000000000000022
  0
VERTEX
  5
9B7
  8
FAB
 10
357.8741850384966
 20
-293.7115536939047
 30
0.0000000000000022
  0
VERTEX
  5
9B8
  8
FAB
 10
357.8223307869814
 20
-293.7666650842391
 30
0.0000000000000022
  0
VERTEX
  5
9B9
  8
FAB
 10
357.772051441915
 20
-293.8221527927726
 30
0.0000000000000022
  0
VERTEX
  5
9BA
  8
FAB
 10
357.7234362650786
 20
-293.8780168142383
 30
0.0000000000000022
  0
VERTEX
  5
9BB
  8
FAB
 10
357.6765724941403
 20
-293.934256099607
 30
0.0000000000000022
  0
VERTEX
  5
9BC
  8
FAB
 10
357.6315450999266
 20
-293.99086863094
 30
0.0000000000000022
  0
VERTEX
  5
9BD
  8
FAB
 10
357.5884365436943
 20
-294.0478514962419
 30
0.0000000000000022
  0
VERTEX
  5
9BE
  8
FAB
 10
357.5473265344026
 20
-294.105200964313
 30
0.0000000000000022
  0
VERTEX
  5
9BF
  8
FAB
 10
357.5082917859838
 20
-294.1629125596022
 30
0.0000000000000022
  0
VERTEX
  5
9C0
  8
FAB
 10
357.4714057746161
 20
-294.2209811370595
 30
0.0000000000000022
  0
VERTEX
  5
9C1
  8
FAB
 10
357.4367384959947
 20
-294.2794009569889
 30
0.0000000000000022
  0
VERTEX
  5
9C2
  8
FAB
 10
357.4043562226036
 20
-294.3381657599007
 30
0.0000000000000022
  0
VERTEX
  5
9C3
  8
FAB
 10
357.3743212609876
 20
-294.3972688413646
 30
0.0000000000000022
  0
VERTEX
  5
9C4
  8
FAB
 10
357.36020234872
 20
-294.4269450381765
 30
0.0000000000000022
  0
VERTEX
  5
9C5
  8
FAB
 10
357.3466917090235
 20
-294.4567031268622
 30
0.0000000000000022
  0
VERTEX
  5
9C6
  8
FAB
 10
357.333795906706
 20
-294.4865421775614
 30
0.0000000000000022
  0
VERTEX
  5
9C7
  8
FAB
 10
357.3215212131924
 20
-294.5164612466396
 30
0.0000000000000022
  0
VERTEX
  5
9C8
  8
FAB
 10
357.3098735989396
 20
-294.5464593790274
 30
0.0000000000000022
  0
VERTEX
  5
9C9
  8
FAB
 10
357.2988587258511
 20
-294.57653561056
 30
0.0000000000000022
  0
VERTEX
  5
9CA
  8
FAB
 10
357.2884819396921
 20
-294.606688970316
 30
0.0000000000000022
  0
VERTEX
  5
9CB
  8
FAB
 10
357.2787482625038
 20
-294.6369184829567
 30
0.0000000000000022
  0
VERTEX
  5
9CC
  8
FAB
 10
357.2696623850184
 20
-294.6672231710652
 30
0.0000000000000022
  0
VERTEX
  5
9CD
  8
FAB
 10
357.2612286590738
 20
-294.6976020574856
 30
0.0000000000000022
  0
VERTEX
  5
9CE
  8
FAB
 10
357.2534510900284
 20
-294.728054167662
 30
0.0000000000000022
  0
VERTEX
  5
9CF
  8
FAB
 10
357.2463333291756
 20
-294.7585785319777
 30
0.0000000000000022
  0
VERTEX
  5
9D0
  8
FAB
 10
357.2398786661587
 20
-294.7891741880946
 30
0.0000000000000022
  0
VERTEX
  5
9D1
  8
FAB
 10
357.2340900213859
 20
-294.819840183292
 30
0.0000000000000022
  0
VERTEX
  5
9D2
  8
FAB
 10
357.2289699384444
 20
-294.8505755768059
 30
0.0000000000000022
  0
VERTEX
  5
9D3
  8
FAB
 10
357.2245205765159
 20
-294.8813794421681
 30
0.0000000000000022
  0
VERTEX
  5
9D4
  8
FAB
 10
357.2207437027908
 20
-294.9122508695454
 30
0.0000000000000022
  0
VERTEX
  5
9D5
  8
FAB
 10
357.217640684883
 20
-294.9431889680789
 30
0.0000000000000022
  0
VERTEX
  5
9D6
  8
FAB
 10
357.215212483245
 20
-294.9741928682226
 30
0.0000000000000022
  0
VERTEX
  5
9D7
  8
FAB
 10
357.2134596435823
 20
-295.0052617240832
 30
0.0000000000000022
  0
VERTEX
  5
9D8
  8
FAB
 10
357.212382289268
 20
-295.0363947157589
 30
0.0000000000000022
  0
VERTEX
  5
9D9
  8
FAB
 10
357.2119801137582
 20
-295.0675910516786
 30
0.0000000000000022
  0
VERTEX
  5
9DA
  8
FAB
 10
357.2122523730059
 20
-295.0988499709409
 30
0.0000000000000022
  0
VERTEX
  5
9DB
  8
FAB
 10
357.2131978778764
 20
-295.1301707456537
 30
0.0000000000000022
  0
VERTEX
  5
9DC
  8
FAB
 10
357.2148149865618
 20
-295.1615526832728
 30
0.0000000000000022
  0
VERTEX
  5
9DD
  8
FAB
 10
357.2171015969957
 20
-295.1929951289413
 30
0.0000000000000022
  0
VERTEX
  5
9DE
  8
FAB
 10
357.2200551392679
 20
-295.2244974678289
 30
0.0000000000000022
  0
VERTEX
  5
9DF
  8
FAB
 10
357.2236725680393
 20
-295.2560591274708
 30
0.0000000000000022
  0
VERTEX
  5
9E0
  8
FAB
 10
357.2279503549566
 20
-295.287679580107
 30
0.0000000000000022
  0
VERTEX
  5
9E1
  8
FAB
 10
357.2328844810669
 20
-295.319358345021
 30
0.0000000000000022
  0
VERTEX
  5
9E2
  8
FAB
 10
357.2384704292326
 20
-295.35109499088
 30
0.0000000000000022
  0
VERTEX
  5
9E3
  8
FAB
 10
357.2447031765462
 20
-295.3828891380726
 30
0.0000000000000022
  0
VERTEX
  5
9E4
  8
FAB
 10
357.2515771867446
 20
-295.4147404610495
 30
0.0000000000000022
  0
VERTEX
  5
9E5
  8
FAB
 10
357.2590864026246
 20
-295.446648690661
 30
0.0000000000000022
  0
VERTEX
  5
9E6
  8
FAB
 10
357.2672242384569
 20
-295.4786136164978
 30
0.0000000000000022
  0
VERTEX
  5
9E7
  8
FAB
 10
357.2759835724012
 20
-295.5106350892289
 30
0.0000000000000022
  0
VERTEX
  5
9E8
  8
FAB
 10
357.2953355211981
 20
-295.5748473974791
 30
0.0000000000000022
  0
VERTEX
  5
9E9
  8
FAB
 10
357.3170742638325
 20
-295.6392857312271
 30
0.0000000000000022
  0
VERTEX
  5
9EA
  8
FAB
 10
357.3411227518884
 20
-295.7039513332537
 30
0.0000000000000022
  0
VERTEX
  5
9EB
  8
FAB
 10
357.3673946309879
 20
-295.7688466481578
 30
0.0000000000000022
  0
VERTEX
  5
9EC
  8
FAB
 10
357.3957939980631
 20
-295.8339753972091
 30
0.0000000000000022
  0
VERTEX
  5
9ED
  8
FAB
 10
357.4262151586284
 20
-295.8993426532005
 30
0.0000000000000022
  0
VERTEX
  5
9EE
  8
FAB
 10
357.4585423840512
 20
-295.9649549153012
 30
0.0000000000000022
  0
VERTEX
  5
9EF
  8
FAB
 10
357.4926496688244
 20
-296.030820183909
 30
0.0000000000000022
  0
VERTEX
  5
9F0
  8
FAB
 10
357.5656475536501
 20
-296.1633496974968
 30
0.0000000000000022
  0
VERTEX
  5
9F1
  8
FAB
 10
357.6439860078787
 20
-296.2970280661232
 30
0.0000000000000022
  0
VERTEX
  5
9F2
  8
FAB
 10
357.9798275396608
 20
-296.8462261932827
 30
0.0000000000000022
 42
-0.5916229390018753
  0
VERTEX
  5
9F3
  8
FAB
 10
352.2462404326711
 20
-306.420646487615
 30
0.0000000000000022
  0
VERTEX
  5
9F4
  8
FAB
 10
351.6035472857465
 20
-306.3838546910807
 30
0.0000000000000022
  0
VERTEX
  5
9F5
  8
FAB
 10
351.4487202853543
 20
-306.3779032541065
 30
0.0000000000000022
  0
VERTEX
  5
9F6
  8
FAB
 10
351.2974272781009
 20
-306.3761174433687
 30
0.0000000000000022
  0
VERTEX
  5
9F7
  8
FAB
 10
351.2232620165476
 20
-306.377144313767
 30
0.0000000000000022
  0
VERTEX
  5
9F8
  8
FAB
 10
351.1501601377651
 20
-306.3796209567911
 30
0.0000000000000022
  0
VERTEX
  5
9F9
  8
FAB
 10
351.0781740746681
 20
-306.3836622296724
 30
0.0000000000000022
  0
VERTEX
  5
9FA
  8
FAB
 10
351.007352731994
 20
-306.3893732213364
 30
0.0000000000000022
  0
VERTEX
  5
9FB
  8
FAB
 10
350.9377415349043
 20
-306.3968495017172
 30
0.0000000000000022
  0
VERTEX
  5
9FC
  8
FAB
 10
350.8693824775877
 20
-306.4061773710714
 30
0.0000000000000022
  0
VERTEX
  5
9FD
  8
FAB
 10
350.8023141718629
 20
-306.4174341092937
 30
0.0000000000000022
  0
VERTEX
  5
9FE
  8
FAB
 10
350.736571895781
 20
-306.4306882252307
 30
0.0000000000000022
  0
VERTEX
  5
9FF
  8
FAB
 10
350.7042081436308
 20
-306.438083371878
 30
0.0000000000000022
  0
VERTEX
  5
A00
  8
FAB
 10
350.672187642228
 20
-306.4459997059953
 30
0.0000000000000022
  0
VERTEX
  5
A01
  8
FAB
 10
350.6405138853502
 20
-306.4544434353541
 30
0.0000000000000022
  0
VERTEX
  5
A02
  8
FAB
 10
350.6091901675277
 20
-306.4634202662818
 30
0.0000000000000022
  0
VERTEX
  5
A03
  8
FAB
 10
350.5782195855618
 20
-306.4729354114529
 30
0.0000000000000022
  0
VERTEX
  5
A04
  8
FAB
 10
350.5476050400441
 20
-306.48299359768
 30
0.0000000000000022
  0
VERTEX
  5
A05
  8
FAB
 10
350.5173492368754
 20
-306.493599073705
 30
0.0000000000000022
  0
VERTEX
  5
A06
  8
FAB
 10
350.4874546887839
 20
-306.5047556179899
 30
0.0000000000000022
  0
VERTEX
  5
A07
  8
FAB
 10
350.4579237168451
 20
-306.5164665465082
 30
0.0000000000000022
  0
VERTEX
  5
A08
  8
FAB
 10
350.4287584519994
 20
-306.5287347205358
 30
0.0000000000000022
  0
VERTEX
  5
A09
  8
FAB
 10
350.3999608365719
 20
-306.5415625544423
 30
0.0000000000000022
  0
VERTEX
  5
A0A
  8
FAB
 10
350.3715326257908
 20
-306.5549520234816
 30
0.0000000000000022
  0
VERTEX
  5
A0B
  8
FAB
 10
350.3434753893063
 20
-306.5689046715836
 30
0.0000000000000022
  0
VERTEX
  5
A0C
  8
FAB
 10
350.3157905127092
 20
-306.5834216191447
 30
0.0000000000000022
  0
VERTEX
  5
A0D
  8
FAB
 10
350.2884791990503
 20
-306.5985035708193
 30
0.0000000000000022
  0
VERTEX
  5
A0E
  8
FAB
 10
350.2615424703587
 20
-306.6141508233105
 30
0.0000000000000022
  0
VERTEX
  5
A0F
  8
FAB
 10
350.2349811691609
 20
-306.6303632731618
 30
0.0000000000000022
  0
VERTEX
  5
A10
  8
FAB
 10
350.2087959599995
 20
-306.6471404245476
 30
0.0000000000000022
  0
VERTEX
  5
A11
  8
FAB
 10
350.182987330952
 20
-306.6644813970641
 30
0.0000000000000022
  0
VERTEX
  5
A12
  8
FAB
 10
350.1575555951499
 20
-306.6823849335212
 30
0.0000000000000022
  0
VERTEX
  5
A13
  8
FAB
 10
350.1325008922973
 20
-306.700849407733
 30
0.0000000000000022
  0
VERTEX
  5
A14
  8
FAB
 10
350.1078231901897
 20
-306.7198728323087
 30
0.0000000000000022
  0
VERTEX
  5
A15
  8
FAB
 10
350.083522286233
 20
-306.7394528664446
 30
0.0000000000000022
  0
VERTEX
  5
A16
  8
FAB
 10
350.0595978089621
 20
-306.7595868237138
 30
0.0000000000000022
  0
VERTEX
  5
A17
  8
FAB
 10
350.03604921956
 20
-306.7802716798585
 30
0.0000000000000022
  0
VERTEX
  5
A18
  8
FAB
 10
350.0128758133767
 20
-306.8015040805806
 30
0.0000000000000022
  0
VERTEX
  5
A19
  8
FAB
 10
349.9900767214473
 20
-306.8232803493326
 30
0.0000000000000022
  0
VERTEX
  5
A1A
  8
FAB
 10
349.9676509120117
 20
-306.8455964951089
 30
0.0000000000000022
  0
VERTEX
  5
A1B
  8
FAB
 10
349.9455971920333
 20
-306.8684482202369
 30
0.0000000000000022
  0
VERTEX
  5
A1C
  8
FAB
 10
349.9239142087173
 20
-306.8918309281681
 30
0.0000000000000022
  0
VERTEX
  5
A1D
  8
FAB
 10
349.90260045103
 20
-306.9157397312688
 30
0.0000000000000022
  0
VERTEX
  5
A1E
  8
FAB
 10
349.8816542512173
 20
-306.9401694586119
 30
0.0000000000000022
  0
VERTEX
  5
A1F
  8
FAB
 10
349.8610737863241
 20
-306.9651146637672
 30
0.0000000000000022
  0
VERTEX
  5
A20
  8
FAB
 10
349.8408570797126
 20
-306.990569632593
 30
0.0000000000000022
  0
VERTEX
  5
A21
  8
FAB
 10
349.821002002581
 20
-307.016528391027
 30
0.0000000000000022
  0
VERTEX
  5
A22
  8
FAB
 10
349.801506275483
 20
-307.0429847128775
 30
0.0000000000000022
  0
VERTEX
  5
A23
  8
FAB
 10
349.7635830094906
 20
-307.0973639281592
 30
0.0000000000000022
  0
VERTEX
  5
A24
  8
FAB
 10
349.7270660909816
 20
-307.1536527223745
 30
0.0000000000000022
  0
VERTEX
  5
A25
  8
FAB
 10
349.6919320160897
 20
-307.2117930040167
 30
0.0000000000000022
  0
VERTEX
  5
A26
  8
FAB
 10
349.6581550164379
 20
-307.2717233954504
 30
0.0000000000000022
  0
VERTEX
  5
A27
  8
FAB
 10
349.6257071077421
 20
-307.3333794822263
 30
0.0000000000000022
  0
VERTEX
  5
A28
  8
FAB
 10
349.5945581384125
 20
-307.3966940623956
 30
0.0000000000000022
  0
VERTEX
  5
A29
  8
FAB
 10
349.5646758381571
 20
-307.4615973958244
 30
0.0000000000000022
  0
VERTEX
  5
A2A
  8
FAB
 10
349.5360258665841
 20
-307.5280174535085
 30
0.0000000000000022
  0
VERTEX
  5
A2B
  8
FAB
 10
349.5085718618044
 20
-307.5958801668875
 30
0.0000000000000022
  0
VERTEX
  5
A2C
  8
FAB
 10
349.4822754890342
 20
-307.6651096771597
 30
0.0000000000000022
  0
VERTEX
  5
A2D
  8
FAB
 10
349.4570964891976
 20
-307.7356285845965
 30
0.0000000000000022
  0
VERTEX
  5
A2E
  8
FAB
 10
349.4329927275294
 20
-307.8073581978566
 30
0.0000000000000022
  0
VERTEX
  5
A2F
  8
FAB
 10
349.3878332928048
 20
-307.9541298143084
 30
0.0000000000000022
  0
VERTEX
  5
A30
  8
FAB
 10
349.3464244398481
 20
-308.10477863749
 30
0.0000000000000022
  0
VERTEX
  5
A31
  8
FAB
 10
349.3083665231821
 20
-308.258654068707
 30
0.0000000000000022
  0
VERTEX
  5
A32
  8
FAB
 10
349.2732345521486
 20
-308.4151087776604
 30
0.0000000000000022
  0
VERTEX
  5
A33
  8
FAB
 10
349.2405797461909
 20
-308.5735066805107
 30
0.0000000000000022
  0
VERTEX
  5
A34
  8
FAB
 10
349.180796889489
 20
-308.8936918332315
 30
0.0000000000000022
 42
0.0881588622658993
  0
VERTEX
  5
A35
  8
FAB
 10
349.1807968894893
 20
-318.0183823462471
 30
0.0000000000000022
  0
VERTEX
  5
A36
  8
FAB
 10
349.2405797461911
 20
-318.3385674989679
 30
0.0000000000000022
  0
VERTEX
  5
A37
  8
FAB
 10
349.2732345521488
 20
-318.4969654018183
 30
0.0000000000000022
  0
VERTEX
  5
A38
  8
FAB
 10
349.3083665231824
 20
-318.6534201107715
 30
0.0000000000000022
  0
VERTEX
  5
A39
  8
FAB
 10
349.3464244398483
 20
-318.8072955419885
 30
0.0000000000000022
  0
VERTEX
  5
A3A
  8
FAB
 10
349.3878332928051
 20
-318.9579443651701
 30
0.0000000000000022
  0
VERTEX
  5
A3B
  8
FAB
 10
349.4329927275296
 20
-319.1047159816219
 30
0.0000000000000022
  0
VERTEX
  5
A3C
  8
FAB
 10
349.4570964891979
 20
-319.1764455948821
 30
0.0000000000000022
  0
VERTEX
  5
A3D
  8
FAB
 10
349.4822754890345
 20
-319.2469645023189
 30
0.0000000000000022
  0
VERTEX
  5
A3E
  8
FAB
 10
349.5085718618046
 20
-319.316194012591
 30
0.0000000000000022
  0
VERTEX
  5
A3F
  8
FAB
 10
349.5360258665843
 20
-319.3840567259701
 30
0.0000000000000022
  0
VERTEX
  5
A40
  8
FAB
 10
349.5646758381573
 20
-319.4504767836542
 30
0.0000000000000022
  0
VERTEX
  5
A41
  8
FAB
 10
349.5945581384127
 20
-319.5153801170831
 30
0.0000000000000022
  0
VERTEX
  5
A42
  8
FAB
 10
349.6257071077423
 20
-319.5786946972523
 30
0.0000000000000022
  0
VERTEX
  5
A43
  8
FAB
 10
349.6581550164382
 20
-319.6403507840283
 30
0.0000000000000022
  0
VERTEX
  5
A44
  8
FAB
 10
349.6919320160899
 20
-319.700281175462
 30
0.0000000000000022
  0
VERTEX
  5
A45
  8
FAB
 10
349.7270660909819
 20
-319.7584214571041
 30
0.0000000000000022
  0
VERTEX
  5
A46
  8
FAB
 10
349.7635830094908
 20
-319.8147102513195
 30
0.0000000000000022
  0
VERTEX
  5
A47
  8
FAB
 10
349.8015062754832
 20
-319.8690894666012
 30
0.0000000000000022
  0
VERTEX
  5
A48
  8
FAB
 10
349.8210020025812
 20
-319.8955457884516
 30
0.0000000000000022
  0
VERTEX
  5
A49
  8
FAB
 10
349.8408570797128
 20
-319.9215045468856
 30
0.0000000000000022
  0
VERTEX
  5
A4A
  8
FAB
 10
349.8610737863244
 20
-319.9469595157115
 30
0.0000000000000022
  0
VERTEX
  5
A4B
  8
FAB
 10
349.8816542512175
 20
-319.9719047208667
 30
0.0000000000000022
  0
VERTEX
  5
A4C
  8
FAB
 10
349.9026004510302
 20
-319.9963344482098
 30
0.0000000000000022
  0
VERTEX
  5
A4D
  8
FAB
 10
349.9239142087175
 20
-320.0202432513105
 30
0.0000000000000022
  0
VERTEX
  5
A4E
  8
FAB
 10
349.9455971920336
 20
-320.0436259592417
 30
0.0000000000000022
  0
VERTEX
  5
A4F
  8
FAB
 10
349.9676509120119
 20
-320.0664776843697
 30
0.0000000000000022
  0
VERTEX
  5
A50
  8
FAB
 10
349.9900767214475
 20
-320.088793830146
 30
0.0000000000000022
  0
VERTEX
  5
A51
  8
FAB
 10
350.0128758133769
 20
-320.110570098898
 30
0.0000000000000022
  0
VERTEX
  5
A52
  8
FAB
 10
350.0360492195603
 20
-320.1318024996201
 30
0.0000000000000022
  0
VERTEX
  5
A53
  8
FAB
 10
350.0595978089623
 20
-320.1524873557648
 30
0.0000000000000022
  0
VERTEX
  5
A54
  8
FAB
 10
350.0835222862332
 20
-320.172621313034
 30
0.0000000000000022
  0
VERTEX
  5
A55
  8
FAB
 10
350.1078231901899
 20
-320.1922013471699
 30
0.0000000000000022
  0
VERTEX
  5
A56
  8
FAB
 10
350.1325008922976
 20
-320.2112247717457
 30
0.0000000000000022
  0
VERTEX
  5
A57
  8
FAB
 10
350.1575555951501
 20
-320.2296892459574
 30
0.0000000000000022
  0
VERTEX
  5
A58
  8
FAB
 10
350.1829873309522
 20
-320.2475927824145
 30
0.0000000000000022
  0
VERTEX
  5
A59
  8
FAB
 10
350.2087959599997
 20
-320.2649337549311
 30
0.0000000000000022
  0
VERTEX
  5
A5A
  8
FAB
 10
350.2349811691611
 20
-320.2817109063168
 30
0.0000000000000022
  0
VERTEX
  5
A5B
  8
FAB
 10
350.261542470359
 20
-320.297923356168
 30
0.0000000000000022
  0
VERTEX
  5
A5C
  8
FAB
 10
350.2884791990505
 20
-320.3135706086593
 30
0.0000000000000022
  0
VERTEX
  5
A5D
  8
FAB
 10
350.3157905127094
 20
-320.3286525603339
 30
0.0000000000000022
  0
VERTEX
  5
A5E
  8
FAB
 10
350.3434753893065
 20
-320.343169507895
 30
0.0000000000000022
  0
VERTEX
  5
A5F
  8
FAB
 10
350.3715326257911
 20
-320.357122155997
 30
0.0000000000000022
  0
VERTEX
  5
A60
  8
FAB
 10
350.3999608365722
 20
-320.3705116250363
 30
0.0000000000000022
  0
VERTEX
  5
A61
  8
FAB
 10
350.4287584519997
 20
-320.3833394589428
 30
0.0000000000000022
  0
VERTEX
  5
A62
  8
FAB
 10
350.4579237168454
 20
-320.3956076329704
 30
0.0000000000000022
  0
VERTEX
  5
A63
  8
FAB
 10
350.4874546887842
 20
-320.4073185614888
 30
0.0000000000000022
  0
VERTEX
  5
A64
  8
FAB
 10
350.5173492368756
 20
-320.4184751057736
 30
0.0000000000000022
  0
VERTEX
  5
A65
  8
FAB
 10
350.5476050400443
 20
-320.4290805817985
 30
0.0000000000000022
  0
VERTEX
  5
A66
  8
FAB
 10
350.578219585562
 20
-320.4391387680257
 30
0.0000000000000022
  0
VERTEX
  5
A67
  8
FAB
 10
350.6091901675279
 20
-320.4486539131968
 30
0.0000000000000022
  0
VERTEX
  5
A68
  8
FAB
 10
350.6405138853505
 20
-320.4576307441245
 30
0.0000000000000022
  0
VERTEX
  5
A69
  8
FAB
 10
350.6721876422282
 20
-320.4660744734833
 30
0.0000000000000022
  0
VERTEX
  5
A6A
  8
FAB
 10
350.704208143631
 20
-320.4739908076007
 30
0.0000000000000022
  0
VERTEX
  5
A6B
  8
FAB
 10
350.7365718957813
 20
-320.4813859542479
 30
0.0000000000000022
  0
VERTEX
  5
A6C
  8
FAB
 10
350.8023141718631
 20
-320.4946400701849
 30
0.0000000000000022
  0
VERTEX
  5
A6D
  8
FAB
 10
350.8693824775879
 20
-320.5058968084072
 30
0.0000000000000022
  0
VERTEX
  5
A6E
  8
FAB
 10
350.9377415349044
 20
-320.5152246777615
 30
0.0000000000000022
  0
VERTEX
  5
A6F
  8
FAB
 10
351.0073527319942
 20
-320.5227009581421
 30
0.0000000000000022
  0
VERTEX
  5
A70
  8
FAB
 10
351.0781740746683
 20
-320.5284119498061
 30
0.0000000000000022
  0
VERTEX
  5
A71
  8
FAB
 10
351.1501601377651
 20
-320.5324532226875
 30
0.0000000000000022
  0
VERTEX
  5
A72
  8
FAB
 10
351.2232620165477
 20
-320.5349298657115
 30
0.0000000000000022
  0
VERTEX
  5
A73
  8
FAB
 10
351.2974272781009
 20
-320.5359567361098
 30
0.0000000000000022
  0
VERTEX
  5
A74
  8
FAB
 10
351.4487202853543
 20
-320.5341709253721
 30
0.0000000000000022
  0
VERTEX
  5
A75
  8
FAB
 10
351.6035472857465
 20
-320.5282194883979
 30
0.0000000000000022
  0
VERTEX
  5
A76
  8
FAB
 10
352.2462404326711
 20
-320.4914276918635
 30
0.0000000000000022
 42
-0.5916229389656112
  0
VERTEX
  5
A77
  8
FAB
 10
357.9798275398251
 20
-330.0658479859148
 30
0.0000000000000022
  0
VERTEX
  5
A78
  8
FAB
 10
357.6439860080231
 20
-330.6150461131084
 30
0.0000000000000022
  0
VERTEX
  5
A79
  8
FAB
 10
357.5656475537897
 20
-330.7487244817431
 30
0.0000000000000022
  0
VERTEX
  5
A7A
  8
FAB
 10
357.4926496689591
 20
-330.8812539953392
 30
0.0000000000000022
  0
VERTEX
  5
A7B
  8
FAB
 10
357.4585423841834
 20
-330.9471192639512
 30
0.0000000000000022
  0
VERTEX
  5
A7C
  8
FAB
 10
357.4262151587582
 20
-331.012731526056
 30
0.0000000000000022
  0
VERTEX
  5
A7D
  8
FAB
 10
357.3957939981906
 20
-331.0780987820517
 30
0.0000000000000022
  0
VERTEX
  5
A7E
  8
FAB
 10
357.3673946311128
 20
-331.1432275311071
 30
0.0000000000000022
  0
VERTEX
  5
A7F
  8
FAB
 10
357.3411227520108
 20
-331.2081228460154
 30
0.0000000000000022
  0
VERTEX
  5
A80
  8
FAB
 10
357.3170742639525
 20
-331.2727884480462
 30
0.0000000000000022
  0
VERTEX
  5
A81
  8
FAB
 10
357.2953355213156
 20
-331.3372267817984
 30
0.0000000000000022
  0
VERTEX
  5
A82
  8
FAB
 10
357.2759835725162
 20
-331.4014390900529
 30
0.0000000000000022
  0
VERTEX
  5
A83
  8
FAB
 10
357.2672242385706
 20
-331.4334605627862
 30
0.0000000000000022
  0
VERTEX
  5
A84
  8
FAB
 10
357.2590864027371
 20
-331.4654254886251
 30
0.0000000000000022
  0
VERTEX
  5
A85
  8
FAB
 10
357.2515771868559
 20
-331.4973337182388
 30
0.0000000000000022
  0
VERTEX
  5
A86
  8
FAB
 10
357.2447031766562
 20
-331.5291850412177
 30
0.0000000000000022
  0
VERTEX
  5
A87
  8
FAB
 10
357.2384704293414
 20
-331.5609791884125
 30
0.0000000000000022
  0
VERTEX
  5
A88
  8
FAB
 10
357.2328844811744
 20
-331.5927158342736
 30
0.0000000000000022
  0
VERTEX
  5
A89
  8
FAB
 10
357.2279503550628
 20
-331.6243945991899
 30
0.0000000000000022
  0
VERTEX
  5
A8A
  8
FAB
 10
357.2236725681444
 20
-331.6560150518281
 30
0.0000000000000022
  0
VERTEX
  5
A8B
  8
FAB
 10
357.2200551393717
 20
-331.6875767114722
 30
0.0000000000000022
  0
VERTEX
  5
A8C
  8
FAB
 10
357.2171015970982
 20
-331.719079050362
 30
0.0000000000000022
  0
VERTEX
  5
A8D
  8
FAB
 10
357.214814986663
 20
-331.7505214960328
 30
0.0000000000000022
  0
VERTEX
  5
A8E
  8
FAB
 10
357.2131978779763
 20
-331.781903433654
 30
0.0000000000000022
  0
VERTEX
  5
A8F
  8
FAB
 10
357.2122523731045
 20
-331.813224208369
 30
0.0000000000000022
  0
VERTEX
  5
A90
  8
FAB
 10
357.2119801138555
 20
-331.8444831276335
 30
0.0000000000000022
  0
VERTEX
  5
A91
  8
FAB
 10
357.212382289364
 20
-331.8756794635553
 30
0.0000000000000022
  0
VERTEX
  5
A92
  8
FAB
 10
357.213459643677
 20
-331.9068124552332
 30
0.0000000000000022
  0
VERTEX
  5
A93
  8
FAB
 10
357.2152124833385
 20
-331.937881311096
 30
0.0000000000000022
  0
VERTEX
  5
A94
  8
FAB
 10
357.2176406849752
 20
-331.968885211242
 30
0.0000000000000022
  0
VERTEX
  5
A95
  8
FAB
 10
357.2207437028817
 20
-331.9998233097776
 30
0.0000000000000022
  0
VERTEX
  5
A96
  8
FAB
 10
357.2245205766055
 20
-332.0306947371572
 30
0.0000000000000022
  0
VERTEX
  5
A97
  8
FAB
 10
357.2289699385327
 20
-332.0614986025216
 30
0.0000000000000022
  0
VERTEX
  5
A98
  8
FAB
 10
357.2340900214728
 20
-332.0922339960377
 30
0.0000000000000022
  0
VERTEX
  5
A99
  8
FAB
 10
357.2398786662444
 20
-332.1228999912374
 30
0.0000000000000022
  0
VERTEX
  5
A9A
  8
FAB
 10
357.24633332926
 20
-332.1534956473565
 30
0.0000000000000022
  0
VERTEX
  5
A9B
  8
FAB
 10
357.2534510901115
 20
-332.1840200116745
 30
0.0000000000000022
  0
VERTEX
  5
A9C
  8
FAB
 10
357.2612286591557
 20
-332.2144721218531
 30
0.0000000000000022
  0
VERTEX
  5
A9D
  8
FAB
 10
357.269662385099
 20
-332.2448510082758
 30
0.0000000000000022
  0
VERTEX
  5
A9E
  8
FAB
 10
357.278748262583
 20
-332.2751556963865
 30
0.0000000000000022
  0
VERTEX
  5
A9F
  8
FAB
 10
357.28848193977
 20
-332.3053852090295
 30
0.0000000000000022
  0
VERTEX
  5
AA0
  8
FAB
 10
357.2988587259277
 20
-332.3355385687877
 30
0.0000000000000022
  0
VERTEX
  5
AA1
  8
FAB
 10
357.3098735990148
 20
-332.3656148003225
 30
0.0000000000000022
  0
VERTEX
  5
AA2
  8
FAB
 10
357.3215212132664
 20
-332.3956129327127
 30
0.0000000000000022
  0
VERTEX
  5
AA3
  8
FAB
 10
357.3337959067786
 20
-332.4255320017931
 30
0.0000000000000022
  0
VERTEX
  5
AA4
  8
FAB
 10
357.3466917090948
 20
-332.4553710524946
 30
0.0000000000000022
  0
VERTEX
  5
AA5
  8
FAB
 10
357.3602023487898
 20
-332.4851291411827
 30
0.0000000000000022
  0
VERTEX
  5
AA6
  8
FAB
 10
357.3743212610561
 20
-332.5148053379967
 30
0.0000000000000022
  0
VERTEX
  5
AA7
  8
FAB
 10
357.4043562226695
 20
-332.5739084194652
 30
0.0000000000000022
  0
VERTEX
  5
AA8
  8
FAB
 10
357.436738496058
 20
-332.6326732223815
 30
0.0000000000000022
  0
VERTEX
  5
AA9
  8
FAB
 10
357.4714057746767
 20
-332.6910930423154
 30
0.0000000000000022
  0
VERTEX
  5
AAA
  8
FAB
 10
357.5082917860418
 20
-332.7491616197773
 30
0.0000000000000022
  0
VERTEX
  5
AAB
  8
FAB
 10
357.5473265344579
 20
-332.8068732150712
 30
0.0000000000000022
  0
VERTEX
  5
AAC
  8
FAB
 10
357.588436543747
 20
-332.8642226831468
 30
0.0000000000000022
  0
VERTEX
  5
AAD
  8
FAB
 10
357.6315450999765
 20
-332.9212055484533
 30
0.0000000000000022
  0
VERTEX
  5
AAE
  8
FAB
 10
357.6765724941876
 20
-332.9778180797908
 30
0.0000000000000022
  0
VERTEX
  5
AAF
  8
FAB
 10
357.7234362651233
 20
-333.034057365164
 30
0.0000000000000022
  0
VERTEX
  5
AB0
  8
FAB
 10
357.7720514419569
 20
-333.0899213866343
 30
0.0000000000000022
  0
VERTEX
  5
AB1
  8
FAB
 10
357.8223307870206
 20
-333.1454090951725
 30
0.0000000000000022
  0
VERTEX
  5
AB2
  8
FAB
 10
357.8741850385332
 20
-333.2005204855114
 30
0.0000000000000022
  0
VERTEX
  5
AB3
  8
FAB
 10
357.9822525495842
 20
-333.3096199584512
 30
0.0000000000000022
  0
VERTEX
  5
AB4
  8
FAB
 10
358.0955086222724
 20
-333.4172434829634
 30
0.0000000000000022
  0
VERTEX
  5
AB5
  8
FAB
 10
358.2131910525598
 20
-333.523436227324
 30
0.0000000000000022
  0
VERTEX
  5
AB6
  8
FAB
 10
358.3345285525132
 20
-333.6282672458606
 30
0.0000000000000022
  0
VERTEX
  5
AB7
  8
FAB
 10
358.4587485176098
 20
-333.731831874238
 30
0.0000000000000022
  0
VERTEX
  5
AB8
  8
FAB
 10
358.7127854460177
 20
-333.935689081575
 30
0.0000000000000022
 42
0.0552225609023211
  0
VERTEX
  5
AB9
  8
FAB
 10
363.5867923756254
 20
-336.9723843222223
 30
0.0000000000000022
  0
VERTEX
  5
ABA
  8
FAB
 10
363.8817456530898
 20
-337.1105692927916
 30
0.0000000000000022
  0
VERTEX
  5
ABB
  8
FAB
 10
364.0294574406983
 20
-337.1764286868143
 30
0.0000000000000022
  0
VERTEX
  5
ABC
  8
FAB
 10
364.1770355729739
 20
-337.2391425307122
 30
0.0000000000000022
  0
VERTEX
  5
ABD
  8
FAB
 10
364.3242251103219
 20
-337.2979752890059
 30
0.0000000000000022
  0
VERTEX
  5
ABE
  8
FAB
 10
364.4707481023524
 20
-337.3522041912225
 30
0.0000000000000022
  0
VERTEX
  5
ABF
  8
FAB
 10
364.6163091613212
 20
-337.4011251484124
 30
0.0000000000000022
  0
VERTEX
  5
AC0
  8
FAB
 10
364.6886332608002
 20
-337.4233816840722
 30
0.0000000000000022
  0
VERTEX
  5
AC1
  8
FAB
 10
364.7606010355721
 20
-337.4440586696655
 30
0.0000000000000022
  0
VERTEX
  5
AC2
  8
FAB
 10
364.8321731398363
 20
-337.4630759829507
 30
0.0000000000000022
  0
VERTEX
  5
AC3
  8
FAB
 10
364.903310182978
 20
-337.4803557786285
 30
0.0000000000000022
  0
VERTEX
  5
AC4
  8
FAB
 10
364.9739729037378
 20
-337.4958226732326
 30
0.0000000000000022
  0
VERTEX
  5
AC5
  8
FAB
 10
365.0441223443825
 20
-337.5094039300213
 30
0.0000000000000022
  0
VERTEX
  5
AC6
  8
FAB
 10
365.1137200248745
 20
-337.5210296438681
 30
0.0000000000000022
  0
VERTEX
  5
AC7
  8
FAB
 10
365.182728117042
 20
-337.5306329261534
 30
0.0000000000000022
  0
VERTEX
  5
AC8
  8
FAB
 10
365.2511096187494
 20
-337.5381500896555
 30
0.0000000000000022
  0
VERTEX
  5
AC9
  8
FAB
 10
365.3188285280667
 20
-337.5435208334413
 30
0.0000000000000022
  0
VERTEX
  5
ACA
  8
FAB
 10
365.3858500174402
 20
-337.5466884277581
 30
0.0000000000000022
  0
VERTEX
  5
ACB
  8
FAB
 10
365.4521406078622
 20
-337.5475998989243
 30
0.0000000000000022
  0
VERTEX
  5
ACC
  8
FAB
 10
365.4850017653818
 20
-337.5471941066018
 30
0.0000000000000022
  0
VERTEX
  5
ACD
  8
FAB
 10
365.5176683430413
 20
-337.5462062142207
 30
0.0000000000000022
  0
VERTEX
  5
ACE
  8
FAB
 10
365.5501366128033
 20
-337.5446307388004
 30
0.0000000000000022
  0
VERTEX
  5
ACF
  8
FAB
 10
365.5824029635718
 20
-337.5424624667817
 30
0.0000000000000022
  0
VERTEX
  5
AD0
  8
FAB
 10
365.6144639066342
 20
-337.5396964598045
 30
0.0000000000000022
  0
VERTEX
  5
AD1
  8
FAB
 10
365.6463160811047
 20
-337.5363280604863
 30
0.0000000000000022
  0
VERTEX
  5
AD2
  8
FAB
 10
365.677956259367
 20
-337.5323528981995
 30
0.0000000000000022
  0
VERTEX
  5
AD3
  8
FAB
 10
365.709381352517
 20
-337.5277668948494
 30
0.0000000000000022
  0
VERTEX
  5
AD4
  8
FAB
 10
365.7405884158057
 20
-337.5225662706523
 30
0.0000000000000022
  0
VERTEX
  5
AD5
  8
FAB
 10
365.7715746540821
 20
-337.5167475499128
 30
0.0000000000000022
  0
VERTEX
  5
AD6
  8
FAB
 10
365.8023374272357
 20
-337.5103075668025
 30
0.0000000000000022
  0
VERTEX
  5
AD7
  8
FAB
 10
365.8328742556398
 20
-337.5032434711367
 30
0.0000000000000022
  0
VERTEX
  5
AD8
  8
FAB
 10
365.8631828255938
 20
-337.4955527341533
 30
0.0000000000000022
  0
VERTEX
  5
AD9
  8
FAB
 10
365.8932609947664
 20
-337.4872331542899
 30
0.0000000000000022
  0
VERTEX
  5
ADA
  8
FAB
 10
365.9231067976381
 20
-337.4782828629625
 30
0.0000000000000022
  0
VERTEX
  5
ADB
  8
FAB
 10
365.9527184509444
 20
-337.4687003303424
 30
0.0000000000000022
  0
VERTEX
  5
ADC
  8
FAB
 10
365.9820943591183
 20
-337.4584843711345
 30
0.0000000000000022
  0
VERTEX
  5
ADD
  8
FAB
 10
366.0112331197332
 20
-337.4476341503552
 30
0.0000000000000022
  0
VERTEX
  5
ADE
  8
FAB
 10
366.0401335289456
 20
-337.4361491891103
 30
0.0000000000000022
  0
VERTEX
  5
ADF
  8
FAB
 10
366.0687945869383
 20
-337.4240293703724
 30
0.0000000000000022
  0
VERTEX
  5
AE0
  8
FAB
 10
366.0972155033629
 20
-337.4112749447593
 30
0.0000000000000022
  0
VERTEX
  5
AE1
  8
FAB
 10
366.1253957027824
 20
-337.3978865363114
 30
0.0000000000000022
  0
VERTEX
  5
AE2
  8
FAB
 10
366.1533348301145
 20
-337.3838651482703
 30
0.0000000000000022
  0
VERTEX
  5
AE3
  8
FAB
 10
366.1810327560743
 20
-337.3692121688553
 30
0.0000000000000022
  0
VERTEX
  5
AE4
  8
FAB
 10
366.2084895826167
 20
-337.3539293770427
 30
0.0000000000000022
  0
VERTEX
  5
AE5
  8
FAB
 10
366.2357056483798
 20
-337.3380189483428
 30
0.0000000000000022
  0
VERTEX
  5
AE6
  8
FAB
 10
366.2626815341274
 20
-337.3214834605778
 30
0.0000000000000022
  0
VERTEX
  5
AE7
  8
FAB
 10
366.2894180681916
 20
-337.30432589966
 30
0.0000000000000022
  0
VERTEX
  5
AE8
  8
FAB
 10
366.3159163319162
 20
-337.2865496653694
 30
0.0000000000000022
  0
VERTEX
  5
AE9
  8
FAB
 10
366.3421776650989
 20
-337.2681585771317
 30
0.0000000000000022
  0
VERTEX
  5
AEA
  8
FAB
 10
366.3682036714347
 20
-337.2491568797957
 30
0.0000000000000022
  0
VERTEX
  5
AEB
  8
FAB
 10
366.393996223958
 20
-337.2295492494119
 30
0.0000000000000022
  0
VERTEX
  5
AEC
  8
FAB
 10
366.4195574704862
 20
-337.2093407990097
 30
0.0000000000000022
  0
VERTEX
  5
AED
  8
FAB
 10
366.444889839062
 20
-337.1885370843757
 30
0.0000000000000022
  0
VERTEX
  5
AEE
  8
FAB
 10
366.4699960433962
 20
-337.167144109831
 30
0.0000000000000022
  0
VERTEX
  5
AEF
  8
FAB
 10
366.4948790883109
 20
-337.1451683340097
 30
0.0000000000000022
  0
VERTEX
  5
AF0
  8
FAB
 10
366.5439892073821
 20
-337.0994965193038
 30
0.0000000000000022
  0
VERTEX
  5
AF1
  8
FAB
 10
366.5922502638994
 20
-337.0515826151421
 30
0.0000000000000022
  0
VERTEX
  5
AF2
  8
FAB
 10
366.6396973316043
 20
-337.0014952351937
 30
0.0000000000000022
  0
VERTEX
  5
AF3
  8
FAB
 10
366.6863706645254
 20
-336.9493108168043
 30
0.0000000000000022
  0
VERTEX
  5
AF4
  8
FAB
 10
366.7323158711482
 20
-336.8951138058873
 30
0.0000000000000022
  0
VERTEX
  5
AF5
  8
FAB
 10
366.7775840885857
 20
-336.8389968418148
 30
0.0000000000000022
  0
VERTEX
  5
AF6
  8
FAB
 10
366.822232156748
 20
-336.7810609423087
 30
0.0000000000000022
  0
VERTEX
  5
AF7
  8
FAB
 10
366.866322792513
 20
-336.7214156883322
 30
0.0000000000000022
  0
VERTEX
  5
AF8
  8
FAB
 10
366.9531130642179
 20
-336.5974793663715
 30
0.0000000000000022
  0
VERTEX
  5
AF9
  8
FAB
 10
367.0385807965307
 20
-336.4682428143213
 30
0.0000000000000022
  0
VERTEX
  5
AFA
  8
FAB
 10
367.3835424733674
 20
-335.9247268909944
 30
0.0000000000000022
 42
-0.5916229389657114
  0
VERTEX
  5
AFB
  8
FAB
 10
378.5048946932899
 20
-336.851587119342
 30
0.0000000000000022
  0
VERTEX
  5
AFC
  8
FAB
 10
378.7551284547107
 20
-337.4447069909036
 30
0.0000000000000022
  0
VERTEX
  5
AFD
  8
FAB
 10
378.8180243988755
 20
-337.5863082615905
 30
0.0000000000000022
  0
VERTEX
  5
AFE
  8
FAB
 10
378.8831019923118
 20
-337.722901343393
 30
0.0000000000000022
  0
VERTEX
  5
AFF
  8
FAB
 10
378.9167112084261
 20
-337.7890221500749
 30
0.0000000000000022
  0
VERTEX
  5
B00
  8
FAB
 10
378.9511531188682
 20
-337.8535494562894
 30
0.0000000000000022
  0
VERTEX
  5
B01
  8
FAB
 10
378.9865077144053
 20
-337.9163855744151
 30
0.0000000000000022
  0
VERTEX
  5
B02
  8
FAB
 10
379.0228477724266
 20
-337.9774402891139
 30
0.0000000000000022
  0
VERTEX
  5
B03
  8
FAB
 10
379.0602390593162
 20
-338.0366307038221
 30
0.0000000000000022
  0
VERTEX
  5
B04
  8
FAB
 10
379.0987405328257
 20
-338.09388108724
 30
0.0000000000000022
  0
VERTEX
  5
B05
  8
FAB
 10
379.1384045444469
 20
-338.1491227198219
 30
0.0000000000000022
  0
VERTEX
  5
B06
  8
FAB
 10
379.179277041784
 20
-338.2022937402667
 30
0.0000000000000022
  0
VERTEX
  5
B07
  8
FAB
 10
379.200179129962
 20
-338.2280852768042
 30
0.0000000000000022
  0
VERTEX
  5
B08
  8
FAB
 10
379.2213977709266
 20
-338.2533389920073
 30
0.0000000000000022
  0
VERTEX
  5
B09
  8
FAB
 10
379.2429369971539
 20
-338.2780490137346
 30
0.0000000000000022
  0
VERTEX
  5
B0A
  8
FAB
 10
379.2648004788223
 20
-338.3022098697018
 30
0.0000000000000022
  0
VERTEX
  5
B0B
  8
FAB
 10
379.2869915301359
 20
-338.325816482685
 30
0.0000000000000022
  0
VERTEX
  5
B0C
  8
FAB
 10
379.309513115649
 20
-338.3488641657227
 30
0.0000000000000022
  0
VERTEX
  5
B0D
  8
FAB
 10
379.3323678565904
 20
-338.3713486173194
 30
0.0000000000000022
  0
VERTEX
  5
B0E
  8
FAB
 10
379.3555580371875
 20
-338.3932659166477
 30
0.0000000000000022
  0
VERTEX
  5
B0F
  8
FAB
 10
379.37908561099
 20
-338.4146125187516
 30
0.0000000000000022
  0
VERTEX
  5
B10
  8
FAB
 10
379.4029522071946
 20
-338.4353852497492
 30
0.0000000000000022
  0
VERTEX
  5
B11
  8
FAB
 10
379.4271591369686
 20
-338.4555813020355
 30
0.0000000000000022
  0
VERTEX
  5
B12
  8
FAB
 10
379.4517073997748
 20
-338.4751982294852
 30
0.0000000000000022
  0
VERTEX
  5
B13
  8
FAB
 10
379.4765976896949
 20
-338.4942339426555
 30
0.0000000000000022
  0
VERTEX
  5
B14
  8
FAB
 10
379.5018304017541
 20
-338.5126867039888
 30
0.0000000000000022
  0
VERTEX
  5
B15
  8
FAB
 10
379.5274056382448
 20
-338.5305551230161
 30
0.0000000000000022
  0
VERTEX
  5
B16
  8
FAB
 10
379.5533232150513
 20
-338.5478381515588
 30
0.0000000000000022
  0
VERTEX
  5
B17
  8
FAB
 10
379.5795826679736
 20
-338.5645350789325
 30
0.0000000000000022
  0
VERTEX
  5
B18
  8
FAB
 10
379.6061832590515
 20
-338.5806455271493
 30
0.0000000000000022
  0
VERTEX
  5
B19
  8
FAB
 10
379.6331239828892
 20
-338.5961694461209
 30
0.0000000000000022
  0
VERTEX
  5
B1A
  8
FAB
 10
379.6604035729786
 20
-338.6111071088608
 30
0.0000000000000022
  0
VERTEX
  5
B1B
  8
FAB
 10
379.6880205080242
 20
-338.6254591066879
 30
0.0000000000000022
  0
VERTEX
  5
B1C
  8
FAB
 10
379.7159730182673
 20
-338.6392263444291
 30
0.0000000000000022
  0
VERTEX
  5
B1D
  8
FAB
 10
379.7442590918092
 20
-338.6524100356215
 30
0.0000000000000022
  0
VERTEX
  5
B1E
  8
FAB
 10
379.7728764809362
 20
-338.6650116977164
 30
0.0000000000000022
  0
VERTEX
  5
B1F
  8
FAB
 10
379.8018227084439
 20
-338.6770331472808
 30
0.0000000000000022
  0
VERTEX
  5
B20
  8
FAB
 10
379.8310950739605
 20
-338.6884764952013
 30
0.0000000000000022
  0
VERTEX
  5
B21
  8
FAB
 10
379.8606906602716
 20
-338.6993441418861
 30
0.0000000000000022
  0
VERTEX
  5
B22
  8
FAB
 10
379.8906063396441
 20
-338.7096387724683
 30
0.0000000000000022
  0
VERTEX
  5
B23
  8
FAB
 10
379.9208387801505
 20
-338.7193633520089
 30
0.0000000000000022
  0
VERTEX
  5
B24
  8
FAB
 10
379.9513844519927
 20
-338.728521120699
 30
0.0000000000000022
  0
VERTEX
  5
B25
  8
FAB
 10
379.9822396338267
 20
-338.737115589063
 30
0.0000000000000022
  0
VERTEX
  5
B26
  8
FAB
 10
380.0134004190861
 20
-338.7451505331613
 30
0.0000000000000022
  0
VERTEX
  5
B27
  8
FAB
 10
380.0448627223068
 20
-338.7526299897933
 30
0.0000000000000022
  0
VERTEX
  5
B28
  8
FAB
 10
380.0766222854508
 20
-338.7595582517
 30
0.0000000000000022
  0
VERTEX
  5
B29
  8
FAB
 10
380.1086746842304
 20
-338.7659398627668
 30
0.0000000000000022
  0
VERTEX
  5
B2A
  8
FAB
 10
380.1410153344326
 20
-338.7717796132267
 30
0.0000000000000022
  0
VERTEX
  5
B2B
  8
FAB
 10
380.2065422905693
 20
-338.7818538962105
 30
0.0000000000000022
  0
VERTEX
  5
B2C
  8
FAB
 10
380.2731635219635
 20
-338.7898241671675
 30
0.0000000000000022
  0
VERTEX
  5
B2D
  8
FAB
 10
380.3408372426546
 20
-338.7957371271513
 30
0.0000000000000022
  0
VERTEX
  5
B2E
  8
FAB
 10
380.4095197149918
 20
-338.7996429582427
 30
0.0000000000000022
  0
VERTEX
  5
B2F
  8
FAB
 10
380.4791654520068
 20
-338.8015951700408
 30
0.0000000000000022
  0
VERTEX
  5
B30
  8
FAB
 10
380.5497274197859
 20
-338.8016504461521
 30
0.0000000000000022
  0
VERTEX
  5
B31
  8
FAB
 10
380.6211572398432
 20
-338.7998684906812
 30
0.0000000000000022
  0
VERTEX
  5
B32
  8
FAB
 10
380.6934053914929
 20
-338.7963118747209
 30
0.0000000000000022
  0
VERTEX
  5
B33
  8
FAB
 10
380.7664214142217
 20
-338.7910458828421
 30
0.0000000000000022
  0
VERTEX
  5
B34
  8
FAB
 10
380.8401541100618
 20
-338.7841383595843
 30
0.0000000000000022
  0
VERTEX
  5
B35
  8
FAB
 10
380.9145517459631
 20
-338.7756595559455
 30
0.0000000000000022
  0
VERTEX
  5
B36
  8
FAB
 10
380.9895622561661
 20
-338.7656819758725
 30
0.0000000000000022
  0
VERTEX
  5
B37
  8
FAB
 10
381.141213187127
 20
-338.7415308458949
 30
0.0000000000000022
  0
VERTEX
  5
B38
  8
FAB
 10
381.2946914128364
 20
-338.7123042268252
 30
0.0000000000000022
  0
VERTEX
  5
B39
  8
FAB
 10
381.4495890716801
 20
-338.6786475983856
 30
0.0000000000000022
  0
VERTEX
  5
B3A
  8
FAB
 10
381.6055124064604
 20
-338.6412277505322
 30
0.0000000000000022
  0
VERTEX
  5
B3B
  8
FAB
 10
381.7620882403194
 20
-338.6007278711386
 30
0.0000000000000022
  0
VERTEX
  5
B3C
  8
FAB
 10
382.0758464550781
 20
-338.5132732849257
 30
0.0000000000000022
  0
VERTEX
  5
B3D
  8
FAB
 10
382.9419457400726
 20
-338.2473198859008
 30
0.0000000000000022
  0
VERTEX
  5
B3E
  8
FAB
 10
383.792414771262
 20
-337.9535815328646
 30
0.0000000000000022
  0
VERTEX
  5
B3F
  8
FAB
 10
384.6260203891069
 20
-337.6331933785337
 30
0.0000000000000022
  0
VERTEX
  5
B40
  8
FAB
 10
385.4416274240312
 20
-337.2873545172613
 30
0.0000000000000022
  0
VERTEX
  5
B41
  8
FAB
 10
385.4906718878584
 20
-337.2650387370296
 30
0.0000000000000022
  0
VERTEX
  5
B42
  8
FAB
 10
385.539478049196
 20
-337.2417625537599
 30
0.0000000000000022
  0
VERTEX
  5
B43
  8
FAB
 10
385.5880186691767
 20
-337.2175278351521
 30
0.0000000000000022
  0
VERTEX
  5
B44
  8
FAB
 10
385.6362664112792
 20
-337.1923374501685
 30
0.0000000000000022
  0
VERTEX
  5
B45
  8
FAB
 10
385.6841938862446
 20
-337.1661952806853
 30
0.0000000000000022
  0
VERTEX
  5
B46
  8
FAB
 10
385.731773697999
 20
-337.1391062307769
 30
0.0000000000000022
  0
VERTEX
  5
B47
  8
FAB
 10
385.7789784904363
 20
-337.1110762335458
 30
0.0000000000000022
  0
VERTEX
  5
B48
  8
FAB
 10
385.8257809949126
 20
-337.082112255424
 30
0.0000000000000022
  0
VERTEX
  5
B49
  8
FAB
 10
385.8721540782954
 20
-337.0522222978795
 30
0.0000000000000022
  0
VERTEX
  5
B4A
  8
FAB
 10
385.9180707914012
 20
-337.0214153964735
 30
0.0000000000000022
  0
VERTEX
  5
B4B
  8
FAB
 10
385.9635044176558
 20
-336.989701617226
 30
0.0000000000000022
  0
VERTEX
  5
B4C
  8
FAB
 10
386.0084285218022
 20
-336.9570920502592
 30
0.0000000000000022
  0
VERTEX
  5
B4D
  8
FAB
 10
386.0528169984801
 20
-336.9235988007002
 30
0.0000000000000022
  0
VERTEX
  5
B4E
  8
FAB
 10
386.0966441204987
 20
-336.8892349768398
 30
0.0000000000000022
  0
VERTEX
  5
B4F
  8
FAB
 10
386.1398845866215
 20
-336.854014675553
 30
0.0000000000000022
  0
VERTEX
  5
B50
  8
FAB
 10
386.182513568685
 20
-336.8179529650078
 30
0.0000000000000022
  0
VERTEX
  5
B51
  8
FAB
 10
386.2245067578703
 20
-336.7810658646919
 30
0.0000000000000022
  0
VERTEX
  5
B52
  8
FAB
 10
386.2658404099513
 20
-336.7433703228111
 30
0.0000000000000022
  0
VERTEX
  5
B53
  8
FAB
 10
386.3064913893469
 20
-336.7048841911187
 30
0.0000000000000022
  0
VERTEX
  5
B54
  8
FAB
 10
386.3464372118062
 20
-336.6656261972525
 30
0.0000000000000022
  0
VERTEX
  5
B55
  8
FAB
 10
386.3856560855638
 20
-336.6256159146671
 30
0.0000000000000022
  0
VERTEX
  5
B56
  8
FAB
 10
386.4241269508088
 20
-336.5848737302607
 30
0.0000000000000022
  0
VERTEX
  5
B57
  8
FAB
 10
386.4618295173175
 20
-336.5434208098096
 30
0.0000000000000022
  0
VERTEX
  5
B58
  8
FAB
 10
386.4987443001066
 20
-336.5012790613326
 30
0.0000000000000022
  0
VERTEX
  5
B59
  8
FAB
 10
386.5348526529804
 20
-336.4584710965179
 30
0.0000000000000022
  0
VERTEX
  5
B5A
  8
FAB
 10
386.5701367998452
 20
-336.4150201903567
 30
0.0000000000000022
  0
VERTEX
  5
B5B
  8
FAB
 10
386.6045798636852
 20
-336.3709502391311
 30
0.0000000000000022
  0
VERTEX
  5
B5C
  8
FAB
 10
386.6381658930989
 20
-336.32628571692
 30
0.0000000000000022
  0
VERTEX
  5
B5D
  8
FAB
 10
386.6708798863107
 20
-336.2810516307828
 30
0.0000000000000022
  0
VERTEX
  5
B5E
  8
FAB
 10
386.7027078125847
 20
-336.2352734747956
 30
0.0000000000000022
  0
VERTEX
  5
B5F
  8
FAB
 10
386.7336366309795
 20
-336.1889771831126
 30
0.0000000000000022
  0
VERTEX
  5
B60
  8
FAB
 10
386.7636543063977
 20
-336.1421890822318
 30
0.0000000000000022
  0
VERTEX
  5
B61
  8
FAB
 10
386.7927498228978
 20
-336.0949358426446
 30
0.0000000000000022
  0
VERTEX
  5
B62
  8
FAB
 10
386.820913194246
 20
-336.0472444300525
 30
0.0000000000000022
  0
VERTEX
  5
B63
  8
FAB
 10
386.8481354717044
 20
-335.9991420563286
 30
0.0000000000000022
  0
VERTEX
  5
B64
  8
FAB
 10
386.8744087490612
 20
-335.9506561304077
 30
0.0000000000000022
  0
VERTEX
  5
B65
  8
FAB
 10
386.8997261649236
 20
-335.9018142092789
 30
0.0000000000000022
  0
VERTEX
  5
B66
  8
FAB
 10
386.9240819023069
 20
-335.8526439492575
 30
0.0000000000000022
  0
VERTEX
  5
B67
  8
FAB
 10
386.9474711855631
 20
-335.8031730577032
 30
0.0000000000000022
  0
VERTEX
  5
B68
  8
FAB
 10
386.9698902747086
 20
-335.7534292453518
 30
0.0000000000000022
  0
VERTEX
  5
B69
  8
FAB
 10
386.9913364572178
 20
-335.7034401794145
 30
0.0000000000000022
  0
VERTEX
  5
B6A
  8
FAB
 10
387.0118080373604
 20
-335.6532334376009
 30
0.0000000000000022
  0
VERTEX
  5
B6B
  8
FAB
 10
387.0313043231733
 20
-335.6028364632022
 30
0.0000000000000022
  0
VERTEX
  5
B6C
  8
FAB
 10
387.0498256111618
 20
-335.5522765213763
 30
0.0000000000000022
  0
VERTEX
  5
B6D
  8
FAB
 10
387.0673731688365
 20
-335.5015806567546
 30
0.0000000000000022
  0
VERTEX
  5
B6E
  8
FAB
 10
387.0839492151998
 20
-335.4507756524899
 30
0.0000000000000022
  0
VERTEX
  5
B6F
  8
FAB
 10
387.0995568992998
 20
-335.3998879908513
 30
0.0000000000000022
  0
VERTEX
  5
B70
  8
FAB
 10
387.1142002769753
 20
-335.34894381546
 30
0.0000000000000022
  0
VERTEX
  5
B71
  8
FAB
 10
387.1278842859226
 20
-335.2979688952547
 30
0.0000000000000022
  0
VERTEX
  5
B72
  8
FAB
 10
387.1406147192167
 20
-335.2469885902588
 30
0.0000000000000022
  0
VERTEX
  5
B73
  8
FAB
 10
387.163242139421
 20
-335.1451110291434
 30
0.0000000000000022
  0
VERTEX
  5
B74
  8
FAB
 10
387.1821448991847
 20
-335.0435046524781
 30
0.0000000000000022
  0
VERTEX
  5
B75
  8
FAB
 10
387.1973971408629
 20
-334.942354569763
 30
0.0000000000000022
  0
VERTEX
  5
B76
  8
FAB
 10
387.2090837491323
 20
-334.8418367294425
 30
0.0000000000000022
  0
VERTEX
  5
B77
  8
FAB
 10
387.2172992746798
 20
-334.7421172985713
 30
0.0000000000000022
  0
VERTEX
  5
B78
  8
FAB
 10
387.222146836535
 20
-334.6433521711054
 30
0.0000000000000022
  0
VERTEX
  5
B79
  8
FAB
 10
387.2237370185623
 20
-334.5456866015087
 30
0.0000000000000022
  0
VERTEX
  5
B7A
  8
FAB
 10
387.2237370185623
 20
-326.9865563961193
 30
0.0000000000000022
 42
0.0839083204932233
  0
VERTEX
  5
B7B
  8
FAB
 10
387.0571169407121
 20
-326.0006769832307
 30
0.0000000000000022
 42
0.0358908422135364
  0
VERTEX
  5
B7C
  8
FAB
 10
388.7257048145529
 20
-324.1267687970564
 30
0.0000000000000022
 42
-0.2328366833753521
  0
VERTEX
  5
B7D
  8
FAB
 10
391.1034721524952
 20
-322.9560370897393
 30
0.0000000000000022
  0
VERTEX
  5
B7E
  8
FAB
 10
396.5391376186896
 20
-322.9560370897393
 30
0.0000000000000022
 42
0.4142135623730313
  0
VERTEX
  5
B7F
  8
FAB
 10
399.0391376186896
 20
-320.4560370897393
 30
0.0000000000000022
  0
VERTEX
  5
B80
  8
FAB
 10
399.0391376186896
 20
-319.4560370897393
 30
0.0000000000000022
 42
0.4142135623730456
  0
VERTEX
  5
B81
  8
FAB
 10
396.5391376186896
 20
-316.9560370897392
 30
0.0000000000000022
  0
VERTEX
  5
B82
  8
FAB
 10
389.987669754864
 20
-316.9560370897393
 30
0.0000000000000022
 42
0.2975919408848268
  0
VERTEX
  5
B83
  8
FAB
 10
387.2408856528008
 20
-318.7497298748671
 30
0.0000000000000022
 42
-0.1377089894176214
  0
SEQEND
  5
B84
  8
FAB
  0
CIRCLE
  5
B85
  8
FAB
 10
-352.8553953432231
 20
-313.4560370897391
 30
0.0
 40
1.5
210
0.0
220
0.0
230
-1.0
  0
CIRCLE
  5
B86
  8
FAB
 10
-382.8553953432231
 20
-293.4560370897391
 30
0.0
 40
1.5
210
0.0
220
0.0
230
-1.0
  0
CIRCLE
  5
B87
  8
FAB
 10
-362.8553953432231
 20
-293.4560370897391
 30
0.0
 40
1.5
210
0.0
220
0.0
230
-1.0
  0
CIRCLE
  5
B88
  8
FAB
 10
-362.8553953432231
 20
-333.4560370897391
 30
0.0
 40
1.5
210
0.0
220
0.0
230
-1.0
  0
CIRCLE
  5
B89
  8
FAB
 10
-382.8553953432231
 20
-333.4560370897391
 30
0.0
 40
1.5
210
0.0
220
0.0
230
-1.0
  0
CIRCLE
  5
B8A
  8
FAB
 10
395.855395343223
 20
-419.4560370897392
 30
0.0
 40
1.5
  0
CIRCLE
  5
B8B
  8
FAB
 10
355.855395343223
 20
-419.4560370897391
 30
0.0
 40
1.5
  0
CIRCLE
  5
B8C
  8
FAB
 10
355.855395343223
 20
-409.4560370897391
 30
0.0
 40
1.5
  0
CIRCLE
  5
B8D
  8
FAB
 10
355.8553953432231
 20
-379.4560370897391
 30
0.0
 40
1.5
  0
CIRCLE
  5
B8E
  8
FAB
 10
395.8553953432231
 20
-379.4560370897392
 30
0.0
 40
1.5
  0
CIRCLE
  5
B8F
  8
FAB
 10
395.8553953432231
 20
-389.4560370897392
 30
0.0
 40
1.5
  0
CIRCLE
  5
B90
  8
FAB
 10
355.8553953432231
 20
-399.4560370897391
 30
0.0
 40
1.5
  0
CIRCLE
  5
B91
  8
FAB
 10
395.8553953432231
 20
-399.4560370897392
 30
0.0
 40
1.5
  0
CIRCLE
  5
B92
  8
FAB
 10
395.855395343223
 20
-449.4560370897393
 30
0.0
 40
1.5
  0
CIRCLE
  5
B93
  8
FAB
 10
385.855395343223
 20
-449.4560370897391
 30
0.0
 40
1.5
  0
CIRCLE
  5
B94
  8
FAB
 10
375.855395343223
 20
-449.4560370897391
 30
0.0
 40
1.5
  0
CIRCLE
  5
B95
  8
FAB
 10
365.855395343223
 20
-449.4560370897391
 30
0.0
 40
1.5
  0
CIRCLE
  5
B96
  8
FAB
 10
355.855395343223
 20
-449.4560370897391
 30
0.0
 40
1.5
  0
CIRCLE
  5
B97
  8
FAB
 10
395.855395343223
 20
-439.4560370897392
 30
0.0
 40
1.5
  0
CIRCLE
  5
B98
  8
FAB
 10
375.855395343223
 20
-439.4560370897392
 30
0.0
 40
1.5
  0
CIRCLE
  5
B99
  8
FAB
 10
395.855395343223
 20
-429.4560370897392
 30
0.0
 40
1.5
  0
CIRCLE
  5
B9A
  8
FAB
 10
355.855395343223
 20
-429.4560370897391
 30
0.0
 40
1.5
  0
POLYLINE
  5
B9B
  8
FAB
 66
     1
 10
0.0
 20
0.0
 30
0.0
 70
     1
  0
VERTEX
  5
B9C
  8
FAB
 10
354.355395343223
 20
-439.4560370897391
 30
0.0
 42
0.4142135623730997
  0
VERTEX
  5
B9D
  8
FAB
 10
355.855395343223
 20
-440.9560370897391
 30
0.0
  0
VERTEX
  5
B9E
  8
FAB
 10
365.855395343223
 20
-440.9560370897392
 30
0.0
 42
0.9999999999999999
  0
VERTEX
  5
B9F
  8
FAB
 10
365.855395343223
 20
-437.9560370897392
 30
0.0
  0
VERTEX
  5
BA0
  8
FAB
 10
355.855395343223
 20
-437.9560370897391
 30
0.0
 42
0.4142135623730905
  0
SEQEND
  5
BA1
  8
FAB
  0
POLYLINE
  5
BA2
  8
FAB
 66
     1
 10
0.0
 20
0.0
 30
0.0
 70
     1
  0
VERTEX
  5
BA3
  8
FAB
 10
384.3553953432231
 20
-359.4560370897391
 30
0.0
 42
0.4142135623730997
  0
VERTEX
  5
BA4
  8
FAB
 10
385.8553953432231
 20
-360.9560370897391
 30
0.0
  0
VERTEX
  5
BA5
  8
FAB
 10
395.8553953432231
 20
-360.9560370897393
 30
0.0
 42
0.9999999999999621
  0
VERTEX
  5
BA6
  8
FAB
 10
395.8553953432231
 20
-357.9560370897393
 30
0.0
  0
VERTEX
  5
BA7
  8
FAB
 10
385.8553953432231
 20
-357.9560370897391
 30
0.0
 42
0.4142135623730905
  0
SEQEND
  5
BA8
  8
FAB
  0
POLYLINE
  5
BA9
  8
FAB
 66
     1
 10
0.0
 20
0.0
 30
0.0
 70
     1
  0
VERTEX
  5
BAA
  8
FAB
 10
365.8553953432231
 20
-357.9560370897391
 30
0.0
 42
0.4142135623730838
  0
VERTEX
  5
BAB
  8
FAB
 10
364.3553953432231
 20
-359.4560370897391
 30
0.0
  0
VERTEX
  5
BAC
  8
FAB
 10
364.3553953432231
 20
-369.4560370897391
 30
0.0
 42
0.9999999999999621
  0
VERTEX
  5
BAD
  8
FAB
 10
367.3553953432231
 20
-369.4560370897392
 30
0.0
  0
VERTEX
  5
BAE
  8
FAB
 10
367.3553953432231
 20
-359.4560370897392
 30
0.0
 42
0.4142135623731028
  0
SEQEND
  5
BAF
  8
FAB
  0
CIRCLE
  5
BB0
  8
FAB
 10
355.8553953432231
 20
-359.4560370897391
 30
0.0
 40
1.5
  0
CIRCLE
  5
BB1
  8
FAB
 10
375.8553953432231
 20
-359.4560370897392
 30
0.0
 40
1.5
  0
CIRCLE
  5
BB2
  8
FAB
 10
355.8553953432231
 20
-369.4560370897391
 30
0.0
 40
1.5
  0
CIRCLE
  5
BB3
  8
FAB
 10
375.8553953432231
 20
-369.4560370897392
 30
0.0
 40
1.5
  0
CIRCLE
  5
BB4
  8
FAB
 10
385.8553953432231
 20
-369.4560370897392
 30
0.0
 40
1.5
  0
CIRCLE
  5
BB5
  8
FAB
 10
395.8553953432231
 20
-369.4560370897392
 30
0.0
 40
1.5
  0
CIRCLE
  5
BB6
  8
FAB
 10
-370.8367794461311
 20
-429.0116451174587
 30
0.0
 40
1.629300000000114
210
0.0
220
0.0
230
-1.0
  0
CIRCLE
  5
BB7
  8
FAB
 10
-380.8367794461311
 20
-429.0116451174588
 30
0.0
 40
1.629300000000001
210
0.0
220
0.0
230
-1.0
  0
POLYLINE
  5
BB8
  8
FAB
 66
     1
 10
0.0
 20
0.0
 30
0.0
 70
     1
  0
VERTEX
  5
BB9
  8
FAB
 10
366.7199481373977
 20
-384.2207647844647
 30
0.0
  0
VERTEX
  5
BBA
  8
FAB
 10
384.9908107548651
 20
-384.2207647844647
 30
0.0
  0
VERTEX
  5
BBB
  8
FAB
 10
384.9908107548651
 20
-384.6117030753061
 30
0.0
  0
VERTEX
  5
BBC
  8
FAB
 10
385.8937254933743
 20
-384.6117030753061
 30
0.0
  0
VERTEX
  5
BBD
  8
FAB
 10
385.8937254933743
 20
-425.1303879132726
 30
0.0
  0
VERTEX
  5
BBE
  8
FAB
 10
365.8170651930718
 20
-425.1303879132726
 30
0.0
  0
VERTEX
  5
BBF
  8
FAB
 10
365.8170651930718
 20
-384.6117030753061
 30
0.0
  0
VERTEX
  5
BC0
  8
FAB
 10
366.7199481373977
 20
-384.6117030753061
 30
0.0
  0
SEQEND
  5
BC1
  8
FAB
  0
CIRCLE
  5
BC2
  8
FAB
 10
-380.8367794461315
 20
-379.9004290620191
 30
0.0
 40
1.629299999999603
210
0.0
220
0.0
230
-1.0
  0
CIRCLE
  5
BC3
  8
FAB
 10
-370.8367794461315
 20
-379.9004290620191
 30
0.0
 40
1.629299999999603
210
0.0
220
0.0
230
-1.0
  0
POLYLINE
  5
BC4
  8
FAB
 66
     1
 10
0.0
 20
0.0
 30
0.0
 70
     1
  0
VERTEX
  5
BC5
  8
FAB
 10
353.8553953432231
 20
-454.4560370897391
 30
0.0
  0
VERTEX
  5
BC6
  8
FAB
 10
397.4411817808499
 20
-454.4560370897391
 30
0.0
 42
0.4142135623730951
  0
VERTEX
  5
BC7
  8
FAB
 10
400.8553953432231
 20
-451.041823527366
 30
0.0
  0
VERTEX
  5
BC8
  8
FAB
 10
400.8553953432231
 20
-357.8702506521122
 30
0.0
 42
0.4142135623730945
  0
VERTEX
  5
BC9
  8
FAB
 10
397.44118178085
 20
-354.4560370897391
 30
0.0
  0
VERTEX
  5
BCA
  8
FAB
 10
353.8553953432231
 20
-354.4560370897391
 30
0.0
 42
0.4142135623730856
  0
VERTEX
  5
BCB
  8
FAB
 10
350.8553953432231
 20
-357.4560370897391
 30
0.0
  0
VERTEX
  5
BCC
  8
FAB
 10
350.8553953432231
 20
-451.4560370897391
 30
0.0
 42
0.414213562373095
  0
SEQEND
  5
BCD
  8
FAB
  0
POLYLINE
  5
BCE
  8
FAB
 66
     1
 10
0.0
 20
0.0
 30
0.0
 70
     1
  0
VERTEX
  5
BCF
  8
FAB
 10
305.2696089055962
 20
-564.4560370897391
 30
0.0
  0
VERTEX
  5
BD0
  8
FAB
 10
398.4411817808499
 20
-564.4560370897391
 30
0.0
 42
0.4142135623730951
  0
VERTEX
  5
BD1
  8
FAB
 10
401.8553953432231
 20
-561.041823527366
 30
0.0
  0
VERTEX
  5
BD2
  8
FAB
 10
401.8553953432231
 20
-467.8702506521122
 30
0.0
 42
0.4142135623730945
  0
VERTEX
  5
BD3
  8
FAB
 10
398.44118178085
 20
-464.4560370897391
 30
0.0
  0
VERTEX
  5
BD4
  8
FAB
 10
305.2696089055962
 20
-464.4560370897391
 30
0.0
 42
0.4142135623730951
  0
VERTEX
  5
BD5
  8
FAB
 10
301.8553953432231
 20
-467.8702506521122
 30
0.0
  0
VERTEX
  5
BD6
  8
FAB
 10
301.8553953432231
 20
-561.041823527366
 30
0.0
 42
0.4142135623730951
  0
SEQEND
  5
BD7
  8
FAB
  0
CIRCLE
  5
BD8
  8
FAB
 10
396.8553953432231
 20
-479.4560370897391
 30
0.0
 40
1.5
  0
CIRCLE
  5
BD9
  8
FAB
 10
386.8553953432231
 20
-479.4560370897391
 30
0.0
 40
1.5
  0
CIRCLE
  5
BDA
  8
FAB
 10
376.8553953432231
 20
-479.4560370897391
 30
0.0
 40
1.5
  0
CIRCLE
  5
BDB
  8
FAB
 10
356.8553953432231
 20
-479.4560370897391
 30
0.0
 40
1.5
  0
CIRCLE
  5
BDC
  8
FAB
 10
376.8553953432231
 20
-469.4560370897391
 30
0.0
 40
1.5
  0
CIRCLE
  5
BDD
  8
FAB
 10
356.8553953432231
 20
-469.4560370897391
 30
0.0
 40
1.5
  0
POLYLINE
  5
BDE
  8
FAB
 66
     1
 10
0.0
 20
0.0
 30
0.0
 70
     1
  0
VERTEX
  5
BDF
  8
FAB
 10
366.8553953432231
 20
-467.9560370897391
 30
0.0
 42
0.4142135623730838
  0
VERTEX
  5
BE0
  8
FAB
 10
365.3553953432231
 20
-469.4560370897391
 30
0.0
  0
VERTEX
  5
BE1
  8
FAB
 10
365.3553953432231
 20
-479.4560370897391
 30
0.0
 42
0.9999999999999999
  0
VERTEX
  5
BE2
  8
FAB
 10
368.3553953432231
 20
-479.4560370897391
 30
0.0
  0
VERTEX
  5
BE3
  8
FAB
 10
368.3553953432231
 20
-469.4560370897391
 30
0.0
 42
0.4142135623730838
  0
SEQEND
  5
BE4
  8
FAB
  0
POLYLINE
  5
BE5
  8
FAB
 66
     1
 10
0.0
 20
0.0
 30
0.0
 70
     1
  0
VERTEX
  5
BE6
  8
FAB
 10
385.3553953432231
 20
-469.4560370897391
 30
0.0
 42
0.4142135623730997
  0
VERTEX
  5
BE7
  8
FAB
 10
386.8553953432231
 20
-470.9560370897391
 30
0.0
  0
VERTEX
  5
BE8
  8
FAB
 10
396.8553953432231
 20
-470.9560370897393
 30
0.0
 42
0.9999999999999621
  0
VERTEX
  5
BE9
  8
FAB
 10
396.8553953432231
 20
-467.9560370897393
 30
0.0
  0
VERTEX
  5
BEA
  8
FAB
 10
386.8553953432231
 20
-467.9560370897391
 30
0.0
 42
0.4142135623730905
  0
SEQEND
  5
BEB
  8
FAB
  0
POLYLINE
  5
BEC
  8
FAB
 66
     1
 10
0.0
 20
0.0
 30
0.0
 70
     1
  0
VERTEX
  5
BED
  8
FAB
 10
355.355395343223
 20
-549.4560370897391
 30
0.0
 42
0.4142135623730872
  0
VERTEX
  5
BEE
  8
FAB
 10
356.855395343223
 20
-550.9560370897391
 30
0.0
  0
VERTEX
  5
BEF
  8
FAB
 10
366.855395343223
 20
-550.9560370897391
 30
0.0
 42
0.9999999999999999
  0
VERTEX
  5
BF0
  8
FAB
 10
366.855395343223
 20
-547.9560370897391
 30
0.0
  0
VERTEX
  5
BF1
  8
FAB
 10
356.855395343223
 20
-547.9560370897391
 30
0.0
 42
0.414213562373114
  0
SEQEND
  5
BF2
  8
FAB
  0
POLYLINE
  5
BF3
  8
FAB
 66
     1
 10
0.0
 20
0.0
 30
0.0
 70
     1
  0
VERTEX
  5
BF4
  8
FAB
 10
386.855395343223
 20
-537.9560370897391
 30
0.0
 42
0.414213562373114
  0
VERTEX
  5
BF5
  8
FAB
 10
385.355395343223
 20
-539.4560370897391
 30
0.0
  0
VERTEX
  5
BF6
  8
FAB
 10
385.355395343223
 20
-549.4560370897391
 30
0.0
 42
0.9999999999999999
  0
VERTEX
  5
BF7
  8
FAB
 10
388.355395343223
 20
-549.4560370897391
 30
0.0
  0
VERTEX
  5
BF8
  8
FAB
 10
388.355395343223
 20
-539.4560370897391
 30
0.0
 42
0.4142135623730872
  0
SEQEND
  5
BF9
  8
FAB
  0
CIRCLE
  5
BFA
  8
FAB
 10
356.855395343223
 20
-539.4560370897391
 30
0.0
 40
1.5
  0
CIRCLE
  5
BFB
  8
FAB
 10
366.855395343223
 20
-539.4560370897391
 30
0.0
 40
1.5
  0
CIRCLE
  5
BFC
  8
FAB
 10
376.855395343223
 20
-539.4560370897391
 30
0.0
 40
1.5
  0
CIRCLE
  5
BFD
  8
FAB
 10
396.855395343223
 20
-539.4560370897391
 30
0.0
 40
1.5
  0
CIRCLE
  5
BFE
  8
FAB
 10
376.855395343223
 20
-549.4560370897391
 30
0.0
 40
1.5
  0
CIRCLE
  5
BFF
  8
FAB
 10
396.855395343223
 20
-549.4560370897391
 30
0.0
 40
1.5
  0
CIRCLE
  5
C00
  8
FAB
 10
356.855395343223
 20
-559.4560370897391
 30
0.0
 40
1.5
  0
CIRCLE
  5
C01
  8
FAB
 10
366.855395343223
 20
-559.4560370897391
 30
0.0
 40
1.5
  0
CIRCLE
  5
C02
  8
FAB
 10
376.855395343223
 20
-559.4560370897391
 30
0.0
 40
1.5
  0
CIRCLE
  5
C03
  8
FAB
 10
386.855395343223
 20
-559.4560370897391
 30
0.0
 40
1.5
  0
CIRCLE
  5
C04
  8
FAB
 10
396.855395343223
 20
-559.4560370897393
 30
0.0
 40
1.5
  0
CIRCLE
  5
C05
  8
FAB
 10
306.8553953432231
 20
-519.4560370897391
 30
0.0
 40
1.5
  0
CIRCLE
  5
C06
  8
FAB
 10
316.8553953432231
 20
-519.4560370897391
 30
0.0
 40
1.5
  0
CIRCLE
  5
C07
  8
FAB
 10
326.8553953432231
 20
-519.4560370897391
 30
0.0
 40
1.5
  0
CIRCLE
  5
C08
  8
FAB
 10
336.8553953432231
 20
-519.4560370897391
 30
0.0
 40
1.5
  0
CIRCLE
  5
C09
  8
FAB
 10
346.8553953432231
 20
-519.4560370897391
 30
0.0
 40
1.5
  0
CIRCLE
  5
C0A
  8
FAB
 10
306.8553953432231
 20
-529.4560370897391
 30
0.0
 40
1.5
  0
CIRCLE
  5
C0B
  8
FAB
 10
326.8553953432231
 20
-529.4560370897391
 30
0.0
 40
1.5
  0
CIRCLE
  5
C0C
  8
FAB
 10
306.8553953432231
 20
-539.4560370897391
 30
0.0
 40
1.5
  0
CIRCLE
  5
C0D
  8
FAB
 10
326.8553953432231
 20
-539.4560370897391
 30
0.0
 40
1.5
  0
CIRCLE
  5
C0E
  8
FAB
 10
336.8553953432231
 20
-539.4560370897391
 30
0.0
 40
1.5
  0
CIRCLE
  5
C0F
  8
FAB
 10
346.8553953432231
 20
-539.4560370897391
 30
0.0
 40
1.5
  0
CIRCLE
  5
C10
  8
FAB
 10
306.8553953432231
 20
-549.4560370897391
 30
0.0
 40
1.5
  0
CIRCLE
  5
C11
  8
FAB
 10
316.8553953432231
 20
-549.4560370897391
 30
0.0
 40
1.5
  0
CIRCLE
  5
C12
  8
FAB
 10
326.8553953432231
 20
-549.4560370897391
 30
0.0
 40
1.5
  0
CIRCLE
  5
C13
  8
FAB
 10
346.8553953432231
 20
-549.4560370897391
 30
0.0
 40
1.5
  0
CIRCLE
  5
C14
  8
FAB
 10
326.8553953432231
 20
-559.4560370897391
 30
0.0
 40
1.5
  0
CIRCLE
  5
C15
  8
FAB
 10
346.8553953432231
 20
-559.4560370897391
 30
0.0
 40
1.5
  0
POLYLINE
  5
C16
  8
FAB
 66
     1
 10
0.0
 20
0.0
 30
0.0
 70
     1
  0
VERTEX
  5
C17
  8
FAB
 10
316.8553953432231
 20
-540.9560370897391
 30
0.0
 42
0.4142135623731075
  0
VERTEX
  5
C18
  8
FAB
 10
318.3553953432231
 20
-539.4560370897391
 30
0.0
  0
VERTEX
  5
C19
  8
FAB
 10
318.3553953432231
 20
-529.4560370897391
 30
0.0
 42
0.9999999999999999
  0
VERTEX
  5
C1A
  8
FAB
 10
315.3553953432231
 20
-529.4560370897391
 30
0.0
  0
VERTEX
  5
C1B
  8
FAB
 10
315.3553953432231
 20
-539.4560370897391
 30
0.0
 42
0.4142135623730715
  0
SEQEND
  5
C1C
  8
FAB
  0
POLYLINE
  5
C1D
  8
FAB
 66
     1
 10
0.0
 20
0.0
 30
0.0
 70
     1
  0
VERTEX
  5
C1E
  8
FAB
 10
336.8553953432231
 20
-560.9560370897391
 30
0.0
 42
0.4142135623731075
  0
VERTEX
  5
C1F
  8
FAB
 10
338.3553953432231
 20
-559.4560370897391
 30
0.0
  0
VERTEX
  5
C20
  8
FAB
 10
338.3553953432231
 20
-549.4560370897391
 30
0.0
 42
0.9999999999999999
  0
VERTEX
  5
C21
  8
FAB
 10
335.3553953432231
 20
-549.4560370897391
 30
0.0
  0
VERTEX
  5
C22
  8
FAB
 10
335.3553953432231
 20
-559.4560370897391
 30
0.0
 42
0.4142135623730715
  0
SEQEND
  5
C23
  8
FAB
  0
POLYLINE
  5
C24
  8
FAB
 66
     1
 10
0.0
 20
0.0
 30
0.0
 70
     1
  0
VERTEX
  5
C25
  8
FAB
 10
348.3553953432231
 20
-529.4560370897391
 30
0.0
 42
0.4142135623730715
  0
VERTEX
  5
C26
  8
FAB
 10
346.8553953432231
 20
-527.9560370897391
 30
0.0
  0
VERTEX
  5
C27
  8
FAB
 10
336.8553953432231
 20
-527.9560370897391
 30
0.0
 42
0.9999999999999999
  0
VERTEX
  5
C28
  8
FAB
 10
336.8553953432231
 20
-530.9560370897391
 30
0.0
  0
VERTEX
  5
C29
  8
FAB
 10
346.8553953432231
 20
-530.9560370897391
 30
0.0
 42
0.4142135623731075
  0
SEQEND
  5
C2A
  8
FAB
  0
POLYLINE
  5
C2B
  8
FAB
 66
     1
 10
0.0
 20
0.0
 30
0.0
 70
     1
  0
VERTEX
  5
C2C
  8
FAB
 10
318.3553953432231
 20
-559.4560370897391
 30
0.0
 42
0.4142135623730715
  0
VERTEX
  5
C2D
  8
FAB
 10
316.8553953432231
 20
-557.9560370897391
 30
0.0
  0
VERTEX
  5
C2E
  8
FAB
 10
306.8553953432231
 20
-557.9560370897391
 30
0.0
 42
0.9999999999999999
  0
VERTEX
  5
C2F
  8
FAB
 10
306.8553953432231
 20
-560.9560370897391
 30
0.0
  0
VERTEX
  5
C30
  8
FAB
 10
316.8553953432231
 20
-560.9560370897391
 30
0.0
 42
0.4142135623731075
  0
SEQEND
  5
C31
  8
FAB
  0
POLYLINE
  5
C32
  8
FAB
 66
     1
 10
0.0
 20
0.0
 30
0.0
 70
     1
  0
VERTEX
  5
C33
  8
FAB
 10
318.3553953432231
 20
-509.4560370897391
 30
0.0
 42
0.4142135623730838
  0
VERTEX
  5
C34
  8
FAB
 10
316.8553953432231
 20
-507.9560370897391
 30
0.0
  0
VERTEX
  5
C35
  8
FAB
 10
306.8553953432231
 20
-507.9560370897391
 30
0.0
 42
0.9999999999999999
  0
VERTEX
  5
C36
  8
FAB
 10
306.8553953432231
 20
-510.9560370897391
 30
0.0
  0
VERTEX
  5
C37
  8
FAB
 10
316.8553953432231
 20
-510.9560370897391
 30
0.0
 42
0.4142135623730838
  0
SEQEND
  5
C38
  8
FAB
  0
POLYLINE
  5
C39
  8
FAB
 66
     1
 10
0.0
 20
0.0
 30
0.0
 70
     1
  0
VERTEX
  5
C3A
  8
FAB
 10
348.3553953432231
 20
-479.4560370897391
 30
0.0
 42
0.4142135623730838
  0
VERTEX
  5
C3B
  8
FAB
 10
346.8553953432231
 20
-477.9560370897391
 30
0.0
  0
VERTEX
  5
C3C
  8
FAB
 10
336.8553953432231
 20
-477.9560370897391
 30
0.0
 42
0.9999999999999999
  0
VERTEX
  5
C3D
  8
FAB
 10
336.8553953432231
 20
-480.9560370897391
 30
0.0
  0
VERTEX
  5
C3E
  8
FAB
 10
346.8553953432231
 20
-480.9560370897391
 30
0.0
 42
0.4142135623730838
  0
SEQEND
  5
C3F
  8
FAB
  0
POLYLINE
  5
C40
  8
FAB
 66
     1
 10
0.0
 20
0.0
 30
0.0
 70
     1
  0
VERTEX
  5
C41
  8
FAB
 10
336.8553953432231
 20
-510.9560370897391
 30
0.0
 42
0.4142135623730838
  0
VERTEX
  5
C42
  8
FAB
 10
338.3553953432231
 20
-509.4560370897391
 30
0.0
  0
VERTEX
  5
C43
  8
FAB
 10
338.3553953432231
 20
-499.4560370897391
 30
0.0
 42
0.9999999999999999
  0
VERTEX
  5
C44
  8
FAB
 10
335.3553953432231
 20
-499.4560370897391
 30
0.0
  0
VERTEX
  5
C45
  8
FAB
 10
335.3553953432231
 20
-509.4560370897391
 30
0.0
 42
0.4142135623730838
  0
SEQEND
  5
C46
  8
FAB
  0
CIRCLE
  5
C47
  8
FAB
 10
346.8553953432231
 20
-509.4560370897391
 30
0.0
 40
1.5
  0
CIRCLE
  5
C48
  8
FAB
 10
326.8553953432231
 20
-509.4560370897391
 30
0.0
 40
1.5
  0
CIRCLE
  5
C49
  8
FAB
 10
346.8553953432231
 20
-499.4560370897391
 30
0.0
 40
1.5
  0
CIRCLE
  5
C4A
  8
FAB
 10
346.8553953432231
 20
-489.4560370897391
 30
0.0
 40
1.5
  0
CIRCLE
  5
C4B
  8
FAB
 10
336.8553953432231
 20
-489.4560370897391
 30
0.0
 40
1.5
  0
CIRCLE
  5
C4C
  8
FAB
 10
346.8553953432231
 20
-469.4560370897391
 30
0.0
 40
1.5
  0
CIRCLE
  5
C4D
  8
FAB
 10
336.8553953432231
 20
-469.4560370897391
 30
0.0
 40
1.5
  0
CIRCLE
  5
C4E
  8
FAB
 10
396.8553953432231
 20
-509.4560370897391
 30
0.0
 40
1.5
  0
CIRCLE
  5
C4F
  8
FAB
 10
386.8553953432231
 20
-509.4560370897391
 30
0.0
 40
1.5
  0
CIRCLE
  5
C50
  8
FAB
 10
376.8553953432231
 20
-509.4560370897391
 30
0.0
 40
1.5
  0
CIRCLE
  5
C51
  8
FAB
 10
366.8553953432231
 20
-509.4560370897391
 30
0.0
 40
1.5
  0
CIRCLE
  5
C52
  8
FAB
 10
356.8553953432231
 20
-509.4560370897391
 30
0.0
 40
1.5
  0
CIRCLE
  5
C53
  8
FAB
 10
396.8553953432231
 20
-499.4560370897391
 30
0.0
 40
1.5
  0
CIRCLE
  5
C54
  8
FAB
 10
376.8553953432231
 20
-499.4560370897391
 30
0.0
 40
1.5
  0
CIRCLE
  5
C55
  8
FAB
 10
396.8553953432231
 20
-489.4560370897391
 30
0.0
 40
1.5
  0
CIRCLE
  5
C56
  8
FAB
 10
376.8553953432231
 20
-489.4560370897391
 30
0.0
 40
1.5
  0
CIRCLE
  5
C57
  8
FAB
 10
366.8553953432231
 20
-489.4560370897391
 30
0.0
 40
1.5
  0
CIRCLE
  5
C58
  8
FAB
 10
356.8553953432231
 20
-489.4560370897391
 30
0.0
 40
1.5
  0
POLYLINE
  5
C59
  8
FAB
 66
     1
 10
0.0
 20
0.0
 30
0.0
 70
     1
  0
VERTEX
  5
C5A
  8
FAB
 10
386.8553953432231
 20
-487.9560370897391
 30
0.0
 42
0.4142135623730838
  0
VERTEX
  5
C5B
  8
FAB
 10
385.3553953432231
 20
-489.4560370897391
 30
0.0
  0
VERTEX
  5
C5C
  8
FAB
 10
385.3553953432231
 20
-499.4560370897391
 30
0.0
 42
0.9999999999999999
  0
VERTEX
  5
C5D
  8
FAB
 10
388.3553953432231
 20
-499.4560370897391
 30
0.0
  0
VERTEX
  5
C5E
  8
FAB
 10
388.3553953432231
 20
-489.4560370897391
 30
0.0
 42
0.4142135623730838
  0
SEQEND
  5
C5F
  8
FAB
  0
POLYLINE
  5
C60
  8
FAB
 66
     1
 10
0.0
 20
0.0
 30
0.0
 70
     1
  0
VERTEX
  5
C61
  8
FAB
 10
355.3553953432231
 20
-499.4560370897391
 30
0.0
 42
0.4142135623730838
  0
VERTEX
  5
C62
  8
FAB
 10
356.8553953432231
 20
-500.9560370897391
 30
0.0
  0
VERTEX
  5
C63
  8
FAB
 10
366.8553953432231
 20
-500.9560370897391
 30
0.0
 42
0.9999999999999999
  0
VERTEX
  5
C64
  8
FAB
 10
366.8553953432231
 20
-497.9560370897391
 30
0.0
  0
VERTEX
  5
C65
  8
FAB
 10
356.8553953432231
 20
-497.9560370897391
 30
0.0
 42
0.4142135623730838
  0
SEQEND
  5
C66
  8
FAB
  0
POLYLINE
  5
C67
  8
FAB
 66
     1
 10
0.0
 20
0.0
 30
0.0
 70
     1
  0
VERTEX
  5
C68
  8
FAB
 10
385.3553953432231
 20
-519.4560370897391
 30
0.0
 42
0.4142135623730715
  0
VERTEX
  5
C69
  8
FAB
 10
386.8553953432231
 20
-520.9560370897391
 30
0.0
  0
VERTEX
  5
C6A
  8
FAB
 10
396.8553953432231
 20
-520.9560370897391
 30
0.0
 42
0.9999999999999999
  0
VERTEX
  5
C6B
  8
FAB
 10
396.8553953432231
 20
-517.9560370897391
 30
0.0
  0
VERTEX
  5
C6C
  8
FAB
 10
386.8553953432231
 20
-517.9560370897391
 30
0.0
 42
0.4142135623731075
  0
SEQEND
  5
C6D
  8
FAB
  0
POLYLINE
  5
C6E
  8
FAB
 66
     1
 10
0.0
 20
0.0
 30
0.0
 70
     1
  0
VERTEX
  5
C6F
  8
FAB
 10
366.8553953432231
 20
-517.9560370897391
 30
0.0
 42
0.4142135623731075
  0
VERTEX
  5
C70
  8
FAB
 10
365.3553953432231
 20
-519.4560370897391
 30
0.0
  0
VERTEX
  5
C71
  8
FAB
 10
365.355395343223
 20
-529.4560370897391
 30
0.0
 42
0.9999999999999999
  0
VERTEX
  5
C72
  8
FAB
 10
368.355395343223
 20
-529.4560370897391
 30
0.0
  0
VERTEX
  5
C73
  8
FAB
 10
368.3553953432231
 20
-519.4560370897391
 30
0.0
 42
0.4142135623730715
  0
SEQEND
  5
C74
  8
FAB
  0
CIRCLE
  5
C75
  8
FAB
 10
356.8553953432231
 20
-519.4560370897391
 30
0.0
 40
1.5
  0
CIRCLE
  5
C76
  8
FAB
 10
376.8553953432231
 20
-519.4560370897391
 30
0.0
 40
1.5
  0
CIRCLE
  5
C77
  8
FAB
 10
356.855395343223
 20
-529.4560370897391
 30
0.0
 40
1.5
  0
CIRCLE
  5
C78
  8
FAB
 10
376.855395343223
 20
-529.4560370897391
 30
0.0
 40
1.5
  0
CIRCLE
  5
C79
  8
FAB
 10
386.855395343223
 20
-529.4560370897391
 30
0.0
 40
1.5
  0
CIRCLE
  5
C7A
  8
FAB
 10
396.855395343223
 20
-529.4560370897391
 30
0.0
 40
1.5
  0
POLYLINE
  5
C7B
  8
FAB
 66
     1
 10
0.0
 20
0.0
 30
0.0
 70
     1
  0
VERTEX
  5
C7C
  8
FAB
 10
316.8553953432231
 20
-490.9560370897391
 30
0.0
 42
0.4142135623730838
  0
VERTEX
  5
C7D
  8
FAB
 10
318.3553953432231
 20
-489.4560370897391
 30
0.0
  0
VERTEX
  5
C7E
  8
FAB
 10
318.3553953432231
 20
-479.4560370897391
 30
0.0
 42
0.9999999999999999
  0
VERTEX
  5
C7F
  8
FAB
 10
315.3553953432231
 20
-479.4560370897391
 30
0.0
  0
VERTEX
  5
C80
  8
FAB
 10
315.3553953432231
 20
-489.4560370897391
 30
0.0
 42
0.4142135623730838
  0
SEQEND
  5
C81
  8
FAB
  0
CIRCLE
  5
C82
  8
FAB
 10
326.8553953432231
 20
-499.4560370897391
 30
0.0
 40
1.5
  0
CIRCLE
  5
C83
  8
FAB
 10
316.8553953432231
 20
-499.4560370897391
 30
0.0
 40
1.5
  0
CIRCLE
  5
C84
  8
FAB
 10
306.8553953432231
 20
-499.4560370897391
 30
0.0
 40
1.5
  0
CIRCLE
  5
C85
  8
FAB
 10
326.8553953432231
 20
-489.4560370897391
 30
0.0
 40
1.5
  0
CIRCLE
  5
C86
  8
FAB
 10
306.8553953432231
 20
-489.4560370897391
 30
0.0
 40
1.5
  0
CIRCLE
  5
C87
  8
FAB
 10
326.8553953432231
 20
-479.4560370897391
 30
0.0
 40
1.5
  0
CIRCLE
  5
C88
  8
FAB
 10
306.8553953432231
 20
-479.4560370897391
 30
0.0
 40
1.5
  0
CIRCLE
  5
C89
  8
FAB
 10
326.8553953432231
 20
-469.4560370897391
 30
0.0
 40
1.5
  0
CIRCLE
  5
C8A
  8
FAB
 10
316.8553953432231
 20
-469.4560370897391
 30
0.0
 40
1.5
  0
CIRCLE
  5
C8B
  8
FAB
 10
306.8553953432231
 20
-469.4560370897391
 30
0.0
 40
1.5
  0
POLYLINE
  5
C8C
  8
FAB
 66
     1
 10
0.0
 20
0.0
 30
0.0
 70
     1
  0
VERTEX
  5
C8D
  8
FAB
 10
485.8553953432231
 20
-326.3201575731376
 30
0.0
  0
VERTEX
  5
C8E
  8
FAB
 10
467.8553953432231
 20
-326.3201575731376
 30
0.0
  0
VERTEX
  5
C8F
  8
FAB
 10
467.8553953432231
 20
-305.5701575731376
 30
0.0
  0
VERTEX
  5
C90
  8
FAB
 10
485.8553953432231
 20
-305.5701575731376
 30
0.0
  0
SEQEND
  5
C91
  8
FAB
  0
CIRCLE
  5
C92
  8
FAB
 10
-481.855395343223
 20
-322.4560370897391
 30
0.0
 40
1.500000000000057
210
0.0
220
0.0
230
-1.0
  0
CIRCLE
  5
C93
  8
FAB
 10
-471.8553953432231
 20
-322.4560370897392
 30
0.0
 40
1.5
210
0.0
220
0.0
230
-1.0
  0
CIRCLE
  5
C94
  8
FAB
 10
-481.8553953432231
 20
-312.4560370897392
 30
0.0
 40
1.5
210
0.0
220
0.0
230
-1.0
  0
CIRCLE
  5
C95
  8
FAB
 10
-471.855395343223
 20
-312.4560370897391
 30
0.0
 40
1.500000000000057
210
0.0
220
0.0
230
-1.0
  0
POLYLINE
  5
C96
  8
FAB
 66
     1
 10
0.0
 20
0.0
 30
0.0
 70
     1
  0
VERTEX
  5
C97
  8
FAB
 10
324.955395343223
 20
-384.5560370897392
 30
0.0
  0
VERTEX
  5
C98
  8
FAB
 10
336.755395343223
 20
-384.5560370897392
 30
0.0
  0
VERTEX
  5
C99
  8
FAB
 10
336.755395343223
 20
-362.3560370897392
 30
0.0
  0
VERTEX
  5
C9A
  8
FAB
 10
324.955395343223
 20
-362.3560370897392
 30
0.0
  0
SEQEND
  5
C9B
  8
FAB
  0
CIRCLE
  5
C9C
  8
FAB
 10
330.8553953432231
 20
-360.0560370897392
 30
0.0
 40
1.5
  0
CIRCLE
  5
C9D
  8
FAB
 10
330.8553953432231
 20
-386.8560370897391
 30
0.0
 40
1.5
  0
CIRCLE
  5
C9E
  8
FAB
 10
320.855395343223
 20
-388.4560370897393
 30
0.0
 40
1.5
  0
CIRCLE
  5
C9F
  8
FAB
 10
340.855395343223
 20
-388.4560370897393
 30
0.0
 40
1.5
  0
CIRCLE
  5
CA0
  8
FAB
 10
340.855395343223
 20
-378.4560370897393
 30
0.0
 40
1.5
  0
CIRCLE
  5
CA1
  8
FAB
 10
320.855395343223
 20
-368.4560370897393
 30
0.0
 40
1.5
  0
CIRCLE
  5
CA2
  8
FAB
 10
320.855395343223
 20
-358.4560370897393
 30
0.0
 40
1.5
  0
CIRCLE
  5
CA3
  8
FAB
 10
340.8553953432229
 20
-368.4560370897393
 30
0.0
 40
1.5
  0
CIRCLE
  5
CA4
  8
FAB
 10
340.855395343223
 20
-358.4560370897393
 30
0.0
 40
1.5
  0
CIRCLE
  5
CA5
  8
FAB
 10
320.855395343223
 20
-378.4560370897393
 30
0.0
 40
1.5
  0
POLYLINE
  5
CA6
  8
FAB
 66
     1
 10
0.0
 20
0.0
 30
0.0
 70
     1
  0
VERTEX
  5
CA7
  8
FAB
 10
343.355395343223
 20
-389.4159990169548
 30
0.0
  0
VERTEX
  5
CA8
  8
FAB
 10
343.3553953432231
 20
-357.4960751625236
 30
0.0
 42
0.414213562373095
  0
VERTEX
  5
CA9
  8
FAB
 10
340.3553953432231
 20
-354.4960751625236
 30
0.0
  0
VERTEX
  5
CAA
  8
FAB
 10
321.355395343223
 20
-354.4960751625236
 30
0.0
 42
0.414213562373099
  0
VERTEX
  5
CAB
  8
FAB
 10
318.355395343223
 20
-357.4960751625237
 30
0.0
  0
VERTEX
  5
CAC
  8
FAB
 10
318.355395343223
 20
-389.4159990169548
 30
0.0
 42
0.414213562373095
  0
VERTEX
  5
CAD
  8
FAB
 10
321.355395343223
 20
-392.4159990169548
 30
0.0
  0
VERTEX
  5
CAE
  8
FAB
 10
340.355395343223
 20
-392.4159990169548
 30
0.0
 42
0.414213562373095
  0
SEQEND
  5
CAF
  8
FAB
  0
POLYLINE
  5
CB0
  8
FAB
 66
     1
 10
0.0
 20
0.0
 30
0.0
 70
     1
  0
VERTEX
  5
CB1
  8
FAB
 10
452.3898442351507
 20
-294.594791428447
 30
0.0
 42
-0.4142135623729482
  0
VERTEX
  5
CB2
  8
FAB
 10
448.3898442351506
 20
-298.5947914284455
 30
0.0
  0
VERTEX
  5
CB3
  8
FAB
 10
447.3770746130962
 20
-298.5947914284453
 30
0.0
  0
VERTEX
  5
CB4
  8
FAB
 10
447.1228175866745
 20
-298.595646633958
 30
0.0
  0
VERTEX
  5
CB5
  8
FAB
 10
446.8715420666753
 20
-298.6014441060354
 30
0.0
  0
VERTEX
  5
CB6
  8
FAB
 10
446.7479113425183
 20
-298.6075982638599
 30
0.0
  0
VERTEX
  5
CB7
  8
FAB
 10
446.6260662902034
 20
-298.6165966019176
 30
0.0
  0
VERTEX
  5
CB8
  8
FAB
 10
446.5063230809936
 20
-298.6288971768963
 30
0.0
  0
VERTEX
  5
CB9
  8
FAB
 10
446.4473336720576
 20
-298.6364183785124
 30
0.0
  0
VERTEX
  5
CBA
  8
FAB
 10
446.3889801628379
 20
-298.644919330457
 30
0.0
  0
VERTEX
  5
CBB
  8
FAB
 10
446.3312968068398
 20
-298.6544462889755
 30
0.0
  0
VERTEX
  5
CBC
  8
FAB
 10
446.2743165340742
 20
-298.6650430051081
 30
0.0
  0
VERTEX
  5
CBD
  8
FAB
 10
446.2180708971113
 20
-298.6767507033114
 30
0.0
  0
VERTEX
  5
CBE
  8
FAB
 10
446.162590017133
 20
-298.6896080600791
 30
0.0
  0
VERTEX
  5
CBF
  8
FAB
 10
446.1079025299871
 20
-298.7036511825629
 30
0.0
  0
VERTEX
  5
CC0
  8
FAB
 10
446.0540355322401
 20
-298.718913587194
 30
0.0
  0
VERTEX
  5
CC1
  8
FAB
 10
446.0010145272298
 20
-298.735426178304
 30
0.0
  0
VERTEX
  5
CC2
  8
FAB
 10
445.9488633711199
 20
-298.7532172267457
 30
0.0
  0
VERTEX
  5
CC3
  8
FAB
 10
445.8976042189519
 20
-298.7723123485144
 30
0.0
  0
VERTEX
  5
CC4
  8
FAB
 10
445.847257470699
 20
-298.7927344833693
 30
0.0
  0
VERTEX
  5
CC5
  8
FAB
 10
445.7978417173193
 20
-298.8145038734535
 30
0.0
  0
VERTEX
  5
CC6
  8
FAB
 10
445.7493736868087
 20
-298.8376380419163
 30
0.0
  0
VERTEX
  5
CC7
  8
FAB
 10
445.7018681902546
 20
-298.8621517715334
 30
0.0
  0
VERTEX
  5
CC8
  8
FAB
 10
445.6553380678886
 20
-298.8880570833281
 30
0.0
  0
VERTEX
  5
CC9
  8
FAB
 10
445.6097941351401
 20
-298.9153632151931
 30
0.0
  0
VERTEX
  5
CCA
  8
FAB
 10
445.5652451286896
 20
-298.9440766005102
 30
0.0
  0
VERTEX
  5
CCB
  8
FAB
 10
445.5216976525214
 20
-298.9742008467727
 30
0.0
  0
VERTEX
  5
CCC
  8
FAB
 10
445.4791561239774
 20
-299.0057367142056
 30
0.0
  0
VERTEX
  5
CCD
  8
FAB
 10
445.4376227198101
 20
-299.038682094387
 30
0.0
  0
VERTEX
  5
CCE
  8
FAB
 10
445.3970973222355
 20
-299.0730319888689
 30
0.0
  0
VERTEX
  5
CCF
  8
FAB
 10
445.3575774649869
 20
-299.1087784877988
 30
0.0
  0
VERTEX
  5
CD0
  8
FAB
 10
445.3190582793678
 20
-299.14591074854
 30
0.0
  0
VERTEX
  5
CD1
  8
FAB
 10
445.2815324403053
 20
-299.1844149742934
 30
0.0
  0
VERTEX
  5
CD2
  8
FAB
 10
445.2449901124029
 20
-299.2242743927179
 30
0.0
  0
VERTEX
  5
CD3
  8
FAB
 10
445.2094188959943
 20
-299.265469234552
 30
0.0
  0
VERTEX
  5
CD4
  8
FAB
 10
445.1748037731962
 20
-299.3079767122345
 30
0.0
  0
VERTEX
  5
CD5
  8
FAB
 10
445.1411270539618
 20
-299.3517709985258
 30
0.0
  0
VERTEX
  5
CD6
  8
FAB
 10
445.1083683221337
 20
-299.3968232051286
 30
0.0
  0
VERTEX
  5
CD7
  8
FAB
 10
445.0765043814977
 20
-299.4431013613093
 30
0.0
  0
VERTEX
  5
CD8
  8
FAB
 10
445.0455092018353
 20
-299.4905703925193
 30
0.0
  0
VERTEX
  5
CD9
  8
FAB
 10
445.0153538649774
 20
-299.5391920990151
 30
0.0
  0
VERTEX
  5
CDA
  8
FAB
 10
444.9860065108574
 20
-299.5889251344805
 30
0.0
  0
VERTEX
  5
CDB
  8
FAB
 10
444.9574322835645
 20
-299.6397249846466
 30
0.0
  0
VERTEX
  5
CDC
  8
FAB
 10
444.9295932773965
 20
-299.6915439459139
 30
0.0
  0
VERTEX
  5
CDD
  8
FAB
 10
444.8759537329921
 20
-299.7980323124234
 30
0.0
  0
VERTEX
  5
CDE
  8
FAB
 10
444.8247215862303
 20
-299.9079440061887
 30
0.0
  0
VERTEX
  5
CDF
  8
FAB
 10
444.7754782964466
 20
-300.0207804018393
 30
0.0
  0
VERTEX
  5
CE0
  8
FAB
 10
444.5880974974141
 20
-300.489528270551
 30
0.0
 42
-0.097146926299465
  0
VERTEX
  5
CE1
  8
FAB
 10
441.2591916738515
 20
-305.6717145053698
 30
0.0
 42
-0.2043018768846259
  0
VERTEX
  5
CE2
  8
FAB
 10
439.0943844000868
 20
-306.5947914284465
 30
0.0
  0
VERTEX
  5
CE3
  8
FAB
 10
434.7135528804398
 20
-306.5947914284464
 30
0.0
  0
VERTEX
  5
CE4
  8
FAB
 10
434.3399719478226
 20
-306.5962104958292
 30
0.0
  0
VERTEX
  5
CE5
  8
FAB
 10
433.9745392085649
 20
-306.6057777565713
 30
0.0
  0
VERTEX
  5
CE6
  8
FAB
 10
433.7971529246904
 20
-306.6158914726968
 30
0.0
  0
VERTEX
  5
CE7
  8
FAB
 10
433.6243957759477
 20
-306.6306343239542
 30
0.0
  0
VERTEX
  5
CE8
  8
FAB
 10
433.5399811150171
 20
-306.6399696630235
 30
0.0
  0
VERTEX
  5
CE9
  8
FAB
 10
433.4569887401201
 20
-306.6507272881265
 30
0.0
  0
VERTEX
  5
CEA
  8
FAB
 10
433.3754980446436
 20
-306.66298659265
 30
0.0
  0
VERTEX
  5
CEB
  8
FAB
 10
433.2955841304399
 20
-306.6768226784463
 30
0.0
  0
VERTEX
  5
CEC
  8
FAB
 10
433.2173178078272
 20
-306.6923063558336
 30
0.0
  0
VERTEX
  5
CED
  8
FAB
 10
433.1407655955888
 20
-306.7095041435953
 30
0.0
  0
VERTEX
  5
CEE
  8
FAB
 10
433.0659897209741
 20
-306.7284782689806
 30
0.0
  0
VERTEX
  5
CEF
  8
FAB
 10
432.9930481196977
 20
-306.7492866677042
 30
0.0
  0
VERTEX
  5
CF0
  8
FAB
 10
432.92199443594
 20
-306.7719829839464
 30
0.0
  0
VERTEX
  5
CF1
  8
FAB
 10
432.8528780223467
 20
-306.7966165703531
 30
0.0
  0
VERTEX
  5
CF2
  8
FAB
 10
432.8190605410971
 20
-306.8096740891035
 30
0.0
  0
VERTEX
  5
CF3
  8
FAB
 10
432.7857439400293
 20
-306.8232324880358
 30
0.0
  0
VERTEX
  5
CF4
  8
FAB
 10
432.75293318123
 20
-306.8372967292365
 30
0.0
  0
VERTEX
  5
CF5
  8
FAB
 10
432.7206329585649
 20
-306.8518715065714
 30
0.0
  0
VERTEX
  5
CF6
  8
FAB
 10
432.688847697679
 20
-306.8669612456854
 30
0.0
  0
VERTEX
  5
CF7
  8
FAB
 10
432.6575815559961
 20
-306.8825701040025
 30
0.0
  0
VERTEX
  5
CF8
  8
FAB
 10
432.6268384227194
 20
-306.8987019707259
 30
0.0
  0
VERTEX
  5
CF9
  8
FAB
 10
432.596621918831
 20
-306.9153604668376
 30
0.0
  0
VERTEX
  5
CFA
  8
FAB
 10
432.5669353970923
 20
-306.9325489450988
 30
0.0
  0
VERTEX
  5
CFB
  8
FAB
 10
432.5377819420435
 20
-306.95027049005
 30
0.0
  0
VERTEX
  5
CFC
  8
FAB
 10
432.5091643700041
 20
-306.9685279180106
 30
0.0
  0
VERTEX
  5
CFD
  8
FAB
 10
432.4810852290727
 20
-306.9873237770792
 30
0.0
  0
VERTEX
  5
CFE
  8
FAB
 10
432.453546799127
 20
-307.0066603471336
 30
0.0
  0
VERTEX
  5
CFF
  8
FAB
 10
432.4265510918237
 20
-307.0265396398302
 30
0.0
  0
VERTEX
  5
D00
  8
FAB
 10
432.4000998505987
 20
-307.0469633986052
 30
0.0
  0
VERTEX
  5
D01
  8
FAB
 10
432.374194550667
 20
-307.0679330986734
 30
0.0
  0
VERTEX
  5
D02
  8
FAB
 10
432.3488363990225
 20
-307.0894499470289
 30
0.0
  0
VERTEX
  5
D03
  8
FAB
 10
432.3240263344385
 20
-307.1115148824449
 30
0.0
  0
VERTEX
  5
D04
  8
FAB
 10
432.2997650274672
 20
-307.1341285754737
 30
0.0
  0
VERTEX
  5
D05
  8
FAB
 10
432.2760528804399
 20
-307.1572914284464
 30
0.0
  0
VERTEX
  5
D06
  8
FAB
 10
432.2528900274672
 20
-307.1810035754737
 30
0.0
  0
VERTEX
  5
D07
  8
FAB
 10
432.2302763344385
 20
-307.205264882445
 30
0.0
  0
VERTEX
  5
D08
  8
FAB
 10
432.2082113990225
 20
-307.230074947029
 30
0.0
  0
VERTEX
  5
D09
  8
FAB
 10
432.186694550667
 20
-307.2554330986734
 30
0.0
  0
VERTEX
  5
D0A
  8
FAB
 10
432.1657248505987
 20
-307.2813383986052
 30
0.0
  0
VERTEX
  5
D0B
  8
FAB
 10
432.1453010918237
 20
-307.3077896398302
 30
0.0
  0
VERTEX
  5
D0C
  8
FAB
 10
432.125421799127
 20
-307.3347853471334
 30
0.0
  0
VERTEX
  5
D0D
  8
FAB
 10
432.1060852290727
 20
-307.3623237770792
 30
0.0
  0
VERTEX
  5
D0E
  8
FAB
 10
432.0872893700041
 20
-307.3904029180105
 30
0.0
  0
VERTEX
  5
D0F
  8
FAB
 10
432.0690319420435
 20
-307.4190204900499
 30
0.0
  0
VERTEX
  5
D10
  8
FAB
 10
432.0513103970923
 20
-307.4481739450987
 30
0.0
  0
VERTEX
  5
D11
  8
FAB
 10
432.034121918831
 20
-307.4778604668375
 30
0.0
  0
VERTEX
  5
D12
  8
FAB
 10
432.0174634227194
 20
-307.5080769707258
 30
0.0
  0
VERTEX
  5
D13
  8
FAB
 10
432.0013315559961
 20
-307.5388201040026
 30
0.0
  0
VERTEX
  5
D14
  8
FAB
 10
431.985722697679
 20
-307.5700862456854
 30
0.0
  0
VERTEX
  5
D15
  8
FAB
 10
431.970632958565
 20
-307.6018715065714
 30
0.0
  0
VERTEX
  5
D16
  8
FAB
 10
431.9560581812301
 20
-307.6341717292364
 30
0.0
  0
VERTEX
  5
D17
  8
FAB
 10
431.9419939400294
 20
-307.6669824880357
 30
0.0
  0
VERTEX
  5
D18
  8
FAB
 10
431.9284355410971
 20
-307.7002990891036
 30
0.0
  0
VERTEX
  5
D19
  8
FAB
 10
431.9153780223467
 20
-307.7341165703531
 30
0.0
  0
VERTEX
  5
D1A
  8
FAB
 10
431.8907444359401
 20
-307.8032329839464
 30
0.0
  0
VERTEX
  5
D1B
  8
FAB
 10
431.8680481196978
 20
-307.8742866677042
 30
0.0
  0
VERTEX
  5
D1C
  8
FAB
 10
431.8472397209742
 20
-307.9472282689806
 30
0.0
  0
VERTEX
  5
D1D
  8
FAB
 10
431.828265595589
 20
-308.0220041435953
 30
0.0
  0
VERTEX
  5
D1E
  8
FAB
 10
431.8110678078273
 20
-308.0985563558336
 30
0.0
  0
VERTEX
  5
D1F
  8
FAB
 10
431.79558413044
 20
-308.1768226784463
 30
0.0
  0
VERTEX
  5
D20
  8
FAB
 10
431.7817480446437
 20
-308.25673659265
 30
0.0
  0
VERTEX
  5
D21
  8
FAB
 10
431.7694887401202
 20
-308.3382272881265
 30
0.0
  0
VERTEX
  5
D22
  8
FAB
 10
431.7587311150172
 20
-308.4212196630235
 30
0.0
  0
VERTEX
  5
D23
  8
FAB
 10
431.7493957759478
 20
-308.5056343239542
 30
0.0
  0
VERTEX
  5
D24
  8
FAB
 10
431.7346529246905
 20
-308.6783914726968
 30
0.0
  0
VERTEX
  5
D25
  8
FAB
 10
431.724539208565
 20
-308.8557777565712
 30
0.0
  0
VERTEX
  5
D26
  8
FAB
 10
431.7149719478228
 20
-309.221210495829
 30
0.0
  0
VERTEX
  5
D27
  8
FAB
 10
431.71355288044
 20
-309.5947914284462
 30
0.0
  0
VERTEX
  5
D28
  8
FAB
 10
431.7135528804399
 20
-309.5970635986688
 30
0.0
 42
-1.000000000000007
  0
VERTEX
  5
D29
  8
FAB
 10
423.7135528804399
 20
-309.5970635986685
 30
0.0
  0
VERTEX
  5
D2A
  8
FAB
 10
423.71355288044
 20
-309.5947914284464
 30
0.0
  0
VERTEX
  5
D2B
  8
FAB
 10
423.7121338130572
 20
-309.2212104958292
 30
0.0
  0
VERTEX
  5
D2C
  8
FAB
 10
423.702566552315
 20
-308.8557777565713
 30
0.0
  0
VERTEX
  5
D2D
  8
FAB
 10
423.6924528361895
 20
-308.6783914726968
 30
0.0
  0
VERTEX
  5
D2E
  8
FAB
 10
423.6777099849322
 20
-308.5056343239542
 30
0.0
  0
VERTEX
  5
D2F
  8
FAB
 10
423.6683746458629
 20
-308.4212196630235
 30
0.0
  0
VERTEX
  5
D30
  8
FAB
 10
423.6576170207599
 20
-308.3382272881265
 30
0.0
  0
VERTEX
  5
D31
  8
FAB
 10
423.6453577162364
 20
-308.2567365926499
 30
0.0
  0
VERTEX
  5
D32
  8
FAB
 10
423.63152163044
 20
-308.1768226784463
 30
0.0
  0
VERTEX
  5
D33
  8
FAB
 10
423.6160379530528
 20
-308.0985563558336
 30
0.0
  0
VERTEX
  5
D34
  8
FAB
 10
423.5988401652911
 20
-308.0220041435953
 30
0.0
  0
VERTEX
  5
D35
  8
FAB
 10
423.5798660399058
 20
-307.9472282689804
 30
0.0
  0
VERTEX
  5
D36
  8
FAB
 10
423.5590576411822
 20
-307.874286667704
 30
0.0
  0
VERTEX
  5
D37
  8
FAB
 10
423.53636132494
 20
-307.8032329839463
 30
0.0
  0
VERTEX
  5
D38
  8
FAB
 10
423.5117277385333
 20
-307.734116570353
 30
0.0
  0
VERTEX
  5
D39
  8
FAB
 10
423.4986702197829
 20
-307.7002990891034
 30
0.0
  0
VERTEX
  5
D3A
  8
FAB
 10
423.4851118208506
 20
-307.6669824880356
 30
0.0
  0
VERTEX
  5
D3B
  8
FAB
 10
423.4710475796498
 20
-307.6341717292363
 30
0.0
  0
VERTEX
  5
D3C
  8
FAB
 10
423.456472802315
 20
-307.6018715065712
 30
0.0
  0
VERTEX
  5
D3D
  8
FAB
 10
423.441383063201
 20
-307.5700862456853
 30
0.0
  0
VERTEX
  5
D3E
  8
FAB
 10
423.4257742048839
 20
-307.5388201040024
 30
0.0
  0
VERTEX
  5
D3F
  8
FAB
 10
423.4096423381605
 20
-307.5080769707257
 30
0.0
  0
VERTEX
  5
D40
  8
FAB
 10
423.3929838420488
 20
-307.4778604668373
 30
0.0
  0
VERTEX
  5
D41
  8
FAB
 10
423.3757953637876
 20
-307.4481739450986
 30
0.0
  0
VERTEX
  5
D42
  8
FAB
 10
423.3580738188364
 20
-307.4190204900497
 30
0.0
  0
VERTEX
  5
D43
  8
FAB
 10
423.3398163908757
 20
-307.3904029180103
 30
0.0
  0
VERTEX
  5
D44
  8
FAB
 10
423.3210205318072
 20
-307.3623237770789
 30
0.0
  0
VERTEX
  5
D45
  8
FAB
 10
423.3016839617528
 20
-307.3347853471332
 30
0.0
  0
VERTEX
  5
D46
  8
FAB
 10
423.2818046690562
 20
-307.3077896398299
 30
0.0
  0
VERTEX
  5
D47
  8
FAB
 10
423.2613809102812
 20
-307.2813383986049
 30
0.0
  0
VERTEX
  5
D48
  8
FAB
 10
423.2404112102129
 20
-307.2554330986732
 30
0.0
  0
VERTEX
  5
D49
  8
FAB
 10
423.2188943618575
 20
-307.2300749470288
 30
0.0
  0
VERTEX
  5
D4A
  8
FAB
 10
423.1968294264415
 20
-307.2052648824447
 30
0.0
  0
VERTEX
  5
D4B
  8
FAB
 10
423.1742157334127
 20
-307.1810035754734
 30
0.0
  0
VERTEX
  5
D4C
  8
FAB
 10
423.15105288044
 20
-307.1572914284462
 30
0.0
  0
VERTEX
  5
D4D
  8
FAB
 10
423.1273407334127
 20
-307.1341285754734
 30
0.0
  0
VERTEX
  5
D4E
  8
FAB
 10
423.1030794264414
 20
-307.1115148824447
 30
0.0
  0
VERTEX
  5
D4F
  8
FAB
 10
423.0782693618573
 20
-307.0894499470287
 30
0.0
  0
VERTEX
  5
D50
  8
FAB
 10
423.0529112102129
 20
-307.0679330986732
 30
0.0
  0
VERTEX
  5
D51
  8
FAB
 10
423.0270059102812
 20
-307.046963398605
 30
0.0
  0
VERTEX
  5
D52
  8
FAB
 10
423.0005546690562
 20
-307.02653963983
 30
0.0
  0
VERTEX
  5
D53
  8
FAB
 10
422.9735589617529
 20
-307.0066603471333
 30
0.0
  0
VERTEX
  5
D54
  8
FAB
 10
422.9460205318072
 20
-306.987323777079
 30
0.0
  0
VERTEX
  5
D55
  8
FAB
 10
422.9179413908759
 20
-306.9685279180104
 30
0.0
  0
VERTEX
  5
D56
  8
FAB
 10
422.8893238188365
 20
-306.9502704900498
 30
0.0
  0
VERTEX
  5
D57
  8
FAB
 10
422.8601703637876
 20
-306.9325489450986
 30
0.0
  0
VERTEX
  5
D58
  8
FAB
 10
422.8304838420488
 20
-306.9153604668373
 30
0.0
  0
VERTEX
  5
D59
  8
FAB
 10
422.8002673381604
 20
-306.8987019707257
 30
0.0
  0
VERTEX
  5
D5A
  8
FAB
 10
422.7695242048837
 20
-306.8825701040024
 30
0.0
  0
VERTEX
  5
D5B
  8
FAB
 10
422.7382580632009
 20
-306.8669612456853
 30
0.0
  0
VERTEX
  5
D5C
  8
FAB
 10
422.7064728023149
 20
-306.8518715065712
 30
0.0
  0
VERTEX
  5
D5D
  8
FAB
 10
422.6741725796498
 20
-306.8372967292363
 30
0.0
  0
VERTEX
  5
D5E
  8
FAB
 10
422.6413618208505
 20
-306.8232324880356
 30
0.0
  0
VERTEX
  5
D5F
  8
FAB
 10
422.6080452197828
 20
-306.8096740891033
 30
0.0
  0
VERTEX
  5
D60
  8
FAB
 10
422.5742277385332
 20
-306.7966165703529
 30
0.0
  0
VERTEX
  5
D61
  8
FAB
 10
422.5051113249399
 20
-306.7719829839463
 30
0.0
  0
VERTEX
  5
D62
  8
FAB
 10
422.4340576411821
 20
-306.749286667704
 30
0.0
  0
VERTEX
  5
D63
  8
FAB
 10
422.3611160399057
 20
-306.7284782689804
 30
0.0
  0
VERTEX
  5
D64
  8
FAB
 10
422.2863401652909
 20
-306.7095041435952
 30
0.0
  0
VERTEX
  5
D65
  8
FAB
 10
422.2097879530526
 20
-306.6923063558335
 30
0.0
  0
VERTEX
  5
D66
  8
FAB
 10
422.1315216304399
 20
-306.6768226784462
 30
0.0
  0
VERTEX
  5
D67
  8
FAB
 10
422.0516077162362
 20
-306.6629865926499
 30
0.0
  0
VERTEX
  5
D68
  8
FAB
 10
421.9701170207596
 20
-306.6507272881264
 30
0.0
  0
VERTEX
  5
D69
  8
FAB
 10
421.8871246458626
 20
-306.6399696630234
 30
0.0
  0
VERTEX
  5
D6A
  8
FAB
 10
421.802709984932
 20
-306.630634323954
 30
0.0
  0
VERTEX
  5
D6B
  8
FAB
 10
421.6299528361893
 20
-306.6158914726967
 30
0.0
  0
VERTEX
  5
D6C
  8
FAB
 10
421.4525665523148
 20
-306.6057777565712
 30
0.0
  0
VERTEX
  5
D6D
  8
FAB
 10
421.0871338130571
 20
-306.596210495829
 30
0.0
  0
VERTEX
  5
D6E
  8
FAB
 10
420.7135528804399
 20
-306.5947914284463
 30
0.0
  0
VERTEX
  5
D6F
  8
FAB
 10
420.3327213607934
 20
-306.5947914284463
 30
0.0
 42
-0.2043018768846594
  0
VERTEX
  5
D70
  8
FAB
 10
418.1679140870287
 20
-305.6717145053693
 30
0.0
 42
-0.0696475409925146
  0
VERTEX
  5
D71
  8
FAB
 10
415.5702665811078
 20
-302.0759312249685
 30
0.0
 42
0.2779037445362558
  0
VERTEX
  5
D72
  8
FAB
 10
412.9184003999829
 20
-300.4786449368164
 30
0.0
  0
VERTEX
  5
D73
  8
FAB
 10
408.2117211655391
 20
-300.4786449368164
 30
0.0
 42
-0.4142135623731186
  0
VERTEX
  5
D74
  8
FAB
 10
407.2117211655391
 20
-299.4786449368164
 30
0.0
  0
VERTEX
  5
D75
  8
FAB
 10
407.2117211655391
 20
-297.9363799981762
 30
0.0
 42
-0.414213562373048
  0
VERTEX
  5
D76
  8
FAB
 10
408.211721165539
 20
-296.9363799981761
 30
0.0
  0
VERTEX
  5
D77
  8
FAB
 10
415.6968688377813
 20
-296.9363799981764
 30
0.0
 42
-0.3111722180474173
  0
VERTEX
  5
D78
  8
FAB
 10
418.5002056463131
 20
-298.8680622842303
 30
0.0
 42
0.1215850668255549
  0
VERTEX
  5
D79
  8
FAB
 10
421.7762989472464
 20
-303.5947914284466
 30
0.0
  0
VERTEX
  5
D7A
  8
FAB
 10
437.650806813634
 20
-303.5947914284467
 30
0.0
 42
0.4514162296451138
  0
VERTEX
  5
D7B
  8
FAB
 10
437.6508068136343
 20
-285.5947914284471
 30
0.0
  0
VERTEX
  5
D7C
  8
FAB
 10
421.7762989472467
 20
-285.5947914284467
 30
0.0
 42
0.1215850668255626
  0
VERTEX
  5
D7D
  8
FAB
 10
418.5002056463131
 20
-290.3215205726627
 30
0.0
 42
-0.3111722180474041
  0
VERTEX
  5
D7E
  8
FAB
 10
415.6968688377814
 20
-292.2532028587166
 30
0.0
  0
VERTEX
  5
D7F
  8
FAB
 10
408.2117211655391
 20
-292.2532028587166
 30
0.0
 42
-0.4142135623729757
  0
VERTEX
  5
D80
  8
FAB
 10
407.2117211655392
 20
-291.2532028587165
 30
0.0
  0
VERTEX
  5
D81
  8
FAB
 10
407.2117211655393
 20
-289.7109379200764
 30
0.0
 42
-0.4142135623731831
  0
VERTEX
  5
D82
  8
FAB
 10
408.2117211655392
 20
-288.7109379200765
 30
0.0
  0
VERTEX
  5
D83
  8
FAB
 10
412.9184003999831
 20
-288.7109379200765
 30
0.0
 42
0.2779037445362125
  0
VERTEX
  5
D84
  8
FAB
 10
415.5702665811079
 20
-287.1136516319245
 30
0.0
 42
-0.069647540992492
  0
VERTEX
  5
D85
  8
FAB
 10
418.1679140870291
 20
-283.5178683515239
 30
0.0
 42
-0.2043018768846267
  0
VERTEX
  5
D86
  8
FAB
 10
420.3327213607938
 20
-282.5947914284469
 30
0.0
  0
VERTEX
  5
D87
  8
FAB
 10
420.7135528804403
 20
-282.594791428447
 30
0.0
  0
VERTEX
  5
D88
  8
FAB
 10
421.0871338130574
 20
-282.5933723610642
 30
0.0
  0
VERTEX
  5
D89
  8
FAB
 10
421.4525665523153
 20
-282.583805100322
 30
0.0
  0
VERTEX
  5
D8A
  8
FAB
 10
421.6299528361898
 20
-282.5736913841965
 30
0.0
  0
VERTEX
  5
D8B
  8
FAB
 10
421.8027099849324
 20
-282.5589485329392
 30
0.0
  0
VERTEX
  5
D8C
  8
FAB
 10
421.8871246458631
 20
-282.5496131938698
 30
0.0
  0
VERTEX
  5
D8D
  8
FAB
 10
421.9701170207601
 20
-282.5388555687668
 30
0.0
  0
VERTEX
  5
D8E
  8
FAB
 10
422.0516077162366
 20
-282.5265962642434
 30
0.0
  0
VERTEX
  5
D8F
  8
FAB
 10
422.1315216304403
 20
-282.512760178447
 30
0.0
  0
VERTEX
  5
D90
  8
FAB
 10
422.209787953053
 20
-282.4972765010598
 30
0.0
  0
VERTEX
  5
D91
  8
FAB
 10
422.2863401652913
 20
-282.4800787132981
 30
0.0
  0
VERTEX
  5
D92
  8
FAB
 10
422.3611160399061
 20
-282.4611045879128
 30
0.0
  0
VERTEX
  5
D93
  8
FAB
 10
422.4340576411824
 20
-282.4402961891892
 30
0.0
  0
VERTEX
  5
D94
  8
FAB
 10
422.5051113249402
 20
-282.417599872947
 30
0.0
  0
VERTEX
  5
D95
  8
FAB
 10
422.5742277385335
 20
-282.3929662865403
 30
0.0
  0
VERTEX
  5
D96
  8
FAB
 10
422.6080452197831
 20
-282.3799087677899
 30
0.0
  0
VERTEX
  5
D97
  8
FAB
 10
422.6413618208509
 20
-282.3663503688576
 30
0.0
  0
VERTEX
  5
D98
  8
FAB
 10
422.6741725796502
 20
-282.352286127657
 30
0.0
  0
VERTEX
  5
D99
  8
FAB
 10
422.7064728023153
 20
-282.337711350322
 30
0.0
  0
VERTEX
  5
D9A
  8
FAB
 10
422.7382580632012
 20
-282.322621611208
 30
0.0
  0
VERTEX
  5
D9B
  8
FAB
 10
422.7695242048841
 20
-282.3070127528908
 30
0.0
  0
VERTEX
  5
D9C
  8
FAB
 10
422.8002673381608
 20
-282.2908808861675
 30
0.0
  0
VERTEX
  5
D9D
  8
FAB
 10
422.8304838420491
 20
-282.2742223900559
 30
0.0
  0
VERTEX
  5
D9E
  8
FAB
 10
422.8601703637879
 20
-282.2570339117947
 30
0.0
  0
VERTEX
  5
D9F
  8
FAB
 10
422.8893238188368
 20
-282.2393123668435
 30
0.0
  0
VERTEX
  5
DA0
  8
FAB
 10
422.9179413908762
 20
-282.2210549388828
 30
0.0
  0
VERTEX
  5
DA1
  8
FAB
 10
422.9460205318076
 20
-282.2022590798142
 30
0.0
  0
VERTEX
  5
DA2
  8
FAB
 10
422.9735589617533
 20
-282.1829225097599
 30
0.0
  0
VERTEX
  5
DA3
  8
FAB
 10
423.0005546690566
 20
-282.1630432170632
 30
0.0
  0
VERTEX
  5
DA4
  8
FAB
 10
423.0270059102816
 20
-282.1426194582882
 30
0.0
  0
VERTEX
  5
DA5
  8
FAB
 10
423.0529112102133
 20
-282.12164975822
 30
0.0
  0
VERTEX
  5
DA6
  8
FAB
 10
423.0782693618578
 20
-282.1001329098644
 30
0.0
  0
VERTEX
  5
DA7
  8
FAB
 10
423.1030794264418
 20
-282.0780679744485
 30
0.0
  0
VERTEX
  5
DA8
  8
FAB
 10
423.1273407334131
 20
-282.0554542814198
 30
0.0
  0
VERTEX
  5
DA9
  8
FAB
 10
423.1510528804404
 20
-282.032291428447
 30
0.0
  0
VERTEX
  5
DAA
  8
FAB
 10
423.1742157334131
 20
-282.0085792814198
 30
0.0
  0
VERTEX
  5
DAB
  8
FAB
 10
423.1968294264418
 20
-281.9843179744485
 30
0.0
  0
VERTEX
  5
DAC
  8
FAB
 10
423.2188943618578
 20
-281.9595079098644
 30
0.0
  0
VERTEX
  5
DAD
  8
FAB
 10
423.2404112102133
 20
-281.93414975822
 30
0.0
  0
VERTEX
  5
DAE
  8
FAB
 10
423.2613809102816
 20
-281.9082444582882
 30
0.0
  0
VERTEX
  5
DAF
  8
FAB
 10
423.2818046690566
 20
-281.8817932170632
 30
0.0
  0
VERTEX
  5
DB0
  8
FAB
 10
423.3016839617533
 20
-281.8547975097599
 30
0.0
  0
VERTEX
  5
DB1
  8
FAB
 10
423.3210205318076
 20
-281.8272590798142
 30
0.0
  0
VERTEX
  5
DB2
  8
FAB
 10
423.3398163908762
 20
-281.7991799388828
 30
0.0
  0
VERTEX
  5
DB3
  8
FAB
 10
423.3580738188368
 20
-281.7705623668435
 30
0.0
  0
VERTEX
  5
DB4
  8
FAB
 10
423.375795363788
 20
-281.7414089117947
 30
0.0
  0
VERTEX
  5
DB5
  8
FAB
 10
423.3929838420493
 20
-281.7117223900559
 30
0.0
  0
VERTEX
  5
DB6
  8
FAB
 10
423.4096423381609
 20
-281.6815058861675
 30
0.0
  0
VERTEX
  5
DB7
  8
FAB
 10
423.4257742048842
 20
-281.6507627528908
 30
0.0
  0
VERTEX
  5
DB8
  8
FAB
 10
423.4413830632013
 20
-281.619496611208
 30
0.0
  0
VERTEX
  5
DB9
  8
FAB
 10
423.4564728023154
 20
-281.587711350322
 30
0.0
  0
VERTEX
  5
DBA
  8
FAB
 10
423.4710475796503
 20
-281.555411127657
 30
0.0
  0
VERTEX
  5
DBB
  8
FAB
 10
423.485111820851
 20
-281.5226003688576
 30
0.0
  0
VERTEX
  5
DBC
  8
FAB
 10
423.4986702197833
 20
-281.4892837677899
 30
0.0
  0
VERTEX
  5
DBD
  8
FAB
 10
423.5117277385337
 20
-281.4554662865403
 30
0.0
  0
VERTEX
  5
DBE
  8
FAB
 10
423.5363613249403
 20
-281.386349872947
 30
0.0
  0
VERTEX
  5
DBF
  8
FAB
 10
423.5590576411826
 20
-281.3152961891892
 30
0.0
  0
VERTEX
  5
DC0
  8
FAB
 10
423.5798660399063
 20
-281.2423545879128
 30
0.0
  0
VERTEX
  5
DC1
  8
FAB
 10
423.5988401652916
 20
-281.167578713298
 30
0.0
  0
VERTEX
  5
DC2
  8
FAB
 10
423.6160379530533
 20
-281.0910265010597
 30
0.0
  0
VERTEX
  5
DC3
  8
FAB
 10
423.6315216304405
 20
-281.012760178447
 30
0.0
  0
VERTEX
  5
DC4
  8
FAB
 10
423.6453577162368
 20
-280.9328462642433
 30
0.0
  0
VERTEX
  5
DC5
  8
FAB
 10
423.6576170207603
 20
-280.8513555687667
 30
0.0
  0
VERTEX
  5
DC6
  8
FAB
 10
423.6683746458634
 20
-280.7683631938697
 30
0.0
  0
VERTEX
  5
DC7
  8
FAB
 10
423.6777099849327
 20
-280.6839485329391
 30
0.0
  0
VERTEX
  5
DC8
  8
FAB
 10
423.69245283619
 20
-280.5111913841964
 30
0.0
  0
VERTEX
  5
DC9
  8
FAB
 10
423.7025665523155
 20
-280.3338051003219
 30
0.0
  0
VERTEX
  5
DCA
  8
FAB
 10
423.7121338130577
 20
-279.9683723610641
 30
0.0
  0
VERTEX
  5
DCB
  8
FAB
 10
423.7135528804404
 20
-279.5947914284469
 30
0.0
  0
VERTEX
  5
DCC
  8
FAB
 10
423.7135528804403
 20
-279.5925192582247
 30
0.0
 42
-0.9999999999999928
  0
VERTEX
  5
DCD
  8
FAB
 10
431.7135528804403
 20
-279.5925192582247
 30
0.0
  0
VERTEX
  5
DCE
  8
FAB
 10
431.7135528804404
 20
-279.5947914284473
 30
0.0
  0
VERTEX
  5
DCF
  8
FAB
 10
431.7149719478233
 20
-279.9683723610644
 30
0.0
  0
VERTEX
  5
DD0
  8
FAB
 10
431.7245392085655
 20
-280.3338051003223
 30
0.0
  0
VERTEX
  5
DD1
  8
FAB
 10
431.734652924691
 20
-280.5111913841968
 30
0.0
  0
VERTEX
  5
DD2
  8
FAB
 10
431.7493957759483
 20
-280.6839485329394
 30
0.0
  0
VERTEX
  5
DD3
  8
FAB
 10
431.7587311150176
 20
-280.7683631938701
 30
0.0
  0
VERTEX
  5
DD4
  8
FAB
 10
431.7694887401207
 20
-280.8513555687671
 30
0.0
  0
VERTEX
  5
DD5
  8
FAB
 10
431.7817480446441
 20
-280.9328462642436
 30
0.0
  0
VERTEX
  5
DD6
  8
FAB
 10
431.7955841304405
 20
-281.0127601784473
 30
0.0
  0
VERTEX
  5
DD7
  8
FAB
 10
431.8110678078277
 20
-281.09102650106
 30
0.0
  0
VERTEX
  5
DD8
  8
FAB
 10
431.8282655955894
 20
-281.1675787132983
 30
0.0
  0
VERTEX
  5
DD9
  8
FAB
 10
431.8472397209747
 20
-281.242354587913
 30
0.0
  0
VERTEX
  5
DDA
  8
FAB
 10
431.8680481196983
 20
-281.3152961891894
 30
0.0
  0
VERTEX
  5
DDB
  8
FAB
 10
431.8907444359405
 20
-281.3863498729472
 30
0.0
  0
VERTEX
  5
DDC
  8
FAB
 10
431.9153780223472
 20
-281.4554662865405
 30
0.0
  0
VERTEX
  5
DDD
  8
FAB
 10
431.9284355410976
 20
-281.48928376779
 30
0.0
  0
VERTEX
  5
DDE
  8
FAB
 10
431.9419939400298
 20
-281.5226003688579
 30
0.0
  0
VERTEX
  5
DDF
  8
FAB
 10
431.9560581812304
 20
-281.5554111276572
 30
0.0
  0
VERTEX
  5
DE0
  8
FAB
 10
431.9706329585654
 20
-281.5877113503222
 30
0.0
  0
VERTEX
  5
DE1
  8
FAB
 10
431.9857226976794
 20
-281.6194966112081
 30
0.0
  0
VERTEX
  5
DE2
  8
FAB
 10
432.0013315559966
 20
-281.650762752891
 30
0.0
  0
VERTEX
  5
DE3
  8
FAB
 10
432.0174634227199
 20
-281.6815058861678
 30
0.0
  0
VERTEX
  5
DE4
  8
FAB
 10
432.0341219188315
 20
-281.7117223900561
 30
0.0
  0
VERTEX
  5
DE5
  8
FAB
 10
432.0513103970927
 20
-281.7414089117948
 30
0.0
  0
VERTEX
  5
DE6
  8
FAB
 10
432.0690319420439
 20
-281.7705623668437
 30
0.0
  0
VERTEX
  5
DE7
  8
FAB
 10
432.0872893700046
 20
-281.7991799388831
 30
0.0
  0
VERTEX
  5
DE8
  8
FAB
 10
432.1060852290731
 20
-281.8272590798144
 30
0.0
  0
VERTEX
  5
DE9
  8
FAB
 10
432.1254217991275
 20
-281.8547975097601
 30
0.0
  0
VERTEX
  5
DEA
  8
FAB
 10
432.1453010918241
 20
-281.8817932170634
 30
0.0
  0
VERTEX
  5
DEB
  8
FAB
 10
432.1657248505991
 20
-281.9082444582884
 30
0.0
  0
VERTEX
  5
DEC
  8
FAB
 10
432.1866945506674
 20
-281.9341497582201
 30
0.0
  0
VERTEX
  5
DED
  8
FAB
 10
432.2082113990228
 20
-281.9595079098646
 30
0.0
  0
VERTEX
  5
DEE
  8
FAB
 10
432.2302763344388
 20
-281.9843179744486
 30
0.0
  0
VERTEX
  5
DEF
  8
FAB
 10
432.2528900274676
 20
-282.0085792814199
 30
0.0
  0
VERTEX
  5
DF0
  8
FAB
 10
432.2760528804403
 20
-282.0322914284472
 30
0.0
  0
VERTEX
  5
DF1
  8
FAB
 10
432.2997650274676
 20
-282.0554542814199
 30
0.0
  0
VERTEX
  5
DF2
  8
FAB
 10
432.3240263344389
 20
-282.0780679744487
 30
0.0
  0
VERTEX
  5
DF3
  8
FAB
 10
432.348836399023
 20
-282.1001329098647
 30
0.0
  0
VERTEX
  5
DF4
  8
FAB
 10
432.3741945506674
 20
-282.1216497582201
 30
0.0
  0
VERTEX
  5
DF5
  8
FAB
 10
432.4000998505991
 20
-282.1426194582884
 30
0.0
  0
VERTEX
  5
DF6
  8
FAB
 10
432.4265510918241
 20
-282.1630432170634
 30
0.0
  0
VERTEX
  5
DF7
  8
FAB
 10
432.4535467991274
 20
-282.18292250976
 30
0.0
  0
VERTEX
  5
DF8
  8
FAB
 10
432.4810852290731
 20
-282.2022590798144
 30
0.0
  0
VERTEX
  5
DF9
  8
FAB
 10
432.5091643700044
 20
-282.221054938883
 30
0.0
  0
VERTEX
  5
DFA
  8
FAB
 10
432.5377819420438
 20
-282.2393123668436
 30
0.0
  0
VERTEX
  5
DFB
  8
FAB
 10
432.5669353970926
 20
-282.2570339117948
 30
0.0
  0
VERTEX
  5
DFC
  8
FAB
 10
432.5966219188314
 20
-282.274222390056
 30
0.0
  0
VERTEX
  5
DFD
  8
FAB
 10
432.6268384227197
 20
-282.2908808861677
 30
0.0
  0
VERTEX
  5
DFE
  8
FAB
 10
432.6575815559964
 20
-282.3070127528911
 30
0.0
  0
VERTEX
  5
DFF
  8
FAB
 10
432.6888476976793
 20
-282.3226216112082
 30
0.0
  0
VERTEX
  5
E00
  8
FAB
 10
432.7206329585653
 20
-282.3377113503222
 30
0.0
  0
VERTEX
  5
E01
  8
FAB
 10
432.7529331812303
 20
-282.3522861276571
 30
0.0
  0
VERTEX
  5
E02
  8
FAB
 10
432.7857439400296
 20
-282.3663503688578
 30
0.0
  0
VERTEX
  5
E03
  8
FAB
 10
432.8190605410974
 20
-282.3799087677901
 30
0.0
  0
VERTEX
  5
E04
  8
FAB
 10
432.852878022347
 20
-282.3929662865405
 30
0.0
  0
VERTEX
  5
E05
  8
FAB
 10
432.9219944359403
 20
-282.4175998729472
 30
0.0
  0
VERTEX
  5
E06
  8
FAB
 10
432.9930481196981
 20
-282.4402961891894
 30
0.0
  0
VERTEX
  5
E07
  8
FAB
 10
433.0659897209745
 20
-282.461104587913
 30
0.0
  0
VERTEX
  5
E08
  8
FAB
 10
433.1407655955892
 20
-282.4800787132983
 30
0.0
  0
VERTEX
  5
E09
  8
FAB
 10
433.2173178078275
 20
-282.49727650106
 30
0.0
  0
VERTEX
  5
E0A
  8
FAB
 10
433.2955841304403
 20
-282.5127601784473
 30
0.0
  0
VERTEX
  5
E0B
  8
FAB
 10
433.3754980446439
 20
-282.5265962642436
 30
0.0
  0
VERTEX
  5
E0C
  8
FAB
 10
433.4569887401204
 20
-282.5388555687671
 30
0.0
  0
VERTEX
  5
E0D
  8
FAB
 10
433.5399811150174
 20
-282.5496131938701
 30
0.0
  0
VERTEX
  5
E0E
  8
FAB
 10
433.6243957759481
 20
-282.5589485329394
 30
0.0
  0
VERTEX
  5
E0F
  8
FAB
 10
433.7971529246907
 20
-282.5736913841968
 30
0.0
  0
VERTEX
  5
E10
  8
FAB
 10
433.9745392085653
 20
-282.5838051003223
 30
0.0
  0
VERTEX
  5
E11
  8
FAB
 10
434.3399719478231
 20
-282.5933723610644
 30
0.0
  0
VERTEX
  5
E12
  8
FAB
 10
434.7135528804402
 20
-282.5947914284473
 30
0.0
  0
VERTEX
  5
E13
  8
FAB
 10
439.0943844000872
 20
-282.5947914284473
 30
0.0
 42
-0.2043018768846657
  0
VERTEX
  5
E14
  8
FAB
 10
441.2591916738518
 20
-283.5178683515242
 30
0.0
 42
-0.0971469262994523
  0
VERTEX
  5
E15
  8
FAB
 10
444.5880974974143
 20
-288.7000545863429
 30
0.0
  0
VERTEX
  5
E16
  8
FAB
 10
444.7754782964467
 20
-289.1688024550547
 30
0.0
  0
VERTEX
  5
E17
  8
FAB
 10
444.8247215862305
 20
-289.2816388507053
 30
0.0
  0
VERTEX
  5
E18
  8
FAB
 10
444.8759537329922
 20
-289.3915505444706
 30
0.0
  0
VERTEX
  5
E19
  8
FAB
 10
444.9295932773966
 20
-289.4980389109801
 30
0.0
  0
VERTEX
  5
E1A
  8
FAB
 10
444.9574322835646
 20
-289.5498578722473
 30
0.0
  0
VERTEX
  5
E1B
  8
FAB
 10
444.9860065108576
 20
-289.6006577224135
 30
0.0
  0
VERTEX
  5
E1C
  8
FAB
 10
445.0153538649776
 20
-289.6503907578789
 30
0.0
  0
VERTEX
  5
E1D
  8
FAB
 10
445.0455092018355
 20
-289.6990124643746
 30
0.0
  0
VERTEX
  5
E1E
  8
FAB
 10
445.0765043814979
 20
-289.7464814955846
 30
0.0
  0
VERTEX
  5
E1F
  8
FAB
 10
445.108368322134
 20
-289.7927596517654
 30
0.0
  0
VERTEX
  5
E20
  8
FAB
 10
445.141127053962
 20
-289.8378118583681
 30
0.0
  0
VERTEX
  5
E21
  8
FAB
 10
445.1748037731964
 20
-289.8816061446594
 30
0.0
  0
VERTEX
  5
E22
  8
FAB
 10
445.2094188959945
 20
-289.9241136223419
 30
0.0
  0
VERTEX
  5
E23
  8
FAB
 10
445.2449901124031
 20
-289.9653084641761
 30
0.0
  0
VERTEX
  5
E24
  8
FAB
 10
445.2815324403055
 20
-290.0051678826006
 30
0.0
  0
VERTEX
  5
E25
  8
FAB
 10
445.3190582793681
 20
-290.0436721083539
 30
0.0
  0
VERTEX
  5
E26
  8
FAB
 10
445.3575774649871
 20
-290.0808043690951
 30
0.0
  0
VERTEX
  5
E27
  8
FAB
 10
445.3970973222357
 20
-290.116550868025
 30
0.0
  0
VERTEX
  5
E28
  8
FAB
 10
445.4376227198103
 20
-290.150900762507
 30
0.0
  0
VERTEX
  5
E29
  8
FAB
 10
445.4791561239776
 20
-290.1838461426883
 30
0.0
  0
VERTEX
  5
E2A
  8
FAB
 10
445.5216976525215
 20
-290.2153820101213
 30
0.0
  0
VERTEX
  5
E2B
  8
FAB
 10
445.5652451286897
 20
-290.2455062563838
 30
0.0
  0
VERTEX
  5
E2C
  8
FAB
 10
445.6097941351402
 20
-290.274219641701
 30
0.0
  0
VERTEX
  5
E2D
  8
FAB
 10
445.6553380678887
 20
-290.3015257735659
 30
0.0
  0
VERTEX
  5
E2E
  8
FAB
 10
445.7018681902547
 20
-290.3274310853607
 30
0.0
  0
VERTEX
  5
E2F
  8
FAB
 10
445.7493736868088
 20
-290.3519448149777
 30
0.0
  0
VERTEX
  5
E30
  8
FAB
 10
445.7978417173194
 20
-290.3750789834405
 30
0.0
  0
VERTEX
  5
E31
  8
FAB
 10
445.8472574706991
 20
-290.3968483735248
 30
0.0
  0
VERTEX
  5
E32
  8
FAB
 10
445.897604218952
 20
-290.4172705083796
 30
0.0
  0
VERTEX
  5
E33
  8
FAB
 10
445.94886337112
 20
-290.4363656301484
 30
0.0
  0
VERTEX
  5
E34
  8
FAB
 10
446.0010145272299
 20
-290.45415667859
 30
0.0
  0
VERTEX
  5
E35
  8
FAB
 10
446.0540355322402
 20
-290.4706692697
 30
0.0
  0
VERTEX
  5
E36
  8
FAB
 10
446.1079025299872
 20
-290.4859316743311
 30
0.0
  0
VERTEX
  5
E37
  8
FAB
 10
446.1625900171331
 20
-290.499974796815
 30
0.0
  0
VERTEX
  5
E38
  8
FAB
 10
446.2180708971114
 20
-290.5128321535826
 30
0.0
  0
VERTEX
  5
E39
  8
FAB
 10
446.2743165340743
 20
-290.524539851786
 30
0.0
  0
VERTEX
  5
E3A
  8
FAB
 10
446.3312968068399
 20
-290.5351365679186
 30
0.0
  0
VERTEX
  5
E3B
  8
FAB
 10
446.388980162838
 20
-290.5446635264371
 30
0.0
  0
VERTEX
  5
E3C
  8
FAB
 10
446.4473336720577
 20
-290.5531644783817
 30
0.0
  0
VERTEX
  5
E3D
  8
FAB
 10
446.5063230809938
 20
-290.5606856799978
 30
0.0
  0
VERTEX
  5
E3E
  8
FAB
 10
446.6260662902035
 20
-290.5729862549764
 30
0.0
  0
VERTEX
  5
E3F
  8
FAB
 10
446.7479113425184
 20
-290.5819845930341
 30
0.0
  0
VERTEX
  5
E40
  8
FAB
 10
446.8715420666754
 20
-290.5881387508587
 30
0.0
  0
VERTEX
  5
E41
  8
FAB
 10
447.1228175866746
 20
-290.593936222936
 30
0.0
  0
VERTEX
  5
E42
  8
FAB
 10
447.3770746130963
 20
-290.5947914284488
 30
0.0
  0
VERTEX
  5
E43
  8
FAB
 10
448.3898442351507
 20
-290.5947914284486
 30
0.0
 42
-0.4142135623729707
  0
SEQEND
  5
E44
  8
FAB
  0
CIRCLE
  5
E45
  8
FAB
 10
447.7135528804404
 20
-294.5947914284454
 30
0.0
 40
1.624999999997809
  0
CIRCLE
  5
E46
  8
FAB
 10
-427.7135528804403
 20
-279.5925192582248
 30
0.0
 40
1.625
210
0.0
220
0.0
230
-1.0
  0
CIRCLE
  5
E47
  8
FAB
 10
427.71355288044
 20
-309.5970635986687
 30
0.0
 40
1.624999999999886
  0
POLYLINE
  5
E48
  8
FAB
 66
     1
 10
0.0
 20
0.0
 30
0.0
 70
     1
  0
VERTEX
  5
E49
  8
FAB
 10
449.8276651230384
 20
-334.594791428447
 30
0.0
 42
0.4142135781693558
  0
VERTEX
  5
E4A
  8
FAB
 10
444.3171200797846
 20
-329.084246682384
 30
0.0
  0
VERTEX
  5
E4B
  8
FAB
 10
442.6945227491356
 20
-329.084246682431
 30
0.0
 42
-0.2616171278858665
  0
VERTEX
  5
E4C
  8
FAB
 10
440.1326740928163
 20
-327.6453140937105
 30
0.0
 42
0.0544072452038551
  0
VERTEX
  5
E4D
  8
FAB
 10
438.3651462663589
 20
-325.3488551256484
 30
0.0
 42
0.2043018768846454
  0
VERTEX
  5
E4E
  8
FAB
 10
436.5581760434851
 20
-324.5783604337486
 30
0.0
  0
VERTEX
  5
E4F
  8
FAB
 10
435.2468500738951
 20
-324.5783604337486
 30
0.0
 42
-0.3966729524570081
  0
VERTEX
  5
E50
  8
FAB
 10
432.2522947024245
 20
-321.7590206872525
 30
0.0
 42
0.9643408361594248
  0
VERTEX
  5
E51
  8
FAB
 10
421.8557920402474
 20
-322.0081065249946
 30
0.0
 42
-0.3034338344758501
  0
VERTEX
  5
E52
  8
FAB
 10
419.9688696260671
 20
-324.7570210300461
 30
0.0
 42
0.1069254111707194
  0
VERTEX
  5
E53
  8
FAB
 10
419.0907972223722
 20
-325.3488551256482
 30
0.0
 42
0.0696475409924682
  0
VERTEX
  5
E54
  8
FAB
 10
416.9225341397379
 20
-328.3502647173169
 30
0.0
 42
-0.2779037445362493
  0
VERTEX
  5
E55
  8
FAB
 10
414.7090145888704
 20
-329.6835237076546
 30
0.0
  0
VERTEX
  5
E56
  8
FAB
 10
410.7803372750381
 20
-329.6835237076546
 30
0.0
 42
0.4142135623733343
  0
VERTEX
  5
E57
  8
FAB
 10
409.9456346921465
 20
-330.5182262905461
 30
0.0
  0
VERTEX
  5
E58
  8
FAB
 10
409.9456346921464
 20
-331.8055588183321
 30
0.0
 42
0.4142135623730561
  0
VERTEX
  5
E59
  8
FAB
 10
410.7803372750378
 20
-332.6402614012238
 30
0.0
  0
VERTEX
  5
E5A
  8
FAB
 10
417.0282093703832
 20
-332.6402614012237
 30
0.0
 42
0.3111722180474444
  0
VERTEX
  5
E5B
  8
FAB
 10
419.3681618451796
 20
-331.0278812077286
 30
0.0
 42
-0.121585066825555
  0
VERTEX
  5
E5C
  8
FAB
 10
422.1027253852625
 20
-327.0824681824228
 30
0.0
  0
VERTEX
  5
E5D
  8
FAB
 10
435.3532181034684
 20
-327.082468182423
 30
0.0
 42
-0.4514162296451462
  0
VERTEX
  5
E5E
  8
FAB
 10
435.3532181034684
 20
-342.1071146744707
 30
0.0
  0
VERTEX
  5
E5F
  8
FAB
 10
422.1027253852625
 20
-342.1071146744708
 30
0.0
 42
-0.1215850668255663
  0
VERTEX
  5
E60
  8
FAB
 10
419.3681618451795
 20
-338.161701649165
 30
0.0
 42
0.3111722180473923
  0
VERTEX
  5
E61
  8
FAB
 10
417.0282093703832
 20
-336.5493214556698
 30
0.0
  0
VERTEX
  5
E62
  8
FAB
 10
410.7803372750378
 20
-336.5493214556698
 30
0.0
 42
0.4142135623731855
  0
VERTEX
  5
E63
  8
FAB
 10
409.9456346921464
 20
-337.3840240385614
 30
0.0
  0
VERTEX
  5
E64
  8
FAB
 10
409.9456346921465
 20
-338.6713565663474
 30
0.0
 42
0.4142135623731606
  0
VERTEX
  5
E65
  8
FAB
 10
410.780337275038
 20
-339.5060591492389
 30
0.0
  0
VERTEX
  5
E66
  8
FAB
 10
414.7090145888703
 20
-339.506059149239
 30
0.0
 42
-0.2779037445362453
  0
VERTEX
  5
E67
  8
FAB
 10
416.9225341397379
 20
-340.8393181395767
 30
0.0
 42
0.0696475409925057
  0
VERTEX
  5
E68
  8
FAB
 10
419.090797222372
 20
-343.8407277312454
 30
0.0
 42
0.1069254111706329
  0
VERTEX
  5
E69
  8
FAB
 10
419.968869626067
 20
-344.4325618268475
 30
0.0
 42
-0.303433834475828
  0
VERTEX
  5
E6A
  8
FAB
 10
421.8557920402474
 20
-347.181476331899
 30
0.0
 42
0.9643408361594017
  0
VERTEX
  5
E6B
  8
FAB
 10
432.2522947024243
 20
-347.4305621696412
 30
0.0
 42
-0.3966729524570335
  0
VERTEX
  5
E6C
  8
FAB
 10
435.246850073895
 20
-344.6112224231451
 30
0.0
  0
VERTEX
  5
E6D
  8
FAB
 10
436.558176043485
 20
-344.6112224231451
 30
0.0
 42
0.2043018768846055
  0
VERTEX
  5
E6E
  8
FAB
 10
438.3651462663587
 20
-343.8407277312452
 30
0.0
 42
0.0544072452038259
  0
VERTEX
  5
E6F
  8
FAB
 10
440.1326740928163
 20
-341.5442687631833
 30
0.0
 42
-0.261617127885985
  0
VERTEX
  5
E70
  8
FAB
 10
442.6945227491356
 20
-340.1053361744628
 30
0.0
  0
VERTEX
  5
E71
  8
FAB
 10
444.3171200797846
 20
-340.1053361745098
 30
0.0
 42
0.4142135781693866
  0
SEQEND
  5
E72
  8
FAB
  0
CIRCLE
  5
E73
  8
FAB
 10
-427.0585665785819
 20
-347.117226758173
 30
-0.0000000000000039
 40
1.625000000000057
210
0.0
220
0.0
230
-1.0
  0
CIRCLE
  5
E74
  8
FAB
 10
-444.3171203769772
 20
-334.5947914284455
 30
-0.0000000000000039
 40
1.624999999997927
210
0.0
220
0.0
230
-1.0
  0
CIRCLE
  5
E75
  8
FAB
 10
-427.0585665785823
 20
-322.0723560987204
 30
-0.0000000000000039
 40
1.624999999999943
210
0.0
220
0.0
230
-1.0
  0
POLYLINE
  5
E76
  8
FAB
 66
     1
 10
0.0
 20
0.0
 30
0.0
 70
     1
  0
VERTEX
  5
E77
  8
FAB
 10
449.8276651230384
 20
-334.5947914284469
 30
0.0
 42
-0.4142135781693775
  0
VERTEX
  5
E78
  8
FAB
 10
444.3171200797846
 20
-340.1053361745098
 30
0.0
  0
VERTEX
  5
E79
  8
FAB
 10
442.6945227491356
 20
-340.1053361744629
 30
0.0
 42
0.2616171278859395
  0
VERTEX
  5
E7A
  8
FAB
 10
440.1326740928163
 20
-341.5442687631833
 30
0.0
 42
-0.0544072452038323
  0
VERTEX
  5
E7B
  8
FAB
 10
438.3651462663587
 20
-343.8407277312454
 30
0.0
 42
-0.2043018768845511
  0
VERTEX
  5
E7C
  8
FAB
 10
436.558176043485
 20
-344.6112224231451
 30
0.0
  0
VERTEX
  5
E7D
  8
FAB
 10
435.246850073895
 20
-344.6112224231451
 30
0.0
 42
0.3966729524569754
  0
VERTEX
  5
E7E
  8
FAB
 10
432.2522947024245
 20
-347.4305621696411
 30
0.0
 42
-0.9643408361594147
  0
VERTEX
  5
E7F
  8
FAB
 10
421.8557920402473
 20
-347.181476331899
 30
0.0
 42
0.3034338344758457
  0
VERTEX
  5
E80
  8
FAB
 10
419.968869626067
 20
-344.4325618268475
 30
0.0
 42
-0.1069254111705042
  0
VERTEX
  5
E81
  8
FAB
 10
419.090797222372
 20
-343.8407277312454
 30
0.0
 42
-0.0696475409925046
  0
VERTEX
  5
E82
  8
FAB
 10
416.9225341397379
 20
-340.8393181395767
 30
0.0
 42
0.2779037445362398
  0
VERTEX
  5
E83
  8
FAB
 10
414.7090145888703
 20
-339.506059149239
 30
0.0
  0
VERTEX
  5
E84
  8
FAB
 10
410.780337275038
 20
-339.5060591492389
 30
0.0
 42
-0.4142135623731914
  0
VERTEX
  5
E85
  8
FAB
 10
409.9456346921466
 20
-338.6713565663474
 30
0.0
  0
VERTEX
  5
E86
  8
FAB
 10
409.9456346921464
 20
-337.3840240385614
 30
0.0
 42
-0.4142135623730985
  0
VERTEX
  5
E87
  8
FAB
 10
410.7803372750379
 20
-336.5493214556698
 30
0.0
  0
VERTEX
  5
E88
  8
FAB
 10
417.0282093703832
 20
-336.5493214556698
 30
0.0
 42
-0.3111722180474231
  0
VERTEX
  5
E89
  8
FAB
 10
419.3681618451795
 20
-338.161701649165
 30
0.0
 42
0.1215850668255242
  0
VERTEX
  5
E8A
  8
FAB
 10
422.1027253852625
 20
-342.1071146744708
 30
0.0
  0
VERTEX
  5
E8B
  8
FAB
 10
435.3532181034684
 20
-342.1071146744707
 30
0.0
 42
0.4514162296451488
  0
VERTEX
  5
E8C
  8
FAB
 10
435.3532181034685
 20
-327.082468182423
 30
0.0
  0
VERTEX
  5
E8D
  8
FAB
 10
422.1027253852625
 20
-327.0824681824228
 30
0.0
 42
0.1215850668255481
  0
VERTEX
  5
E8E
  8
FAB
 10
419.3681618451796
 20
-331.0278812077286
 30
0.0
 42
-0.3111722180473997
  0
VERTEX
  5
E8F
  8
FAB
 10
417.0282093703832
 20
-332.6402614012237
 30
0.0
  0
VERTEX
  5
E90
  8
FAB
 10
410.7803372750379
 20
-332.6402614012237
 30
0.0
 42
-0.4142135623730575
  0
VERTEX
  5
E91
  8
FAB
 10
409.9456346921464
 20
-331.8055588183321
 30
0.0
  0
VERTEX
  5
E92
  8
FAB
 10
409.9456346921465
 20
-330.5182262905461
 30
0.0
 42
-0.4142135623733343
  0
VERTEX
  5
E93
  8
FAB
 10
410.7803372750381
 20
-329.6835237076546
 30
0.0
  0
VERTEX
  5
E94
  8
FAB
 10
414.7090145888704
 20
-329.6835237076546
 30
0.0
 42
0.2779037445362658
  0
VERTEX
  5
E95
  8
FAB
 10
416.922534139738
 20
-328.3502647173169
 30
0.0
 42
-0.0696475409924743
  0
VERTEX
  5
E96
  8
FAB
 10
419.0907972223721
 20
-325.3488551256482
 30
0.0
 42
-0.106925411170559
  0
VERTEX
  5
E97
  8
FAB
 10
419.9688696260671
 20
-324.7570210300461
 30
0.0
 42
0.3034338344758402
  0
VERTEX
  5
E98
  8
FAB
 10
421.8557920402473
 20
-322.0081065249946
 30
0.0
 42
-0.9643408361594297
  0
VERTEX
  5
E99
  8
FAB
 10
432.2522947024246
 20
-321.7590206872526
 30
0.0
 42
0.3966729524569835
  0
VERTEX
  5
E9A
  8
FAB
 10
435.2468500738951
 20
-324.5783604337486
 30
0.0
  0
VERTEX
  5
E9B
  8
FAB
 10
436.5581760434851
 20
-324.5783604337487
 30
0.0
 42
-0.2043018768847019
  0
VERTEX
  5
E9C
  8
FAB
 10
438.3651462663589
 20
-325.3488551256485
 30
0.0
 42
-0.0544072452038352
  0
VERTEX
  5
E9D
  8
FAB
 10
440.1326740928163
 20
-327.6453140937106
 30
0.0
 42
0.2616171278859131
  0
VERTEX
  5
E9E
  8
FAB
 10
442.6945227491356
 20
-329.084246682431
 30
0.0
  0
VERTEX
  5
E9F
  8
FAB
 10
444.3171200797846
 20
-329.084246682384
 30
0.0
 42
-0.4142135781693386
  0
SEQEND
  5
EA0
  8
FAB
  0
CIRCLE
  5
EA1
  8
FAB
 10
444.3171203769771
 20
-334.5947914284455
 30
0.0
 40
1.624999999997969
  0
CIRCLE
  5
EA2
  8
FAB
 10
-427.0585665785823
 20
-322.0723560987204
 30
0.0
 40
1.624999999999943
210
0.0
220
0.0
230
-1.0
  0
CIRCLE
  5
EA3
  8
FAB
 10
427.0585665785819
 20
-347.117226758173
 30
0.0
 40
1.625000000000057
  0
ENDSEC
  0
EOF
