ISO-10303-21;
HEADER;
/* Generated by software containing ST-Developer
 * from STEP Tools, Inc. (www.steptools.com) 
 */
/* OPTION: using custom schema-name function */

FILE_DESCRIPTION(
/* description */ (''),
/* implementation_level */ '2;1');

FILE_NAME(
/* name */ 'PowerHolder_snapMount',
/* time_stamp */ '2025-06-23T16:55:48+03:00',
/* author */ (''),
/* organization */ (''),
/* preprocessor_version */ 'ST-DEVELOPER v16.5',
/* originating_system */ 'Rhino 7.23',
/* authorisation */ '');

FILE_SCHEMA (('CONFIG_CONTROL_DESIGN'));
ENDSEC;

DATA;
#10=SHAPE_REPRESENTATION_RELATIONSHIP('','',#1028,#12);
#11=MANIFOLD_SOLID_BREP('brep_1',#13);
#12=ADVANCED_BREP_SHAPE_REPRESENTATION('brep_rep_0',(#11,#1063),#1027);
#13=CLOSED_SHELL('',(#19,#20,#21,#22,#23,#24,#25,#26,#27,#28,#29,#30,#31,
#32,#33,#34,#35,#36,#37,#38,#39,#40,#41,#42,#43,#44,#45,#46,#47,#48,#49,
#50,#51,#52,#53,#54,#55,#56,#57,#58,#59,#60,#61,#62,#63,#64,#65,#66,#67,
#68,#69,#70,#71,#72,#73));
#14=FACE_BOUND('',#142,.T.);
#15=FACE_BOUND('',#143,.T.);
#16=FACE_BOUND('',#169,.T.);
#17=FACE_BOUND('',#178,.T.);
#18=FACE_BOUND('',#182,.T.);
#19=ADVANCED_FACE('',(#74),#909,.T.);
#20=ADVANCED_FACE('',(#75),#910,.T.);
#21=ADVANCED_FACE('',(#76),#934,.T.);
#22=ADVANCED_FACE('',(#77),#935,.T.);
#23=ADVANCED_FACE('',(#78),#911,.T.);
#24=ADVANCED_FACE('',(#79),#912,.T.);
#25=ADVANCED_FACE('',(#80),#903,.T.);
#26=ADVANCED_FACE('',(#81),#931,.T.);
#27=ADVANCED_FACE('',(#82),#930,.T.);
#28=ADVANCED_FACE('',(#83),#913,.T.);
#29=ADVANCED_FACE('',(#84),#932,.T.);
#30=ADVANCED_FACE('',(#85),#933,.T.);
#31=ADVANCED_FACE('',(#86,#14,#15),#936,.T.);
#32=ADVANCED_FACE('',(#87),#887,.T.);
#33=ADVANCED_FACE('',(#88),#914,.T.);
#34=ADVANCED_FACE('',(#89),#888,.T.);
#35=ADVANCED_FACE('',(#90),#915,.T.);
#36=ADVANCED_FACE('',(#91),#889,.T.);
#37=ADVANCED_FACE('',(#92),#916,.T.);
#38=ADVANCED_FACE('',(#93),#890,.T.);
#39=ADVANCED_FACE('',(#94),#917,.T.);
#40=ADVANCED_FACE('',(#95),#891,.T.);
#41=ADVANCED_FACE('',(#96),#918,.T.);
#42=ADVANCED_FACE('',(#97),#892,.T.);
#43=ADVANCED_FACE('',(#98),#919,.T.);
#44=ADVANCED_FACE('',(#99),#893,.T.);
#45=ADVANCED_FACE('',(#100),#920,.T.);
#46=ADVANCED_FACE('',(#101),#894,.T.);
#47=ADVANCED_FACE('',(#102),#921,.T.);
#48=ADVANCED_FACE('',(#103),#895,.T.);
#49=ADVANCED_FACE('',(#104),#922,.T.);
#50=ADVANCED_FACE('',(#105),#896,.T.);
#51=ADVANCED_FACE('',(#106),#923,.T.);
#52=ADVANCED_FACE('',(#107),#897,.T.);
#53=ADVANCED_FACE('',(#108),#924,.T.);
#54=ADVANCED_FACE('',(#109),#898,.T.);
#55=ADVANCED_FACE('',(#110),#925,.T.);
#56=ADVANCED_FACE('',(#111,#16),#937,.T.);
#57=ADVANCED_FACE('',(#112),#899,.T.);
#58=ADVANCED_FACE('',(#113),#926,.T.);
#59=ADVANCED_FACE('',(#114),#901,.T.);
#60=ADVANCED_FACE('',(#115),#902,.T.);
#61=ADVANCED_FACE('',(#116),#927,.T.);
#62=ADVANCED_FACE('',(#117),#900,.T.);
#63=ADVANCED_FACE('',(#118),#928,.T.);
#64=ADVANCED_FACE('',(#119,#17),#938,.T.);
#65=ADVANCED_FACE('',(#120),#904,.T.);
#66=ADVANCED_FACE('',(#121),#905,.T.);
#67=ADVANCED_FACE('',(#122,#18),#939,.T.);
#68=ADVANCED_FACE('',(#123),#941,.T.);
#69=ADVANCED_FACE('',(#124),#929,.T.);
#70=ADVANCED_FACE('',(#125),#940,.T.);
#71=ADVANCED_FACE('',(#126),#906,.T.);
#72=ADVANCED_FACE('',(#127),#907,.T.);
#73=ADVANCED_FACE('',(#128),#908,.T.);
#74=FACE_OUTER_BOUND('',#129,.T.);
#75=FACE_OUTER_BOUND('',#130,.T.);
#76=FACE_OUTER_BOUND('',#131,.T.);
#77=FACE_OUTER_BOUND('',#132,.T.);
#78=FACE_OUTER_BOUND('',#133,.T.);
#79=FACE_OUTER_BOUND('',#134,.T.);
#80=FACE_OUTER_BOUND('',#135,.T.);
#81=FACE_OUTER_BOUND('',#136,.T.);
#82=FACE_OUTER_BOUND('',#137,.T.);
#83=FACE_OUTER_BOUND('',#138,.T.);
#84=FACE_OUTER_BOUND('',#139,.T.);
#85=FACE_OUTER_BOUND('',#140,.T.);
#86=FACE_OUTER_BOUND('',#141,.T.);
#87=FACE_OUTER_BOUND('',#144,.T.);
#88=FACE_OUTER_BOUND('',#145,.T.);
#89=FACE_OUTER_BOUND('',#146,.T.);
#90=FACE_OUTER_BOUND('',#147,.T.);
#91=FACE_OUTER_BOUND('',#148,.T.);
#92=FACE_OUTER_BOUND('',#149,.T.);
#93=FACE_OUTER_BOUND('',#150,.T.);
#94=FACE_OUTER_BOUND('',#151,.T.);
#95=FACE_OUTER_BOUND('',#152,.T.);
#96=FACE_OUTER_BOUND('',#153,.T.);
#97=FACE_OUTER_BOUND('',#154,.T.);
#98=FACE_OUTER_BOUND('',#155,.T.);
#99=FACE_OUTER_BOUND('',#156,.T.);
#100=FACE_OUTER_BOUND('',#157,.T.);
#101=FACE_OUTER_BOUND('',#158,.T.);
#102=FACE_OUTER_BOUND('',#159,.T.);
#103=FACE_OUTER_BOUND('',#160,.T.);
#104=FACE_OUTER_BOUND('',#161,.T.);
#105=FACE_OUTER_BOUND('',#162,.T.);
#106=FACE_OUTER_BOUND('',#163,.T.);
#107=FACE_OUTER_BOUND('',#164,.T.);
#108=FACE_OUTER_BOUND('',#165,.T.);
#109=FACE_OUTER_BOUND('',#166,.T.);
#110=FACE_OUTER_BOUND('',#167,.T.);
#111=FACE_OUTER_BOUND('',#168,.T.);
#112=FACE_OUTER_BOUND('',#170,.T.);
#113=FACE_OUTER_BOUND('',#171,.T.);
#114=FACE_OUTER_BOUND('',#172,.T.);
#115=FACE_OUTER_BOUND('',#173,.T.);
#116=FACE_OUTER_BOUND('',#174,.T.);
#117=FACE_OUTER_BOUND('',#175,.T.);
#118=FACE_OUTER_BOUND('',#176,.T.);
#119=FACE_OUTER_BOUND('',#177,.T.);
#120=FACE_OUTER_BOUND('',#179,.T.);
#121=FACE_OUTER_BOUND('',#180,.T.);
#122=FACE_OUTER_BOUND('',#181,.T.);
#123=FACE_OUTER_BOUND('',#183,.T.);
#124=FACE_OUTER_BOUND('',#184,.T.);
#125=FACE_OUTER_BOUND('',#185,.T.);
#126=FACE_OUTER_BOUND('',#186,.T.);
#127=FACE_OUTER_BOUND('',#187,.T.);
#128=FACE_OUTER_BOUND('',#188,.T.);
#129=EDGE_LOOP('',(#189,#190,#191,#192,#193,#194));
#130=EDGE_LOOP('',(#195,#196,#197,#198));
#131=EDGE_LOOP('',(#199,#200,#201,#202));
#132=EDGE_LOOP('',(#203,#204,#205,#206));
#133=EDGE_LOOP('',(#207,#208,#209,#210));
#134=EDGE_LOOP('',(#211,#212,#213,#214));
#135=EDGE_LOOP('',(#215,#216,#217,#218));
#136=EDGE_LOOP('',(#219,#220,#221,#222,#223,#224,#225,#226,#227));
#137=EDGE_LOOP('',(#228,#229,#230,#231,#232,#233,#234,#235,#236));
#138=EDGE_LOOP('',(#237,#238,#239,#240));
#139=EDGE_LOOP('',(#241,#242,#243,#244,#245,#246,#247,#248,#249));
#140=EDGE_LOOP('',(#250,#251,#252,#253,#254,#255,#256,#257,#258));
#141=EDGE_LOOP('',(#259,#260,#261,#262));
#142=EDGE_LOOP('',(#263,#264,#265,#266,#267,#268,#269,#270));
#143=EDGE_LOOP('',(#271,#272,#273,#274,#275,#276,#277,#278));
#144=EDGE_LOOP('',(#279,#280,#281,#282));
#145=EDGE_LOOP('',(#283,#284,#285,#286));
#146=EDGE_LOOP('',(#287,#288,#289,#290));
#147=EDGE_LOOP('',(#291,#292,#293,#294));
#148=EDGE_LOOP('',(#295,#296,#297,#298));
#149=EDGE_LOOP('',(#299,#300,#301,#302));
#150=EDGE_LOOP('',(#303,#304,#305,#306));
#151=EDGE_LOOP('',(#307,#308,#309,#310));
#152=EDGE_LOOP('',(#311,#312,#313,#314));
#153=EDGE_LOOP('',(#315,#316,#317,#318));
#154=EDGE_LOOP('',(#319,#320,#321,#322));
#155=EDGE_LOOP('',(#323,#324,#325,#326));
#156=EDGE_LOOP('',(#327,#328,#329,#330));
#157=EDGE_LOOP('',(#331,#332,#333,#334));
#158=EDGE_LOOP('',(#335,#336,#337,#338));
#159=EDGE_LOOP('',(#339,#340,#341,#342));
#160=EDGE_LOOP('',(#343,#344,#345,#346));
#161=EDGE_LOOP('',(#347,#348,#349,#350));
#162=EDGE_LOOP('',(#351,#352,#353,#354));
#163=EDGE_LOOP('',(#355,#356,#357,#358));
#164=EDGE_LOOP('',(#359,#360,#361,#362));
#165=EDGE_LOOP('',(#363,#364,#365,#366));
#166=EDGE_LOOP('',(#367,#368,#369,#370));
#167=EDGE_LOOP('',(#371,#372,#373,#374));
#168=EDGE_LOOP('',(#375,#376,#377,#378,#379,#380,#381,#382));
#169=EDGE_LOOP('',(#383,#384,#385,#386,#387,#388,#389,#390));
#170=EDGE_LOOP('',(#391,#392,#393,#394));
#171=EDGE_LOOP('',(#395,#396,#397,#398));
#172=EDGE_LOOP('',(#399,#400,#401,#402,#403));
#173=EDGE_LOOP('',(#404,#405,#406,#407,#408));
#174=EDGE_LOOP('',(#409,#410,#411,#412));
#175=EDGE_LOOP('',(#413,#414,#415,#416));
#176=EDGE_LOOP('',(#417,#418,#419,#420));
#177=EDGE_LOOP('',(#421,#422,#423,#424,#425,#426,#427,#428));
#178=EDGE_LOOP('',(#429,#430,#431,#432,#433,#434,#435,#436));
#179=EDGE_LOOP('',(#437,#438,#439,#440));
#180=EDGE_LOOP('',(#441,#442,#443,#444));
#181=EDGE_LOOP('',(#445,#446,#447,#448,#449,#450,#451,#452,#453,#454,#455,
#456));
#182=EDGE_LOOP('',(#457,#458,#459,#460,#461,#462,#463,#464));
#183=EDGE_LOOP('',(#465,#466,#467,#468));
#184=EDGE_LOOP('',(#469,#470,#471,#472));
#185=EDGE_LOOP('',(#473,#474,#475,#476));
#186=EDGE_LOOP('',(#477,#478,#479,#480));
#187=EDGE_LOOP('',(#481,#482,#483,#484));
#188=EDGE_LOOP('',(#485,#486,#487,#488));
#189=ORIENTED_EDGE('',*,*,#619,.T.);
#190=ORIENTED_EDGE('',*,*,#611,.F.);
#191=ORIENTED_EDGE('',*,*,#614,.T.);
#192=ORIENTED_EDGE('',*,*,#612,.T.);
#193=ORIENTED_EDGE('',*,*,#618,.T.);
#194=ORIENTED_EDGE('',*,*,#622,.T.);
#195=ORIENTED_EDGE('',*,*,#495,.T.);
#196=ORIENTED_EDGE('',*,*,#499,.T.);
#197=ORIENTED_EDGE('',*,*,#492,.F.);
#198=ORIENTED_EDGE('',*,*,#500,.F.);
#199=ORIENTED_EDGE('',*,*,#501,.F.);
#200=ORIENTED_EDGE('',*,*,#496,.F.);
#201=ORIENTED_EDGE('',*,*,#502,.T.);
#202=ORIENTED_EDGE('',*,*,#623,.F.);
#203=ORIENTED_EDGE('',*,*,#493,.T.);
#204=ORIENTED_EDGE('',*,*,#494,.T.);
#205=ORIENTED_EDGE('',*,*,#492,.T.);
#206=ORIENTED_EDGE('',*,*,#491,.T.);
#207=ORIENTED_EDGE('',*,*,#496,.T.);
#208=ORIENTED_EDGE('',*,*,#497,.T.);
#209=ORIENTED_EDGE('',*,*,#495,.F.);
#210=ORIENTED_EDGE('',*,*,#498,.F.);
#211=ORIENTED_EDGE('',*,*,#505,.T.);
#212=ORIENTED_EDGE('',*,*,#503,.T.);
#213=ORIENTED_EDGE('',*,*,#493,.F.);
#214=ORIENTED_EDGE('',*,*,#504,.F.);
#215=ORIENTED_EDGE('',*,*,#508,.T.);
#216=ORIENTED_EDGE('',*,*,#507,.F.);
#217=ORIENTED_EDGE('',*,*,#505,.F.);
#218=ORIENTED_EDGE('',*,*,#506,.T.);
#219=ORIENTED_EDGE('',*,*,#502,.F.);
#220=ORIENTED_EDGE('',*,*,#498,.T.);
#221=ORIENTED_EDGE('',*,*,#500,.T.);
#222=ORIENTED_EDGE('',*,*,#494,.F.);
#223=ORIENTED_EDGE('',*,*,#503,.F.);
#224=ORIENTED_EDGE('',*,*,#507,.T.);
#225=ORIENTED_EDGE('',*,*,#509,.T.);
#226=ORIENTED_EDGE('',*,*,#511,.T.);
#227=ORIENTED_EDGE('',*,*,#626,.T.);
#228=ORIENTED_EDGE('',*,*,#510,.F.);
#229=ORIENTED_EDGE('',*,*,#490,.T.);
#230=ORIENTED_EDGE('',*,*,#506,.F.);
#231=ORIENTED_EDGE('',*,*,#504,.T.);
#232=ORIENTED_EDGE('',*,*,#491,.F.);
#233=ORIENTED_EDGE('',*,*,#499,.F.);
#234=ORIENTED_EDGE('',*,*,#497,.F.);
#235=ORIENTED_EDGE('',*,*,#501,.T.);
#236=ORIENTED_EDGE('',*,*,#625,.T.);
#237=ORIENTED_EDGE('',*,*,#607,.T.);
#238=ORIENTED_EDGE('',*,*,#604,.T.);
#239=ORIENTED_EDGE('',*,*,#489,.F.);
#240=ORIENTED_EDGE('',*,*,#605,.F.);
#241=ORIENTED_EDGE('',*,*,#512,.F.);
#242=ORIENTED_EDGE('',*,*,#490,.F.);
#243=ORIENTED_EDGE('',*,*,#604,.F.);
#244=ORIENTED_EDGE('',*,*,#610,.T.);
#245=ORIENTED_EDGE('',*,*,#606,.T.);
#246=ORIENTED_EDGE('',*,*,#616,.T.);
#247=ORIENTED_EDGE('',*,*,#611,.T.);
#248=ORIENTED_EDGE('',*,*,#620,.T.);
#249=ORIENTED_EDGE('',*,*,#636,.T.);
#250=ORIENTED_EDGE('',*,*,#627,.T.);
#251=ORIENTED_EDGE('',*,*,#612,.F.);
#252=ORIENTED_EDGE('',*,*,#617,.T.);
#253=ORIENTED_EDGE('',*,*,#613,.T.);
#254=ORIENTED_EDGE('',*,*,#609,.T.);
#255=ORIENTED_EDGE('',*,*,#605,.T.);
#256=ORIENTED_EDGE('',*,*,#509,.F.);
#257=ORIENTED_EDGE('',*,*,#629,.F.);
#258=ORIENTED_EDGE('',*,*,#633,.T.);
#259=ORIENTED_EDGE('',*,*,#606,.F.);
#260=ORIENTED_EDGE('',*,*,#608,.F.);
#261=ORIENTED_EDGE('',*,*,#613,.F.);
#262=ORIENTED_EDGE('',*,*,#615,.F.);
#263=ORIENTED_EDGE('',*,*,#513,.F.);
#264=ORIENTED_EDGE('',*,*,#520,.F.);
#265=ORIENTED_EDGE('',*,*,#519,.F.);
#266=ORIENTED_EDGE('',*,*,#518,.F.);
#267=ORIENTED_EDGE('',*,*,#517,.F.);
#268=ORIENTED_EDGE('',*,*,#516,.F.);
#269=ORIENTED_EDGE('',*,*,#515,.F.);
#270=ORIENTED_EDGE('',*,*,#514,.F.);
#271=ORIENTED_EDGE('',*,*,#521,.F.);
#272=ORIENTED_EDGE('',*,*,#528,.F.);
#273=ORIENTED_EDGE('',*,*,#527,.F.);
#274=ORIENTED_EDGE('',*,*,#526,.F.);
#275=ORIENTED_EDGE('',*,*,#525,.F.);
#276=ORIENTED_EDGE('',*,*,#524,.F.);
#277=ORIENTED_EDGE('',*,*,#523,.F.);
#278=ORIENTED_EDGE('',*,*,#522,.F.);
#279=ORIENTED_EDGE('',*,*,#562,.T.);
#280=ORIENTED_EDGE('',*,*,#513,.T.);
#281=ORIENTED_EDGE('',*,*,#561,.F.);
#282=ORIENTED_EDGE('',*,*,#553,.F.);
#283=ORIENTED_EDGE('',*,*,#561,.T.);
#284=ORIENTED_EDGE('',*,*,#514,.T.);
#285=ORIENTED_EDGE('',*,*,#563,.F.);
#286=ORIENTED_EDGE('',*,*,#554,.F.);
#287=ORIENTED_EDGE('',*,*,#563,.T.);
#288=ORIENTED_EDGE('',*,*,#515,.T.);
#289=ORIENTED_EDGE('',*,*,#564,.F.);
#290=ORIENTED_EDGE('',*,*,#555,.F.);
#291=ORIENTED_EDGE('',*,*,#564,.T.);
#292=ORIENTED_EDGE('',*,*,#516,.T.);
#293=ORIENTED_EDGE('',*,*,#565,.F.);
#294=ORIENTED_EDGE('',*,*,#556,.F.);
#295=ORIENTED_EDGE('',*,*,#565,.T.);
#296=ORIENTED_EDGE('',*,*,#517,.T.);
#297=ORIENTED_EDGE('',*,*,#566,.F.);
#298=ORIENTED_EDGE('',*,*,#557,.F.);
#299=ORIENTED_EDGE('',*,*,#566,.T.);
#300=ORIENTED_EDGE('',*,*,#518,.T.);
#301=ORIENTED_EDGE('',*,*,#567,.F.);
#302=ORIENTED_EDGE('',*,*,#558,.F.);
#303=ORIENTED_EDGE('',*,*,#567,.T.);
#304=ORIENTED_EDGE('',*,*,#519,.T.);
#305=ORIENTED_EDGE('',*,*,#568,.F.);
#306=ORIENTED_EDGE('',*,*,#559,.F.);
#307=ORIENTED_EDGE('',*,*,#568,.T.);
#308=ORIENTED_EDGE('',*,*,#520,.T.);
#309=ORIENTED_EDGE('',*,*,#562,.F.);
#310=ORIENTED_EDGE('',*,*,#560,.F.);
#311=ORIENTED_EDGE('',*,*,#597,.T.);
#312=ORIENTED_EDGE('',*,*,#521,.T.);
#313=ORIENTED_EDGE('',*,*,#596,.F.);
#314=ORIENTED_EDGE('',*,*,#588,.F.);
#315=ORIENTED_EDGE('',*,*,#596,.T.);
#316=ORIENTED_EDGE('',*,*,#522,.T.);
#317=ORIENTED_EDGE('',*,*,#598,.F.);
#318=ORIENTED_EDGE('',*,*,#589,.F.);
#319=ORIENTED_EDGE('',*,*,#598,.T.);
#320=ORIENTED_EDGE('',*,*,#523,.T.);
#321=ORIENTED_EDGE('',*,*,#599,.F.);
#322=ORIENTED_EDGE('',*,*,#590,.F.);
#323=ORIENTED_EDGE('',*,*,#599,.T.);
#324=ORIENTED_EDGE('',*,*,#524,.T.);
#325=ORIENTED_EDGE('',*,*,#600,.F.);
#326=ORIENTED_EDGE('',*,*,#591,.F.);
#327=ORIENTED_EDGE('',*,*,#600,.T.);
#328=ORIENTED_EDGE('',*,*,#525,.T.);
#329=ORIENTED_EDGE('',*,*,#601,.F.);
#330=ORIENTED_EDGE('',*,*,#592,.F.);
#331=ORIENTED_EDGE('',*,*,#601,.T.);
#332=ORIENTED_EDGE('',*,*,#526,.T.);
#333=ORIENTED_EDGE('',*,*,#602,.F.);
#334=ORIENTED_EDGE('',*,*,#593,.F.);
#335=ORIENTED_EDGE('',*,*,#602,.T.);
#336=ORIENTED_EDGE('',*,*,#527,.T.);
#337=ORIENTED_EDGE('',*,*,#603,.F.);
#338=ORIENTED_EDGE('',*,*,#594,.F.);
#339=ORIENTED_EDGE('',*,*,#603,.T.);
#340=ORIENTED_EDGE('',*,*,#528,.T.);
#341=ORIENTED_EDGE('',*,*,#597,.F.);
#342=ORIENTED_EDGE('',*,*,#595,.F.);
#343=ORIENTED_EDGE('',*,*,#532,.T.);
#344=ORIENTED_EDGE('',*,*,#531,.T.);
#345=ORIENTED_EDGE('',*,*,#530,.F.);
#346=ORIENTED_EDGE('',*,*,#529,.F.);
#347=ORIENTED_EDGE('',*,*,#530,.T.);
#348=ORIENTED_EDGE('',*,*,#534,.T.);
#349=ORIENTED_EDGE('',*,*,#533,.F.);
#350=ORIENTED_EDGE('',*,*,#549,.F.);
#351=ORIENTED_EDGE('',*,*,#533,.T.);
#352=ORIENTED_EDGE('',*,*,#537,.T.);
#353=ORIENTED_EDGE('',*,*,#536,.F.);
#354=ORIENTED_EDGE('',*,*,#535,.F.);
#355=ORIENTED_EDGE('',*,*,#536,.T.);
#356=ORIENTED_EDGE('',*,*,#539,.T.);
#357=ORIENTED_EDGE('',*,*,#538,.F.);
#358=ORIENTED_EDGE('',*,*,#550,.F.);
#359=ORIENTED_EDGE('',*,*,#538,.T.);
#360=ORIENTED_EDGE('',*,*,#542,.T.);
#361=ORIENTED_EDGE('',*,*,#541,.F.);
#362=ORIENTED_EDGE('',*,*,#540,.F.);
#363=ORIENTED_EDGE('',*,*,#541,.T.);
#364=ORIENTED_EDGE('',*,*,#544,.T.);
#365=ORIENTED_EDGE('',*,*,#543,.F.);
#366=ORIENTED_EDGE('',*,*,#551,.F.);
#367=ORIENTED_EDGE('',*,*,#543,.T.);
#368=ORIENTED_EDGE('',*,*,#547,.T.);
#369=ORIENTED_EDGE('',*,*,#546,.F.);
#370=ORIENTED_EDGE('',*,*,#545,.F.);
#371=ORIENTED_EDGE('',*,*,#546,.T.);
#372=ORIENTED_EDGE('',*,*,#548,.T.);
#373=ORIENTED_EDGE('',*,*,#532,.F.);
#374=ORIENTED_EDGE('',*,*,#552,.F.);
#375=ORIENTED_EDGE('',*,*,#548,.F.);
#376=ORIENTED_EDGE('',*,*,#547,.F.);
#377=ORIENTED_EDGE('',*,*,#544,.F.);
#378=ORIENTED_EDGE('',*,*,#542,.F.);
#379=ORIENTED_EDGE('',*,*,#539,.F.);
#380=ORIENTED_EDGE('',*,*,#537,.F.);
#381=ORIENTED_EDGE('',*,*,#534,.F.);
#382=ORIENTED_EDGE('',*,*,#531,.F.);
#383=ORIENTED_EDGE('',*,*,#560,.T.);
#384=ORIENTED_EDGE('',*,*,#553,.T.);
#385=ORIENTED_EDGE('',*,*,#554,.T.);
#386=ORIENTED_EDGE('',*,*,#555,.T.);
#387=ORIENTED_EDGE('',*,*,#556,.T.);
#388=ORIENTED_EDGE('',*,*,#557,.T.);
#389=ORIENTED_EDGE('',*,*,#558,.T.);
#390=ORIENTED_EDGE('',*,*,#559,.T.);
#391=ORIENTED_EDGE('',*,*,#572,.T.);
#392=ORIENTED_EDGE('',*,*,#571,.T.);
#393=ORIENTED_EDGE('',*,*,#570,.F.);
#394=ORIENTED_EDGE('',*,*,#569,.F.);
#395=ORIENTED_EDGE('',*,*,#570,.T.);
#396=ORIENTED_EDGE('',*,*,#574,.T.);
#397=ORIENTED_EDGE('',*,*,#573,.F.);
#398=ORIENTED_EDGE('',*,*,#585,.F.);
#399=ORIENTED_EDGE('',*,*,#635,.F.);
#400=ORIENTED_EDGE('',*,*,#575,.F.);
#401=ORIENTED_EDGE('',*,*,#573,.T.);
#402=ORIENTED_EDGE('',*,*,#576,.T.);
#403=ORIENTED_EDGE('',*,*,#628,.F.);
#404=ORIENTED_EDGE('',*,*,#637,.F.);
#405=ORIENTED_EDGE('',*,*,#621,.F.);
#406=ORIENTED_EDGE('',*,*,#578,.T.);
#407=ORIENTED_EDGE('',*,*,#577,.F.);
#408=ORIENTED_EDGE('',*,*,#630,.F.);
#409=ORIENTED_EDGE('',*,*,#577,.T.);
#410=ORIENTED_EDGE('',*,*,#580,.T.);
#411=ORIENTED_EDGE('',*,*,#579,.F.);
#412=ORIENTED_EDGE('',*,*,#586,.F.);
#413=ORIENTED_EDGE('',*,*,#579,.T.);
#414=ORIENTED_EDGE('',*,*,#583,.T.);
#415=ORIENTED_EDGE('',*,*,#582,.F.);
#416=ORIENTED_EDGE('',*,*,#581,.F.);
#417=ORIENTED_EDGE('',*,*,#582,.T.);
#418=ORIENTED_EDGE('',*,*,#584,.T.);
#419=ORIENTED_EDGE('',*,*,#572,.F.);
#420=ORIENTED_EDGE('',*,*,#587,.F.);
#421=ORIENTED_EDGE('',*,*,#584,.F.);
#422=ORIENTED_EDGE('',*,*,#583,.F.);
#423=ORIENTED_EDGE('',*,*,#580,.F.);
#424=ORIENTED_EDGE('',*,*,#578,.F.);
#425=ORIENTED_EDGE('',*,*,#622,.F.);
#426=ORIENTED_EDGE('',*,*,#576,.F.);
#427=ORIENTED_EDGE('',*,*,#574,.F.);
#428=ORIENTED_EDGE('',*,*,#571,.F.);
#429=ORIENTED_EDGE('',*,*,#595,.T.);
#430=ORIENTED_EDGE('',*,*,#588,.T.);
#431=ORIENTED_EDGE('',*,*,#589,.T.);
#432=ORIENTED_EDGE('',*,*,#590,.T.);
#433=ORIENTED_EDGE('',*,*,#591,.T.);
#434=ORIENTED_EDGE('',*,*,#592,.T.);
#435=ORIENTED_EDGE('',*,*,#593,.T.);
#436=ORIENTED_EDGE('',*,*,#594,.T.);
#437=ORIENTED_EDGE('',*,*,#609,.F.);
#438=ORIENTED_EDGE('',*,*,#608,.T.);
#439=ORIENTED_EDGE('',*,*,#610,.F.);
#440=ORIENTED_EDGE('',*,*,#607,.F.);
#441=ORIENTED_EDGE('',*,*,#616,.F.);
#442=ORIENTED_EDGE('',*,*,#615,.T.);
#443=ORIENTED_EDGE('',*,*,#617,.F.);
#444=ORIENTED_EDGE('',*,*,#614,.F.);
#445=ORIENTED_EDGE('',*,*,#631,.T.);
#446=ORIENTED_EDGE('',*,*,#629,.T.);
#447=ORIENTED_EDGE('',*,*,#508,.F.);
#448=ORIENTED_EDGE('',*,*,#512,.T.);
#449=ORIENTED_EDGE('',*,*,#632,.T.);
#450=ORIENTED_EDGE('',*,*,#630,.T.);
#451=ORIENTED_EDGE('',*,*,#586,.T.);
#452=ORIENTED_EDGE('',*,*,#581,.T.);
#453=ORIENTED_EDGE('',*,*,#587,.T.);
#454=ORIENTED_EDGE('',*,*,#569,.T.);
#455=ORIENTED_EDGE('',*,*,#585,.T.);
#456=ORIENTED_EDGE('',*,*,#575,.T.);
#457=ORIENTED_EDGE('',*,*,#549,.T.);
#458=ORIENTED_EDGE('',*,*,#535,.T.);
#459=ORIENTED_EDGE('',*,*,#550,.T.);
#460=ORIENTED_EDGE('',*,*,#540,.T.);
#461=ORIENTED_EDGE('',*,*,#551,.T.);
#462=ORIENTED_EDGE('',*,*,#545,.T.);
#463=ORIENTED_EDGE('',*,*,#552,.T.);
#464=ORIENTED_EDGE('',*,*,#529,.T.);
#465=ORIENTED_EDGE('',*,*,#628,.T.);
#466=ORIENTED_EDGE('',*,*,#618,.F.);
#467=ORIENTED_EDGE('',*,*,#627,.F.);
#468=ORIENTED_EDGE('',*,*,#634,.F.);
#469=ORIENTED_EDGE('',*,*,#620,.F.);
#470=ORIENTED_EDGE('',*,*,#619,.F.);
#471=ORIENTED_EDGE('',*,*,#621,.T.);
#472=ORIENTED_EDGE('',*,*,#638,.F.);
#473=ORIENTED_EDGE('',*,*,#624,.T.);
#474=ORIENTED_EDGE('',*,*,#511,.F.);
#475=ORIENTED_EDGE('',*,*,#489,.T.);
#476=ORIENTED_EDGE('',*,*,#510,.T.);
#477=ORIENTED_EDGE('',*,*,#623,.T.);
#478=ORIENTED_EDGE('',*,*,#626,.F.);
#479=ORIENTED_EDGE('',*,*,#624,.F.);
#480=ORIENTED_EDGE('',*,*,#625,.F.);
#481=ORIENTED_EDGE('',*,*,#635,.T.);
#482=ORIENTED_EDGE('',*,*,#634,.T.);
#483=ORIENTED_EDGE('',*,*,#633,.F.);
#484=ORIENTED_EDGE('',*,*,#631,.F.);
#485=ORIENTED_EDGE('',*,*,#636,.F.);
#486=ORIENTED_EDGE('',*,*,#638,.T.);
#487=ORIENTED_EDGE('',*,*,#637,.T.);
#488=ORIENTED_EDGE('',*,*,#632,.F.);
#489=EDGE_CURVE('',#790,#789,#723,.T.);
#490=EDGE_CURVE('',#789,#801,#724,.T.);
#491=EDGE_CURVE('',#791,#793,#725,.T.);
#492=EDGE_CURVE('',#792,#791,#726,.T.);
#493=EDGE_CURVE('',#793,#794,#727,.T.);
#494=EDGE_CURVE('',#794,#792,#728,.T.);
#495=EDGE_CURVE('',#795,#796,#729,.T.);
#496=EDGE_CURVE('',#797,#798,#730,.T.);
#497=EDGE_CURVE('',#798,#796,#731,.T.);
#498=EDGE_CURVE('',#797,#795,#732,.T.);
#499=EDGE_CURVE('',#796,#791,#733,.T.);
#500=EDGE_CURVE('',#795,#792,#734,.T.);
#501=EDGE_CURVE('',#798,#875,#735,.T.);
#502=EDGE_CURVE('',#797,#876,#736,.T.);
#503=EDGE_CURVE('',#799,#794,#737,.T.);
#504=EDGE_CURVE('',#800,#793,#738,.T.);
#505=EDGE_CURVE('',#800,#799,#739,.T.);
#506=EDGE_CURVE('',#800,#801,#740,.T.);
#507=EDGE_CURVE('',#799,#802,#741,.T.);
#508=EDGE_CURVE('',#801,#802,#742,.T.);
#509=EDGE_CURVE('',#802,#790,#743,.T.);
#510=EDGE_CURVE('',#789,#877,#744,.T.);
#511=EDGE_CURVE('',#790,#878,#745,.T.);
#512=EDGE_CURVE('',#801,#879,#746,.T.);
#513=EDGE_CURVE('',#803,#804,#639,.T.);
#514=EDGE_CURVE('',#804,#805,#747,.T.);
#515=EDGE_CURVE('',#805,#806,#640,.T.);
#516=EDGE_CURVE('',#806,#807,#641,.T.);
#517=EDGE_CURVE('',#807,#808,#642,.T.);
#518=EDGE_CURVE('',#808,#809,#748,.T.);
#519=EDGE_CURVE('',#809,#810,#643,.T.);
#520=EDGE_CURVE('',#810,#803,#644,.T.);
#521=EDGE_CURVE('',#811,#812,#645,.T.);
#522=EDGE_CURVE('',#812,#813,#749,.T.);
#523=EDGE_CURVE('',#813,#814,#646,.T.);
#524=EDGE_CURVE('',#814,#815,#647,.T.);
#525=EDGE_CURVE('',#815,#816,#648,.T.);
#526=EDGE_CURVE('',#816,#817,#750,.T.);
#527=EDGE_CURVE('',#817,#818,#649,.T.);
#528=EDGE_CURVE('',#818,#811,#650,.T.);
#529=EDGE_CURVE('',#827,#828,#651,.T.);
#530=EDGE_CURVE('',#828,#819,#652,.T.);
#531=EDGE_CURVE('',#820,#819,#653,.T.);
#532=EDGE_CURVE('',#827,#820,#654,.T.);
#533=EDGE_CURVE('',#829,#821,#655,.T.);
#534=EDGE_CURVE('',#819,#821,#656,.T.);
#535=EDGE_CURVE('',#829,#830,#657,.T.);
#536=EDGE_CURVE('',#830,#822,#658,.T.);
#537=EDGE_CURVE('',#821,#822,#659,.T.);
#538=EDGE_CURVE('',#831,#823,#660,.T.);
#539=EDGE_CURVE('',#822,#823,#661,.T.);
#540=EDGE_CURVE('',#831,#832,#662,.T.);
#541=EDGE_CURVE('',#832,#824,#663,.T.);
#542=EDGE_CURVE('',#823,#824,#664,.T.);
#543=EDGE_CURVE('',#833,#825,#665,.T.);
#544=EDGE_CURVE('',#824,#825,#666,.T.);
#545=EDGE_CURVE('',#833,#834,#667,.T.);
#546=EDGE_CURVE('',#834,#826,#668,.T.);
#547=EDGE_CURVE('',#825,#826,#669,.T.);
#548=EDGE_CURVE('',#826,#820,#670,.T.);
#549=EDGE_CURVE('',#828,#829,#671,.T.);
#550=EDGE_CURVE('',#830,#831,#672,.T.);
#551=EDGE_CURVE('',#832,#833,#673,.T.);
#552=EDGE_CURVE('',#834,#827,#674,.T.);
#553=EDGE_CURVE('',#835,#836,#675,.T.);
#554=EDGE_CURVE('',#836,#837,#751,.T.);
#555=EDGE_CURVE('',#837,#838,#676,.T.);
#556=EDGE_CURVE('',#838,#839,#677,.T.);
#557=EDGE_CURVE('',#839,#840,#678,.T.);
#558=EDGE_CURVE('',#840,#841,#752,.T.);
#559=EDGE_CURVE('',#841,#842,#679,.T.);
#560=EDGE_CURVE('',#842,#835,#680,.T.);
#561=EDGE_CURVE('',#836,#804,#681,.T.);
#562=EDGE_CURVE('',#835,#803,#682,.T.);
#563=EDGE_CURVE('',#837,#805,#683,.T.);
#564=EDGE_CURVE('',#838,#806,#684,.T.);
#565=EDGE_CURVE('',#839,#807,#685,.T.);
#566=EDGE_CURVE('',#840,#808,#686,.T.);
#567=EDGE_CURVE('',#841,#809,#687,.T.);
#568=EDGE_CURVE('',#842,#810,#688,.T.);
#569=EDGE_CURVE('',#851,#852,#689,.T.);
#570=EDGE_CURVE('',#852,#843,#690,.T.);
#571=EDGE_CURVE('',#844,#843,#691,.T.);
#572=EDGE_CURVE('',#851,#844,#692,.T.);
#573=EDGE_CURVE('',#853,#845,#693,.T.);
#574=EDGE_CURVE('',#843,#845,#694,.T.);
#575=EDGE_CURVE('',#853,#880,#695,.T.);
#576=EDGE_CURVE('',#845,#849,#696,.T.);
#577=EDGE_CURVE('',#854,#846,#697,.T.);
#578=EDGE_CURVE('',#850,#846,#698,.T.);
#579=EDGE_CURVE('',#855,#847,#699,.T.);
#580=EDGE_CURVE('',#846,#847,#700,.T.);
#581=EDGE_CURVE('',#855,#856,#701,.T.);
#582=EDGE_CURVE('',#856,#848,#702,.T.);
#583=EDGE_CURVE('',#847,#848,#703,.T.);
#584=EDGE_CURVE('',#848,#844,#704,.T.);
#585=EDGE_CURVE('',#852,#853,#705,.T.);
#586=EDGE_CURVE('',#854,#855,#706,.T.);
#587=EDGE_CURVE('',#856,#851,#707,.T.);
#588=EDGE_CURVE('',#857,#858,#708,.T.);
#589=EDGE_CURVE('',#858,#859,#753,.T.);
#590=EDGE_CURVE('',#859,#860,#709,.T.);
#591=EDGE_CURVE('',#860,#861,#710,.T.);
#592=EDGE_CURVE('',#861,#862,#711,.T.);
#593=EDGE_CURVE('',#862,#863,#754,.T.);
#594=EDGE_CURVE('',#863,#864,#712,.T.);
#595=EDGE_CURVE('',#864,#857,#713,.T.);
#596=EDGE_CURVE('',#858,#812,#714,.T.);
#597=EDGE_CURVE('',#857,#811,#715,.T.);
#598=EDGE_CURVE('',#859,#813,#716,.T.);
#599=EDGE_CURVE('',#860,#814,#717,.T.);
#600=EDGE_CURVE('',#861,#815,#718,.T.);
#601=EDGE_CURVE('',#862,#816,#719,.T.);
#602=EDGE_CURVE('',#863,#817,#720,.T.);
#603=EDGE_CURVE('',#864,#818,#721,.T.);
#604=EDGE_CURVE('',#865,#789,#755,.T.);
#605=EDGE_CURVE('',#866,#790,#756,.T.);
#606=EDGE_CURVE('',#867,#872,#757,.T.);
#607=EDGE_CURVE('',#866,#865,#758,.T.);
#608=EDGE_CURVE('',#868,#867,#759,.T.);
#609=EDGE_CURVE('',#868,#866,#760,.T.);
#610=EDGE_CURVE('',#865,#867,#761,.T.);
#611=EDGE_CURVE('',#869,#874,#762,.T.);
#612=EDGE_CURVE('',#870,#873,#763,.T.);
#613=EDGE_CURVE('',#871,#868,#764,.T.);
#614=EDGE_CURVE('',#869,#870,#765,.T.);
#615=EDGE_CURVE('',#872,#871,#766,.T.);
#616=EDGE_CURVE('',#872,#869,#767,.T.);
#617=EDGE_CURVE('',#870,#871,#768,.T.);
#618=EDGE_CURVE('',#873,#849,#769,.T.);
#619=EDGE_CURVE('',#850,#874,#770,.T.);
#620=EDGE_CURVE('',#874,#881,#771,.T.);
#621=EDGE_CURVE('',#850,#884,#772,.T.);
#622=EDGE_CURVE('',#849,#850,#773,.T.);
#623=EDGE_CURVE('',#875,#876,#774,.T.);
#624=EDGE_CURVE('',#877,#878,#775,.T.);
#625=EDGE_CURVE('',#875,#877,#776,.T.);
#626=EDGE_CURVE('',#878,#876,#777,.T.);
#627=EDGE_CURVE('',#882,#873,#778,.T.);
#628=EDGE_CURVE('',#883,#849,#779,.T.);
#629=EDGE_CURVE('',#885,#802,#780,.T.);
#630=EDGE_CURVE('',#886,#854,#722,.T.);
#631=EDGE_CURVE('',#880,#885,#781,.T.);
#632=EDGE_CURVE('',#879,#886,#782,.T.);
#633=EDGE_CURVE('',#885,#882,#783,.T.);
#634=EDGE_CURVE('',#883,#882,#784,.T.);
#635=EDGE_CURVE('',#880,#883,#785,.T.);
#636=EDGE_CURVE('',#881,#879,#786,.T.);
#637=EDGE_CURVE('',#884,#886,#787,.T.);
#638=EDGE_CURVE('',#881,#884,#788,.T.);
#639=(
BOUNDED_CURVE()
B_SPLINE_CURVE(2,(#1457,#1458,#1459),.UNSPECIFIED.,.F.,.F.)
B_SPLINE_CURVE_WITH_KNOTS((3,3),(-14.0102318204136,-11.6206216020135),
 .UNSPECIFIED.)
CURVE()
GEOMETRIC_REPRESENTATION_ITEM()
RATIONAL_B_SPLINE_CURVE((1.,0.707106781186541,1.))
REPRESENTATION_ITEM('')
);
#640=(
BOUNDED_CURVE()
B_SPLINE_CURVE(2,(#1462,#1463,#1464),.UNSPECIFIED.,.F.,.F.)
B_SPLINE_CURVE_WITH_KNOTS((3,3),(-9.65217990203662,-7.26256968363643),
 .UNSPECIFIED.)
CURVE()
GEOMETRIC_REPRESENTATION_ITEM()
RATIONAL_B_SPLINE_CURVE((1.,0.707106781186554,1.))
REPRESENTATION_ITEM('')
);
#641=(
BOUNDED_CURVE()
B_SPLINE_CURVE(2,(#1465,#1466,#1467),.UNSPECIFIED.,.F.,.F.)
B_SPLINE_CURVE_WITH_KNOTS((3,3),(-7.26256968363643,-7.0051159102068),
 .UNSPECIFIED.)
CURVE()
GEOMETRIC_REPRESENTATION_ITEM()
RATIONAL_B_SPLINE_CURVE((1.,1.,1.))
REPRESENTATION_ITEM('')
);
#642=(
BOUNDED_CURVE()
B_SPLINE_CURVE(2,(#1468,#1469,#1470),.UNSPECIFIED.,.F.,.F.)
B_SPLINE_CURVE_WITH_KNOTS((3,3),(-7.0051159102068,-4.61550569180665),
 .UNSPECIFIED.)
CURVE()
GEOMETRIC_REPRESENTATION_ITEM()
RATIONAL_B_SPLINE_CURVE((1.,0.707106781186541,1.))
REPRESENTATION_ITEM('')
);
#643=(
BOUNDED_CURVE()
B_SPLINE_CURVE(2,(#1473,#1474,#1475),.UNSPECIFIED.,.F.,.F.)
B_SPLINE_CURVE_WITH_KNOTS((3,3),(-2.64706399182982,-0.257453773429631),
 .UNSPECIFIED.)
CURVE()
GEOMETRIC_REPRESENTATION_ITEM()
RATIONAL_B_SPLINE_CURVE((1.,0.707106781186554,1.))
REPRESENTATION_ITEM('')
);
#644=(
BOUNDED_CURVE()
B_SPLINE_CURVE(2,(#1476,#1477,#1478),.UNSPECIFIED.,.F.,.F.)
B_SPLINE_CURVE_WITH_KNOTS((3,3),(-0.257453773429631,0.),.UNSPECIFIED.)
CURVE()
GEOMETRIC_REPRESENTATION_ITEM()
RATIONAL_B_SPLINE_CURVE((1.,1.,1.))
REPRESENTATION_ITEM('')
);
#645=(
BOUNDED_CURVE()
B_SPLINE_CURVE(2,(#1479,#1480,#1481),.UNSPECIFIED.,.F.,.F.)
B_SPLINE_CURVE_WITH_KNOTS((3,3),(-14.0102318204136,-11.6206216020135),
 .UNSPECIFIED.)
CURVE()
GEOMETRIC_REPRESENTATION_ITEM()
RATIONAL_B_SPLINE_CURVE((1.,0.707106781186541,1.))
REPRESENTATION_ITEM('')
);
#646=(
BOUNDED_CURVE()
B_SPLINE_CURVE(2,(#1484,#1485,#1486),.UNSPECIFIED.,.F.,.F.)
B_SPLINE_CURVE_WITH_KNOTS((3,3),(-9.65217990203662,-7.26256968363643),
 .UNSPECIFIED.)
CURVE()
GEOMETRIC_REPRESENTATION_ITEM()
RATIONAL_B_SPLINE_CURVE((1.,0.707106781186554,1.))
REPRESENTATION_ITEM('')
);
#647=(
BOUNDED_CURVE()
B_SPLINE_CURVE(2,(#1487,#1488,#1489),.UNSPECIFIED.,.F.,.F.)
B_SPLINE_CURVE_WITH_KNOTS((3,3),(-7.26256968363643,-7.0051159102068),
 .UNSPECIFIED.)
CURVE()
GEOMETRIC_REPRESENTATION_ITEM()
RATIONAL_B_SPLINE_CURVE((1.,1.,1.))
REPRESENTATION_ITEM('')
);
#648=(
BOUNDED_CURVE()
B_SPLINE_CURVE(2,(#1490,#1491,#1492),.UNSPECIFIED.,.F.,.F.)
B_SPLINE_CURVE_WITH_KNOTS((3,3),(-7.0051159102068,-4.61550569180665),
 .UNSPECIFIED.)
CURVE()
GEOMETRIC_REPRESENTATION_ITEM()
RATIONAL_B_SPLINE_CURVE((1.,0.707106781186541,1.))
REPRESENTATION_ITEM('')
);
#649=(
BOUNDED_CURVE()
B_SPLINE_CURVE(2,(#1495,#1496,#1497),.UNSPECIFIED.,.F.,.F.)
B_SPLINE_CURVE_WITH_KNOTS((3,3),(-2.64706399182982,-0.257453773429631),
 .UNSPECIFIED.)
CURVE()
GEOMETRIC_REPRESENTATION_ITEM()
RATIONAL_B_SPLINE_CURVE((1.,0.707106781186554,1.))
REPRESENTATION_ITEM('')
);
#650=(
BOUNDED_CURVE()
B_SPLINE_CURVE(2,(#1498,#1499,#1500),.UNSPECIFIED.,.F.,.F.)
B_SPLINE_CURVE_WITH_KNOTS((3,3),(-0.257453773429631,0.),.UNSPECIFIED.)
CURVE()
GEOMETRIC_REPRESENTATION_ITEM()
RATIONAL_B_SPLINE_CURVE((1.,1.,1.))
REPRESENTATION_ITEM('')
);
#651=(
BOUNDED_CURVE()
B_SPLINE_CURVE(2,(#1501,#1502,#1503),.UNSPECIFIED.,.F.,.F.)
B_SPLINE_CURVE_WITH_KNOTS((3,3),(-14.0102318204136,-11.6206216020135),
 .UNSPECIFIED.)
CURVE()
GEOMETRIC_REPRESENTATION_ITEM()
RATIONAL_B_SPLINE_CURVE((1.,0.707106781186541,1.))
REPRESENTATION_ITEM('')
);
#652=(
BOUNDED_CURVE()
B_SPLINE_CURVE(1,(#1504,#1505),.UNSPECIFIED.,.F.,.F.)
B_SPLINE_CURVE_WITH_KNOTS((2,2),(0.,2.),.UNSPECIFIED.)
CURVE()
GEOMETRIC_REPRESENTATION_ITEM()
RATIONAL_B_SPLINE_CURVE((1.,1.))
REPRESENTATION_ITEM('')
);
#653=(
BOUNDED_CURVE()
B_SPLINE_CURVE(2,(#1506,#1507,#1508),.UNSPECIFIED.,.F.,.F.)
B_SPLINE_CURVE_WITH_KNOTS((3,3),(-14.0102318204136,-11.6206216020135),
 .UNSPECIFIED.)
CURVE()
GEOMETRIC_REPRESENTATION_ITEM()
RATIONAL_B_SPLINE_CURVE((1.,0.707106781186541,1.))
REPRESENTATION_ITEM('')
);
#654=(
BOUNDED_CURVE()
B_SPLINE_CURVE(1,(#1509,#1510),.UNSPECIFIED.,.F.,.F.)
B_SPLINE_CURVE_WITH_KNOTS((2,2),(0.,2.),.UNSPECIFIED.)
CURVE()
GEOMETRIC_REPRESENTATION_ITEM()
RATIONAL_B_SPLINE_CURVE((1.,1.))
REPRESENTATION_ITEM('')
);
#655=(
BOUNDED_CURVE()
B_SPLINE_CURVE(1,(#1511,#1512),.UNSPECIFIED.,.F.,.F.)
B_SPLINE_CURVE_WITH_KNOTS((2,2),(0.,2.),.UNSPECIFIED.)
CURVE()
GEOMETRIC_REPRESENTATION_ITEM()
RATIONAL_B_SPLINE_CURVE((1.,1.))
REPRESENTATION_ITEM('')
);
#656=(
BOUNDED_CURVE()
B_SPLINE_CURVE(2,(#1513,#1514,#1515),.UNSPECIFIED.,.F.,.F.)
B_SPLINE_CURVE_WITH_KNOTS((3,3),(-11.6206216020135,-9.65217990203662),
 .UNSPECIFIED.)
CURVE()
GEOMETRIC_REPRESENTATION_ITEM()
RATIONAL_B_SPLINE_CURVE((1.,1.,1.))
REPRESENTATION_ITEM('')
);
#657=(
BOUNDED_CURVE()
B_SPLINE_CURVE(2,(#1516,#1517,#1518),.UNSPECIFIED.,.F.,.F.)
B_SPLINE_CURVE_WITH_KNOTS((3,3),(-9.65217990203662,-7.26256968363643),
 .UNSPECIFIED.)
CURVE()
GEOMETRIC_REPRESENTATION_ITEM()
RATIONAL_B_SPLINE_CURVE((1.,0.707106781186554,1.))
REPRESENTATION_ITEM('')
);
#658=(
BOUNDED_CURVE()
B_SPLINE_CURVE(1,(#1519,#1520),.UNSPECIFIED.,.F.,.F.)
B_SPLINE_CURVE_WITH_KNOTS((2,2),(0.,2.),.UNSPECIFIED.)
CURVE()
GEOMETRIC_REPRESENTATION_ITEM()
RATIONAL_B_SPLINE_CURVE((1.,1.))
REPRESENTATION_ITEM('')
);
#659=(
BOUNDED_CURVE()
B_SPLINE_CURVE(2,(#1521,#1522,#1523),.UNSPECIFIED.,.F.,.F.)
B_SPLINE_CURVE_WITH_KNOTS((3,3),(-9.65217990203662,-7.26256968363643),
 .UNSPECIFIED.)
CURVE()
GEOMETRIC_REPRESENTATION_ITEM()
RATIONAL_B_SPLINE_CURVE((1.,0.707106781186554,1.))
REPRESENTATION_ITEM('')
);
#660=(
BOUNDED_CURVE()
B_SPLINE_CURVE(1,(#1524,#1525),.UNSPECIFIED.,.F.,.F.)
B_SPLINE_CURVE_WITH_KNOTS((2,2),(0.,2.),.UNSPECIFIED.)
CURVE()
GEOMETRIC_REPRESENTATION_ITEM()
RATIONAL_B_SPLINE_CURVE((1.,1.))
REPRESENTATION_ITEM('')
);
#661=(
BOUNDED_CURVE()
B_SPLINE_CURVE(2,(#1526,#1527,#1528),.UNSPECIFIED.,.F.,.F.)
B_SPLINE_CURVE_WITH_KNOTS((3,3),(-7.26256968363643,-7.0051159102068),
 .UNSPECIFIED.)
CURVE()
GEOMETRIC_REPRESENTATION_ITEM()
RATIONAL_B_SPLINE_CURVE((1.,1.,1.))
REPRESENTATION_ITEM('')
);
#662=(
BOUNDED_CURVE()
B_SPLINE_CURVE(2,(#1529,#1530,#1531),.UNSPECIFIED.,.F.,.F.)
B_SPLINE_CURVE_WITH_KNOTS((3,3),(-7.0051159102068,-4.61550569180665),
 .UNSPECIFIED.)
CURVE()
GEOMETRIC_REPRESENTATION_ITEM()
RATIONAL_B_SPLINE_CURVE((1.,0.707106781186541,1.))
REPRESENTATION_ITEM('')
);
#663=(
BOUNDED_CURVE()
B_SPLINE_CURVE(1,(#1532,#1533),.UNSPECIFIED.,.F.,.F.)
B_SPLINE_CURVE_WITH_KNOTS((2,2),(0.,2.),.UNSPECIFIED.)
CURVE()
GEOMETRIC_REPRESENTATION_ITEM()
RATIONAL_B_SPLINE_CURVE((1.,1.))
REPRESENTATION_ITEM('')
);
#664=(
BOUNDED_CURVE()
B_SPLINE_CURVE(2,(#1534,#1535,#1536),.UNSPECIFIED.,.F.,.F.)
B_SPLINE_CURVE_WITH_KNOTS((3,3),(-7.0051159102068,-4.61550569180665),
 .UNSPECIFIED.)
CURVE()
GEOMETRIC_REPRESENTATION_ITEM()
RATIONAL_B_SPLINE_CURVE((1.,0.707106781186541,1.))
REPRESENTATION_ITEM('')
);
#665=(
BOUNDED_CURVE()
B_SPLINE_CURVE(1,(#1537,#1538),.UNSPECIFIED.,.F.,.F.)
B_SPLINE_CURVE_WITH_KNOTS((2,2),(0.,2.),.UNSPECIFIED.)
CURVE()
GEOMETRIC_REPRESENTATION_ITEM()
RATIONAL_B_SPLINE_CURVE((1.,1.))
REPRESENTATION_ITEM('')
);
#666=(
BOUNDED_CURVE()
B_SPLINE_CURVE(2,(#1539,#1540,#1541),.UNSPECIFIED.,.F.,.F.)
B_SPLINE_CURVE_WITH_KNOTS((3,3),(-4.61550569180665,-2.64706399182982),
 .UNSPECIFIED.)
CURVE()
GEOMETRIC_REPRESENTATION_ITEM()
RATIONAL_B_SPLINE_CURVE((1.,1.,1.))
REPRESENTATION_ITEM('')
);
#667=(
BOUNDED_CURVE()
B_SPLINE_CURVE(2,(#1542,#1543,#1544),.UNSPECIFIED.,.F.,.F.)
B_SPLINE_CURVE_WITH_KNOTS((3,3),(-2.64706399182982,-0.257453773429631),
 .UNSPECIFIED.)
CURVE()
GEOMETRIC_REPRESENTATION_ITEM()
RATIONAL_B_SPLINE_CURVE((1.,0.707106781186554,1.))
REPRESENTATION_ITEM('')
);
#668=(
BOUNDED_CURVE()
B_SPLINE_CURVE(1,(#1545,#1546),.UNSPECIFIED.,.F.,.F.)
B_SPLINE_CURVE_WITH_KNOTS((2,2),(0.,2.),.UNSPECIFIED.)
CURVE()
GEOMETRIC_REPRESENTATION_ITEM()
RATIONAL_B_SPLINE_CURVE((1.,1.))
REPRESENTATION_ITEM('')
);
#669=(
BOUNDED_CURVE()
B_SPLINE_CURVE(2,(#1547,#1548,#1549),.UNSPECIFIED.,.F.,.F.)
B_SPLINE_CURVE_WITH_KNOTS((3,3),(-2.64706399182982,-0.257453773429631),
 .UNSPECIFIED.)
CURVE()
GEOMETRIC_REPRESENTATION_ITEM()
RATIONAL_B_SPLINE_CURVE((1.,0.707106781186554,1.))
REPRESENTATION_ITEM('')
);
#670=(
BOUNDED_CURVE()
B_SPLINE_CURVE(2,(#1550,#1551,#1552),.UNSPECIFIED.,.F.,.F.)
B_SPLINE_CURVE_WITH_KNOTS((3,3),(-0.257453773429631,0.),.UNSPECIFIED.)
CURVE()
GEOMETRIC_REPRESENTATION_ITEM()
RATIONAL_B_SPLINE_CURVE((1.,1.,1.))
REPRESENTATION_ITEM('')
);
#671=(
BOUNDED_CURVE()
B_SPLINE_CURVE(2,(#1553,#1554,#1555),.UNSPECIFIED.,.F.,.F.)
B_SPLINE_CURVE_WITH_KNOTS((3,3),(-11.6206216020135,-9.65217990203662),
 .UNSPECIFIED.)
CURVE()
GEOMETRIC_REPRESENTATION_ITEM()
RATIONAL_B_SPLINE_CURVE((1.,1.,1.))
REPRESENTATION_ITEM('')
);
#672=(
BOUNDED_CURVE()
B_SPLINE_CURVE(2,(#1556,#1557,#1558),.UNSPECIFIED.,.F.,.F.)
B_SPLINE_CURVE_WITH_KNOTS((3,3),(-7.26256968363643,-7.0051159102068),
 .UNSPECIFIED.)
CURVE()
GEOMETRIC_REPRESENTATION_ITEM()
RATIONAL_B_SPLINE_CURVE((1.,1.,1.))
REPRESENTATION_ITEM('')
);
#673=(
BOUNDED_CURVE()
B_SPLINE_CURVE(2,(#1559,#1560,#1561),.UNSPECIFIED.,.F.,.F.)
B_SPLINE_CURVE_WITH_KNOTS((3,3),(-4.61550569180665,-2.64706399182982),
 .UNSPECIFIED.)
CURVE()
GEOMETRIC_REPRESENTATION_ITEM()
RATIONAL_B_SPLINE_CURVE((1.,1.,1.))
REPRESENTATION_ITEM('')
);
#674=(
BOUNDED_CURVE()
B_SPLINE_CURVE(2,(#1562,#1563,#1564),.UNSPECIFIED.,.F.,.F.)
B_SPLINE_CURVE_WITH_KNOTS((3,3),(-0.257453773429631,0.),.UNSPECIFIED.)
CURVE()
GEOMETRIC_REPRESENTATION_ITEM()
RATIONAL_B_SPLINE_CURVE((1.,1.,1.))
REPRESENTATION_ITEM('')
);
#675=(
BOUNDED_CURVE()
B_SPLINE_CURVE(2,(#1565,#1566,#1567),.UNSPECIFIED.,.F.,.F.)
B_SPLINE_CURVE_WITH_KNOTS((3,3),(-14.0102318204136,-11.6206216020135),
 .UNSPECIFIED.)
CURVE()
GEOMETRIC_REPRESENTATION_ITEM()
RATIONAL_B_SPLINE_CURVE((1.,0.707106781186541,1.))
REPRESENTATION_ITEM('')
);
#676=(
BOUNDED_CURVE()
B_SPLINE_CURVE(2,(#1570,#1571,#1572),.UNSPECIFIED.,.F.,.F.)
B_SPLINE_CURVE_WITH_KNOTS((3,3),(-9.65217990203662,-7.26256968363643),
 .UNSPECIFIED.)
CURVE()
GEOMETRIC_REPRESENTATION_ITEM()
RATIONAL_B_SPLINE_CURVE((1.,0.707106781186554,1.))
REPRESENTATION_ITEM('')
);
#677=(
BOUNDED_CURVE()
B_SPLINE_CURVE(2,(#1573,#1574,#1575),.UNSPECIFIED.,.F.,.F.)
B_SPLINE_CURVE_WITH_KNOTS((3,3),(-7.26256968363643,-7.0051159102068),
 .UNSPECIFIED.)
CURVE()
GEOMETRIC_REPRESENTATION_ITEM()
RATIONAL_B_SPLINE_CURVE((1.,1.,1.))
REPRESENTATION_ITEM('')
);
#678=(
BOUNDED_CURVE()
B_SPLINE_CURVE(2,(#1576,#1577,#1578),.UNSPECIFIED.,.F.,.F.)
B_SPLINE_CURVE_WITH_KNOTS((3,3),(-7.0051159102068,-4.61550569180665),
 .UNSPECIFIED.)
CURVE()
GEOMETRIC_REPRESENTATION_ITEM()
RATIONAL_B_SPLINE_CURVE((1.,0.707106781186541,1.))
REPRESENTATION_ITEM('')
);
#679=(
BOUNDED_CURVE()
B_SPLINE_CURVE(2,(#1581,#1582,#1583),.UNSPECIFIED.,.F.,.F.)
B_SPLINE_CURVE_WITH_KNOTS((3,3),(-2.64706399182982,-0.257453773429631),
 .UNSPECIFIED.)
CURVE()
GEOMETRIC_REPRESENTATION_ITEM()
RATIONAL_B_SPLINE_CURVE((1.,0.707106781186554,1.))
REPRESENTATION_ITEM('')
);
#680=(
BOUNDED_CURVE()
B_SPLINE_CURVE(2,(#1584,#1585,#1586),.UNSPECIFIED.,.F.,.F.)
B_SPLINE_CURVE_WITH_KNOTS((3,3),(-0.257453773429631,0.),.UNSPECIFIED.)
CURVE()
GEOMETRIC_REPRESENTATION_ITEM()
RATIONAL_B_SPLINE_CURVE((1.,1.,1.))
REPRESENTATION_ITEM('')
);
#681=(
BOUNDED_CURVE()
B_SPLINE_CURVE(1,(#1587,#1588),.UNSPECIFIED.,.F.,.F.)
B_SPLINE_CURVE_WITH_KNOTS((2,2),(2.,6.99999999999999),.UNSPECIFIED.)
CURVE()
GEOMETRIC_REPRESENTATION_ITEM()
RATIONAL_B_SPLINE_CURVE((1.,1.))
REPRESENTATION_ITEM('')
);
#682=(
BOUNDED_CURVE()
B_SPLINE_CURVE(1,(#1589,#1590),.UNSPECIFIED.,.F.,.F.)
B_SPLINE_CURVE_WITH_KNOTS((2,2),(2.,6.99999999999999),.UNSPECIFIED.)
CURVE()
GEOMETRIC_REPRESENTATION_ITEM()
RATIONAL_B_SPLINE_CURVE((1.,1.))
REPRESENTATION_ITEM('')
);
#683=(
BOUNDED_CURVE()
B_SPLINE_CURVE(1,(#1591,#1592),.UNSPECIFIED.,.F.,.F.)
B_SPLINE_CURVE_WITH_KNOTS((2,2),(2.,6.99999999999999),.UNSPECIFIED.)
CURVE()
GEOMETRIC_REPRESENTATION_ITEM()
RATIONAL_B_SPLINE_CURVE((1.,1.))
REPRESENTATION_ITEM('')
);
#684=(
BOUNDED_CURVE()
B_SPLINE_CURVE(1,(#1593,#1594),.UNSPECIFIED.,.F.,.F.)
B_SPLINE_CURVE_WITH_KNOTS((2,2),(2.,7.),.UNSPECIFIED.)
CURVE()
GEOMETRIC_REPRESENTATION_ITEM()
RATIONAL_B_SPLINE_CURVE((1.,1.))
REPRESENTATION_ITEM('')
);
#685=(
BOUNDED_CURVE()
B_SPLINE_CURVE(1,(#1595,#1596),.UNSPECIFIED.,.F.,.F.)
B_SPLINE_CURVE_WITH_KNOTS((2,2),(2.,7.),.UNSPECIFIED.)
CURVE()
GEOMETRIC_REPRESENTATION_ITEM()
RATIONAL_B_SPLINE_CURVE((1.,1.))
REPRESENTATION_ITEM('')
);
#686=(
BOUNDED_CURVE()
B_SPLINE_CURVE(1,(#1597,#1598),.UNSPECIFIED.,.F.,.F.)
B_SPLINE_CURVE_WITH_KNOTS((2,2),(2.,7.),.UNSPECIFIED.)
CURVE()
GEOMETRIC_REPRESENTATION_ITEM()
RATIONAL_B_SPLINE_CURVE((1.,1.))
REPRESENTATION_ITEM('')
);
#687=(
BOUNDED_CURVE()
B_SPLINE_CURVE(1,(#1599,#1600),.UNSPECIFIED.,.F.,.F.)
B_SPLINE_CURVE_WITH_KNOTS((2,2),(2.,7.),.UNSPECIFIED.)
CURVE()
GEOMETRIC_REPRESENTATION_ITEM()
RATIONAL_B_SPLINE_CURVE((1.,1.))
REPRESENTATION_ITEM('')
);
#688=(
BOUNDED_CURVE()
B_SPLINE_CURVE(1,(#1601,#1602),.UNSPECIFIED.,.F.,.F.)
B_SPLINE_CURVE_WITH_KNOTS((2,2),(2.,7.),.UNSPECIFIED.)
CURVE()
GEOMETRIC_REPRESENTATION_ITEM()
RATIONAL_B_SPLINE_CURVE((1.,1.))
REPRESENTATION_ITEM('')
);
#689=(
BOUNDED_CURVE()
B_SPLINE_CURVE(2,(#1603,#1604,#1605),.UNSPECIFIED.,.F.,.F.)
B_SPLINE_CURVE_WITH_KNOTS((3,3),(-14.0102318204136,-11.6206216020135),
 .UNSPECIFIED.)
CURVE()
GEOMETRIC_REPRESENTATION_ITEM()
RATIONAL_B_SPLINE_CURVE((1.,0.707106781186541,1.))
REPRESENTATION_ITEM('')
);
#690=(
BOUNDED_CURVE()
B_SPLINE_CURVE(1,(#1606,#1607),.UNSPECIFIED.,.F.,.F.)
B_SPLINE_CURVE_WITH_KNOTS((2,2),(0.,2.),.UNSPECIFIED.)
CURVE()
GEOMETRIC_REPRESENTATION_ITEM()
RATIONAL_B_SPLINE_CURVE((1.,1.))
REPRESENTATION_ITEM('')
);
#691=(
BOUNDED_CURVE()
B_SPLINE_CURVE(2,(#1608,#1609,#1610),.UNSPECIFIED.,.F.,.F.)
B_SPLINE_CURVE_WITH_KNOTS((3,3),(-14.0102318204136,-11.6206216020135),
 .UNSPECIFIED.)
CURVE()
GEOMETRIC_REPRESENTATION_ITEM()
RATIONAL_B_SPLINE_CURVE((1.,0.707106781186541,1.))
REPRESENTATION_ITEM('')
);
#692=(
BOUNDED_CURVE()
B_SPLINE_CURVE(1,(#1611,#1612),.UNSPECIFIED.,.F.,.F.)
B_SPLINE_CURVE_WITH_KNOTS((2,2),(0.,2.),.UNSPECIFIED.)
CURVE()
GEOMETRIC_REPRESENTATION_ITEM()
RATIONAL_B_SPLINE_CURVE((1.,1.))
REPRESENTATION_ITEM('')
);
#693=(
BOUNDED_CURVE()
B_SPLINE_CURVE(1,(#1613,#1614),.UNSPECIFIED.,.F.,.F.)
B_SPLINE_CURVE_WITH_KNOTS((2,2),(0.,2.),.UNSPECIFIED.)
CURVE()
GEOMETRIC_REPRESENTATION_ITEM()
RATIONAL_B_SPLINE_CURVE((1.,1.))
REPRESENTATION_ITEM('')
);
#694=(
BOUNDED_CURVE()
B_SPLINE_CURVE(2,(#1615,#1616,#1617),.UNSPECIFIED.,.F.,.F.)
B_SPLINE_CURVE_WITH_KNOTS((3,3),(-11.6206216020135,-9.65217990203662),
 .UNSPECIFIED.)
CURVE()
GEOMETRIC_REPRESENTATION_ITEM()
RATIONAL_B_SPLINE_CURVE((1.,1.,1.))
REPRESENTATION_ITEM('')
);
#695=(
BOUNDED_CURVE()
B_SPLINE_CURVE(2,(#1618,#1619,#1620),.UNSPECIFIED.,.F.,.F.)
B_SPLINE_CURVE_WITH_KNOTS((3,3),(-9.65217990203662,-9.61503495836788),
 .UNSPECIFIED.)
CURVE()
GEOMETRIC_REPRESENTATION_ITEM()
RATIONAL_B_SPLINE_CURVE((1.,0.999939045026672,1.))
REPRESENTATION_ITEM('')
);
#696=(
BOUNDED_CURVE()
B_SPLINE_CURVE(2,(#1621,#1622,#1623),.UNSPECIFIED.,.F.,.F.)
B_SPLINE_CURVE_WITH_KNOTS((3,3),(-9.65217990203662,-7.26256968363643),
 .UNSPECIFIED.)
CURVE()
GEOMETRIC_REPRESENTATION_ITEM()
RATIONAL_B_SPLINE_CURVE((1.,0.707106781186554,1.))
REPRESENTATION_ITEM('')
);
#697=(
BOUNDED_CURVE()
B_SPLINE_CURVE(1,(#1624,#1625),.UNSPECIFIED.,.F.,.F.)
B_SPLINE_CURVE_WITH_KNOTS((2,2),(0.,2.),.UNSPECIFIED.)
CURVE()
GEOMETRIC_REPRESENTATION_ITEM()
RATIONAL_B_SPLINE_CURVE((1.,1.))
REPRESENTATION_ITEM('')
);
#698=(
BOUNDED_CURVE()
B_SPLINE_CURVE(2,(#1626,#1627,#1628),.UNSPECIFIED.,.F.,.F.)
B_SPLINE_CURVE_WITH_KNOTS((3,3),(-7.0051159102068,-4.61550569180665),
 .UNSPECIFIED.)
CURVE()
GEOMETRIC_REPRESENTATION_ITEM()
RATIONAL_B_SPLINE_CURVE((1.,0.707106781186541,1.))
REPRESENTATION_ITEM('')
);
#699=(
BOUNDED_CURVE()
B_SPLINE_CURVE(1,(#1629,#1630),.UNSPECIFIED.,.F.,.F.)
B_SPLINE_CURVE_WITH_KNOTS((2,2),(0.,2.),.UNSPECIFIED.)
CURVE()
GEOMETRIC_REPRESENTATION_ITEM()
RATIONAL_B_SPLINE_CURVE((1.,1.))
REPRESENTATION_ITEM('')
);
#700=(
BOUNDED_CURVE()
B_SPLINE_CURVE(2,(#1631,#1632,#1633),.UNSPECIFIED.,.F.,.F.)
B_SPLINE_CURVE_WITH_KNOTS((3,3),(-4.61550569180665,-2.64706399182982),
 .UNSPECIFIED.)
CURVE()
GEOMETRIC_REPRESENTATION_ITEM()
RATIONAL_B_SPLINE_CURVE((1.,1.,1.))
REPRESENTATION_ITEM('')
);
#701=(
BOUNDED_CURVE()
B_SPLINE_CURVE(2,(#1634,#1635,#1636),.UNSPECIFIED.,.F.,.F.)
B_SPLINE_CURVE_WITH_KNOTS((3,3),(-2.64706399182982,-0.257453773429631),
 .UNSPECIFIED.)
CURVE()
GEOMETRIC_REPRESENTATION_ITEM()
RATIONAL_B_SPLINE_CURVE((1.,0.707106781186554,1.))
REPRESENTATION_ITEM('')
);
#702=(
BOUNDED_CURVE()
B_SPLINE_CURVE(1,(#1637,#1638),.UNSPECIFIED.,.F.,.F.)
B_SPLINE_CURVE_WITH_KNOTS((2,2),(0.,2.),.UNSPECIFIED.)
CURVE()
GEOMETRIC_REPRESENTATION_ITEM()
RATIONAL_B_SPLINE_CURVE((1.,1.))
REPRESENTATION_ITEM('')
);
#703=(
BOUNDED_CURVE()
B_SPLINE_CURVE(2,(#1639,#1640,#1641),.UNSPECIFIED.,.F.,.F.)
B_SPLINE_CURVE_WITH_KNOTS((3,3),(-2.64706399182982,-0.257453773429631),
 .UNSPECIFIED.)
CURVE()
GEOMETRIC_REPRESENTATION_ITEM()
RATIONAL_B_SPLINE_CURVE((1.,0.707106781186554,1.))
REPRESENTATION_ITEM('')
);
#704=(
BOUNDED_CURVE()
B_SPLINE_CURVE(2,(#1642,#1643,#1644),.UNSPECIFIED.,.F.,.F.)
B_SPLINE_CURVE_WITH_KNOTS((3,3),(-0.257453773429631,0.),.UNSPECIFIED.)
CURVE()
GEOMETRIC_REPRESENTATION_ITEM()
RATIONAL_B_SPLINE_CURVE((1.,1.,1.))
REPRESENTATION_ITEM('')
);
#705=(
BOUNDED_CURVE()
B_SPLINE_CURVE(2,(#1645,#1646,#1647),.UNSPECIFIED.,.F.,.F.)
B_SPLINE_CURVE_WITH_KNOTS((3,3),(-11.6206216020135,-9.65217990203662),
 .UNSPECIFIED.)
CURVE()
GEOMETRIC_REPRESENTATION_ITEM()
RATIONAL_B_SPLINE_CURVE((1.,1.,1.))
REPRESENTATION_ITEM('')
);
#706=(
BOUNDED_CURVE()
B_SPLINE_CURVE(2,(#1648,#1649,#1650),.UNSPECIFIED.,.F.,.F.)
B_SPLINE_CURVE_WITH_KNOTS((3,3),(-4.61550569180665,-2.64706399182982),
 .UNSPECIFIED.)
CURVE()
GEOMETRIC_REPRESENTATION_ITEM()
RATIONAL_B_SPLINE_CURVE((1.,1.,1.))
REPRESENTATION_ITEM('')
);
#707=(
BOUNDED_CURVE()
B_SPLINE_CURVE(2,(#1651,#1652,#1653),.UNSPECIFIED.,.F.,.F.)
B_SPLINE_CURVE_WITH_KNOTS((3,3),(-0.257453773429631,0.),.UNSPECIFIED.)
CURVE()
GEOMETRIC_REPRESENTATION_ITEM()
RATIONAL_B_SPLINE_CURVE((1.,1.,1.))
REPRESENTATION_ITEM('')
);
#708=(
BOUNDED_CURVE()
B_SPLINE_CURVE(2,(#1654,#1655,#1656),.UNSPECIFIED.,.F.,.F.)
B_SPLINE_CURVE_WITH_KNOTS((3,3),(-14.0102318204136,-11.6206216020135),
 .UNSPECIFIED.)
CURVE()
GEOMETRIC_REPRESENTATION_ITEM()
RATIONAL_B_SPLINE_CURVE((1.,0.707106781186541,1.))
REPRESENTATION_ITEM('')
);
#709=(
BOUNDED_CURVE()
B_SPLINE_CURVE(2,(#1659,#1660,#1661),.UNSPECIFIED.,.F.,.F.)
B_SPLINE_CURVE_WITH_KNOTS((3,3),(-9.65217990203662,-7.26256968363643),
 .UNSPECIFIED.)
CURVE()
GEOMETRIC_REPRESENTATION_ITEM()
RATIONAL_B_SPLINE_CURVE((1.,0.707106781186554,1.))
REPRESENTATION_ITEM('')
);
#710=(
BOUNDED_CURVE()
B_SPLINE_CURVE(2,(#1662,#1663,#1664),.UNSPECIFIED.,.F.,.F.)
B_SPLINE_CURVE_WITH_KNOTS((3,3),(-7.26256968363643,-7.0051159102068),
 .UNSPECIFIED.)
CURVE()
GEOMETRIC_REPRESENTATION_ITEM()
RATIONAL_B_SPLINE_CURVE((1.,1.,1.))
REPRESENTATION_ITEM('')
);
#711=(
BOUNDED_CURVE()
B_SPLINE_CURVE(2,(#1665,#1666,#1667),.UNSPECIFIED.,.F.,.F.)
B_SPLINE_CURVE_WITH_KNOTS((3,3),(-7.0051159102068,-4.61550569180665),
 .UNSPECIFIED.)
CURVE()
GEOMETRIC_REPRESENTATION_ITEM()
RATIONAL_B_SPLINE_CURVE((1.,0.707106781186541,1.))
REPRESENTATION_ITEM('')
);
#712=(
BOUNDED_CURVE()
B_SPLINE_CURVE(2,(#1670,#1671,#1672),.UNSPECIFIED.,.F.,.F.)
B_SPLINE_CURVE_WITH_KNOTS((3,3),(-2.64706399182982,-0.257453773429631),
 .UNSPECIFIED.)
CURVE()
GEOMETRIC_REPRESENTATION_ITEM()
RATIONAL_B_SPLINE_CURVE((1.,0.707106781186554,1.))
REPRESENTATION_ITEM('')
);
#713=(
BOUNDED_CURVE()
B_SPLINE_CURVE(2,(#1673,#1674,#1675),.UNSPECIFIED.,.F.,.F.)
B_SPLINE_CURVE_WITH_KNOTS((3,3),(-0.257453773429631,0.),.UNSPECIFIED.)
CURVE()
GEOMETRIC_REPRESENTATION_ITEM()
RATIONAL_B_SPLINE_CURVE((1.,1.,1.))
REPRESENTATION_ITEM('')
);
#714=(
BOUNDED_CURVE()
B_SPLINE_CURVE(1,(#1676,#1677),.UNSPECIFIED.,.F.,.F.)
B_SPLINE_CURVE_WITH_KNOTS((2,2),(2.,7.),.UNSPECIFIED.)
CURVE()
GEOMETRIC_REPRESENTATION_ITEM()
RATIONAL_B_SPLINE_CURVE((1.,1.))
REPRESENTATION_ITEM('')
);
#715=(
BOUNDED_CURVE()
B_SPLINE_CURVE(1,(#1678,#1679),.UNSPECIFIED.,.F.,.F.)
B_SPLINE_CURVE_WITH_KNOTS((2,2),(2.,7.),.UNSPECIFIED.)
CURVE()
GEOMETRIC_REPRESENTATION_ITEM()
RATIONAL_B_SPLINE_CURVE((1.,1.))
REPRESENTATION_ITEM('')
);
#716=(
BOUNDED_CURVE()
B_SPLINE_CURVE(1,(#1680,#1681),.UNSPECIFIED.,.F.,.F.)
B_SPLINE_CURVE_WITH_KNOTS((2,2),(2.,7.),.UNSPECIFIED.)
CURVE()
GEOMETRIC_REPRESENTATION_ITEM()
RATIONAL_B_SPLINE_CURVE((1.,1.))
REPRESENTATION_ITEM('')
);
#717=(
BOUNDED_CURVE()
B_SPLINE_CURVE(1,(#1682,#1683),.UNSPECIFIED.,.F.,.F.)
B_SPLINE_CURVE_WITH_KNOTS((2,2),(2.,6.99999999999999),.UNSPECIFIED.)
CURVE()
GEOMETRIC_REPRESENTATION_ITEM()
RATIONAL_B_SPLINE_CURVE((1.,1.))
REPRESENTATION_ITEM('')
);
#718=(
BOUNDED_CURVE()
B_SPLINE_CURVE(1,(#1684,#1685),.UNSPECIFIED.,.F.,.F.)
B_SPLINE_CURVE_WITH_KNOTS((2,2),(2.,7.),.UNSPECIFIED.)
CURVE()
GEOMETRIC_REPRESENTATION_ITEM()
RATIONAL_B_SPLINE_CURVE((1.,1.))
REPRESENTATION_ITEM('')
);
#719=(
BOUNDED_CURVE()
B_SPLINE_CURVE(1,(#1686,#1687),.UNSPECIFIED.,.F.,.F.)
B_SPLINE_CURVE_WITH_KNOTS((2,2),(2.,6.99999999999999),.UNSPECIFIED.)
CURVE()
GEOMETRIC_REPRESENTATION_ITEM()
RATIONAL_B_SPLINE_CURVE((1.,1.))
REPRESENTATION_ITEM('')
);
#720=(
BOUNDED_CURVE()
B_SPLINE_CURVE(1,(#1688,#1689),.UNSPECIFIED.,.F.,.F.)
B_SPLINE_CURVE_WITH_KNOTS((2,2),(2.,7.),.UNSPECIFIED.)
CURVE()
GEOMETRIC_REPRESENTATION_ITEM()
RATIONAL_B_SPLINE_CURVE((1.,1.))
REPRESENTATION_ITEM('')
);
#721=(
BOUNDED_CURVE()
B_SPLINE_CURVE(1,(#1690,#1691),.UNSPECIFIED.,.F.,.F.)
B_SPLINE_CURVE_WITH_KNOTS((2,2),(2.,6.99999999999999),.UNSPECIFIED.)
CURVE()
GEOMETRIC_REPRESENTATION_ITEM()
RATIONAL_B_SPLINE_CURVE((1.,1.))
REPRESENTATION_ITEM('')
);
#722=(
BOUNDED_CURVE()
B_SPLINE_CURVE(2,(#1788,#1789,#1790),.UNSPECIFIED.,.F.,.F.)
B_SPLINE_CURVE_WITH_KNOTS((3,3),(-4.65265063547535,-4.61550569180665),
 .UNSPECIFIED.)
CURVE()
GEOMETRIC_REPRESENTATION_ITEM()
RATIONAL_B_SPLINE_CURVE((1.,0.999939045026672,1.))
REPRESENTATION_ITEM('')
);
#723=B_SPLINE_CURVE_WITH_KNOTS('',1,(#1401,#1402),.UNSPECIFIED.,.F.,.F.,
(2,2),(0.,8.00000000000003),.UNSPECIFIED.);
#724=B_SPLINE_CURVE_WITH_KNOTS('',1,(#1403,#1404),.UNSPECIFIED.,.F.,.F.,
(2,2),(8.00000000000003,13.783048782808),.UNSPECIFIED.);
#725=B_SPLINE_CURVE_WITH_KNOTS('',1,(#1405,#1406),.UNSPECIFIED.,.F.,.F.,
(2,2),(0.,2.),.UNSPECIFIED.);
#726=B_SPLINE_CURVE_WITH_KNOTS('',1,(#1407,#1408),.UNSPECIFIED.,.F.,.F.,
(2,2),(22.,30.),.UNSPECIFIED.);
#727=B_SPLINE_CURVE_WITH_KNOTS('',1,(#1409,#1410),.UNSPECIFIED.,.F.,.F.,
(2,2),(0.,8.),.UNSPECIFIED.);
#728=B_SPLINE_CURVE_WITH_KNOTS('',1,(#1411,#1412),.UNSPECIFIED.,.F.,.F.,
(2,2),(20.,22.),.UNSPECIFIED.);
#729=B_SPLINE_CURVE_WITH_KNOTS('',1,(#1413,#1414),.UNSPECIFIED.,.F.,.F.,
(2,2),(31.,39.),.UNSPECIFIED.);
#730=B_SPLINE_CURVE_WITH_KNOTS('',1,(#1415,#1416),.UNSPECIFIED.,.F.,.F.,
(2,2),(-8.,0.),.UNSPECIFIED.);
#731=B_SPLINE_CURVE_WITH_KNOTS('',1,(#1417,#1418),.UNSPECIFIED.,.F.,.F.,
(2,2),(-4.40054565137569,0.),.UNSPECIFIED.);
#732=B_SPLINE_CURVE_WITH_KNOTS('',1,(#1419,#1420),.UNSPECIFIED.,.F.,.F.,
(2,2),(-4.40054565137566,0.),.UNSPECIFIED.);
#733=B_SPLINE_CURVE_WITH_KNOTS('',1,(#1421,#1422),.UNSPECIFIED.,.F.,.F.,
(2,2),(1.94706679382655,2.5960890584354),.UNSPECIFIED.);
#734=B_SPLINE_CURVE_WITH_KNOTS('',1,(#1423,#1424),.UNSPECIFIED.,.F.,.F.,
(2,2),(1.94706679382655,2.5960890584354),.UNSPECIFIED.);
#735=B_SPLINE_CURVE_WITH_KNOTS('',1,(#1425,#1426),.UNSPECIFIED.,.F.,.F.,
(2,2),(3.94635691875678,5.00000000000002),.UNSPECIFIED.);
#736=B_SPLINE_CURVE_WITH_KNOTS('',1,(#1427,#1428),.UNSPECIFIED.,.F.,.F.,
(2,2),(-18.0536430812432,-17.),.UNSPECIFIED.);
#737=B_SPLINE_CURVE_WITH_KNOTS('',1,(#1429,#1430),.UNSPECIFIED.,.F.,.F.,
(2,2),(0.999999999999997,23.4039109415646),.UNSPECIFIED.);
#738=B_SPLINE_CURVE_WITH_KNOTS('',1,(#1431,#1432),.UNSPECIFIED.,.F.,.F.,
(2,2),(0.999999999999998,23.4039109415646),.UNSPECIFIED.);
#739=B_SPLINE_CURVE_WITH_KNOTS('',1,(#1433,#1434),.UNSPECIFIED.,.F.,.F.,
(2,2),(3.61192557344718E-14,8.00000000000001),.UNSPECIFIED.);
#740=B_SPLINE_CURVE_WITH_KNOTS('',5,(#1435,#1436,#1437,#1438,#1439,#1440),
 .UNSPECIFIED.,.F.,.F.,(6,6),(-1.88284271247489,0.),.UNSPECIFIED.);
#741=B_SPLINE_CURVE_WITH_KNOTS('',5,(#1441,#1442,#1443,#1444,#1445,#1446),
 .UNSPECIFIED.,.F.,.F.,(6,6),(-1.88284271247489,0.),.UNSPECIFIED.);
#742=B_SPLINE_CURVE_WITH_KNOTS('',1,(#1447,#1448),.UNSPECIFIED.,.F.,.F.,
(2,2),(0.,8.00000000000001),.UNSPECIFIED.);
#743=B_SPLINE_CURVE_WITH_KNOTS('',1,(#1449,#1450),.UNSPECIFIED.,.F.,.F.,
(2,2),(59.8808538724659,65.6639026552739),.UNSPECIFIED.);
#744=B_SPLINE_CURVE_WITH_KNOTS('',1,(#1451,#1452),.UNSPECIFIED.,.F.,.F.,
(2,2),(5.99999999999998,30.),.UNSPECIFIED.);
#745=B_SPLINE_CURVE_WITH_KNOTS('',1,(#1453,#1454),.UNSPECIFIED.,.F.,.F.,
(2,2),(5.99999999999997,30.),.UNSPECIFIED.);
#746=B_SPLINE_CURVE_WITH_KNOTS('',1,(#1455,#1456),.UNSPECIFIED.,.F.,.F.,
(2,2),(13.783048782808,30.1057959874663),.UNSPECIFIED.);
#747=B_SPLINE_CURVE_WITH_KNOTS('',1,(#1460,#1461),.UNSPECIFIED.,.F.,.F.,
(2,2),(9.97082288854949,12.0291771114508),.UNSPECIFIED.);
#748=B_SPLINE_CURVE_WITH_KNOTS('',1,(#1471,#1472),.UNSPECIFIED.,.F.,.F.,
(2,2),(-12.0291771114508,-9.97082288854946),.UNSPECIFIED.);
#749=B_SPLINE_CURVE_WITH_KNOTS('',1,(#1482,#1483),.UNSPECIFIED.,.F.,.F.,
(2,2),(19.9708228885494,22.0291771114508),.UNSPECIFIED.);
#750=B_SPLINE_CURVE_WITH_KNOTS('',1,(#1493,#1494),.UNSPECIFIED.,.F.,.F.,
(2,2),(-22.0291771114508,-19.9708228885494),.UNSPECIFIED.);
#751=B_SPLINE_CURVE_WITH_KNOTS('',1,(#1568,#1569),.UNSPECIFIED.,.F.,.F.,
(2,2),(-6.26565451956938,-4.207300296668),.UNSPECIFIED.);
#752=B_SPLINE_CURVE_WITH_KNOTS('',1,(#1579,#1580),.UNSPECIFIED.,.F.,.F.,
(2,2),(4.207300296668,6.26565451956932),.UNSPECIFIED.);
#753=B_SPLINE_CURVE_WITH_KNOTS('',1,(#1657,#1658),.UNSPECIFIED.,.F.,.F.,
(2,2),(3.73434548043064,5.79269970333201),.UNSPECIFIED.);
#754=B_SPLINE_CURVE_WITH_KNOTS('',1,(#1668,#1669),.UNSPECIFIED.,.F.,.F.,
(2,2),(-5.79269970333201,-3.73434548043064),.UNSPECIFIED.);
#755=B_SPLINE_CURVE_WITH_KNOTS('',1,(#1692,#1693),.UNSPECIFIED.,.F.,.F.,
(2,2),(2.03883623499123,7.13592682246934),.UNSPECIFIED.);
#756=B_SPLINE_CURVE_WITH_KNOTS('',1,(#1694,#1695),.UNSPECIFIED.,.F.,.F.,
(2,2),(2.03883623499124,7.13592682246934),.UNSPECIFIED.);
#757=B_SPLINE_CURVE_WITH_KNOTS('',1,(#1696,#1697,#1698),.UNSPECIFIED.,.F.,
 .F.,(2,1,2),(9.92768292760261,10.891524391404,30.9042684000343),
 .UNSPECIFIED.);
#758=B_SPLINE_CURVE_WITH_KNOTS('',1,(#1699,#1700),.UNSPECIFIED.,.F.,.F.,
(2,2),(0.,8.00000000000003),.UNSPECIFIED.);
#759=B_SPLINE_CURVE_WITH_KNOTS('',1,(#1701,#1702),.UNSPECIFIED.,.F.,.F.,
(2,2),(0.,8.00000000000003),.UNSPECIFIED.);
#760=B_SPLINE_CURVE_WITH_KNOTS('',5,(#1703,#1704,#1705,#1706,#1707,#1708),
 .UNSPECIFIED.,.F.,.F.,(6,6),(-3.76568542494924,0.),.UNSPECIFIED.);
#761=B_SPLINE_CURVE_WITH_KNOTS('',5,(#1709,#1710,#1711,#1712,#1713,#1714),
 .UNSPECIFIED.,.F.,.F.,(6,6),(0.,3.76568542494924),.UNSPECIFIED.);
#762=B_SPLINE_CURVE_WITH_KNOTS('',1,(#1715,#1716),.UNSPECIFIED.,.F.,.F.,
(2,2),(2.03883623499124,5.0970905874781),.UNSPECIFIED.);
#763=B_SPLINE_CURVE_WITH_KNOTS('',1,(#1717,#1718),.UNSPECIFIED.,.F.,.F.,
(2,2),(2.03883623499125,5.0970905874781),.UNSPECIFIED.);
#764=B_SPLINE_CURVE_WITH_KNOTS('',1,(#1719,#1720,#1721),.UNSPECIFIED.,.F.,
 .F.,(2,1,2),(42.7596342552396,62.7723782638699,63.7362197276713),
 .UNSPECIFIED.);
#765=B_SPLINE_CURVE_WITH_KNOTS('',1,(#1722,#1723),.UNSPECIFIED.,.F.,.F.,
(2,2),(0.,8.00000000000003),.UNSPECIFIED.);
#766=B_SPLINE_CURVE_WITH_KNOTS('',1,(#1724,#1725),.UNSPECIFIED.,.F.,.F.,
(2,2),(0.,8.00000000000003),.UNSPECIFIED.);
#767=B_SPLINE_CURVE_WITH_KNOTS('',5,(#1726,#1727,#1728,#1729,#1730,#1731),
 .UNSPECIFIED.,.F.,.F.,(6,6),(-3.76568542494931,0.),.UNSPECIFIED.);
#768=B_SPLINE_CURVE_WITH_KNOTS('',5,(#1732,#1733,#1734,#1735,#1736,#1737),
 .UNSPECIFIED.,.F.,.F.,(6,6),(0.,3.76568542494931),.UNSPECIFIED.);
#769=B_SPLINE_CURVE_WITH_KNOTS('',1,(#1738,#1739),.UNSPECIFIED.,.F.,.F.,
(2,2),(4.99999999999679,8.76595111506106),.UNSPECIFIED.);
#770=B_SPLINE_CURVE_WITH_KNOTS('',1,(#1740,#1741),.UNSPECIFIED.,.F.,.F.,
(2,2),(9.23404888493261,12.9999999999968),.UNSPECIFIED.);
#771=B_SPLINE_CURVE_WITH_KNOTS('',1,(#1742,#1743),.UNSPECIFIED.,.F.,.F.,
(2,2),(-2.82842712474621,-0.82842712474615),.UNSPECIFIED.);
#772=B_SPLINE_CURVE_WITH_KNOTS('',3,(#1744,#1745,#1746,#1747,#1748,#1749,
#1750,#1751,#1752,#1753,#1754),.UNSPECIFIED.,.F.,.F.,(4,2,2,3,4),(0.,0.604049525253646,
1.20633914099943,2.40074789783269,3.31371766635822),.UNSPECIFIED.);
#773=B_SPLINE_CURVE_WITH_KNOTS('',1,(#1755,#1756),.UNSPECIFIED.,.F.,.F.,
(2,2),(8.76595111506106,9.23404888493261),.UNSPECIFIED.);
#774=B_SPLINE_CURVE_WITH_KNOTS('',1,(#1757,#1758),.UNSPECIFIED.,.F.,.F.,
(2,2),(0.,8.00000000000001),.UNSPECIFIED.);
#775=B_SPLINE_CURVE_WITH_KNOTS('',1,(#1759,#1760),.UNSPECIFIED.,.F.,.F.,
(2,2),(2.8421709430404E-14,8.00000000000001),.UNSPECIFIED.);
#776=B_SPLINE_CURVE_WITH_KNOTS('',5,(#1761,#1762,#1763,#1764,#1765,#1766),
 .UNSPECIFIED.,.F.,.F.,(6,6),(0.,3.76568542494924),.UNSPECIFIED.);
#777=B_SPLINE_CURVE_WITH_KNOTS('',5,(#1767,#1768,#1769,#1770,#1771,#1772),
 .UNSPECIFIED.,.F.,.F.,(6,6),(-3.76568542494924,0.),.UNSPECIFIED.);
#778=B_SPLINE_CURVE_WITH_KNOTS('',1,(#1773,#1774),.UNSPECIFIED.,.F.,.F.,
(2,2),(0.828427124746171,2.82842712474623),.UNSPECIFIED.);
#779=B_SPLINE_CURVE_WITH_KNOTS('',3,(#1775,#1776,#1777,#1778,#1779,#1780,
#1781,#1782,#1783,#1784,#1785),.UNSPECIFIED.,.F.,.F.,(4,3,2,2,4),(0.872988598459605,
1.78595836698049,2.98036712381706,3.58265673956028,4.18670626481316),
 .UNSPECIFIED.);
#780=B_SPLINE_CURVE_WITH_KNOTS('',1,(#1786,#1787),.UNSPECIFIED.,.F.,.F.,
(2,2),(43.5581066678076,59.8808538724659),.UNSPECIFIED.);
#781=B_SPLINE_CURVE_WITH_KNOTS('',1,(#1791,#1792),.UNSPECIFIED.,.F.,.F.,
(2,2),(0.134242776746407,1.13491715010161),.UNSPECIFIED.);
#782=B_SPLINE_CURVE_WITH_KNOTS('',1,(#1793,#1794),.UNSPECIFIED.,.F.,.F.,
(2,2),(0.,1.00067437335517),.UNSPECIFIED.);
#783=B_SPLINE_CURVE_WITH_KNOTS('',5,(#1795,#1796,#1797,#1798,#1799,#1800),
 .UNSPECIFIED.,.F.,.F.,(6,6),(0.,1.63163014548598),.UNSPECIFIED.);
#784=B_SPLINE_CURVE_WITH_KNOTS('',1,(#1801,#1802),.UNSPECIFIED.,.F.,.F.,
(2,2),(-0.25354363868274,1.13491715010158),.UNSPECIFIED.);
#785=B_SPLINE_CURVE_WITH_KNOTS('',3,(#1803,#1804,#1805,#1806,#1807,#1808,
#1809,#1810,#1811,#1812,#1813,#1814,#1815,#1816,#1817,#1818,#1819,#1820,
#1821,#1822),.UNSPECIFIED.,.F.,.F.,(4,1,1,1,1,1,1,1,1,1,1,1,1,1,1,1,1,4),
(0.,0.0974339379611979,0.194494297038698,0.290849023934803,0.386309087051595,
0.480842104222219,0.574570977187409,0.667757574876932,0.760772061501907,
0.85405020731507,0.948043289067777,1.04316693535528,1.13975560070115,1.23802812011926,
1.3380677203909,1.43981801721348,1.54309571747465,1.64762087142561),
 .UNSPECIFIED.);
#786=B_SPLINE_CURVE_WITH_KNOTS('',5,(#1823,#1824,#1825,#1826,#1827,#1828),
 .UNSPECIFIED.,.F.,.F.,(6,6),(-1.63163014548609,0.),.UNSPECIFIED.);
#787=B_SPLINE_CURVE_WITH_KNOTS('',3,(#1829,#1830,#1831,#1832,#1833,#1834,
#1835,#1836,#1837,#1838,#1839,#1840,#1841,#1842,#1843,#1844,#1845,#1846,
#1847,#1848),.UNSPECIFIED.,.F.,.F.,(4,1,1,1,1,1,1,1,1,1,1,1,1,1,1,1,1,4),
(-1.64762087142335,-1.5430957174748,-1.43981801721355,-1.33806772039092,
-1.23802812011938,-1.13975560070121,-1.04316693535539,-0.948043289067902,
-0.854050207315016,-0.760772061501988,-0.667757574876962,-0.57457097718746,
-0.480842104222337,-0.386309087051596,-0.290849023934805,-0.194494297038612,
-0.0974339379611969,0.),.UNSPECIFIED.);
#788=B_SPLINE_CURVE_WITH_KNOTS('',1,(#1849,#1850),.UNSPECIFIED.,.F.,.F.,
(2,2),(2.1316282072803E-14,1.38846078878437),.UNSPECIFIED.);
#789=VERTEX_POINT('',#1303);
#790=VERTEX_POINT('',#1304);
#791=VERTEX_POINT('',#1305);
#792=VERTEX_POINT('',#1306);
#793=VERTEX_POINT('',#1307);
#794=VERTEX_POINT('',#1308);
#795=VERTEX_POINT('',#1309);
#796=VERTEX_POINT('',#1310);
#797=VERTEX_POINT('',#1311);
#798=VERTEX_POINT('',#1312);
#799=VERTEX_POINT('',#1313);
#800=VERTEX_POINT('',#1314);
#801=VERTEX_POINT('',#1315);
#802=VERTEX_POINT('',#1316);
#803=VERTEX_POINT('',#1317);
#804=VERTEX_POINT('',#1318);
#805=VERTEX_POINT('',#1319);
#806=VERTEX_POINT('',#1320);
#807=VERTEX_POINT('',#1321);
#808=VERTEX_POINT('',#1322);
#809=VERTEX_POINT('',#1323);
#810=VERTEX_POINT('',#1324);
#811=VERTEX_POINT('',#1325);
#812=VERTEX_POINT('',#1326);
#813=VERTEX_POINT('',#1327);
#814=VERTEX_POINT('',#1328);
#815=VERTEX_POINT('',#1329);
#816=VERTEX_POINT('',#1330);
#817=VERTEX_POINT('',#1331);
#818=VERTEX_POINT('',#1332);
#819=VERTEX_POINT('',#1333);
#820=VERTEX_POINT('',#1334);
#821=VERTEX_POINT('',#1335);
#822=VERTEX_POINT('',#1336);
#823=VERTEX_POINT('',#1337);
#824=VERTEX_POINT('',#1338);
#825=VERTEX_POINT('',#1339);
#826=VERTEX_POINT('',#1340);
#827=VERTEX_POINT('',#1341);
#828=VERTEX_POINT('',#1342);
#829=VERTEX_POINT('',#1343);
#830=VERTEX_POINT('',#1344);
#831=VERTEX_POINT('',#1345);
#832=VERTEX_POINT('',#1346);
#833=VERTEX_POINT('',#1347);
#834=VERTEX_POINT('',#1348);
#835=VERTEX_POINT('',#1349);
#836=VERTEX_POINT('',#1350);
#837=VERTEX_POINT('',#1351);
#838=VERTEX_POINT('',#1352);
#839=VERTEX_POINT('',#1353);
#840=VERTEX_POINT('',#1354);
#841=VERTEX_POINT('',#1355);
#842=VERTEX_POINT('',#1356);
#843=VERTEX_POINT('',#1357);
#844=VERTEX_POINT('',#1358);
#845=VERTEX_POINT('',#1359);
#846=VERTEX_POINT('',#1360);
#847=VERTEX_POINT('',#1361);
#848=VERTEX_POINT('',#1362);
#849=VERTEX_POINT('',#1363);
#850=VERTEX_POINT('',#1364);
#851=VERTEX_POINT('',#1365);
#852=VERTEX_POINT('',#1366);
#853=VERTEX_POINT('',#1367);
#854=VERTEX_POINT('',#1368);
#855=VERTEX_POINT('',#1369);
#856=VERTEX_POINT('',#1370);
#857=VERTEX_POINT('',#1371);
#858=VERTEX_POINT('',#1372);
#859=VERTEX_POINT('',#1373);
#860=VERTEX_POINT('',#1374);
#861=VERTEX_POINT('',#1375);
#862=VERTEX_POINT('',#1376);
#863=VERTEX_POINT('',#1377);
#864=VERTEX_POINT('',#1378);
#865=VERTEX_POINT('',#1379);
#866=VERTEX_POINT('',#1380);
#867=VERTEX_POINT('',#1381);
#868=VERTEX_POINT('',#1382);
#869=VERTEX_POINT('',#1383);
#870=VERTEX_POINT('',#1384);
#871=VERTEX_POINT('',#1385);
#872=VERTEX_POINT('',#1386);
#873=VERTEX_POINT('',#1387);
#874=VERTEX_POINT('',#1388);
#875=VERTEX_POINT('',#1389);
#876=VERTEX_POINT('',#1390);
#877=VERTEX_POINT('',#1391);
#878=VERTEX_POINT('',#1392);
#879=VERTEX_POINT('',#1393);
#880=VERTEX_POINT('',#1394);
#881=VERTEX_POINT('',#1395);
#882=VERTEX_POINT('',#1396);
#883=VERTEX_POINT('',#1397);
#884=VERTEX_POINT('',#1398);
#885=VERTEX_POINT('',#1399);
#886=VERTEX_POINT('',#1400);
#887=(
BOUNDED_SURFACE()
B_SPLINE_SURFACE(1,2,((#1119,#1120,#1121),(#1122,#1123,#1124)),
 .UNSPECIFIED.,.F.,.F.,.F.)
B_SPLINE_SURFACE_WITH_KNOTS((2,2),(3,3),(0.,19.),(-14.0102318204136,-11.6206216020135),
 .UNSPECIFIED.)
GEOMETRIC_REPRESENTATION_ITEM()
RATIONAL_B_SPLINE_SURFACE(((1.,0.707106781186541,1.),(1.,0.707106781186541,
1.)))
REPRESENTATION_ITEM('')
SURFACE()
);
#888=(
BOUNDED_SURFACE()
B_SPLINE_SURFACE(1,2,((#1126,#1127,#1128),(#1129,#1130,#1131)),
 .UNSPECIFIED.,.F.,.F.,.F.)
B_SPLINE_SURFACE_WITH_KNOTS((2,2),(3,3),(0.,19.),(-9.65217990203662,-7.26256968363643),
 .UNSPECIFIED.)
GEOMETRIC_REPRESENTATION_ITEM()
RATIONAL_B_SPLINE_SURFACE(((1.,0.707106781186554,1.),(1.,0.707106781186554,
1.)))
REPRESENTATION_ITEM('')
SURFACE()
);
#889=(
BOUNDED_SURFACE()
B_SPLINE_SURFACE(1,2,((#1133,#1134,#1135),(#1136,#1137,#1138)),
 .UNSPECIFIED.,.F.,.F.,.F.)
B_SPLINE_SURFACE_WITH_KNOTS((2,2),(3,3),(0.,19.),(-7.0051159102068,-4.61550569180665),
 .UNSPECIFIED.)
GEOMETRIC_REPRESENTATION_ITEM()
RATIONAL_B_SPLINE_SURFACE(((1.,0.707106781186541,1.),(1.,0.707106781186541,
1.)))
REPRESENTATION_ITEM('')
SURFACE()
);
#890=(
BOUNDED_SURFACE()
B_SPLINE_SURFACE(1,2,((#1140,#1141,#1142),(#1143,#1144,#1145)),
 .UNSPECIFIED.,.F.,.F.,.F.)
B_SPLINE_SURFACE_WITH_KNOTS((2,2),(3,3),(0.,19.),(-2.64706399182982,-0.257453773429631),
 .UNSPECIFIED.)
GEOMETRIC_REPRESENTATION_ITEM()
RATIONAL_B_SPLINE_SURFACE(((1.,0.707106781186554,1.),(1.,0.707106781186554,
1.)))
REPRESENTATION_ITEM('')
SURFACE()
);
#891=(
BOUNDED_SURFACE()
B_SPLINE_SURFACE(1,2,((#1147,#1148,#1149),(#1150,#1151,#1152)),
 .UNSPECIFIED.,.F.,.F.,.F.)
B_SPLINE_SURFACE_WITH_KNOTS((2,2),(3,3),(0.,19.),(-14.0102318204136,-11.6206216020135),
 .UNSPECIFIED.)
GEOMETRIC_REPRESENTATION_ITEM()
RATIONAL_B_SPLINE_SURFACE(((1.,0.707106781186541,1.),(1.,0.707106781186541,
1.)))
REPRESENTATION_ITEM('')
SURFACE()
);
#892=(
BOUNDED_SURFACE()
B_SPLINE_SURFACE(1,2,((#1154,#1155,#1156),(#1157,#1158,#1159)),
 .UNSPECIFIED.,.F.,.F.,.F.)
B_SPLINE_SURFACE_WITH_KNOTS((2,2),(3,3),(0.,19.),(-9.65217990203662,-7.26256968363643),
 .UNSPECIFIED.)
GEOMETRIC_REPRESENTATION_ITEM()
RATIONAL_B_SPLINE_SURFACE(((1.,0.707106781186554,1.),(1.,0.707106781186554,
1.)))
REPRESENTATION_ITEM('')
SURFACE()
);
#893=(
BOUNDED_SURFACE()
B_SPLINE_SURFACE(1,2,((#1161,#1162,#1163),(#1164,#1165,#1166)),
 .UNSPECIFIED.,.F.,.F.,.F.)
B_SPLINE_SURFACE_WITH_KNOTS((2,2),(3,3),(0.,19.),(-7.0051159102068,-4.61550569180665),
 .UNSPECIFIED.)
GEOMETRIC_REPRESENTATION_ITEM()
RATIONAL_B_SPLINE_SURFACE(((1.,0.707106781186541,1.),(1.,0.707106781186541,
1.)))
REPRESENTATION_ITEM('')
SURFACE()
);
#894=(
BOUNDED_SURFACE()
B_SPLINE_SURFACE(1,2,((#1168,#1169,#1170),(#1171,#1172,#1173)),
 .UNSPECIFIED.,.F.,.F.,.F.)
B_SPLINE_SURFACE_WITH_KNOTS((2,2),(3,3),(0.,19.),(-2.64706399182982,-0.257453773429631),
 .UNSPECIFIED.)
GEOMETRIC_REPRESENTATION_ITEM()
RATIONAL_B_SPLINE_SURFACE(((1.,0.707106781186554,1.),(1.,0.707106781186554,
1.)))
REPRESENTATION_ITEM('')
SURFACE()
);
#895=(
BOUNDED_SURFACE()
B_SPLINE_SURFACE(1,2,((#1175,#1176,#1177),(#1178,#1179,#1180)),
 .UNSPECIFIED.,.F.,.F.,.F.)
B_SPLINE_SURFACE_WITH_KNOTS((2,2),(3,3),(0.,2.),(-14.0102318204136,-11.6206216020135),
 .UNSPECIFIED.)
GEOMETRIC_REPRESENTATION_ITEM()
RATIONAL_B_SPLINE_SURFACE(((1.,0.707106781186541,1.),(1.,0.707106781186541,
1.)))
REPRESENTATION_ITEM('')
SURFACE()
);
#896=(
BOUNDED_SURFACE()
B_SPLINE_SURFACE(1,2,((#1182,#1183,#1184),(#1185,#1186,#1187)),
 .UNSPECIFIED.,.F.,.F.,.F.)
B_SPLINE_SURFACE_WITH_KNOTS((2,2),(3,3),(0.,2.),(-9.65217990203662,-7.26256968363643),
 .UNSPECIFIED.)
GEOMETRIC_REPRESENTATION_ITEM()
RATIONAL_B_SPLINE_SURFACE(((1.,0.707106781186554,1.),(1.,0.707106781186554,
1.)))
REPRESENTATION_ITEM('')
SURFACE()
);
#897=(
BOUNDED_SURFACE()
B_SPLINE_SURFACE(1,2,((#1189,#1190,#1191),(#1192,#1193,#1194)),
 .UNSPECIFIED.,.F.,.F.,.F.)
B_SPLINE_SURFACE_WITH_KNOTS((2,2),(3,3),(0.,2.),(-7.0051159102068,-4.61550569180665),
 .UNSPECIFIED.)
GEOMETRIC_REPRESENTATION_ITEM()
RATIONAL_B_SPLINE_SURFACE(((1.,0.707106781186541,1.),(1.,0.707106781186541,
1.)))
REPRESENTATION_ITEM('')
SURFACE()
);
#898=(
BOUNDED_SURFACE()
B_SPLINE_SURFACE(1,2,((#1196,#1197,#1198),(#1199,#1200,#1201)),
 .UNSPECIFIED.,.F.,.F.,.F.)
B_SPLINE_SURFACE_WITH_KNOTS((2,2),(3,3),(0.,2.),(-2.64706399182982,-0.257453773429631),
 .UNSPECIFIED.)
GEOMETRIC_REPRESENTATION_ITEM()
RATIONAL_B_SPLINE_SURFACE(((1.,0.707106781186554,1.),(1.,0.707106781186554,
1.)))
REPRESENTATION_ITEM('')
SURFACE()
);
#899=(
BOUNDED_SURFACE()
B_SPLINE_SURFACE(1,2,((#1203,#1204,#1205),(#1206,#1207,#1208)),
 .UNSPECIFIED.,.F.,.F.,.F.)
B_SPLINE_SURFACE_WITH_KNOTS((2,2),(3,3),(0.,2.),(-14.0102318204136,-11.6206216020135),
 .UNSPECIFIED.)
GEOMETRIC_REPRESENTATION_ITEM()
RATIONAL_B_SPLINE_SURFACE(((1.,0.707106781186541,1.),(1.,0.707106781186541,
1.)))
REPRESENTATION_ITEM('')
SURFACE()
);
#900=(
BOUNDED_SURFACE()
B_SPLINE_SURFACE(1,2,((#1211,#1212,#1213),(#1214,#1215,#1216)),
 .UNSPECIFIED.,.F.,.F.,.F.)
B_SPLINE_SURFACE_WITH_KNOTS((2,2),(3,3),(0.,2.),(-2.64706399182982,-0.257453773429631),
 .UNSPECIFIED.)
GEOMETRIC_REPRESENTATION_ITEM()
RATIONAL_B_SPLINE_SURFACE(((1.,0.707106781186554,1.),(1.,0.707106781186554,
1.)))
REPRESENTATION_ITEM('')
SURFACE()
);
#901=(
BOUNDED_SURFACE()
B_SPLINE_SURFACE(1,2,((#1259,#1260,#1261),(#1262,#1263,#1264)),
 .UNSPECIFIED.,.F.,.F.,.F.)
B_SPLINE_SURFACE_WITH_KNOTS((2,2),(3,3),(-0.00200015102850143,2.),(-9.65217990203662,
-7.26256968363643),.UNSPECIFIED.)
GEOMETRIC_REPRESENTATION_ITEM()
RATIONAL_B_SPLINE_SURFACE(((1.,0.707106781186554,1.),(1.,0.707106781186554,
1.)))
REPRESENTATION_ITEM('')
SURFACE()
);
#902=(
BOUNDED_SURFACE()
B_SPLINE_SURFACE(1,2,((#1265,#1266,#1267),(#1268,#1269,#1270)),
 .UNSPECIFIED.,.F.,.F.,.F.)
B_SPLINE_SURFACE_WITH_KNOTS((2,2),(3,3),(-0.00200015102850142,2.),(-7.0051159102068,
-4.61550569180665),.UNSPECIFIED.)
GEOMETRIC_REPRESENTATION_ITEM()
RATIONAL_B_SPLINE_SURFACE(((1.,0.707106781186541,1.),(1.,0.707106781186541,
1.)))
REPRESENTATION_ITEM('')
SURFACE()
);
#903=B_SPLINE_SURFACE_WITH_KNOTS('',1,5,((#1106,#1107,#1108,#1109,#1110,
#1111),(#1112,#1113,#1114,#1115,#1116,#1117)),.UNSPECIFIED.,.F.,.F.,.F.,
(2,2),(6,6),(-1.,9.00000000000003),(0.,1.88284271247489),.UNSPECIFIED.);
#904=B_SPLINE_SURFACE_WITH_KNOTS('',5,1,((#1218,#1219),(#1220,#1221),(#1222,
#1223),(#1224,#1225),(#1226,#1227),(#1228,#1229)),.UNSPECIFIED.,.F.,.F.,
 .F.,(6,6),(2,2),(0.,3.76568542494924),(-2.,10.),.UNSPECIFIED.);
#905=B_SPLINE_SURFACE_WITH_KNOTS('',5,1,((#1230,#1231),(#1232,#1233),(#1234,
#1235),(#1236,#1237),(#1238,#1239),(#1240,#1241)),.UNSPECIFIED.,.F.,.F.,
 .F.,(6,6),(2,2),(0.,3.76568542494931),(-2.,10.),.UNSPECIFIED.);
#906=B_SPLINE_SURFACE_WITH_KNOTS('',1,5,((#1245,#1246,#1247,#1248,#1249,
#1250),(#1251,#1252,#1253,#1254,#1255,#1256)),.UNSPECIFIED.,.F.,.F.,.F.,
(2,2),(6,6),(-2.00000000000002,10.),(0.,3.76568542494924),.UNSPECIFIED.);
#907=B_SPLINE_SURFACE_WITH_KNOTS('',5,1,((#1271,#1272),(#1273,#1274),(#1275,
#1276),(#1277,#1278),(#1279,#1280),(#1281,#1282)),.UNSPECIFIED.,.F.,.F.,
 .F.,(6,6),(2,2),(0.,1.63163014548598),(-2.25354751507595,3.13491715010158),
 .UNSPECIFIED.);
#908=B_SPLINE_SURFACE_WITH_KNOTS('',5,1,((#1283,#1284),(#1285,#1286),(#1287,
#1288),(#1289,#1290),(#1291,#1292),(#1293,#1294)),.UNSPECIFIED.,.F.,.F.,
 .F.,(6,6),(2,2),(0.,1.63163014548609),(-2.00000000000002,3.38846466517755),
 .UNSPECIFIED.);
#909=PLANE('',#1030);
#910=PLANE('',#1031);
#911=PLANE('',#1032);
#912=PLANE('',#1033);
#913=PLANE('',#1034);
#914=PLANE('',#1035);
#915=PLANE('',#1036);
#916=PLANE('',#1037);
#917=PLANE('',#1038);
#918=PLANE('',#1039);
#919=PLANE('',#1040);
#920=PLANE('',#1041);
#921=PLANE('',#1042);
#922=PLANE('',#1043);
#923=PLANE('',#1044);
#924=PLANE('',#1045);
#925=PLANE('',#1046);
#926=PLANE('',#1047);
#927=PLANE('',#1048);
#928=PLANE('',#1049);
#929=PLANE('',#1050);
#930=PLANE('',#1051);
#931=PLANE('',#1052);
#932=PLANE('',#1053);
#933=PLANE('',#1054);
#934=PLANE('',#1055);
#935=PLANE('',#1056);
#936=PLANE('',#1057);
#937=PLANE('',#1058);
#938=PLANE('',#1059);
#939=PLANE('',#1060);
#940=PLANE('',#1061);
#941=PLANE('',#1062);
#942=SHAPE_DEFINITION_REPRESENTATION(#943,#1028);
#943=PRODUCT_DEFINITION_SHAPE('Document','',#945);
#944=PRODUCT_DEFINITION_CONTEXT('3D Mechanical Parts',#1017,'design');
#945=PRODUCT_DEFINITION('A','First version',#987,#944);
#946=DATE_TIME_ROLE('classification_date');
#947=DATE_TIME_ROLE('creation_date');
#948=APPLIED_DATE_AND_TIME_ASSIGNMENT(#972,#946,(#951));
#949=APPLIED_DATE_AND_TIME_ASSIGNMENT(#974,#947,(#945));
#950=SECURITY_CLASSIFICATION_LEVEL('unclassified');
#951=SECURITY_CLASSIFICATION('A','Security for version',#950);
#952=APPLIED_SECURITY_CLASSIFICATION_ASSIGNMENT(#951,(#987));
#953=APPROVAL_ROLE('Version approval');
#954=APPROVAL_ROLE('Version Security approval');
#955=APPROVAL_ROLE('Definition approval');
#956=APPROVAL_PERSON_ORGANIZATION(#1005,#981,#953);
#957=APPROVAL_PERSON_ORGANIZATION(#1006,#982,#954);
#958=APPROVAL_PERSON_ORGANIZATION(#1009,#983,#955);
#959=COORDINATED_UNIVERSAL_TIME_OFFSET(5,0,.BEHIND.);
#960=LOCAL_TIME(0,0,0.,#959);
#961=LOCAL_TIME(0,0,0.,#959);
#962=LOCAL_TIME(0,0,0.,#959);
#963=LOCAL_TIME(0,0,0.,#959);
#964=LOCAL_TIME(0,0,0.,#959);
#965=CALENDAR_DATE(1999,1,1);
#966=CALENDAR_DATE(1999,1,1);
#967=CALENDAR_DATE(1999,1,1);
#968=CALENDAR_DATE(1999,1,1);
#969=CALENDAR_DATE(1999,1,1);
#970=DATE_AND_TIME(#965,#960);
#971=DATE_AND_TIME(#966,#961);
#972=DATE_AND_TIME(#967,#962);
#973=DATE_AND_TIME(#968,#963);
#974=DATE_AND_TIME(#969,#964);
#975=APPROVAL_DATE_TIME(#970,#981);
#976=APPROVAL_DATE_TIME(#971,#982);
#977=APPROVAL_DATE_TIME(#973,#983);
#978=APPROVAL_STATUS('not_yet_approved');
#979=APPROVAL_STATUS('not_yet_approved');
#980=APPROVAL_STATUS('approved');
#981=APPROVAL(#978,'Version approval');
#982=APPROVAL(#979,'Version Security approval');
#983=APPROVAL(#980,'Definition approval');
#984=APPLIED_APPROVAL_ASSIGNMENT(#981,(#987));
#985=APPLIED_APPROVAL_ASSIGNMENT(#982,(#951));
#986=APPLIED_APPROVAL_ASSIGNMENT(#983,(#945));
#987=PRODUCT_DEFINITION_FORMATION_WITH_SPECIFIED_SOURCE('A',
'First version',#1019,.MADE.);
#988=PERSON_AND_ORGANIZATION_ROLE('design_owner');
#989=PERSON_AND_ORGANIZATION_ROLE('creator');
#990=PERSON_AND_ORGANIZATION_ROLE('design_supplier');
#991=PERSON_AND_ORGANIZATION_ROLE('classification_officer');
#992=PERSON_AND_ORGANIZATION_ROLE('creator');
#993=ORGANIZATION('STI','lab','lab');
#994=ORGANIZATION('STI','unknown','unknown');
#995=ORGANIZATION('STI','unknown','unknown');
#996=ORGANIZATION('STI','unknown','unknown');
#997=ORGANIZATION('STI','unknown','unknown');
#998=ORGANIZATION('STI','unknown','unknown');
#999=ORGANIZATION('STI','unknown','unknown');
#1000=PERSON('1','Box','vc60',$,$,$);
#1001=PERSON('2','last','first',$,$,$);
#1002=PERSON('3','President','Mr.',$,$,$);
#1003=PERSON_AND_ORGANIZATION(#1000,#993);
#1004=PERSON_AND_ORGANIZATION(#1001,#994);
#1005=PERSON_AND_ORGANIZATION(#1002,#995);
#1006=PERSON_AND_ORGANIZATION(#1002,#996);
#1007=PERSON_AND_ORGANIZATION(#1002,#997);
#1008=PERSON_AND_ORGANIZATION(#1001,#998);
#1009=PERSON_AND_ORGANIZATION(#1002,#999);
#1010=APPLIED_PERSON_AND_ORGANIZATION_ASSIGNMENT(#1003,#988,(#1019));
#1011=APPLIED_PERSON_AND_ORGANIZATION_ASSIGNMENT(#1004,#989,(#987));
#1012=APPLIED_PERSON_AND_ORGANIZATION_ASSIGNMENT(#1004,#990,(#987));
#1013=APPLIED_PERSON_AND_ORGANIZATION_ASSIGNMENT(#1007,#991,(#951));
#1014=APPLIED_PERSON_AND_ORGANIZATION_ASSIGNMENT(#1008,#992,(#945));
#1015=PRODUCT_RELATED_PRODUCT_CATEGORY('detail','detail',(#1019));
#1016=APPLICATION_PROTOCOL_DEFINITION('International Standard',
'config_control_design',1994,#1017);
#1017=APPLICATION_CONTEXT(
'configuration controlled 3d designs of mechanical parts and assemblie
s');
#1018=PRODUCT_CONTEXT('3D Mechanical Parts',#1017,'mechanical');
#1019=PRODUCT('Document','Document','',(#1018));
#1020=(
LENGTH_UNIT()
NAMED_UNIT(*)
SI_UNIT(.MILLI.,.METRE.)
);
#1021=(
NAMED_UNIT(*)
PLANE_ANGLE_UNIT()
SI_UNIT($,.RADIAN.)
);
#1022=DIMENSIONAL_EXPONENTS(0.,0.,0.,0.,0.,0.,0.);
#1023=PLANE_ANGLE_MEASURE_WITH_UNIT(PLANE_ANGLE_MEASURE(0.01745329252),
#1021);
#1024=(
CONVERSION_BASED_UNIT('DEGREES',#1023)
NAMED_UNIT(#1022)
PLANE_ANGLE_UNIT()
);
#1025=(
NAMED_UNIT(*)
SI_UNIT($,.STERADIAN.)
SOLID_ANGLE_UNIT()
);
#1026=UNCERTAINTY_MEASURE_WITH_UNIT(LENGTH_MEASURE(0.001),#1020,
'DISTANCE_ACCURACY_VALUE',
'Maximum model space distance between geometric entities at asserted c
onnectivities');
#1027=(
GEOMETRIC_REPRESENTATION_CONTEXT(3)
GLOBAL_UNCERTAINTY_ASSIGNED_CONTEXT((#1026))
GLOBAL_UNIT_ASSIGNED_CONTEXT((#1025,#1024,#1020))
REPRESENTATION_CONTEXT('ID1','3D')
);
#1028=SHAPE_REPRESENTATION('Document',(#1029,#1063),#1027);
#1029=AXIS2_PLACEMENT_3D('',#1101,#1064,#1065);
#1030=AXIS2_PLACEMENT_3D('',#1102,#1066,$);
#1031=AXIS2_PLACEMENT_3D('',#1103,#1067,$);
#1032=AXIS2_PLACEMENT_3D('',#1104,#1068,$);
#1033=AXIS2_PLACEMENT_3D('',#1105,#1069,$);
#1034=AXIS2_PLACEMENT_3D('',#1118,#1070,$);
#1035=AXIS2_PLACEMENT_3D('',#1125,#1071,$);
#1036=AXIS2_PLACEMENT_3D('',#1132,#1072,$);
#1037=AXIS2_PLACEMENT_3D('',#1139,#1073,$);
#1038=AXIS2_PLACEMENT_3D('',#1146,#1074,$);
#1039=AXIS2_PLACEMENT_3D('',#1153,#1075,$);
#1040=AXIS2_PLACEMENT_3D('',#1160,#1076,$);
#1041=AXIS2_PLACEMENT_3D('',#1167,#1077,$);
#1042=AXIS2_PLACEMENT_3D('',#1174,#1078,$);
#1043=AXIS2_PLACEMENT_3D('',#1181,#1079,$);
#1044=AXIS2_PLACEMENT_3D('',#1188,#1080,$);
#1045=AXIS2_PLACEMENT_3D('',#1195,#1081,$);
#1046=AXIS2_PLACEMENT_3D('',#1202,#1082,$);
#1047=AXIS2_PLACEMENT_3D('',#1209,#1083,$);
#1048=AXIS2_PLACEMENT_3D('',#1210,#1084,$);
#1049=AXIS2_PLACEMENT_3D('',#1217,#1085,$);
#1050=AXIS2_PLACEMENT_3D('',#1242,#1086,$);
#1051=AXIS2_PLACEMENT_3D('',#1243,#1087,$);
#1052=AXIS2_PLACEMENT_3D('',#1244,#1088,$);
#1053=AXIS2_PLACEMENT_3D('',#1257,#1089,$);
#1054=AXIS2_PLACEMENT_3D('',#1258,#1090,$);
#1055=AXIS2_PLACEMENT_3D('',#1295,#1091,$);
#1056=AXIS2_PLACEMENT_3D('',#1296,#1092,$);
#1057=AXIS2_PLACEMENT_3D('',#1297,#1093,$);
#1058=AXIS2_PLACEMENT_3D('',#1298,#1094,$);
#1059=AXIS2_PLACEMENT_3D('',#1299,#1095,$);
#1060=AXIS2_PLACEMENT_3D('',#1300,#1096,$);
#1061=AXIS2_PLACEMENT_3D('',#1301,#1097,$);
#1062=AXIS2_PLACEMENT_3D('',#1302,#1098,$);
#1063=AXIS2_PLACEMENT_3D('',#1851,#1099,#1100);
#1064=DIRECTION('',(0.,0.,1.));
#1065=DIRECTION('',(1.,0.,0.));
#1066=DIRECTION('',(0.,1.,0.));
#1067=DIRECTION('',(0.,1.,0.));
#1068=DIRECTION('',(1.48554685328099E-15,0.442460310170368,0.896788087523436));
#1069=DIRECTION('',(0.,1.,0.));
#1070=DIRECTION('',(0.,-1.,0.));
#1071=DIRECTION('',(1.,0.,0.));
#1072=DIRECTION('',(0.,-1.,0.));
#1073=DIRECTION('',(-1.,0.,0.));
#1074=DIRECTION('',(0.,1.,0.));
#1075=DIRECTION('',(1.,0.,0.));
#1076=DIRECTION('',(0.,-1.,0.));
#1077=DIRECTION('',(-1.,0.,0.));
#1078=DIRECTION('',(0.,1.,0.));
#1079=DIRECTION('',(1.,0.,0.));
#1080=DIRECTION('',(0.,-1.,0.));
#1081=DIRECTION('',(-1.,0.,0.));
#1082=DIRECTION('',(0.,1.,0.));
#1083=DIRECTION('',(1.,0.,0.));
#1084=DIRECTION('',(-1.,0.,0.));
#1085=DIRECTION('',(0.,1.,0.));
#1086=DIRECTION('',(0.,0.707106781186537,0.707106781186558));
#1087=DIRECTION('',(1.,0.,0.));
#1088=DIRECTION('',(-1.,0.,0.));
#1089=DIRECTION('',(1.,0.,0.));
#1090=DIRECTION('',(-1.,0.,0.));
#1091=DIRECTION('',(0.,0.,1.));
#1092=DIRECTION('',(0.,0.,-1.));
#1093=DIRECTION('',(0.,0.,-1.));
#1094=DIRECTION('',(0.,0.,1.));
#1095=DIRECTION('',(0.,0.,1.));
#1096=DIRECTION('',(0.,0.,1.));
#1097=DIRECTION('',(0.,-1.,0.));
#1098=DIRECTION('',(0.,0.707106781186537,0.707106781186558));
#1099=DIRECTION('',(0.,0.,1.));
#1100=DIRECTION('',(1.,0.,0.));
#1101=CARTESIAN_POINT('',(0.,0.,0.));
#1102=CARTESIAN_POINT('',(74.9999999999968,-234.273093922514,50.));
#1103=CARTESIAN_POINT('',(66.9999999999968,-253.036616514396,83.));
#1104=CARTESIAN_POINT('',(35.9999999999968,-261.036616514396,85.));
#1105=CARTESIAN_POINT('',(66.9999999999968,-255.036616514396,82.444302035721));
#1106=CARTESIAN_POINT('',(75.9999999999968,-254.036616514396,56.9999999999999));
#1107=CARTESIAN_POINT('',(75.9999999999968,-254.436616514396,56.9999999999999));
#1108=CARTESIAN_POINT('',(75.9999999999968,-254.836616514396,56.9999999999999));
#1109=CARTESIAN_POINT('',(75.9999999999968,-255.036616514396,57.1999999999998));
#1110=CARTESIAN_POINT('',(75.9999999999968,-255.036616514396,57.5999999999999));
#1111=CARTESIAN_POINT('',(75.9999999999968,-255.036616514396,57.9999999999999));
#1112=CARTESIAN_POINT('',(65.9999999999968,-254.036616514396,56.9999999999999));
#1113=CARTESIAN_POINT('',(65.9999999999968,-254.436616514396,56.9999999999999));
#1114=CARTESIAN_POINT('',(65.9999999999968,-254.836616514396,56.9999999999999));
#1115=CARTESIAN_POINT('',(65.9999999999968,-255.036616514396,57.1999999999999));
#1116=CARTESIAN_POINT('',(65.9999999999968,-255.036616514396,57.5999999999999));
#1117=CARTESIAN_POINT('',(65.9999999999968,-255.036616514396,57.9999999999999));
#1118=CARTESIAN_POINT('',(66.9999999999968,-260.036616514396,50.));
#1119=CARTESIAN_POINT('',(70.871273113282,-251.656553939933,56.9999999999999));
#1120=CARTESIAN_POINT('',(69.3499999999969,-251.656553939933,56.9999999999999));
#1121=CARTESIAN_POINT('',(69.3499999999968,-250.065793625846,56.9999999999999));
#1122=CARTESIAN_POINT('',(70.871273113282,-251.656553939933,37.9999999999999));
#1123=CARTESIAN_POINT('',(69.3499999999969,-251.656553939933,37.9999999999999));
#1124=CARTESIAN_POINT('',(69.3499999999968,-250.065793625846,37.9999999999999));
#1125=CARTESIAN_POINT('',(69.3499999999968,-250.065793625846,56.9999999999999));
#1126=CARTESIAN_POINT('',(69.3499999999968,-248.007439402945,56.9999999999999));
#1127=CARTESIAN_POINT('',(69.3499999999968,-246.416679088858,56.9999999999999));
#1128=CARTESIAN_POINT('',(70.871273113282,-246.416679088858,56.9999999999999));
#1129=CARTESIAN_POINT('',(69.3499999999968,-248.007439402945,37.9999999999999));
#1130=CARTESIAN_POINT('',(69.3499999999968,-246.416679088858,37.9999999999999));
#1131=CARTESIAN_POINT('',(70.871273113282,-246.416679088858,37.9999999999999));
#1132=CARTESIAN_POINT('',(70.871273113282,-246.416679088858,56.9999999999999));
#1133=CARTESIAN_POINT('',(71.1287268867116,-246.416679088858,56.9999999999999));
#1134=CARTESIAN_POINT('',(72.6499999999968,-246.416679088858,56.9999999999999));
#1135=CARTESIAN_POINT('',(72.6499999999968,-248.007439402945,56.9999999999999));
#1136=CARTESIAN_POINT('',(71.1287268867116,-246.416679088858,37.9999999999999));
#1137=CARTESIAN_POINT('',(72.6499999999968,-246.416679088858,37.9999999999999));
#1138=CARTESIAN_POINT('',(72.6499999999968,-248.007439402945,37.9999999999999));
#1139=CARTESIAN_POINT('',(72.6499999999968,-248.007439402945,56.9999999999999));
#1140=CARTESIAN_POINT('',(72.6499999999968,-250.065793625846,56.9999999999999));
#1141=CARTESIAN_POINT('',(72.6499999999968,-251.656553939933,56.9999999999999));
#1142=CARTESIAN_POINT('',(71.1287268867116,-251.656553939933,56.9999999999999));
#1143=CARTESIAN_POINT('',(72.6499999999968,-250.065793625846,37.9999999999999));
#1144=CARTESIAN_POINT('',(72.6499999999968,-251.656553939933,37.9999999999999));
#1145=CARTESIAN_POINT('',(71.1287268867116,-251.656553939933,37.9999999999999));
#1146=CARTESIAN_POINT('',(71.1287268867116,-251.656553939933,56.9999999999999));
#1147=CARTESIAN_POINT('',(70.871273113282,-241.656553939933,56.9999999999999));
#1148=CARTESIAN_POINT('',(69.3499999999969,-241.656553939933,56.9999999999999));
#1149=CARTESIAN_POINT('',(69.3499999999968,-240.065793625846,56.9999999999999));
#1150=CARTESIAN_POINT('',(70.871273113282,-241.656553939933,37.9999999999999));
#1151=CARTESIAN_POINT('',(69.3499999999969,-241.656553939933,37.9999999999999));
#1152=CARTESIAN_POINT('',(69.3499999999968,-240.065793625846,37.9999999999999));
#1153=CARTESIAN_POINT('',(69.3499999999968,-240.065793625846,56.9999999999999));
#1154=CARTESIAN_POINT('',(69.3499999999968,-238.007439402945,56.9999999999999));
#1155=CARTESIAN_POINT('',(69.3499999999968,-236.416679088858,56.9999999999999));
#1156=CARTESIAN_POINT('',(70.871273113282,-236.416679088858,56.9999999999999));
#1157=CARTESIAN_POINT('',(69.3499999999968,-238.007439402945,37.9999999999999));
#1158=CARTESIAN_POINT('',(69.3499999999968,-236.416679088858,37.9999999999999));
#1159=CARTESIAN_POINT('',(70.871273113282,-236.416679088858,37.9999999999999));
#1160=CARTESIAN_POINT('',(70.871273113282,-236.416679088858,56.9999999999999));
#1161=CARTESIAN_POINT('',(71.1287268867116,-236.416679088858,56.9999999999999));
#1162=CARTESIAN_POINT('',(72.6499999999968,-236.416679088858,56.9999999999999));
#1163=CARTESIAN_POINT('',(72.6499999999968,-238.007439402945,56.9999999999999));
#1164=CARTESIAN_POINT('',(71.1287268867116,-236.416679088858,37.9999999999999));
#1165=CARTESIAN_POINT('',(72.6499999999968,-236.416679088858,37.9999999999999));
#1166=CARTESIAN_POINT('',(72.6499999999968,-238.007439402945,37.9999999999999));
#1167=CARTESIAN_POINT('',(72.6499999999968,-238.007439402945,56.9999999999999));
#1168=CARTESIAN_POINT('',(72.6499999999968,-240.065793625846,56.9999999999999));
#1169=CARTESIAN_POINT('',(72.6499999999968,-241.656553939933,56.9999999999999));
#1170=CARTESIAN_POINT('',(71.1287268867116,-241.656553939933,56.9999999999999));
#1171=CARTESIAN_POINT('',(72.6499999999968,-240.065793625846,37.9999999999999));
#1172=CARTESIAN_POINT('',(72.6499999999968,-241.656553939933,37.9999999999999));
#1173=CARTESIAN_POINT('',(71.1287268867116,-241.656553939933,37.9999999999999));
#1174=CARTESIAN_POINT('',(71.1287268867116,-241.656553939933,56.9999999999999));
#1175=CARTESIAN_POINT('',(70.7659511150611,-253.800139106277,56.9999999999999));
#1176=CARTESIAN_POINT('',(68.0000000000001,-253.800139106277,56.9999999999999));
#1177=CARTESIAN_POINT('',(68.0000000000001,-250.907847626122,56.9999999999999));
#1178=CARTESIAN_POINT('',(70.7659511150611,-253.800139106277,54.9999999999999));
#1179=CARTESIAN_POINT('',(68.0000000000001,-253.800139106277,54.9999999999999));
#1180=CARTESIAN_POINT('',(68.0000000000001,-250.907847626122,54.9999999999999));
#1181=CARTESIAN_POINT('',(68.0000000000001,-250.907847626122,56.9999999999999));
#1182=CARTESIAN_POINT('',(68.,-247.165385402669,56.9999999999999));
#1183=CARTESIAN_POINT('',(68.0000000000001,-244.273093922514,56.9999999999999));
#1184=CARTESIAN_POINT('',(70.7659511150611,-244.273093922514,56.9999999999999));
#1185=CARTESIAN_POINT('',(68.,-247.165385402669,54.9999999999999));
#1186=CARTESIAN_POINT('',(68.0000000000001,-244.273093922514,54.9999999999999));
#1187=CARTESIAN_POINT('',(70.7659511150611,-244.273093922514,54.9999999999999));
#1188=CARTESIAN_POINT('',(70.7659511150611,-244.273093922514,56.9999999999999));
#1189=CARTESIAN_POINT('',(71.2340488849326,-244.273093922514,56.9999999999999));
#1190=CARTESIAN_POINT('',(73.9999999999935,-244.273093922514,56.9999999999999));
#1191=CARTESIAN_POINT('',(73.9999999999936,-247.165385402669,56.9999999999999));
#1192=CARTESIAN_POINT('',(71.2340488849326,-244.273093922514,54.9999999999999));
#1193=CARTESIAN_POINT('',(73.9999999999935,-244.273093922514,54.9999999999999));
#1194=CARTESIAN_POINT('',(73.9999999999936,-247.165385402669,54.9999999999999));
#1195=CARTESIAN_POINT('',(73.9999999999936,-247.165385402669,56.9999999999999));
#1196=CARTESIAN_POINT('',(73.9999999999936,-250.907847626122,56.9999999999999));
#1197=CARTESIAN_POINT('',(73.9999999999936,-253.800139106277,56.9999999999999));
#1198=CARTESIAN_POINT('',(71.2340488849326,-253.800139106277,56.9999999999999));
#1199=CARTESIAN_POINT('',(73.9999999999936,-250.907847626122,54.9999999999999));
#1200=CARTESIAN_POINT('',(73.9999999999936,-253.800139106277,54.9999999999999));
#1201=CARTESIAN_POINT('',(71.2340488849326,-253.800139106277,54.9999999999999));
#1202=CARTESIAN_POINT('',(71.2340488849326,-253.800139106277,56.9999999999999));
#1203=CARTESIAN_POINT('',(70.7659511150611,-243.800139106277,56.9999999999999));
#1204=CARTESIAN_POINT('',(68.0000000000001,-243.800139106277,56.9999999999999));
#1205=CARTESIAN_POINT('',(68.0000000000001,-240.907847626122,56.9999999999999));
#1206=CARTESIAN_POINT('',(70.7659511150611,-243.800139106277,54.9999999999999));
#1207=CARTESIAN_POINT('',(68.0000000000001,-243.800139106277,54.9999999999999));
#1208=CARTESIAN_POINT('',(68.0000000000001,-240.907847626122,54.9999999999999));
#1209=CARTESIAN_POINT('',(68.0000000000001,-240.907847626122,56.9999999999999));
#1210=CARTESIAN_POINT('',(73.9999999999936,-237.165385402669,56.9999999999999));
#1211=CARTESIAN_POINT('',(73.9999999999936,-240.907847626122,56.9999999999999));
#1212=CARTESIAN_POINT('',(73.9999999999936,-243.800139106277,56.9999999999999));
#1213=CARTESIAN_POINT('',(71.2340488849326,-243.800139106277,56.9999999999999));
#1214=CARTESIAN_POINT('',(73.9999999999936,-240.907847626122,54.9999999999999));
#1215=CARTESIAN_POINT('',(73.9999999999936,-243.800139106277,54.9999999999999));
#1216=CARTESIAN_POINT('',(71.2340488849326,-243.800139106277,54.9999999999999));
#1217=CARTESIAN_POINT('',(71.2340488849326,-243.800139106277,56.9999999999999));
#1218=CARTESIAN_POINT('',(64.9999999999968,-260.036616514396,51.9999999999999));
#1219=CARTESIAN_POINT('',(76.9999999999968,-260.036616514396,51.9999999999999));
#1220=CARTESIAN_POINT('',(64.9999999999968,-260.036616514396,51.2));
#1221=CARTESIAN_POINT('',(76.9999999999968,-260.036616514396,51.2));
#1222=CARTESIAN_POINT('',(64.9999999999968,-260.036616514396,50.4));
#1223=CARTESIAN_POINT('',(76.9999999999968,-260.036616514396,50.4));
#1224=CARTESIAN_POINT('',(64.9999999999968,-259.636616514396,49.9999999999999));
#1225=CARTESIAN_POINT('',(76.9999999999968,-259.636616514396,50.));
#1226=CARTESIAN_POINT('',(64.9999999999968,-258.836616514396,49.9999999999999));
#1227=CARTESIAN_POINT('',(76.9999999999968,-258.836616514396,50.));
#1228=CARTESIAN_POINT('',(64.9999999999968,-258.036616514396,49.9999999999999));
#1229=CARTESIAN_POINT('',(76.9999999999968,-258.036616514396,50.));
#1230=CARTESIAN_POINT('',(76.9999999999968,-234.273093922514,51.9999999999999));
#1231=CARTESIAN_POINT('',(64.9999999999968,-234.273093922514,51.9999999999999));
#1232=CARTESIAN_POINT('',(76.9999999999968,-234.273093922514,51.1999999999999));
#1233=CARTESIAN_POINT('',(64.9999999999968,-234.273093922514,51.1999999999999));
#1234=CARTESIAN_POINT('',(76.9999999999968,-234.273093922514,50.3999999999999));
#1235=CARTESIAN_POINT('',(64.9999999999968,-234.273093922514,50.3999999999999));
#1236=CARTESIAN_POINT('',(76.9999999999968,-234.673093922514,49.9999999999999));
#1237=CARTESIAN_POINT('',(64.9999999999968,-234.673093922514,50.));
#1238=CARTESIAN_POINT('',(76.9999999999968,-235.473093922514,49.9999999999999));
#1239=CARTESIAN_POINT('',(64.9999999999968,-235.473093922514,50.));
#1240=CARTESIAN_POINT('',(76.9999999999968,-236.273093922514,49.9999999999999));
#1241=CARTESIAN_POINT('',(64.9999999999968,-236.273093922514,50.));
#1242=CARTESIAN_POINT('',(62.,-236.273093922514,56.9999999999999));
#1243=CARTESIAN_POINT('',(74.9999999999968,-260.05061674851,49.9999999999999));
#1244=CARTESIAN_POINT('',(66.9999999999968,-235.024616254559,49.9999999999999));
#1245=CARTESIAN_POINT('',(76.9999999999968,-258.036616514396,83.));
#1246=CARTESIAN_POINT('',(76.9999999999968,-258.836616514396,83.));
#1247=CARTESIAN_POINT('',(76.9999999999968,-259.636616514396,83.));
#1248=CARTESIAN_POINT('',(76.9999999999968,-260.036616514396,82.6));
#1249=CARTESIAN_POINT('',(76.9999999999968,-260.036616514396,81.8));
#1250=CARTESIAN_POINT('',(76.9999999999968,-260.036616514396,81.));
#1251=CARTESIAN_POINT('',(64.9999999999968,-258.036616514396,83.));
#1252=CARTESIAN_POINT('',(64.9999999999968,-258.836616514396,83.));
#1253=CARTESIAN_POINT('',(64.9999999999968,-259.636616514396,83.));
#1254=CARTESIAN_POINT('',(64.9999999999968,-260.036616514396,82.6));
#1255=CARTESIAN_POINT('',(64.9999999999968,-260.036616514396,81.8));
#1256=CARTESIAN_POINT('',(64.9999999999968,-260.036616514396,81.));
#1257=CARTESIAN_POINT('',(74.9999999999968,-260.062380556706,49.9929994803768));
#1258=CARTESIAN_POINT('',(66.9999999999968,-234.247329647089,49.9929994803768));
#1259=CARTESIAN_POINT('',(68.,-237.165385402669,57.0020001510284));
#1260=CARTESIAN_POINT('',(68.0000000000001,-234.273093922514,57.0020001510284));
#1261=CARTESIAN_POINT('',(70.7659511150611,-234.273093922514,57.0020001510284));
#1262=CARTESIAN_POINT('',(68.,-237.165385402669,54.9999999999999));
#1263=CARTESIAN_POINT('',(68.0000000000001,-234.273093922514,54.9999999999999));
#1264=CARTESIAN_POINT('',(70.7659511150611,-234.273093922514,54.9999999999999));
#1265=CARTESIAN_POINT('',(71.2340488849326,-234.273093922514,57.0020001510284));
#1266=CARTESIAN_POINT('',(73.9999999999935,-234.273093922514,57.0020001510284));
#1267=CARTESIAN_POINT('',(73.9999999999936,-237.165385402669,57.0020001510284));
#1268=CARTESIAN_POINT('',(71.2340488849326,-234.273093922514,54.9999999999999));
#1269=CARTESIAN_POINT('',(73.9999999999935,-234.273093922514,54.9999999999999));
#1270=CARTESIAN_POINT('',(73.9999999999936,-237.165385402669,54.9999999999999));
#1271=CARTESIAN_POINT('',(70.3884646651744,-237.101521047261,56.9999999999999));
#1272=CARTESIAN_POINT('',(64.9999999999968,-237.101521047261,56.9999999999999));
#1273=CARTESIAN_POINT('',(70.3884646651744,-236.770150197362,56.9999999999999));
#1274=CARTESIAN_POINT('',(64.9999999999968,-236.770150197362,56.9999999999999));
#1275=CARTESIAN_POINT('',(70.3884646651744,-236.438779347464,56.9999999999999));
#1276=CARTESIAN_POINT('',(64.9999999999968,-236.438779347464,56.9999999999999));
#1277=CARTESIAN_POINT('',(70.3884646651744,-236.155936634989,56.8828427124746));
#1278=CARTESIAN_POINT('',(64.9999999999968,-236.155936634989,56.8828427124746));
#1279=CARTESIAN_POINT('',(70.3884646651744,-235.921622059938,56.6485281374238));
#1280=CARTESIAN_POINT('',(64.9999999999968,-235.921622059938,56.6485281374238));
#1281=CARTESIAN_POINT('',(70.3884646651744,-235.687307484887,56.4142135623731));
#1282=CARTESIAN_POINT('',(64.9999999999968,-235.687307484887,56.414213562373));
#1283=CARTESIAN_POINT('',(76.9999999999968,-237.101521047261,56.9999999999999));
#1284=CARTESIAN_POINT('',(71.6115353348193,-237.101521047261,56.9999999999999));
#1285=CARTESIAN_POINT('',(76.9999999999968,-236.770150197362,56.9999999999999));
#1286=CARTESIAN_POINT('',(71.6115353348193,-236.770150197362,56.9999999999999));
#1287=CARTESIAN_POINT('',(76.9999999999968,-236.438779347464,56.9999999999999));
#1288=CARTESIAN_POINT('',(71.6115353348193,-236.438779347464,56.9999999999999));
#1289=CARTESIAN_POINT('',(76.9999999999968,-236.155936634989,56.8828427124746));
#1290=CARTESIAN_POINT('',(71.6115353348193,-236.155936634989,56.8828427124746));
#1291=CARTESIAN_POINT('',(76.9999999999968,-235.921622059938,56.6485281374238));
#1292=CARTESIAN_POINT('',(71.6115353348193,-235.921622059938,56.6485281374238));
#1293=CARTESIAN_POINT('',(76.9999999999968,-235.687307484887,56.414213562373));
#1294=CARTESIAN_POINT('',(71.6115353348193,-235.687307484887,56.414213562373));
#1295=CARTESIAN_POINT('',(74.9999999999968,-253.036616514396,83.));
#1296=CARTESIAN_POINT('',(74.9999999999968,-253.036616514396,80.4039109415645));
#1297=CARTESIAN_POINT('',(66.9999999999968,-260.036616514396,50.));
#1298=CARTESIAN_POINT('',(74.7499999999928,-254.991019754247,54.9999999999999));
#1299=CARTESIAN_POINT('',(74.7499999999928,-244.991019754247,54.9999999999999));
#1300=CARTESIAN_POINT('',(66.9999999999968,-260.036616514396,56.9999999999999));
#1301=CARTESIAN_POINT('',(74.9999999999968,-260.036616514396,83.));
#1302=CARTESIAN_POINT('',(62.,-236.273093922514,56.9999999999999));
#1303=CARTESIAN_POINT('',(74.9999999999968,-260.036616514396,56.9999999999999));
#1304=CARTESIAN_POINT('',(66.9999999999968,-260.036616514396,56.9999999999999));
#1305=CARTESIAN_POINT('',(74.9999999999968,-253.036616514396,80.4039109415645));
#1306=CARTESIAN_POINT('',(66.9999999999968,-253.036616514396,80.4039109415646));
#1307=CARTESIAN_POINT('',(74.9999999999968,-255.036616514396,80.4039109415645));
#1308=CARTESIAN_POINT('',(66.9999999999968,-255.036616514396,80.4039109415646));
#1309=CARTESIAN_POINT('',(66.9999999999968,-253.036616514396,81.0529332061734));
#1310=CARTESIAN_POINT('',(74.9999999999968,-253.036616514396,81.0529332061734));
#1311=CARTESIAN_POINT('',(66.9999999999968,-256.982973433152,83.));
#1312=CARTESIAN_POINT('',(74.9999999999968,-256.982973433152,82.9999999999999));
#1313=CARTESIAN_POINT('',(66.9999999999968,-255.036616514396,57.9999999999999));
#1314=CARTESIAN_POINT('',(74.9999999999968,-255.036616514396,57.9999999999999));
#1315=CARTESIAN_POINT('',(74.9999999999968,-254.036616514396,56.9999999999999));
#1316=CARTESIAN_POINT('',(66.9999999999968,-254.036616514396,56.9999999999999));
#1317=CARTESIAN_POINT('',(70.871273113282,-251.656553939933,49.9999999999999));
#1318=CARTESIAN_POINT('',(69.3499999999968,-250.065793625846,49.9999999999999));
#1319=CARTESIAN_POINT('',(69.3499999999968,-248.007439402945,49.9999999999999));
#1320=CARTESIAN_POINT('',(70.871273113282,-246.416679088858,49.9999999999999));
#1321=CARTESIAN_POINT('',(71.1287268867116,-246.416679088858,49.9999999999999));
#1322=CARTESIAN_POINT('',(72.6499999999968,-248.007439402945,49.9999999999999));
#1323=CARTESIAN_POINT('',(72.6499999999968,-250.065793625846,49.9999999999999));
#1324=CARTESIAN_POINT('',(71.1287268867116,-251.656553939933,49.9999999999999));
#1325=CARTESIAN_POINT('',(70.871273113282,-241.656553939933,49.9999999999999));
#1326=CARTESIAN_POINT('',(69.3499999999968,-240.065793625846,49.9999999999999));
#1327=CARTESIAN_POINT('',(69.3499999999968,-238.007439402945,49.9999999999999));
#1328=CARTESIAN_POINT('',(70.871273113282,-236.416679088858,49.9999999999999));
#1329=CARTESIAN_POINT('',(71.1287268867116,-236.416679088858,49.9999999999999));
#1330=CARTESIAN_POINT('',(72.6499999999968,-238.007439402945,49.9999999999999));
#1331=CARTESIAN_POINT('',(72.6499999999968,-240.065793625846,49.9999999999999));
#1332=CARTESIAN_POINT('',(71.1287268867116,-241.656553939933,49.9999999999999));
#1333=CARTESIAN_POINT('',(68.0000000000001,-250.907847626122,54.9999999999999));
#1334=CARTESIAN_POINT('',(70.7659511150611,-253.800139106277,54.9999999999999));
#1335=CARTESIAN_POINT('',(68.,-247.165385402669,54.9999999999999));
#1336=CARTESIAN_POINT('',(70.7659511150611,-244.273093922514,54.9999999999999));
#1337=CARTESIAN_POINT('',(71.2340488849326,-244.273093922514,54.9999999999999));
#1338=CARTESIAN_POINT('',(73.9999999999936,-247.165385402669,54.9999999999999));
#1339=CARTESIAN_POINT('',(73.9999999999936,-250.907847626122,54.9999999999999));
#1340=CARTESIAN_POINT('',(71.2340488849326,-253.800139106277,54.9999999999999));
#1341=CARTESIAN_POINT('',(70.7659511150611,-253.800139106277,56.9999999999999));
#1342=CARTESIAN_POINT('',(68.0000000000001,-250.907847626122,56.9999999999999));
#1343=CARTESIAN_POINT('',(68.,-247.165385402669,56.9999999999999));
#1344=CARTESIAN_POINT('',(70.7659511150611,-244.273093922514,56.9999999999999));
#1345=CARTESIAN_POINT('',(71.2340488849326,-244.273093922514,56.9999999999999));
#1346=CARTESIAN_POINT('',(73.9999999999936,-247.165385402669,56.9999999999999));
#1347=CARTESIAN_POINT('',(73.9999999999936,-250.907847626122,56.9999999999999));
#1348=CARTESIAN_POINT('',(71.2340488849326,-253.800139106277,56.9999999999999));
#1349=CARTESIAN_POINT('',(70.871273113282,-251.656553939933,54.9999999999999));
#1350=CARTESIAN_POINT('',(69.3499999999968,-250.065793625846,54.9999999999999));
#1351=CARTESIAN_POINT('',(69.3499999999968,-248.007439402945,54.9999999999999));
#1352=CARTESIAN_POINT('',(70.871273113282,-246.416679088858,54.9999999999999));
#1353=CARTESIAN_POINT('',(71.1287268867116,-246.416679088858,54.9999999999999));
#1354=CARTESIAN_POINT('',(72.6499999999968,-248.007439402945,54.9999999999999));
#1355=CARTESIAN_POINT('',(72.6499999999968,-250.065793625846,54.9999999999999));
#1356=CARTESIAN_POINT('',(71.1287268867116,-251.656553939933,54.9999999999999));
#1357=CARTESIAN_POINT('',(68.0000000000001,-240.907847626122,54.9999999999999));
#1358=CARTESIAN_POINT('',(70.7659511150611,-243.800139106277,54.9999999999999));
#1359=CARTESIAN_POINT('',(68.,-237.165385402669,54.9999999999999));
#1360=CARTESIAN_POINT('',(73.9999999999936,-237.165385402669,54.9999999999999));
#1361=CARTESIAN_POINT('',(73.9999999999936,-240.907847626122,54.9999999999999));
#1362=CARTESIAN_POINT('',(71.2340488849326,-243.800139106277,54.9999999999999));
#1363=CARTESIAN_POINT('',(70.7659511150611,-234.273093922514,54.9999999999999));
#1364=CARTESIAN_POINT('',(71.2340488849326,-234.273093922514,54.9999999999999));
#1365=CARTESIAN_POINT('',(70.7659511150611,-243.800139106277,56.9999999999999));
#1366=CARTESIAN_POINT('',(68.0000000000001,-240.907847626122,56.9999999999999));
#1367=CARTESIAN_POINT('',(68.,-237.165385402669,56.9999999999999));
#1368=CARTESIAN_POINT('',(73.9999999999936,-237.165385402669,56.9999999999999));
#1369=CARTESIAN_POINT('',(73.9999999999936,-240.907847626122,56.9999999999999));
#1370=CARTESIAN_POINT('',(71.2340488849326,-243.800139106277,56.9999999999999));
#1371=CARTESIAN_POINT('',(70.871273113282,-241.656553939933,54.9999999999999));
#1372=CARTESIAN_POINT('',(69.3499999999968,-240.065793625846,54.9999999999999));
#1373=CARTESIAN_POINT('',(69.3499999999968,-238.007439402945,54.9999999999999));
#1374=CARTESIAN_POINT('',(70.871273113282,-236.416679088858,54.9999999999999));
#1375=CARTESIAN_POINT('',(71.1287268867116,-236.416679088858,54.9999999999999));
#1376=CARTESIAN_POINT('',(72.6499999999968,-238.007439402945,54.9999999999999));
#1377=CARTESIAN_POINT('',(72.6499999999968,-240.065793625846,54.9999999999999));
#1378=CARTESIAN_POINT('',(71.1287268867116,-241.656553939933,54.9999999999999));
#1379=CARTESIAN_POINT('',(74.9999999999968,-260.036616514396,52.));
#1380=CARTESIAN_POINT('',(66.9999999999968,-260.036616514396,51.9999999999999));
#1381=CARTESIAN_POINT('',(74.9999999999968,-258.036616514396,49.9999999999999));
#1382=CARTESIAN_POINT('',(66.9999999999968,-258.036616514396,49.9999999999999));
#1383=CARTESIAN_POINT('',(74.9999999999968,-234.273093922514,52.));
#1384=CARTESIAN_POINT('',(66.9999999999968,-234.273093922514,52.));
#1385=CARTESIAN_POINT('',(66.9999999999968,-236.273093922514,50.));
#1386=CARTESIAN_POINT('',(74.9999999999968,-236.273093922514,50.));
#1387=CARTESIAN_POINT('',(66.9999999999968,-234.273093922514,55.));
#1388=CARTESIAN_POINT('',(74.9999999999968,-234.273093922514,55.));
#1389=CARTESIAN_POINT('',(74.9999999999968,-258.036616514396,83.));
#1390=CARTESIAN_POINT('',(66.9999999999968,-258.036616514396,83.));
#1391=CARTESIAN_POINT('',(74.9999999999968,-260.036616514396,81.));
#1392=CARTESIAN_POINT('',(66.9999999999968,-260.036616514396,81.));
#1393=CARTESIAN_POINT('',(74.9999999999968,-237.101521047261,56.9999999999999));
#1394=CARTESIAN_POINT('',(68.000674373352,-237.101521047261,56.9999999999999));
#1395=CARTESIAN_POINT('',(74.9999999999968,-235.687307484887,56.4142135623731));
#1396=CARTESIAN_POINT('',(66.9999999999968,-235.687307484887,56.4142135623731));
#1397=CARTESIAN_POINT('',(68.3884607582985,-235.68730896501,56.4142150424953));
#1398=CARTESIAN_POINT('',(73.6115392416962,-235.687308965012,56.4142150424972));
#1399=CARTESIAN_POINT('',(66.9999999999968,-237.10152104726,56.9999999999999));
#1400=CARTESIAN_POINT('',(73.9993256266416,-237.101521047261,57.));
#1401=CARTESIAN_POINT('',(66.9999999999968,-260.036616514396,56.9999999999999));
#1402=CARTESIAN_POINT('',(74.9999999999968,-260.036616514396,56.9999999999999));
#1403=CARTESIAN_POINT('',(74.9999999999968,-260.036616514396,56.9999999999999));
#1404=CARTESIAN_POINT('',(74.9999999999968,-254.036616514396,56.9999999999999));
#1405=CARTESIAN_POINT('',(74.9999999999968,-253.036616514396,80.4039109415645));
#1406=CARTESIAN_POINT('',(74.9999999999968,-255.036616514396,80.4039109415645));
#1407=CARTESIAN_POINT('',(66.9999999999968,-253.036616514396,80.4039109415646));
#1408=CARTESIAN_POINT('',(74.9999999999968,-253.036616514396,80.4039109415645));
#1409=CARTESIAN_POINT('',(74.9999999999968,-255.036616514396,80.4039109415645));
#1410=CARTESIAN_POINT('',(66.9999999999968,-255.036616514396,80.4039109415646));
#1411=CARTESIAN_POINT('',(66.9999999999968,-255.036616514396,80.4039109415646));
#1412=CARTESIAN_POINT('',(66.9999999999968,-253.036616514396,80.4039109415646));
#1413=CARTESIAN_POINT('',(66.9999999999968,-253.036616514396,81.0529332061734));
#1414=CARTESIAN_POINT('',(74.9999999999968,-253.036616514396,81.0529332061734));
#1415=CARTESIAN_POINT('',(66.9999999999968,-256.982973433152,83.));
#1416=CARTESIAN_POINT('',(74.9999999999968,-256.982973433152,82.9999999999999));
#1417=CARTESIAN_POINT('',(74.9999999999968,-256.982973433152,82.9999999999999));
#1418=CARTESIAN_POINT('',(74.9999999999968,-253.036616514396,81.0529332061734));
#1419=CARTESIAN_POINT('',(66.9999999999968,-256.982973433152,83.));
#1420=CARTESIAN_POINT('',(66.9999999999968,-253.036616514396,81.0529332061734));
#1421=CARTESIAN_POINT('',(74.9999999999968,-253.036616514396,81.0529332061734));
#1422=CARTESIAN_POINT('',(74.9999999999968,-253.036616514396,80.4039109415645));
#1423=CARTESIAN_POINT('',(66.9999999999968,-253.036616514396,81.0529332061734));
#1424=CARTESIAN_POINT('',(66.9999999999968,-253.036616514396,80.4039109415646));
#1425=CARTESIAN_POINT('',(74.9999999999968,-256.982973433152,82.9999999999999));
#1426=CARTESIAN_POINT('',(74.9999999999968,-258.036616514396,83.));
#1427=CARTESIAN_POINT('',(66.9999999999968,-256.982973433152,83.));
#1428=CARTESIAN_POINT('',(66.9999999999968,-258.036616514396,83.));
#1429=CARTESIAN_POINT('',(66.9999999999968,-255.036616514396,57.9999999999999));
#1430=CARTESIAN_POINT('',(66.9999999999968,-255.036616514396,80.4039109415646));
#1431=CARTESIAN_POINT('',(74.9999999999968,-255.036616514396,57.9999999999999));
#1432=CARTESIAN_POINT('',(74.9999999999968,-255.036616514396,80.4039109415645));
#1433=CARTESIAN_POINT('',(74.9999999999968,-255.036616514396,57.9999999999999));
#1434=CARTESIAN_POINT('',(66.9999999999968,-255.036616514396,57.9999999999999));
#1435=CARTESIAN_POINT('',(74.9999999999968,-255.036616514396,57.9999999999999));
#1436=CARTESIAN_POINT('',(74.9999999999968,-255.036616514396,57.5999999999999));
#1437=CARTESIAN_POINT('',(74.9999999999968,-255.036616514396,57.1999999999998));
#1438=CARTESIAN_POINT('',(74.9999999999968,-254.836616514396,56.9999999999999));
#1439=CARTESIAN_POINT('',(74.9999999999968,-254.436616514396,56.9999999999999));
#1440=CARTESIAN_POINT('',(74.9999999999968,-254.036616514396,56.9999999999999));
#1441=CARTESIAN_POINT('',(66.9999999999968,-255.036616514396,57.9999999999999));
#1442=CARTESIAN_POINT('',(66.9999999999968,-255.036616514396,57.5999999999999));
#1443=CARTESIAN_POINT('',(66.9999999999968,-255.036616514396,57.1999999999999));
#1444=CARTESIAN_POINT('',(66.9999999999968,-254.836616514396,56.9999999999999));
#1445=CARTESIAN_POINT('',(66.9999999999968,-254.436616514396,56.9999999999999));
#1446=CARTESIAN_POINT('',(66.9999999999968,-254.036616514396,56.9999999999999));
#1447=CARTESIAN_POINT('',(74.9999999999968,-254.036616514396,56.9999999999999));
#1448=CARTESIAN_POINT('',(66.9999999999968,-254.036616514396,56.9999999999999));
#1449=CARTESIAN_POINT('',(66.9999999999968,-254.036616514396,56.9999999999999));
#1450=CARTESIAN_POINT('',(66.9999999999968,-260.036616514396,56.9999999999999));
#1451=CARTESIAN_POINT('',(74.9999999999968,-260.036616514396,56.9999999999999));
#1452=CARTESIAN_POINT('',(74.9999999999968,-260.036616514396,81.));
#1453=CARTESIAN_POINT('',(66.9999999999968,-260.036616514396,56.9999999999999));
#1454=CARTESIAN_POINT('',(66.9999999999968,-260.036616514396,81.));
#1455=CARTESIAN_POINT('',(74.9999999999968,-254.036616514396,56.9999999999999));
#1456=CARTESIAN_POINT('',(74.9999999999968,-237.101521047261,56.9999999999999));
#1457=CARTESIAN_POINT('',(70.871273113282,-251.656553939933,49.9999999999999));
#1458=CARTESIAN_POINT('',(69.3499999999969,-251.656553939933,49.9999999999999));
#1459=CARTESIAN_POINT('',(69.3499999999968,-250.065793625846,49.9999999999999));
#1460=CARTESIAN_POINT('',(69.3499999999968,-250.065793625846,49.9999999999999));
#1461=CARTESIAN_POINT('',(69.3499999999968,-248.007439402945,49.9999999999999));
#1462=CARTESIAN_POINT('',(69.3499999999968,-248.007439402945,49.9999999999999));
#1463=CARTESIAN_POINT('',(69.3499999999968,-246.416679088858,49.9999999999999));
#1464=CARTESIAN_POINT('',(70.871273113282,-246.416679088858,49.9999999999999));
#1465=CARTESIAN_POINT('',(70.871273113282,-246.416679088858,49.9999999999999));
#1466=CARTESIAN_POINT('',(70.9999999999968,-246.416679088858,49.9999999999999));
#1467=CARTESIAN_POINT('',(71.1287268867116,-246.416679088858,49.9999999999999));
#1468=CARTESIAN_POINT('',(71.1287268867116,-246.416679088858,49.9999999999999));
#1469=CARTESIAN_POINT('',(72.6499999999968,-246.416679088858,49.9999999999999));
#1470=CARTESIAN_POINT('',(72.6499999999968,-248.007439402945,49.9999999999999));
#1471=CARTESIAN_POINT('',(72.6499999999968,-248.007439402945,49.9999999999999));
#1472=CARTESIAN_POINT('',(72.6499999999968,-250.065793625846,49.9999999999999));
#1473=CARTESIAN_POINT('',(72.6499999999968,-250.065793625846,49.9999999999999));
#1474=CARTESIAN_POINT('',(72.6499999999968,-251.656553939933,49.9999999999999));
#1475=CARTESIAN_POINT('',(71.1287268867116,-251.656553939933,49.9999999999999));
#1476=CARTESIAN_POINT('',(71.1287268867116,-251.656553939933,49.9999999999999));
#1477=CARTESIAN_POINT('',(70.9999999999968,-251.656553939933,49.9999999999999));
#1478=CARTESIAN_POINT('',(70.871273113282,-251.656553939933,49.9999999999999));
#1479=CARTESIAN_POINT('',(70.871273113282,-241.656553939933,49.9999999999999));
#1480=CARTESIAN_POINT('',(69.3499999999969,-241.656553939933,49.9999999999999));
#1481=CARTESIAN_POINT('',(69.3499999999968,-240.065793625846,49.9999999999999));
#1482=CARTESIAN_POINT('',(69.3499999999968,-240.065793625846,49.9999999999999));
#1483=CARTESIAN_POINT('',(69.3499999999968,-238.007439402945,49.9999999999999));
#1484=CARTESIAN_POINT('',(69.3499999999968,-238.007439402945,49.9999999999999));
#1485=CARTESIAN_POINT('',(69.3499999999968,-236.416679088858,49.9999999999999));
#1486=CARTESIAN_POINT('',(70.871273113282,-236.416679088858,49.9999999999999));
#1487=CARTESIAN_POINT('',(70.871273113282,-236.416679088858,49.9999999999999));
#1488=CARTESIAN_POINT('',(70.9999999999968,-236.416679088858,49.9999999999999));
#1489=CARTESIAN_POINT('',(71.1287268867116,-236.416679088858,49.9999999999999));
#1490=CARTESIAN_POINT('',(71.1287268867116,-236.416679088858,49.9999999999999));
#1491=CARTESIAN_POINT('',(72.6499999999968,-236.416679088858,49.9999999999999));
#1492=CARTESIAN_POINT('',(72.6499999999968,-238.007439402945,49.9999999999999));
#1493=CARTESIAN_POINT('',(72.6499999999968,-238.007439402945,49.9999999999999));
#1494=CARTESIAN_POINT('',(72.6499999999968,-240.065793625846,49.9999999999999));
#1495=CARTESIAN_POINT('',(72.6499999999968,-240.065793625846,49.9999999999999));
#1496=CARTESIAN_POINT('',(72.6499999999968,-241.656553939933,49.9999999999999));
#1497=CARTESIAN_POINT('',(71.1287268867116,-241.656553939933,49.9999999999999));
#1498=CARTESIAN_POINT('',(71.1287268867116,-241.656553939933,49.9999999999999));
#1499=CARTESIAN_POINT('',(70.9999999999968,-241.656553939933,49.9999999999999));
#1500=CARTESIAN_POINT('',(70.871273113282,-241.656553939933,49.9999999999999));
#1501=CARTESIAN_POINT('',(70.7659511150611,-253.800139106277,56.9999999999999));
#1502=CARTESIAN_POINT('',(68.0000000000001,-253.800139106277,56.9999999999999));
#1503=CARTESIAN_POINT('',(68.0000000000001,-250.907847626122,56.9999999999999));
#1504=CARTESIAN_POINT('',(68.0000000000001,-250.907847626122,56.9999999999999));
#1505=CARTESIAN_POINT('',(68.0000000000001,-250.907847626122,54.9999999999999));
#1506=CARTESIAN_POINT('',(70.7659511150611,-253.800139106277,54.9999999999999));
#1507=CARTESIAN_POINT('',(68.0000000000001,-253.800139106277,54.9999999999999));
#1508=CARTESIAN_POINT('',(68.0000000000001,-250.907847626122,54.9999999999999));
#1509=CARTESIAN_POINT('',(70.7659511150611,-253.800139106277,56.9999999999999));
#1510=CARTESIAN_POINT('',(70.7659511150611,-253.800139106277,54.9999999999999));
#1511=CARTESIAN_POINT('',(68.,-247.165385402669,56.9999999999999));
#1512=CARTESIAN_POINT('',(68.,-247.165385402669,54.9999999999999));
#1513=CARTESIAN_POINT('',(68.0000000000001,-250.907847626122,54.9999999999999));
#1514=CARTESIAN_POINT('',(68.0000000000001,-249.036616514396,54.9999999999999));
#1515=CARTESIAN_POINT('',(68.,-247.165385402669,54.9999999999999));
#1516=CARTESIAN_POINT('',(68.,-247.165385402669,56.9999999999999));
#1517=CARTESIAN_POINT('',(68.0000000000001,-244.273093922514,56.9999999999999));
#1518=CARTESIAN_POINT('',(70.7659511150611,-244.273093922514,56.9999999999999));
#1519=CARTESIAN_POINT('',(70.7659511150611,-244.273093922514,56.9999999999999));
#1520=CARTESIAN_POINT('',(70.7659511150611,-244.273093922514,54.9999999999999));
#1521=CARTESIAN_POINT('',(68.,-247.165385402669,54.9999999999999));
#1522=CARTESIAN_POINT('',(68.0000000000001,-244.273093922514,54.9999999999999));
#1523=CARTESIAN_POINT('',(70.7659511150611,-244.273093922514,54.9999999999999));
#1524=CARTESIAN_POINT('',(71.2340488849326,-244.273093922514,56.9999999999999));
#1525=CARTESIAN_POINT('',(71.2340488849326,-244.273093922514,54.9999999999999));
#1526=CARTESIAN_POINT('',(70.7659511150611,-244.273093922514,54.9999999999999));
#1527=CARTESIAN_POINT('',(70.9999999999968,-244.273093922514,54.9999999999999));
#1528=CARTESIAN_POINT('',(71.2340488849326,-244.273093922514,54.9999999999999));
#1529=CARTESIAN_POINT('',(71.2340488849326,-244.273093922514,56.9999999999999));
#1530=CARTESIAN_POINT('',(73.9999999999935,-244.273093922514,56.9999999999999));
#1531=CARTESIAN_POINT('',(73.9999999999936,-247.165385402669,56.9999999999999));
#1532=CARTESIAN_POINT('',(73.9999999999936,-247.165385402669,56.9999999999999));
#1533=CARTESIAN_POINT('',(73.9999999999936,-247.165385402669,54.9999999999999));
#1534=CARTESIAN_POINT('',(71.2340488849326,-244.273093922514,54.9999999999999));
#1535=CARTESIAN_POINT('',(73.9999999999935,-244.273093922514,54.9999999999999));
#1536=CARTESIAN_POINT('',(73.9999999999936,-247.165385402669,54.9999999999999));
#1537=CARTESIAN_POINT('',(73.9999999999936,-250.907847626122,56.9999999999999));
#1538=CARTESIAN_POINT('',(73.9999999999936,-250.907847626122,54.9999999999999));
#1539=CARTESIAN_POINT('',(73.9999999999936,-247.165385402669,54.9999999999999));
#1540=CARTESIAN_POINT('',(73.9999999999936,-249.036616514396,54.9999999999999));
#1541=CARTESIAN_POINT('',(73.9999999999936,-250.907847626122,54.9999999999999));
#1542=CARTESIAN_POINT('',(73.9999999999936,-250.907847626122,56.9999999999999));
#1543=CARTESIAN_POINT('',(73.9999999999936,-253.800139106277,56.9999999999999));
#1544=CARTESIAN_POINT('',(71.2340488849326,-253.800139106277,56.9999999999999));
#1545=CARTESIAN_POINT('',(71.2340488849326,-253.800139106277,56.9999999999999));
#1546=CARTESIAN_POINT('',(71.2340488849326,-253.800139106277,54.9999999999999));
#1547=CARTESIAN_POINT('',(73.9999999999936,-250.907847626122,54.9999999999999));
#1548=CARTESIAN_POINT('',(73.9999999999936,-253.800139106277,54.9999999999999));
#1549=CARTESIAN_POINT('',(71.2340488849326,-253.800139106277,54.9999999999999));
#1550=CARTESIAN_POINT('',(71.2340488849326,-253.800139106277,54.9999999999999));
#1551=CARTESIAN_POINT('',(70.9999999999968,-253.800139106277,54.9999999999999));
#1552=CARTESIAN_POINT('',(70.7659511150611,-253.800139106277,54.9999999999999));
#1553=CARTESIAN_POINT('',(68.0000000000001,-250.907847626122,56.9999999999999));
#1554=CARTESIAN_POINT('',(68.0000000000001,-249.036616514396,56.9999999999999));
#1555=CARTESIAN_POINT('',(68.,-247.165385402669,56.9999999999999));
#1556=CARTESIAN_POINT('',(70.7659511150611,-244.273093922514,56.9999999999999));
#1557=CARTESIAN_POINT('',(70.9999999999968,-244.273093922514,56.9999999999999));
#1558=CARTESIAN_POINT('',(71.2340488849326,-244.273093922514,56.9999999999999));
#1559=CARTESIAN_POINT('',(73.9999999999936,-247.165385402669,56.9999999999999));
#1560=CARTESIAN_POINT('',(73.9999999999936,-249.036616514396,56.9999999999999));
#1561=CARTESIAN_POINT('',(73.9999999999936,-250.907847626122,56.9999999999999));
#1562=CARTESIAN_POINT('',(71.2340488849326,-253.800139106277,56.9999999999999));
#1563=CARTESIAN_POINT('',(70.9999999999968,-253.800139106277,56.9999999999999));
#1564=CARTESIAN_POINT('',(70.7659511150611,-253.800139106277,56.9999999999999));
#1565=CARTESIAN_POINT('',(70.871273113282,-251.656553939933,54.9999999999999));
#1566=CARTESIAN_POINT('',(69.3499999999969,-251.656553939933,54.9999999999999));
#1567=CARTESIAN_POINT('',(69.3499999999968,-250.065793625846,54.9999999999999));
#1568=CARTESIAN_POINT('',(69.3499999999968,-250.065793625846,54.9999999999999));
#1569=CARTESIAN_POINT('',(69.3499999999968,-248.007439402945,54.9999999999999));
#1570=CARTESIAN_POINT('',(69.3499999999968,-248.007439402945,54.9999999999999));
#1571=CARTESIAN_POINT('',(69.3499999999968,-246.416679088858,55.));
#1572=CARTESIAN_POINT('',(70.871273113282,-246.416679088858,54.9999999999999));
#1573=CARTESIAN_POINT('',(70.871273113282,-246.416679088858,54.9999999999999));
#1574=CARTESIAN_POINT('',(70.9999999999968,-246.416679088858,54.9999999999999));
#1575=CARTESIAN_POINT('',(71.1287268867116,-246.416679088858,54.9999999999999));
#1576=CARTESIAN_POINT('',(71.1287268867116,-246.416679088858,54.9999999999999));
#1577=CARTESIAN_POINT('',(72.6499999999968,-246.416679088858,55.));
#1578=CARTESIAN_POINT('',(72.6499999999968,-248.007439402945,54.9999999999999));
#1579=CARTESIAN_POINT('',(72.6499999999968,-248.007439402945,54.9999999999999));
#1580=CARTESIAN_POINT('',(72.6499999999968,-250.065793625846,54.9999999999999));
#1581=CARTESIAN_POINT('',(72.6499999999968,-250.065793625846,54.9999999999999));
#1582=CARTESIAN_POINT('',(72.6499999999968,-251.656553939933,55.));
#1583=CARTESIAN_POINT('',(71.1287268867116,-251.656553939933,54.9999999999999));
#1584=CARTESIAN_POINT('',(71.1287268867116,-251.656553939933,54.9999999999999));
#1585=CARTESIAN_POINT('',(70.9999999999968,-251.656553939933,55.));
#1586=CARTESIAN_POINT('',(70.871273113282,-251.656553939933,54.9999999999999));
#1587=CARTESIAN_POINT('',(69.3499999999968,-250.065793625846,54.9999999999999));
#1588=CARTESIAN_POINT('',(69.3499999999968,-250.065793625846,49.9999999999999));
#1589=CARTESIAN_POINT('',(70.871273113282,-251.656553939933,54.9999999999999));
#1590=CARTESIAN_POINT('',(70.871273113282,-251.656553939933,49.9999999999999));
#1591=CARTESIAN_POINT('',(69.3499999999968,-248.007439402945,54.9999999999999));
#1592=CARTESIAN_POINT('',(69.3499999999968,-248.007439402945,49.9999999999999));
#1593=CARTESIAN_POINT('',(70.871273113282,-246.416679088858,54.9999999999999));
#1594=CARTESIAN_POINT('',(70.871273113282,-246.416679088858,49.9999999999999));
#1595=CARTESIAN_POINT('',(71.1287268867116,-246.416679088858,54.9999999999999));
#1596=CARTESIAN_POINT('',(71.1287268867116,-246.416679088858,49.9999999999999));
#1597=CARTESIAN_POINT('',(72.6499999999968,-248.007439402945,54.9999999999999));
#1598=CARTESIAN_POINT('',(72.6499999999968,-248.007439402945,49.9999999999999));
#1599=CARTESIAN_POINT('',(72.6499999999968,-250.065793625846,54.9999999999999));
#1600=CARTESIAN_POINT('',(72.6499999999968,-250.065793625846,49.9999999999999));
#1601=CARTESIAN_POINT('',(71.1287268867116,-251.656553939933,54.9999999999999));
#1602=CARTESIAN_POINT('',(71.1287268867116,-251.656553939933,49.9999999999999));
#1603=CARTESIAN_POINT('',(70.7659511150611,-243.800139106277,56.9999999999999));
#1604=CARTESIAN_POINT('',(68.0000000000001,-243.800139106277,56.9999999999999));
#1605=CARTESIAN_POINT('',(68.0000000000001,-240.907847626122,56.9999999999999));
#1606=CARTESIAN_POINT('',(68.0000000000001,-240.907847626122,56.9999999999999));
#1607=CARTESIAN_POINT('',(68.0000000000001,-240.907847626122,54.9999999999999));
#1608=CARTESIAN_POINT('',(70.7659511150611,-243.800139106277,54.9999999999999));
#1609=CARTESIAN_POINT('',(68.0000000000001,-243.800139106277,54.9999999999999));
#1610=CARTESIAN_POINT('',(68.0000000000001,-240.907847626122,54.9999999999999));
#1611=CARTESIAN_POINT('',(70.7659511150611,-243.800139106277,56.9999999999999));
#1612=CARTESIAN_POINT('',(70.7659511150611,-243.800139106277,54.9999999999999));
#1613=CARTESIAN_POINT('',(68.,-237.165385402669,56.9999999999999));
#1614=CARTESIAN_POINT('',(68.,-237.165385402669,54.9999999999999));
#1615=CARTESIAN_POINT('',(68.0000000000001,-240.907847626122,54.9999999999999));
#1616=CARTESIAN_POINT('',(68.0000000000001,-239.036616514396,54.9999999999999));
#1617=CARTESIAN_POINT('',(68.,-237.165385402669,54.9999999999999));
#1618=CARTESIAN_POINT('',(68.,-237.165385402669,56.9999999999999));
#1619=CARTESIAN_POINT('',(68.,-237.133449331759,56.9999999999999));
#1620=CARTESIAN_POINT('',(68.000674373352,-237.101521047261,56.9999999999999));
#1621=CARTESIAN_POINT('',(68.,-237.165385402669,54.9999999999999));
#1622=CARTESIAN_POINT('',(68.0000000000001,-234.273093922514,54.9999999999999));
#1623=CARTESIAN_POINT('',(70.7659511150611,-234.273093922514,54.9999999999999));
#1624=CARTESIAN_POINT('',(73.9999999999936,-237.165385402669,56.9999999999999));
#1625=CARTESIAN_POINT('',(73.9999999999936,-237.165385402669,54.9999999999999));
#1626=CARTESIAN_POINT('',(71.2340488849326,-234.273093922514,54.9999999999999));
#1627=CARTESIAN_POINT('',(73.9999999999935,-234.273093922514,54.9999999999999));
#1628=CARTESIAN_POINT('',(73.9999999999936,-237.165385402669,54.9999999999999));
#1629=CARTESIAN_POINT('',(73.9999999999936,-240.907847626122,56.9999999999999));
#1630=CARTESIAN_POINT('',(73.9999999999936,-240.907847626122,54.9999999999999));
#1631=CARTESIAN_POINT('',(73.9999999999936,-237.165385402669,54.9999999999999));
#1632=CARTESIAN_POINT('',(73.9999999999936,-239.036616514396,54.9999999999999));
#1633=CARTESIAN_POINT('',(73.9999999999936,-240.907847626122,54.9999999999999));
#1634=CARTESIAN_POINT('',(73.9999999999936,-240.907847626122,56.9999999999999));
#1635=CARTESIAN_POINT('',(73.9999999999936,-243.800139106277,56.9999999999999));
#1636=CARTESIAN_POINT('',(71.2340488849326,-243.800139106277,56.9999999999999));
#1637=CARTESIAN_POINT('',(71.2340488849326,-243.800139106277,56.9999999999999));
#1638=CARTESIAN_POINT('',(71.2340488849326,-243.800139106277,54.9999999999999));
#1639=CARTESIAN_POINT('',(73.9999999999936,-240.907847626122,54.9999999999999));
#1640=CARTESIAN_POINT('',(73.9999999999936,-243.800139106277,54.9999999999999));
#1641=CARTESIAN_POINT('',(71.2340488849326,-243.800139106277,54.9999999999999));
#1642=CARTESIAN_POINT('',(71.2340488849326,-243.800139106277,54.9999999999999));
#1643=CARTESIAN_POINT('',(70.9999999999968,-243.800139106277,54.9999999999999));
#1644=CARTESIAN_POINT('',(70.7659511150611,-243.800139106277,54.9999999999999));
#1645=CARTESIAN_POINT('',(68.0000000000001,-240.907847626122,56.9999999999999));
#1646=CARTESIAN_POINT('',(68.0000000000001,-239.036616514396,56.9999999999999));
#1647=CARTESIAN_POINT('',(68.,-237.165385402669,56.9999999999999));
#1648=CARTESIAN_POINT('',(73.9999999999936,-237.165385402669,56.9999999999999));
#1649=CARTESIAN_POINT('',(73.9999999999936,-239.036616514396,56.9999999999999));
#1650=CARTESIAN_POINT('',(73.9999999999936,-240.907847626122,56.9999999999999));
#1651=CARTESIAN_POINT('',(71.2340488849326,-243.800139106277,56.9999999999999));
#1652=CARTESIAN_POINT('',(70.9999999999968,-243.800139106277,56.9999999999999));
#1653=CARTESIAN_POINT('',(70.7659511150611,-243.800139106277,56.9999999999999));
#1654=CARTESIAN_POINT('',(70.871273113282,-241.656553939933,54.9999999999999));
#1655=CARTESIAN_POINT('',(69.3499999999968,-241.656553939933,54.9999999999999));
#1656=CARTESIAN_POINT('',(69.3499999999968,-240.065793625846,54.9999999999999));
#1657=CARTESIAN_POINT('',(69.3499999999968,-240.065793625846,54.9999999999999));
#1658=CARTESIAN_POINT('',(69.3499999999968,-238.007439402945,54.9999999999999));
#1659=CARTESIAN_POINT('',(69.3499999999968,-238.007439402945,54.9999999999999));
#1660=CARTESIAN_POINT('',(69.3499999999968,-236.416679088858,55.));
#1661=CARTESIAN_POINT('',(70.871273113282,-236.416679088858,54.9999999999999));
#1662=CARTESIAN_POINT('',(70.871273113282,-236.416679088858,54.9999999999999));
#1663=CARTESIAN_POINT('',(70.9999999999968,-236.416679088858,54.9999999999999));
#1664=CARTESIAN_POINT('',(71.1287268867116,-236.416679088858,54.9999999999999));
#1665=CARTESIAN_POINT('',(71.1287268867116,-236.416679088858,54.9999999999999));
#1666=CARTESIAN_POINT('',(72.6499999999968,-236.416679088858,54.9999999999999));
#1667=CARTESIAN_POINT('',(72.6499999999968,-238.007439402945,54.9999999999999));
#1668=CARTESIAN_POINT('',(72.6499999999968,-238.007439402945,54.9999999999999));
#1669=CARTESIAN_POINT('',(72.6499999999968,-240.065793625846,54.9999999999999));
#1670=CARTESIAN_POINT('',(72.6499999999968,-240.065793625846,54.9999999999999));
#1671=CARTESIAN_POINT('',(72.6499999999968,-241.656553939933,55.));
#1672=CARTESIAN_POINT('',(71.1287268867116,-241.656553939933,54.9999999999999));
#1673=CARTESIAN_POINT('',(71.1287268867116,-241.656553939933,54.9999999999999));
#1674=CARTESIAN_POINT('',(70.9999999999968,-241.656553939933,54.9999999999999));
#1675=CARTESIAN_POINT('',(70.871273113282,-241.656553939933,54.9999999999999));
#1676=CARTESIAN_POINT('',(69.3499999999968,-240.065793625846,54.9999999999999));
#1677=CARTESIAN_POINT('',(69.3499999999968,-240.065793625846,49.9999999999999));
#1678=CARTESIAN_POINT('',(70.871273113282,-241.656553939933,54.9999999999999));
#1679=CARTESIAN_POINT('',(70.871273113282,-241.656553939933,49.9999999999999));
#1680=CARTESIAN_POINT('',(69.3499999999968,-238.007439402945,54.9999999999999));
#1681=CARTESIAN_POINT('',(69.3499999999968,-238.007439402945,49.9999999999999));
#1682=CARTESIAN_POINT('',(70.871273113282,-236.416679088858,54.9999999999999));
#1683=CARTESIAN_POINT('',(70.871273113282,-236.416679088858,49.9999999999999));
#1684=CARTESIAN_POINT('',(71.1287268867116,-236.416679088858,54.9999999999999));
#1685=CARTESIAN_POINT('',(71.1287268867116,-236.416679088858,49.9999999999999));
#1686=CARTESIAN_POINT('',(72.6499999999968,-238.007439402945,54.9999999999999));
#1687=CARTESIAN_POINT('',(72.6499999999968,-238.007439402945,49.9999999999999));
#1688=CARTESIAN_POINT('',(72.6499999999968,-240.065793625846,54.9999999999999));
#1689=CARTESIAN_POINT('',(72.6499999999968,-240.065793625846,49.9999999999999));
#1690=CARTESIAN_POINT('',(71.1287268867116,-241.656553939933,54.9999999999999));
#1691=CARTESIAN_POINT('',(71.1287268867116,-241.656553939933,49.9999999999999));
#1692=CARTESIAN_POINT('',(74.9999999999968,-260.036616514396,52.));
#1693=CARTESIAN_POINT('',(74.9999999999968,-260.036616514396,56.9999999999999));
#1694=CARTESIAN_POINT('',(66.9999999999968,-260.036616514396,51.9999999999999));
#1695=CARTESIAN_POINT('',(66.9999999999968,-260.036616514396,56.9999999999999));
#1696=CARTESIAN_POINT('',(74.9999999999968,-258.036616514396,49.9999999999999));
#1697=CARTESIAN_POINT('',(74.9999999999968,-257.036616514396,49.9999999999999));
#1698=CARTESIAN_POINT('',(74.9999999999968,-236.273093922514,50.));
#1699=CARTESIAN_POINT('',(66.9999999999968,-260.036616514396,51.9999999999999));
#1700=CARTESIAN_POINT('',(74.9999999999968,-260.036616514396,52.));
#1701=CARTESIAN_POINT('',(66.9999999999968,-258.036616514396,49.9999999999999));
#1702=CARTESIAN_POINT('',(74.9999999999968,-258.036616514396,49.9999999999999));
#1703=CARTESIAN_POINT('',(66.9999999999968,-258.036616514396,49.9999999999999));
#1704=CARTESIAN_POINT('',(66.9999999999968,-258.836616514396,49.9999999999999));
#1705=CARTESIAN_POINT('',(66.9999999999968,-259.636616514396,49.9999999999999));
#1706=CARTESIAN_POINT('',(66.9999999999968,-260.036616514396,50.4));
#1707=CARTESIAN_POINT('',(66.9999999999968,-260.036616514396,51.2));
#1708=CARTESIAN_POINT('',(66.9999999999968,-260.036616514396,51.9999999999999));
#1709=CARTESIAN_POINT('',(74.9999999999968,-260.036616514396,52.));
#1710=CARTESIAN_POINT('',(74.9999999999968,-260.036616514396,51.2));
#1711=CARTESIAN_POINT('',(74.9999999999968,-260.036616514396,50.4));
#1712=CARTESIAN_POINT('',(74.9999999999968,-259.636616514396,50.));
#1713=CARTESIAN_POINT('',(74.9999999999968,-258.836616514396,49.9999999999999));
#1714=CARTESIAN_POINT('',(74.9999999999968,-258.036616514396,49.9999999999999));
#1715=CARTESIAN_POINT('',(74.9999999999968,-234.273093922514,52.));
#1716=CARTESIAN_POINT('',(74.9999999999968,-234.273093922514,55.));
#1717=CARTESIAN_POINT('',(66.9999999999968,-234.273093922514,52.));
#1718=CARTESIAN_POINT('',(66.9999999999968,-234.273093922514,55.));
#1719=CARTESIAN_POINT('',(66.9999999999968,-236.273093922514,50.));
#1720=CARTESIAN_POINT('',(66.9999999999968,-257.036616514396,49.9999999999999));
#1721=CARTESIAN_POINT('',(66.9999999999968,-258.036616514396,49.9999999999999));
#1722=CARTESIAN_POINT('',(74.9999999999968,-234.273093922514,52.));
#1723=CARTESIAN_POINT('',(66.9999999999968,-234.273093922514,52.));
#1724=CARTESIAN_POINT('',(74.9999999999968,-236.273093922514,50.));
#1725=CARTESIAN_POINT('',(66.9999999999968,-236.273093922514,50.));
#1726=CARTESIAN_POINT('',(74.9999999999968,-236.273093922514,50.));
#1727=CARTESIAN_POINT('',(74.9999999999968,-235.473093922514,50.));
#1728=CARTESIAN_POINT('',(74.9999999999968,-234.673093922514,50.));
#1729=CARTESIAN_POINT('',(74.9999999999968,-234.273093922514,50.3999999999999));
#1730=CARTESIAN_POINT('',(74.9999999999968,-234.273093922514,51.1999999999999));
#1731=CARTESIAN_POINT('',(74.9999999999968,-234.273093922514,52.));
#1732=CARTESIAN_POINT('',(66.9999999999968,-234.273093922514,52.));
#1733=CARTESIAN_POINT('',(66.9999999999968,-234.273093922514,51.1999999999999));
#1734=CARTESIAN_POINT('',(66.9999999999968,-234.273093922514,50.3999999999999));
#1735=CARTESIAN_POINT('',(66.9999999999968,-234.673093922514,50.));
#1736=CARTESIAN_POINT('',(66.9999999999968,-235.473093922514,50.));
#1737=CARTESIAN_POINT('',(66.9999999999968,-236.273093922514,50.));
#1738=CARTESIAN_POINT('',(66.9999999999968,-234.273093922514,55.));
#1739=CARTESIAN_POINT('',(70.7659511150611,-234.273093922514,54.9999999999999));
#1740=CARTESIAN_POINT('',(71.2340488849326,-234.273093922514,54.9999999999999));
#1741=CARTESIAN_POINT('',(74.9999999999968,-234.273093922514,55.));
#1742=CARTESIAN_POINT('',(74.9999999999968,-234.273093922514,55.));
#1743=CARTESIAN_POINT('',(74.9999999999968,-235.687307484887,56.4142135623731));
#1744=CARTESIAN_POINT('',(71.2340488849326,-234.273093922514,54.9999999999999));
#1745=CARTESIAN_POINT('',(71.4350711819436,-234.273093873657,54.9999999511425));
#1746=CARTESIAN_POINT('',(71.6328110545587,-234.296004098057,55.0229101754296));
#1747=CARTESIAN_POINT('',(72.0146054314193,-234.383160282119,55.1100663594916));
#1748=CARTESIAN_POINT('',(72.1943690149505,-234.446281748927,55.1731878264128));
#1749=CARTESIAN_POINT('',(72.6924849800068,-234.678751853165,55.4056579306507));
#1750=CARTESIAN_POINT('',(72.9688726977144,-234.889132348371,55.6160384258564));
#1751=CARTESIAN_POINT('',(73.1898716599879,-235.120225763587,55.8471318410727));
#1752=CARTESIAN_POINT('',(73.3584169658905,-235.296469624459,56.0233757019444));
#1753=CARTESIAN_POINT('',(73.4982979892793,-235.488066592758,56.2149726702433));
#1754=CARTESIAN_POINT('',(73.6115392416962,-235.687308965012,56.4142150424972));
#1755=CARTESIAN_POINT('',(70.7659511150611,-234.273093922514,54.9999999999999));
#1756=CARTESIAN_POINT('',(71.2340488849326,-234.273093922514,54.9999999999999));
#1757=CARTESIAN_POINT('',(74.9999999999968,-258.036616514396,83.));
#1758=CARTESIAN_POINT('',(66.9999999999968,-258.036616514396,83.));
#1759=CARTESIAN_POINT('',(74.9999999999968,-260.036616514396,81.));
#1760=CARTESIAN_POINT('',(66.9999999999968,-260.036616514396,81.));
#1761=CARTESIAN_POINT('',(74.9999999999968,-258.036616514396,83.));
#1762=CARTESIAN_POINT('',(74.9999999999968,-258.836616514396,83.));
#1763=CARTESIAN_POINT('',(74.9999999999968,-259.636616514396,83.));
#1764=CARTESIAN_POINT('',(74.9999999999968,-260.036616514396,82.6));
#1765=CARTESIAN_POINT('',(74.9999999999968,-260.036616514396,81.8));
#1766=CARTESIAN_POINT('',(74.9999999999968,-260.036616514396,81.));
#1767=CARTESIAN_POINT('',(66.9999999999968,-260.036616514396,81.));
#1768=CARTESIAN_POINT('',(66.9999999999968,-260.036616514396,81.8));
#1769=CARTESIAN_POINT('',(66.9999999999968,-260.036616514396,82.6));
#1770=CARTESIAN_POINT('',(66.9999999999968,-259.636616514396,83.));
#1771=CARTESIAN_POINT('',(66.9999999999968,-258.836616514396,83.));
#1772=CARTESIAN_POINT('',(66.9999999999968,-258.036616514396,83.));
#1773=CARTESIAN_POINT('',(66.9999999999968,-235.687307484887,56.4142135623731));
#1774=CARTESIAN_POINT('',(66.9999999999968,-234.273093922514,55.));
#1775=CARTESIAN_POINT('',(68.3884607582985,-235.68730896501,56.4142150424953));
#1776=CARTESIAN_POINT('',(68.5017020107152,-235.488066592757,56.2149726702424));
#1777=CARTESIAN_POINT('',(68.6415830341035,-235.296469624459,56.0233757019445));
#1778=CARTESIAN_POINT('',(68.8101283400053,-235.120225763588,55.8471318410736));
#1779=CARTESIAN_POINT('',(69.0311273022792,-234.889132348371,55.6160384258567));
#1780=CARTESIAN_POINT('',(69.307515019986,-234.678751853166,55.4056579306515));
#1781=CARTESIAN_POINT('',(69.8056309850421,-234.446281748928,55.1731878264135));
#1782=CARTESIAN_POINT('',(69.9853945685751,-234.383160282119,55.1100663594915));
#1783=CARTESIAN_POINT('',(70.3671889454344,-234.296004098057,55.0229101754296));
#1784=CARTESIAN_POINT('',(70.5649288180505,-234.273093873657,54.9999999511425));
#1785=CARTESIAN_POINT('',(70.7659511150611,-234.273093922514,54.9999999999999));
#1786=CARTESIAN_POINT('',(66.9999999999968,-237.10152104726,56.9999999999999));
#1787=CARTESIAN_POINT('',(66.9999999999968,-254.036616514396,56.9999999999999));
#1788=CARTESIAN_POINT('',(73.9993256266416,-237.101521047261,57.));
#1789=CARTESIAN_POINT('',(73.9999999999936,-237.133449331759,56.9999999999999));
#1790=CARTESIAN_POINT('',(73.9999999999936,-237.165385402669,56.9999999999999));
#1791=CARTESIAN_POINT('',(68.000674373352,-237.101521047261,56.9999999999999));
#1792=CARTESIAN_POINT('',(66.9999999999968,-237.10152104726,56.9999999999999));
#1793=CARTESIAN_POINT('',(74.9999999999968,-237.101521047261,56.9999999999999));
#1794=CARTESIAN_POINT('',(73.9993256266416,-237.101521047261,57.));
#1795=CARTESIAN_POINT('',(66.9999999999968,-237.10152104726,56.9999999999999));
#1796=CARTESIAN_POINT('',(66.9999999999968,-236.770150197362,56.9999999999999));
#1797=CARTESIAN_POINT('',(66.9999999999968,-236.438779347464,57.));
#1798=CARTESIAN_POINT('',(66.9999999999968,-236.155936634989,56.8828427124746));
#1799=CARTESIAN_POINT('',(66.9999999999968,-235.921622059938,56.6485281374238));
#1800=CARTESIAN_POINT('',(66.9999999999968,-235.687307484887,56.4142135623731));
#1801=CARTESIAN_POINT('',(68.3884607582985,-235.68730896501,56.4142150424953));
#1802=CARTESIAN_POINT('',(66.9999999999968,-235.687307484887,56.4142135623731));
#1803=CARTESIAN_POINT('',(68.000674373352,-237.101521047261,56.9999999999999));
#1804=CARTESIAN_POINT('',(68.001360209811,-237.069050286084,57.0000000567675));
#1805=CARTESIAN_POINT('',(68.0037736372025,-237.004250082624,56.9999958491414));
#1806=CARTESIAN_POINT('',(68.010497183444,-236.907521167129,56.9986362086799));
#1807=CARTESIAN_POINT('',(68.0202403347599,-236.81176954695,56.994747044334));
#1808=CARTESIAN_POINT('',(68.0328789194504,-236.717408158313,56.9873133011545));
#1809=CARTESIAN_POINT('',(68.048256508587,-236.624787033485,56.9754831347268));
#1810=CARTESIAN_POINT('',(68.0661934567181,-236.534196135513,56.9585704723839));
#1811=CARTESIAN_POINT('',(68.0864959651171,-236.445864393208,56.9360590957273));
#1812=CARTESIAN_POINT('',(68.1089656094421,-236.35995750394,56.9076069862427));
#1813=CARTESIAN_POINT('',(68.1334098555434,-236.276573440726,56.8730494094867));
#1814=CARTESIAN_POINT('',(68.1596536525956,-236.195737092255,56.832399214306));
#1815=CARTESIAN_POINT('',(68.1875516298038,-236.117395923006,56.7858440037392));
#1816=CARTESIAN_POINT('',(68.2170001261431,-236.041418136839,56.7337413495386));
#1817=CARTESIAN_POINT('',(68.2479486448137,-235.967593548813,56.6766137945004));
#1818=CARTESIAN_POINT('',(68.2804106476314,-235.895635752753,56.6151454037554));
#1819=CARTESIAN_POINT('',(68.3144753613688,-235.825185350663,56.5501787082005));
#1820=CARTESIAN_POINT('',(68.3503181189039,-235.755808440758,56.4827173647072));
#1821=CARTESIAN_POINT('',(68.3754641162167,-235.71016760861,56.4370735974039));
#1822=CARTESIAN_POINT('',(68.3884607582985,-235.68730896501,56.4142150424953));
#1823=CARTESIAN_POINT('',(74.9999999999968,-235.687307484887,56.4142135623731));
#1824=CARTESIAN_POINT('',(74.9999999999968,-235.921622059938,56.6485281374238));
#1825=CARTESIAN_POINT('',(74.9999999999968,-236.155936634989,56.8828427124746));
#1826=CARTESIAN_POINT('',(74.9999999999968,-236.438779347464,57.));
#1827=CARTESIAN_POINT('',(74.9999999999968,-236.770150197362,56.9999999999999));
#1828=CARTESIAN_POINT('',(74.9999999999968,-237.101521047261,56.9999999999999));
#1829=CARTESIAN_POINT('',(73.6115392416962,-235.687308965012,56.4142150424972));
#1830=CARTESIAN_POINT('',(73.6245358837776,-235.710167608611,56.4370735974052));
#1831=CARTESIAN_POINT('',(73.6496818810901,-235.755808440759,56.482717364708));
#1832=CARTESIAN_POINT('',(73.685524638625,-235.825185350663,56.5501787082009));
#1833=CARTESIAN_POINT('',(73.7195893523624,-235.895635752753,56.6151454037556));
#1834=CARTESIAN_POINT('',(73.75205135518,-235.967593548813,56.6766137945007));
#1835=CARTESIAN_POINT('',(73.7829998738506,-236.041418136839,56.7337413495388));
#1836=CARTESIAN_POINT('',(73.81244837019,-236.117395923006,56.7858440037394));
#1837=CARTESIAN_POINT('',(73.8403463473981,-236.195737092255,56.8323992143063));
#1838=CARTESIAN_POINT('',(73.8665901444503,-236.276573440726,56.8730494094868));
#1839=CARTESIAN_POINT('',(73.8910343905517,-236.359957503941,56.9076069862429));
#1840=CARTESIAN_POINT('',(73.9135040348767,-236.445864393208,56.9360590957274));
#1841=CARTESIAN_POINT('',(73.9338065432756,-236.534196135513,56.9585704723841));
#1842=CARTESIAN_POINT('',(73.9517434914067,-236.624787033485,56.9754831347268));
#1843=CARTESIAN_POINT('',(73.9671210805434,-236.717408158314,56.9873133011547));
#1844=CARTESIAN_POINT('',(73.9797596652337,-236.811769546951,56.9947470443341));
#1845=CARTESIAN_POINT('',(73.9895028165497,-236.907521167129,56.99863620868));
#1846=CARTESIAN_POINT('',(73.9962263627912,-237.004250082624,56.9999958491414));
#1847=CARTESIAN_POINT('',(73.9986397901827,-237.069050286084,57.0000000567676));
#1848=CARTESIAN_POINT('',(73.9993256266416,-237.101521047261,57.));
#1849=CARTESIAN_POINT('',(74.9999999999968,-235.687307484887,56.4142135623731));
#1850=CARTESIAN_POINT('',(73.6115392416962,-235.687308965012,56.4142150424972));
#1851=CARTESIAN_POINT('',(0.,0.,0.));
ENDSEC;
END-ISO-10303-21;
