ISO-10303-21;
HEADER;
/* Generated by software containing ST-Developer
 * from STEP Tools, Inc. (www.steptools.com) 
 */
/* OPTION: using custom schema-name function */

FILE_DESCRIPTION(
/* description */ (''),
/* implementation_level */ '2;1');

FILE_NAME(
/* name */ 'UnoMount',
/* time_stamp */ '2025-06-23T16:17:47+03:00',
/* author */ (''),
/* organization */ (''),
/* preprocessor_version */ 'ST-DEVELOPER v16.5',
/* originating_system */ 'Rhino 7.23',
/* authorisation */ '');

FILE_SCHEMA (('CONFIG_CONTROL_DESIGN'));
ENDSEC;

DATA;
#10=SHAPE_REPRESENTATION_RELATIONSHIP('','',#1860,#12);
#11=MANIFOLD_SOLID_BREP('brep_1',#13);
#12=ADVANCED_BREP_SHAPE_REPRESENTATION('brep_rep_0',(#11,#1947),#1859);
#13=CLOSED_SHELL('',(#24,#25,#26,#27,#28,#29,#30,#31,#32,#33,#34,#35,#36,
#37,#38,#39,#40,#41,#42,#43,#44,#45,#46,#47,#48,#49,#50,#51,#52,#53,#54,
#55,#56,#57,#58,#59,#60,#61,#62,#63,#64,#65,#66,#67,#68,#69,#70,#71,#72,
#73,#74,#75,#76,#77,#78,#79,#80,#81,#82,#83,#84,#85,#86,#87,#88,#89,#90,
#91,#92,#93,#94,#95,#96,#97,#98,#99,#100,#101,#102,#103,#104,#105,#106,
#107,#108,#109,#110,#111,#112,#113,#114,#115,#116,#117,#118,#119,#120,#121,
#122,#123,#124,#125,#126));
#14=FACE_BOUND('',#314,.T.);
#15=FACE_BOUND('',#316,.T.);
#16=FACE_BOUND('',#318,.T.);
#17=FACE_BOUND('',#320,.T.);
#18=FACE_BOUND('',#321,.T.);
#19=FACE_BOUND('',#322,.T.);
#20=FACE_BOUND('',#323,.T.);
#21=FACE_BOUND('',#324,.T.);
#22=FACE_BOUND('',#328,.T.);
#23=FACE_BOUND('',#330,.T.);
#24=ADVANCED_FACE('',(#127),#1707,.T.);
#25=ADVANCED_FACE('',(#128),#1708,.T.);
#26=ADVANCED_FACE('',(#129),#1709,.T.);
#27=ADVANCED_FACE('',(#130),#1710,.T.);
#28=ADVANCED_FACE('',(#131),#1689,.T.);
#29=ADVANCED_FACE('',(#132),#1689,.T.);
#30=ADVANCED_FACE('',(#133),#1735,.T.);
#31=ADVANCED_FACE('',(#134),#1713,.T.);
#32=ADVANCED_FACE('',(#135),#1714,.T.);
#33=ADVANCED_FACE('',(#136),#1715,.T.);
#34=ADVANCED_FACE('',(#137),#1716,.T.);
#35=ADVANCED_FACE('',(#138),#1718,.T.);
#36=ADVANCED_FACE('',(#139),#1717,.T.);
#37=ADVANCED_FACE('',(#140),#1757,.T.);
#38=ADVANCED_FACE('',(#141),#1758,.T.);
#39=ADVANCED_FACE('',(#142),#1719,.T.);
#40=ADVANCED_FACE('',(#143),#1720,.T.);
#41=ADVANCED_FACE('',(#144),#1721,.T.);
#42=ADVANCED_FACE('',(#145),#1726,.T.);
#43=ADVANCED_FACE('',(#146),#1690,.T.);
#44=ADVANCED_FACE('',(#147),#1690,.T.);
#45=ADVANCED_FACE('',(#148),#1730,.T.);
#46=ADVANCED_FACE('',(#149),#1729,.T.);
#47=ADVANCED_FACE('',(#150),#1705,.T.);
#48=ADVANCED_FACE('',(#151),#1691,.T.);
#49=ADVANCED_FACE('',(#152),#1731,.T.);
#50=ADVANCED_FACE('',(#153),#1732,.T.);
#51=ADVANCED_FACE('',(#154),#1706,.T.);
#52=ADVANCED_FACE('',(#155),#1692,.T.);
#53=ADVANCED_FACE('',(#156),#1728,.T.);
#54=ADVANCED_FACE('',(#157),#1677,.T.);
#55=ADVANCED_FACE('',(#158),#1759,.T.);
#56=ADVANCED_FACE('',(#159),#1688,.T.);
#57=ADVANCED_FACE('',(#160),#1679,.T.);
#58=ADVANCED_FACE('',(#161),#1680,.T.);
#59=ADVANCED_FACE('',(#162),#1678,.T.);
#60=ADVANCED_FACE('',(#163),#1693,.F.);
#61=ADVANCED_FACE('',(#164),#1677,.T.);
#62=ADVANCED_FACE('',(#165),#1760,.T.);
#63=ADVANCED_FACE('',(#166),#1694,.F.);
#64=ADVANCED_FACE('',(#167),#1695,.F.);
#65=ADVANCED_FACE('',(#168),#1769,.T.);
#66=ADVANCED_FACE('',(#169),#1679,.T.);
#67=ADVANCED_FACE('',(#170),#1680,.T.);
#68=ADVANCED_FACE('',(#171),#1696,.F.);
#69=ADVANCED_FACE('',(#172),#1697,.F.);
#70=ADVANCED_FACE('',(#173),#1698,.F.);
#71=ADVANCED_FACE('',(#174),#1699,.F.);
#72=ADVANCED_FACE('',(#175),#1700,.F.);
#73=ADVANCED_FACE('',(#176),#1681,.T.);
#74=ADVANCED_FACE('',(#177),#1682,.T.);
#75=ADVANCED_FACE('',(#178),#1683,.T.);
#76=ADVANCED_FACE('',(#179),#1770,.T.);
#77=ADVANCED_FACE('',(#180),#1724,.T.);
#78=ADVANCED_FACE('',(#181),#1684,.T.);
#79=ADVANCED_FACE('',(#182),#1712,.T.);
#80=ADVANCED_FACE('',(#183),#1685,.T.);
#81=ADVANCED_FACE('',(#184),#1686,.T.);
#82=ADVANCED_FACE('',(#185),#1725,.T.);
#83=ADVANCED_FACE('',(#186),#1727,.T.);
#84=ADVANCED_FACE('',(#187),#1723,.T.);
#85=ADVANCED_FACE('',(#188),#1736,.T.);
#86=ADVANCED_FACE('',(#189),#1733,.T.);
#87=ADVANCED_FACE('',(#190),#1737,.T.);
#88=ADVANCED_FACE('',(#191),#1733,.T.);
#89=ADVANCED_FACE('',(#192),#1738,.T.);
#90=ADVANCED_FACE('',(#193),#1739,.T.);
#91=ADVANCED_FACE('',(#194),#1761,.T.);
#92=ADVANCED_FACE('',(#195),#1762,.T.);
#93=ADVANCED_FACE('',(#196),#1763,.T.);
#94=ADVANCED_FACE('',(#197),#1740,.T.);
#95=ADVANCED_FACE('',(#198),#1764,.T.);
#96=ADVANCED_FACE('',(#199),#1765,.T.);
#97=ADVANCED_FACE('',(#200),#1722,.T.);
#98=ADVANCED_FACE('',(#201),#1741,.T.);
#99=ADVANCED_FACE('',(#202),#1742,.T.);
#100=ADVANCED_FACE('',(#203),#1701,.F.);
#101=ADVANCED_FACE('',(#204),#1743,.T.);
#102=ADVANCED_FACE('',(#205),#1702,.F.);
#103=ADVANCED_FACE('',(#206),#1744,.T.);
#104=ADVANCED_FACE('',(#207),#1703,.F.);
#105=ADVANCED_FACE('',(#208),#1745,.T.);
#106=ADVANCED_FACE('',(#209),#1704,.F.);
#107=ADVANCED_FACE('',(#210,#14),#1766,.T.);
#108=ADVANCED_FACE('',(#211,#15),#1746,.T.);
#109=ADVANCED_FACE('',(#212,#16),#1747,.T.);
#110=ADVANCED_FACE('',(#213,#17,#18,#19,#20,#21),#1748,.T.);
#111=ADVANCED_FACE('',(#214),#1749,.T.);
#112=ADVANCED_FACE('',(#215),#1771,.T.);
#113=ADVANCED_FACE('',(#216,#22),#1751,.T.);
#114=ADVANCED_FACE('',(#217,#23),#1752,.T.);
#115=ADVANCED_FACE('',(#218),#1687,.T.);
#116=ADVANCED_FACE('',(#219),#1734,.T.);
#117=ADVANCED_FACE('',(#220),#1711,.T.);
#118=ADVANCED_FACE('',(#221),#1772,.T.);
#119=ADVANCED_FACE('',(#222),#1753,.T.);
#120=ADVANCED_FACE('',(#223),#1754,.T.);
#121=ADVANCED_FACE('',(#224),#1767,.T.);
#122=ADVANCED_FACE('',(#225),#1755,.T.);
#123=ADVANCED_FACE('',(#226),#1768,.T.);
#124=ADVANCED_FACE('',(#227),#1750,.T.);
#125=ADVANCED_FACE('',(#228),#1773,.T.);
#126=ADVANCED_FACE('',(#229),#1756,.T.);
#127=FACE_OUTER_BOUND('',#230,.T.);
#128=FACE_OUTER_BOUND('',#231,.T.);
#129=FACE_OUTER_BOUND('',#232,.T.);
#130=FACE_OUTER_BOUND('',#233,.T.);
#131=FACE_OUTER_BOUND('',#234,.T.);
#132=FACE_OUTER_BOUND('',#235,.T.);
#133=FACE_OUTER_BOUND('',#236,.T.);
#134=FACE_OUTER_BOUND('',#237,.T.);
#135=FACE_OUTER_BOUND('',#238,.T.);
#136=FACE_OUTER_BOUND('',#239,.T.);
#137=FACE_OUTER_BOUND('',#240,.T.);
#138=FACE_OUTER_BOUND('',#241,.T.);
#139=FACE_OUTER_BOUND('',#242,.T.);
#140=FACE_OUTER_BOUND('',#243,.T.);
#141=FACE_OUTER_BOUND('',#244,.T.);
#142=FACE_OUTER_BOUND('',#245,.T.);
#143=FACE_OUTER_BOUND('',#246,.T.);
#144=FACE_OUTER_BOUND('',#247,.T.);
#145=FACE_OUTER_BOUND('',#248,.T.);
#146=FACE_OUTER_BOUND('',#249,.T.);
#147=FACE_OUTER_BOUND('',#250,.T.);
#148=FACE_OUTER_BOUND('',#251,.T.);
#149=FACE_OUTER_BOUND('',#252,.T.);
#150=FACE_OUTER_BOUND('',#253,.T.);
#151=FACE_OUTER_BOUND('',#254,.T.);
#152=FACE_OUTER_BOUND('',#255,.T.);
#153=FACE_OUTER_BOUND('',#256,.T.);
#154=FACE_OUTER_BOUND('',#257,.T.);
#155=FACE_OUTER_BOUND('',#258,.T.);
#156=FACE_OUTER_BOUND('',#259,.T.);
#157=FACE_OUTER_BOUND('',#260,.T.);
#158=FACE_OUTER_BOUND('',#261,.T.);
#159=FACE_OUTER_BOUND('',#262,.T.);
#160=FACE_OUTER_BOUND('',#263,.T.);
#161=FACE_OUTER_BOUND('',#264,.T.);
#162=FACE_OUTER_BOUND('',#265,.T.);
#163=FACE_OUTER_BOUND('',#266,.T.);
#164=FACE_OUTER_BOUND('',#267,.T.);
#165=FACE_OUTER_BOUND('',#268,.T.);
#166=FACE_OUTER_BOUND('',#269,.T.);
#167=FACE_OUTER_BOUND('',#270,.T.);
#168=FACE_OUTER_BOUND('',#271,.T.);
#169=FACE_OUTER_BOUND('',#272,.T.);
#170=FACE_OUTER_BOUND('',#273,.T.);
#171=FACE_OUTER_BOUND('',#274,.T.);
#172=FACE_OUTER_BOUND('',#275,.T.);
#173=FACE_OUTER_BOUND('',#276,.T.);
#174=FACE_OUTER_BOUND('',#277,.T.);
#175=FACE_OUTER_BOUND('',#278,.T.);
#176=FACE_OUTER_BOUND('',#279,.T.);
#177=FACE_OUTER_BOUND('',#280,.T.);
#178=FACE_OUTER_BOUND('',#281,.T.);
#179=FACE_OUTER_BOUND('',#282,.T.);
#180=FACE_OUTER_BOUND('',#283,.T.);
#181=FACE_OUTER_BOUND('',#284,.T.);
#182=FACE_OUTER_BOUND('',#285,.T.);
#183=FACE_OUTER_BOUND('',#286,.T.);
#184=FACE_OUTER_BOUND('',#287,.T.);
#185=FACE_OUTER_BOUND('',#288,.T.);
#186=FACE_OUTER_BOUND('',#289,.T.);
#187=FACE_OUTER_BOUND('',#290,.T.);
#188=FACE_OUTER_BOUND('',#291,.T.);
#189=FACE_OUTER_BOUND('',#292,.T.);
#190=FACE_OUTER_BOUND('',#293,.T.);
#191=FACE_OUTER_BOUND('',#294,.T.);
#192=FACE_OUTER_BOUND('',#295,.T.);
#193=FACE_OUTER_BOUND('',#296,.T.);
#194=FACE_OUTER_BOUND('',#297,.T.);
#195=FACE_OUTER_BOUND('',#298,.T.);
#196=FACE_OUTER_BOUND('',#299,.T.);
#197=FACE_OUTER_BOUND('',#300,.T.);
#198=FACE_OUTER_BOUND('',#301,.T.);
#199=FACE_OUTER_BOUND('',#302,.T.);
#200=FACE_OUTER_BOUND('',#303,.T.);
#201=FACE_OUTER_BOUND('',#304,.T.);
#202=FACE_OUTER_BOUND('',#305,.T.);
#203=FACE_OUTER_BOUND('',#306,.T.);
#204=FACE_OUTER_BOUND('',#307,.T.);
#205=FACE_OUTER_BOUND('',#308,.T.);
#206=FACE_OUTER_BOUND('',#309,.T.);
#207=FACE_OUTER_BOUND('',#310,.T.);
#208=FACE_OUTER_BOUND('',#311,.T.);
#209=FACE_OUTER_BOUND('',#312,.T.);
#210=FACE_OUTER_BOUND('',#313,.T.);
#211=FACE_OUTER_BOUND('',#315,.T.);
#212=FACE_OUTER_BOUND('',#317,.T.);
#213=FACE_OUTER_BOUND('',#319,.T.);
#214=FACE_OUTER_BOUND('',#325,.T.);
#215=FACE_OUTER_BOUND('',#326,.T.);
#216=FACE_OUTER_BOUND('',#327,.T.);
#217=FACE_OUTER_BOUND('',#329,.T.);
#218=FACE_OUTER_BOUND('',#331,.T.);
#219=FACE_OUTER_BOUND('',#332,.T.);
#220=FACE_OUTER_BOUND('',#333,.T.);
#221=FACE_OUTER_BOUND('',#334,.T.);
#222=FACE_OUTER_BOUND('',#335,.T.);
#223=FACE_OUTER_BOUND('',#336,.T.);
#224=FACE_OUTER_BOUND('',#337,.T.);
#225=FACE_OUTER_BOUND('',#338,.T.);
#226=FACE_OUTER_BOUND('',#339,.T.);
#227=FACE_OUTER_BOUND('',#340,.T.);
#228=FACE_OUTER_BOUND('',#341,.T.);
#229=FACE_OUTER_BOUND('',#342,.T.);
#230=EDGE_LOOP('',(#343,#344,#345,#346));
#231=EDGE_LOOP('',(#347,#348,#349,#350));
#232=EDGE_LOOP('',(#351,#352,#353,#354));
#233=EDGE_LOOP('',(#355,#356,#357,#358));
#234=EDGE_LOOP('',(#359,#360,#361,#362));
#235=EDGE_LOOP('',(#363,#364,#365,#366));
#236=EDGE_LOOP('',(#367,#368,#369,#370,#371,#372,#373,#374));
#237=EDGE_LOOP('',(#375,#376,#377,#378));
#238=EDGE_LOOP('',(#379,#380,#381,#382,#383,#384));
#239=EDGE_LOOP('',(#385,#386,#387,#388));
#240=EDGE_LOOP('',(#389,#390,#391,#392));
#241=EDGE_LOOP('',(#393,#394,#395,#396,#397));
#242=EDGE_LOOP('',(#398,#399,#400,#401));
#243=EDGE_LOOP('',(#402,#403,#404,#405));
#244=EDGE_LOOP('',(#406,#407,#408,#409,#410,#411,#412,#413,#414,#415));
#245=EDGE_LOOP('',(#416,#417,#418,#419,#420,#421));
#246=EDGE_LOOP('',(#422,#423,#424,#425));
#247=EDGE_LOOP('',(#426,#427,#428,#429,#430,#431,#432,#433));
#248=EDGE_LOOP('',(#434,#435,#436,#437,#438));
#249=EDGE_LOOP('',(#439,#440,#441,#442));
#250=EDGE_LOOP('',(#443,#444,#445,#446));
#251=EDGE_LOOP('',(#447,#448,#449));
#252=EDGE_LOOP('',(#450,#451,#452,#453,#454));
#253=EDGE_LOOP('',(#455,#456,#457,#458));
#254=EDGE_LOOP('',(#459,#460,#461,#462));
#255=EDGE_LOOP('',(#463,#464,#465,#466,#467));
#256=EDGE_LOOP('',(#468,#469,#470));
#257=EDGE_LOOP('',(#471,#472,#473,#474));
#258=EDGE_LOOP('',(#475,#476,#477,#478));
#259=EDGE_LOOP('',(#479,#480,#481,#482,#483));
#260=EDGE_LOOP('',(#484,#485,#486,#487,#488));
#261=EDGE_LOOP('',(#489,#490,#491,#492,#493,#494,#495));
#262=EDGE_LOOP('',(#496,#497,#498,#499));
#263=EDGE_LOOP('',(#500,#501,#502,#503));
#264=EDGE_LOOP('',(#504,#505,#506,#507));
#265=EDGE_LOOP('',(#508,#509,#510,#511));
#266=EDGE_LOOP('',(#512,#513,#514,#515,#516,#517));
#267=EDGE_LOOP('',(#518,#519,#520,#521));
#268=EDGE_LOOP('',(#522,#523,#524,#525,#526,#527));
#269=EDGE_LOOP('',(#528,#529,#530,#531,#532,#533));
#270=EDGE_LOOP('',(#534,#535,#536,#537,#538,#539));
#271=EDGE_LOOP('',(#540,#541,#542,#543,#544,#545));
#272=EDGE_LOOP('',(#546,#547,#548,#549));
#273=EDGE_LOOP('',(#550,#551,#552,#553,#554));
#274=EDGE_LOOP('',(#555,#556,#557,#558,#559,#560));
#275=EDGE_LOOP('',(#561,#562,#563,#564));
#276=EDGE_LOOP('',(#565,#566,#567,#568));
#277=EDGE_LOOP('',(#569,#570,#571,#572));
#278=EDGE_LOOP('',(#573,#574,#575,#576));
#279=EDGE_LOOP('',(#577,#578,#579,#580,#581,#582));
#280=EDGE_LOOP('',(#583,#584,#585,#586,#587,#588));
#281=EDGE_LOOP('',(#589,#590,#591,#592));
#282=EDGE_LOOP('',(#593,#594,#595,#596,#597,#598,#599));
#283=EDGE_LOOP('',(#600,#601,#602,#603,#604,#605));
#284=EDGE_LOOP('',(#606,#607,#608,#609));
#285=EDGE_LOOP('',(#610,#611,#612,#613,#614,#615,#616));
#286=EDGE_LOOP('',(#617,#618,#619,#620,#621));
#287=EDGE_LOOP('',(#622,#623,#624,#625));
#288=EDGE_LOOP('',(#626,#627,#628));
#289=EDGE_LOOP('',(#629,#630,#631));
#290=EDGE_LOOP('',(#632,#633,#634,#635,#636,#637,#638,#639,#640,#641));
#291=EDGE_LOOP('',(#642,#643,#644,#645,#646,#647,#648,#649,#650));
#292=EDGE_LOOP('',(#651,#652,#653,#654));
#293=EDGE_LOOP('',(#655,#656,#657,#658,#659,#660,#661,#662,#663));
#294=EDGE_LOOP('',(#664,#665,#666,#667));
#295=EDGE_LOOP('',(#668,#669,#670,#671,#672,#673,#674,#675,#676,#677));
#296=EDGE_LOOP('',(#678,#679,#680,#681));
#297=EDGE_LOOP('',(#682,#683,#684,#685,#686,#687,#688,#689,#690,#691));
#298=EDGE_LOOP('',(#692,#693,#694));
#299=EDGE_LOOP('',(#695,#696,#697));
#300=EDGE_LOOP('',(#698,#699,#700,#701));
#301=EDGE_LOOP('',(#702,#703,#704));
#302=EDGE_LOOP('',(#705,#706,#707));
#303=EDGE_LOOP('',(#708,#709,#710,#711));
#304=EDGE_LOOP('',(#712,#713,#714,#715));
#305=EDGE_LOOP('',(#716,#717,#718,#719));
#306=EDGE_LOOP('',(#720,#721,#722,#723));
#307=EDGE_LOOP('',(#724,#725,#726,#727));
#308=EDGE_LOOP('',(#728,#729,#730,#731));
#309=EDGE_LOOP('',(#732,#733,#734,#735));
#310=EDGE_LOOP('',(#736,#737,#738,#739));
#311=EDGE_LOOP('',(#740,#741,#742,#743));
#312=EDGE_LOOP('',(#744,#745,#746,#747));
#313=EDGE_LOOP('',(#748,#749,#750,#751));
#314=EDGE_LOOP('',(#752,#753,#754,#755,#756,#757,#758,#759));
#315=EDGE_LOOP('',(#760,#761,#762,#763,#764,#765,#766,#767,#768));
#316=EDGE_LOOP('',(#769));
#317=EDGE_LOOP('',(#770,#771,#772,#773,#774,#775,#776,#777,#778));
#318=EDGE_LOOP('',(#779));
#319=EDGE_LOOP('',(#780,#781,#782,#783,#784,#785,#786,#787,#788,#789,#790,
#791,#792,#793,#794,#795,#796,#797,#798,#799,#800,#801,#802,#803,#804,#805,
#806,#807,#808,#809,#810,#811,#812,#813));
#320=EDGE_LOOP('',(#814));
#321=EDGE_LOOP('',(#815));
#322=EDGE_LOOP('',(#816));
#323=EDGE_LOOP('',(#817));
#324=EDGE_LOOP('',(#818,#819,#820,#821,#822,#823,#824,#825));
#325=EDGE_LOOP('',(#826,#827,#828,#829));
#326=EDGE_LOOP('',(#830,#831,#832,#833));
#327=EDGE_LOOP('',(#834,#835,#836,#837,#838,#839,#840,#841,#842,#843));
#328=EDGE_LOOP('',(#844));
#329=EDGE_LOOP('',(#845,#846,#847,#848,#849,#850,#851,#852,#853,#854));
#330=EDGE_LOOP('',(#855));
#331=EDGE_LOOP('',(#856,#857,#858,#859));
#332=EDGE_LOOP('',(#860,#861,#862,#863,#864,#865));
#333=EDGE_LOOP('',(#866,#867,#868,#869));
#334=EDGE_LOOP('',(#870,#871,#872));
#335=EDGE_LOOP('',(#873,#874,#875,#876));
#336=EDGE_LOOP('',(#877,#878,#879,#880,#881));
#337=EDGE_LOOP('',(#882,#883,#884));
#338=EDGE_LOOP('',(#885,#886,#887,#888,#889));
#339=EDGE_LOOP('',(#890,#891,#892));
#340=EDGE_LOOP('',(#893,#894,#895));
#341=EDGE_LOOP('',(#896,#897,#898,#899,#900,#901,#902,#903,#904,#905,#906));
#342=EDGE_LOOP('',(#907,#908,#909,#910,#911,#912,#913,#914,#915,#916));
#343=ORIENTED_EDGE('',*,*,#919,.T.);
#344=ORIENTED_EDGE('',*,*,#920,.T.);
#345=ORIENTED_EDGE('',*,*,#921,.F.);
#346=ORIENTED_EDGE('',*,*,#917,.F.);
#347=ORIENTED_EDGE('',*,*,#925,.T.);
#348=ORIENTED_EDGE('',*,*,#926,.T.);
#349=ORIENTED_EDGE('',*,*,#927,.F.);
#350=ORIENTED_EDGE('',*,*,#923,.F.);
#351=ORIENTED_EDGE('',*,*,#930,.T.);
#352=ORIENTED_EDGE('',*,*,#931,.T.);
#353=ORIENTED_EDGE('',*,*,#932,.F.);
#354=ORIENTED_EDGE('',*,*,#928,.F.);
#355=ORIENTED_EDGE('',*,*,#934,.T.);
#356=ORIENTED_EDGE('',*,*,#935,.T.);
#357=ORIENTED_EDGE('',*,*,#936,.F.);
#358=ORIENTED_EDGE('',*,*,#933,.F.);
#359=ORIENTED_EDGE('',*,*,#940,.T.);
#360=ORIENTED_EDGE('',*,*,#944,.T.);
#361=ORIENTED_EDGE('',*,*,#942,.T.);
#362=ORIENTED_EDGE('',*,*,#945,.F.);
#363=ORIENTED_EDGE('',*,*,#943,.F.);
#364=ORIENTED_EDGE('',*,*,#942,.F.);
#365=ORIENTED_EDGE('',*,*,#941,.T.);
#366=ORIENTED_EDGE('',*,*,#931,.F.);
#367=ORIENTED_EDGE('',*,*,#952,.F.);
#368=ORIENTED_EDGE('',*,*,#953,.T.);
#369=ORIENTED_EDGE('',*,*,#951,.F.);
#370=ORIENTED_EDGE('',*,*,#955,.T.);
#371=ORIENTED_EDGE('',*,*,#1099,.F.);
#372=ORIENTED_EDGE('',*,*,#1087,.F.);
#373=ORIENTED_EDGE('',*,*,#1203,.F.);
#374=ORIENTED_EDGE('',*,*,#1169,.F.);
#375=ORIENTED_EDGE('',*,*,#967,.T.);
#376=ORIENTED_EDGE('',*,*,#956,.T.);
#377=ORIENTED_EDGE('',*,*,#946,.T.);
#378=ORIENTED_EDGE('',*,*,#964,.F.);
#379=ORIENTED_EDGE('',*,*,#954,.T.);
#380=ORIENTED_EDGE('',*,*,#951,.T.);
#381=ORIENTED_EDGE('',*,*,#947,.F.);
#382=ORIENTED_EDGE('',*,*,#968,.T.);
#383=ORIENTED_EDGE('',*,*,#948,.T.);
#384=ORIENTED_EDGE('',*,*,#956,.F.);
#385=ORIENTED_EDGE('',*,*,#949,.F.);
#386=ORIENTED_EDGE('',*,*,#957,.F.);
#387=ORIENTED_EDGE('',*,*,#952,.T.);
#388=ORIENTED_EDGE('',*,*,#1170,.F.);
#389=ORIENTED_EDGE('',*,*,#957,.T.);
#390=ORIENTED_EDGE('',*,*,#950,.F.);
#391=ORIENTED_EDGE('',*,*,#947,.T.);
#392=ORIENTED_EDGE('',*,*,#953,.F.);
#393=ORIENTED_EDGE('',*,*,#1171,.T.);
#394=ORIENTED_EDGE('',*,*,#1200,.T.);
#395=ORIENTED_EDGE('',*,*,#961,.T.);
#396=ORIENTED_EDGE('',*,*,#959,.F.);
#397=ORIENTED_EDGE('',*,*,#1190,.F.);
#398=ORIENTED_EDGE('',*,*,#965,.T.);
#399=ORIENTED_EDGE('',*,*,#958,.F.);
#400=ORIENTED_EDGE('',*,*,#961,.F.);
#401=ORIENTED_EDGE('',*,*,#966,.F.);
#402=ORIENTED_EDGE('',*,*,#964,.T.);
#403=ORIENTED_EDGE('',*,*,#962,.F.);
#404=ORIENTED_EDGE('',*,*,#965,.F.);
#405=ORIENTED_EDGE('',*,*,#963,.F.);
#406=ORIENTED_EDGE('',*,*,#1172,.T.);
#407=ORIENTED_EDGE('',*,*,#1202,.T.);
#408=ORIENTED_EDGE('',*,*,#972,.F.);
#409=ORIENTED_EDGE('',*,*,#971,.F.);
#410=ORIENTED_EDGE('',*,*,#1162,.F.);
#411=ORIENTED_EDGE('',*,*,#1157,.T.);
#412=ORIENTED_EDGE('',*,*,#1173,.T.);
#413=ORIENTED_EDGE('',*,*,#1191,.T.);
#414=ORIENTED_EDGE('',*,*,#969,.T.);
#415=ORIENTED_EDGE('',*,*,#970,.T.);
#416=ORIENTED_EDGE('',*,*,#970,.F.);
#417=ORIENTED_EDGE('',*,*,#974,.T.);
#418=ORIENTED_EDGE('',*,*,#968,.F.);
#419=ORIENTED_EDGE('',*,*,#950,.T.);
#420=ORIENTED_EDGE('',*,*,#949,.T.);
#421=ORIENTED_EDGE('',*,*,#1174,.F.);
#422=ORIENTED_EDGE('',*,*,#1175,.T.);
#423=ORIENTED_EDGE('',*,*,#1190,.T.);
#424=ORIENTED_EDGE('',*,*,#973,.F.);
#425=ORIENTED_EDGE('',*,*,#1191,.F.);
#426=ORIENTED_EDGE('',*,*,#959,.T.);
#427=ORIENTED_EDGE('',*,*,#958,.T.);
#428=ORIENTED_EDGE('',*,*,#962,.T.);
#429=ORIENTED_EDGE('',*,*,#946,.F.);
#430=ORIENTED_EDGE('',*,*,#948,.F.);
#431=ORIENTED_EDGE('',*,*,#974,.F.);
#432=ORIENTED_EDGE('',*,*,#969,.F.);
#433=ORIENTED_EDGE('',*,*,#973,.T.);
#434=ORIENTED_EDGE('',*,*,#1023,.T.);
#435=ORIENTED_EDGE('',*,*,#982,.T.);
#436=ORIENTED_EDGE('',*,*,#976,.T.);
#437=ORIENTED_EDGE('',*,*,#999,.F.);
#438=ORIENTED_EDGE('',*,*,#1003,.T.);
#439=ORIENTED_EDGE('',*,*,#933,.T.);
#440=ORIENTED_EDGE('',*,*,#979,.F.);
#441=ORIENTED_EDGE('',*,*,#978,.F.);
#442=ORIENTED_EDGE('',*,*,#977,.T.);
#443=ORIENTED_EDGE('',*,*,#980,.T.);
#444=ORIENTED_EDGE('',*,*,#978,.T.);
#445=ORIENTED_EDGE('',*,*,#981,.F.);
#446=ORIENTED_EDGE('',*,*,#976,.F.);
#447=ORIENTED_EDGE('',*,*,#1024,.F.);
#448=ORIENTED_EDGE('',*,*,#1014,.F.);
#449=ORIENTED_EDGE('',*,*,#918,.F.);
#450=ORIENTED_EDGE('',*,*,#1013,.F.);
#451=ORIENTED_EDGE('',*,*,#1025,.F.);
#452=ORIENTED_EDGE('',*,*,#983,.F.);
#453=ORIENTED_EDGE('',*,*,#985,.T.);
#454=ORIENTED_EDGE('',*,*,#984,.T.);
#455=ORIENTED_EDGE('',*,*,#986,.F.);
#456=ORIENTED_EDGE('',*,*,#987,.T.);
#457=ORIENTED_EDGE('',*,*,#988,.T.);
#458=ORIENTED_EDGE('',*,*,#985,.F.);
#459=ORIENTED_EDGE('',*,*,#917,.T.);
#460=ORIENTED_EDGE('',*,*,#990,.T.);
#461=ORIENTED_EDGE('',*,*,#987,.F.);
#462=ORIENTED_EDGE('',*,*,#989,.F.);
#463=ORIENTED_EDGE('',*,*,#1015,.F.);
#464=ORIENTED_EDGE('',*,*,#1008,.T.);
#465=ORIENTED_EDGE('',*,*,#991,.F.);
#466=ORIENTED_EDGE('',*,*,#998,.F.);
#467=ORIENTED_EDGE('',*,*,#1026,.F.);
#468=ORIENTED_EDGE('',*,*,#1016,.F.);
#469=ORIENTED_EDGE('',*,*,#1071,.F.);
#470=ORIENTED_EDGE('',*,*,#1138,.F.);
#471=ORIENTED_EDGE('',*,*,#992,.F.);
#472=ORIENTED_EDGE('',*,*,#993,.T.);
#473=ORIENTED_EDGE('',*,*,#994,.T.);
#474=ORIENTED_EDGE('',*,*,#926,.F.);
#475=ORIENTED_EDGE('',*,*,#991,.T.);
#476=ORIENTED_EDGE('',*,*,#996,.T.);
#477=ORIENTED_EDGE('',*,*,#993,.F.);
#478=ORIENTED_EDGE('',*,*,#995,.F.);
#479=ORIENTED_EDGE('',*,*,#939,.F.);
#480=ORIENTED_EDGE('',*,*,#940,.F.);
#481=ORIENTED_EDGE('',*,*,#938,.T.);
#482=ORIENTED_EDGE('',*,*,#1027,.F.);
#483=ORIENTED_EDGE('',*,*,#1006,.T.);
#484=ORIENTED_EDGE('',*,*,#1029,.T.);
#485=ORIENTED_EDGE('',*,*,#1031,.T.);
#486=ORIENTED_EDGE('',*,*,#1136,.F.);
#487=ORIENTED_EDGE('',*,*,#1002,.F.);
#488=ORIENTED_EDGE('',*,*,#1032,.F.);
#489=ORIENTED_EDGE('',*,*,#1080,.F.);
#490=ORIENTED_EDGE('',*,*,#1017,.F.);
#491=ORIENTED_EDGE('',*,*,#1020,.T.);
#492=ORIENTED_EDGE('',*,*,#1027,.T.);
#493=ORIENTED_EDGE('',*,*,#975,.T.);
#494=ORIENTED_EDGE('',*,*,#1198,.F.);
#495=ORIENTED_EDGE('',*,*,#1176,.F.);
#496=ORIENTED_EDGE('',*,*,#1021,.T.);
#497=ORIENTED_EDGE('',*,*,#1006,.F.);
#498=ORIENTED_EDGE('',*,*,#1020,.F.);
#499=ORIENTED_EDGE('',*,*,#1019,.F.);
#500=ORIENTED_EDGE('',*,*,#1036,.T.);
#501=ORIENTED_EDGE('',*,*,#1037,.T.);
#502=ORIENTED_EDGE('',*,*,#1014,.T.);
#503=ORIENTED_EDGE('',*,*,#1038,.F.);
#504=ORIENTED_EDGE('',*,*,#1041,.T.);
#505=ORIENTED_EDGE('',*,*,#1043,.T.);
#506=ORIENTED_EDGE('',*,*,#1015,.T.);
#507=ORIENTED_EDGE('',*,*,#1044,.F.);
#508=ORIENTED_EDGE('',*,*,#1004,.F.);
#509=ORIENTED_EDGE('',*,*,#1005,.F.);
#510=ORIENTED_EDGE('',*,*,#1007,.T.);
#511=ORIENTED_EDGE('',*,*,#1018,.F.);
#512=ORIENTED_EDGE('',*,*,#1085,.T.);
#513=ORIENTED_EDGE('',*,*,#1018,.T.);
#514=ORIENTED_EDGE('',*,*,#1022,.T.);
#515=ORIENTED_EDGE('',*,*,#1019,.T.);
#516=ORIENTED_EDGE('',*,*,#1017,.T.);
#517=ORIENTED_EDGE('',*,*,#1081,.F.);
#518=ORIENTED_EDGE('',*,*,#1028,.T.);
#519=ORIENTED_EDGE('',*,*,#1001,.F.);
#520=ORIENTED_EDGE('',*,*,#1003,.F.);
#521=ORIENTED_EDGE('',*,*,#1000,.T.);
#522=ORIENTED_EDGE('',*,*,#1060,.F.);
#523=ORIENTED_EDGE('',*,*,#1059,.T.);
#524=ORIENTED_EDGE('',*,*,#1023,.F.);
#525=ORIENTED_EDGE('',*,*,#1001,.T.);
#526=ORIENTED_EDGE('',*,*,#1086,.F.);
#527=ORIENTED_EDGE('',*,*,#1082,.F.);
#528=ORIENTED_EDGE('',*,*,#1086,.T.);
#529=ORIENTED_EDGE('',*,*,#1028,.F.);
#530=ORIENTED_EDGE('',*,*,#1033,.T.);
#531=ORIENTED_EDGE('',*,*,#1029,.F.);
#532=ORIENTED_EDGE('',*,*,#1030,.T.);
#533=ORIENTED_EDGE('',*,*,#1083,.F.);
#534=ORIENTED_EDGE('',*,*,#1077,.T.);
#535=ORIENTED_EDGE('',*,*,#1035,.F.);
#536=ORIENTED_EDGE('',*,*,#1039,.T.);
#537=ORIENTED_EDGE('',*,*,#1036,.F.);
#538=ORIENTED_EDGE('',*,*,#1034,.T.);
#539=ORIENTED_EDGE('',*,*,#1072,.F.);
#540=ORIENTED_EDGE('',*,*,#1042,.F.);
#541=ORIENTED_EDGE('',*,*,#1044,.T.);
#542=ORIENTED_EDGE('',*,*,#1026,.T.);
#543=ORIENTED_EDGE('',*,*,#997,.T.);
#544=ORIENTED_EDGE('',*,*,#1079,.F.);
#545=ORIENTED_EDGE('',*,*,#1073,.F.);
#546=ORIENTED_EDGE('',*,*,#1035,.T.);
#547=ORIENTED_EDGE('',*,*,#1012,.F.);
#548=ORIENTED_EDGE('',*,*,#1013,.T.);
#549=ORIENTED_EDGE('',*,*,#1009,.T.);
#550=ORIENTED_EDGE('',*,*,#1040,.T.);
#551=ORIENTED_EDGE('',*,*,#1011,.F.);
#552=ORIENTED_EDGE('',*,*,#1016,.T.);
#553=ORIENTED_EDGE('',*,*,#1137,.T.);
#554=ORIENTED_EDGE('',*,*,#1010,.T.);
#555=ORIENTED_EDGE('',*,*,#1078,.T.);
#556=ORIENTED_EDGE('',*,*,#1040,.F.);
#557=ORIENTED_EDGE('',*,*,#1045,.T.);
#558=ORIENTED_EDGE('',*,*,#1041,.F.);
#559=ORIENTED_EDGE('',*,*,#1042,.T.);
#560=ORIENTED_EDGE('',*,*,#1074,.F.);
#561=ORIENTED_EDGE('',*,*,#1046,.T.);
#562=ORIENTED_EDGE('',*,*,#1047,.T.);
#563=ORIENTED_EDGE('',*,*,#1055,.F.);
#564=ORIENTED_EDGE('',*,*,#1047,.F.);
#565=ORIENTED_EDGE('',*,*,#1048,.T.);
#566=ORIENTED_EDGE('',*,*,#1049,.T.);
#567=ORIENTED_EDGE('',*,*,#1056,.F.);
#568=ORIENTED_EDGE('',*,*,#1049,.F.);
#569=ORIENTED_EDGE('',*,*,#1054,.T.);
#570=ORIENTED_EDGE('',*,*,#1051,.F.);
#571=ORIENTED_EDGE('',*,*,#1050,.T.);
#572=ORIENTED_EDGE('',*,*,#1051,.T.);
#573=ORIENTED_EDGE('',*,*,#1052,.T.);
#574=ORIENTED_EDGE('',*,*,#1053,.T.);
#575=ORIENTED_EDGE('',*,*,#1057,.F.);
#576=ORIENTED_EDGE('',*,*,#1053,.F.);
#577=ORIENTED_EDGE('',*,*,#1117,.F.);
#578=ORIENTED_EDGE('',*,*,#1097,.F.);
#579=ORIENTED_EDGE('',*,*,#1089,.F.);
#580=ORIENTED_EDGE('',*,*,#1075,.F.);
#581=ORIENTED_EDGE('',*,*,#1079,.T.);
#582=ORIENTED_EDGE('',*,*,#1058,.T.);
#583=ORIENTED_EDGE('',*,*,#1115,.T.);
#584=ORIENTED_EDGE('',*,*,#1060,.T.);
#585=ORIENTED_EDGE('',*,*,#1100,.F.);
#586=ORIENTED_EDGE('',*,*,#1090,.F.);
#587=ORIENTED_EDGE('',*,*,#1114,.F.);
#588=ORIENTED_EDGE('',*,*,#1118,.F.);
#589=ORIENTED_EDGE('',*,*,#1198,.T.);
#590=ORIENTED_EDGE('',*,*,#1062,.T.);
#591=ORIENTED_EDGE('',*,*,#1192,.F.);
#592=ORIENTED_EDGE('',*,*,#1177,.F.);
#593=ORIENTED_EDGE('',*,*,#1196,.T.);
#594=ORIENTED_EDGE('',*,*,#1063,.T.);
#595=ORIENTED_EDGE('',*,*,#1025,.T.);
#596=ORIENTED_EDGE('',*,*,#1012,.T.);
#597=ORIENTED_EDGE('',*,*,#1077,.F.);
#598=ORIENTED_EDGE('',*,*,#1195,.F.);
#599=ORIENTED_EDGE('',*,*,#1178,.F.);
#600=ORIENTED_EDGE('',*,*,#1179,.T.);
#601=ORIENTED_EDGE('',*,*,#1192,.T.);
#602=ORIENTED_EDGE('',*,*,#1061,.T.);
#603=ORIENTED_EDGE('',*,*,#1149,.T.);
#604=ORIENTED_EDGE('',*,*,#1167,.F.);
#605=ORIENTED_EDGE('',*,*,#1165,.T.);
#606=ORIENTED_EDGE('',*,*,#1193,.T.);
#607=ORIENTED_EDGE('',*,*,#1064,.T.);
#608=ORIENTED_EDGE('',*,*,#1196,.F.);
#609=ORIENTED_EDGE('',*,*,#1180,.F.);
#610=ORIENTED_EDGE('',*,*,#1067,.T.);
#611=ORIENTED_EDGE('',*,*,#955,.F.);
#612=ORIENTED_EDGE('',*,*,#954,.F.);
#613=ORIENTED_EDGE('',*,*,#967,.F.);
#614=ORIENTED_EDGE('',*,*,#963,.T.);
#615=ORIENTED_EDGE('',*,*,#966,.T.);
#616=ORIENTED_EDGE('',*,*,#960,.T.);
#617=ORIENTED_EDGE('',*,*,#1194,.T.);
#618=ORIENTED_EDGE('',*,*,#1091,.F.);
#619=ORIENTED_EDGE('',*,*,#1098,.T.);
#620=ORIENTED_EDGE('',*,*,#1201,.F.);
#621=ORIENTED_EDGE('',*,*,#1181,.F.);
#622=ORIENTED_EDGE('',*,*,#1099,.T.);
#623=ORIENTED_EDGE('',*,*,#1067,.F.);
#624=ORIENTED_EDGE('',*,*,#1098,.F.);
#625=ORIENTED_EDGE('',*,*,#1092,.F.);
#626=ORIENTED_EDGE('',*,*,#1068,.T.);
#627=ORIENTED_EDGE('',*,*,#1002,.T.);
#628=ORIENTED_EDGE('',*,*,#1135,.F.);
#629=ORIENTED_EDGE('',*,*,#1005,.T.);
#630=ORIENTED_EDGE('',*,*,#1070,.F.);
#631=ORIENTED_EDGE('',*,*,#1069,.F.);
#632=ORIENTED_EDGE('',*,*,#924,.F.);
#633=ORIENTED_EDGE('',*,*,#1071,.T.);
#634=ORIENTED_EDGE('',*,*,#1011,.T.);
#635=ORIENTED_EDGE('',*,*,#1078,.F.);
#636=ORIENTED_EDGE('',*,*,#1076,.F.);
#637=ORIENTED_EDGE('',*,*,#1034,.F.);
#638=ORIENTED_EDGE('',*,*,#1038,.T.);
#639=ORIENTED_EDGE('',*,*,#1024,.T.);
#640=ORIENTED_EDGE('',*,*,#922,.F.);
#641=ORIENTED_EDGE('',*,*,#1112,.F.);
#642=ORIENTED_EDGE('',*,*,#1195,.T.);
#643=ORIENTED_EDGE('',*,*,#1072,.T.);
#644=ORIENTED_EDGE('',*,*,#1076,.T.);
#645=ORIENTED_EDGE('',*,*,#1074,.T.);
#646=ORIENTED_EDGE('',*,*,#1073,.T.);
#647=ORIENTED_EDGE('',*,*,#1075,.T.);
#648=ORIENTED_EDGE('',*,*,#1093,.F.);
#649=ORIENTED_EDGE('',*,*,#1197,.F.);
#650=ORIENTED_EDGE('',*,*,#1182,.F.);
#651=ORIENTED_EDGE('',*,*,#1183,.T.);
#652=ORIENTED_EDGE('',*,*,#1203,.T.);
#653=ORIENTED_EDGE('',*,*,#1095,.T.);
#654=ORIENTED_EDGE('',*,*,#1199,.F.);
#655=ORIENTED_EDGE('',*,*,#1199,.T.);
#656=ORIENTED_EDGE('',*,*,#1096,.F.);
#657=ORIENTED_EDGE('',*,*,#1100,.T.);
#658=ORIENTED_EDGE('',*,*,#1082,.T.);
#659=ORIENTED_EDGE('',*,*,#1083,.T.);
#660=ORIENTED_EDGE('',*,*,#1084,.T.);
#661=ORIENTED_EDGE('',*,*,#1081,.T.);
#662=ORIENTED_EDGE('',*,*,#1080,.T.);
#663=ORIENTED_EDGE('',*,*,#1184,.F.);
#664=ORIENTED_EDGE('',*,*,#1185,.T.);
#665=ORIENTED_EDGE('',*,*,#1197,.T.);
#666=ORIENTED_EDGE('',*,*,#1094,.T.);
#667=ORIENTED_EDGE('',*,*,#1194,.F.);
#668=ORIENTED_EDGE('',*,*,#1087,.T.);
#669=ORIENTED_EDGE('',*,*,#1092,.T.);
#670=ORIENTED_EDGE('',*,*,#1091,.T.);
#671=ORIENTED_EDGE('',*,*,#1094,.F.);
#672=ORIENTED_EDGE('',*,*,#1093,.T.);
#673=ORIENTED_EDGE('',*,*,#1089,.T.);
#674=ORIENTED_EDGE('',*,*,#1088,.F.);
#675=ORIENTED_EDGE('',*,*,#1090,.T.);
#676=ORIENTED_EDGE('',*,*,#1096,.T.);
#677=ORIENTED_EDGE('',*,*,#1095,.F.);
#678=ORIENTED_EDGE('',*,*,#1104,.T.);
#679=ORIENTED_EDGE('',*,*,#1102,.T.);
#680=ORIENTED_EDGE('',*,*,#1106,.F.);
#681=ORIENTED_EDGE('',*,*,#1101,.F.);
#682=ORIENTED_EDGE('',*,*,#1106,.T.);
#683=ORIENTED_EDGE('',*,*,#929,.F.);
#684=ORIENTED_EDGE('',*,*,#1070,.T.);
#685=ORIENTED_EDGE('',*,*,#1004,.T.);
#686=ORIENTED_EDGE('',*,*,#1085,.F.);
#687=ORIENTED_EDGE('',*,*,#1084,.F.);
#688=ORIENTED_EDGE('',*,*,#1030,.F.);
#689=ORIENTED_EDGE('',*,*,#1032,.T.);
#690=ORIENTED_EDGE('',*,*,#1068,.F.);
#691=ORIENTED_EDGE('',*,*,#937,.F.);
#692=ORIENTED_EDGE('',*,*,#1103,.T.);
#693=ORIENTED_EDGE('',*,*,#1101,.T.);
#694=ORIENTED_EDGE('',*,*,#935,.F.);
#695=ORIENTED_EDGE('',*,*,#928,.T.);
#696=ORIENTED_EDGE('',*,*,#1102,.F.);
#697=ORIENTED_EDGE('',*,*,#1105,.F.);
#698=ORIENTED_EDGE('',*,*,#1112,.T.);
#699=ORIENTED_EDGE('',*,*,#1108,.T.);
#700=ORIENTED_EDGE('',*,*,#1109,.F.);
#701=ORIENTED_EDGE('',*,*,#1107,.F.);
#702=ORIENTED_EDGE('',*,*,#923,.T.);
#703=ORIENTED_EDGE('',*,*,#1107,.T.);
#704=ORIENTED_EDGE('',*,*,#1110,.T.);
#705=ORIENTED_EDGE('',*,*,#1111,.F.);
#706=ORIENTED_EDGE('',*,*,#1108,.F.);
#707=ORIENTED_EDGE('',*,*,#920,.F.);
#708=ORIENTED_EDGE('',*,*,#1114,.T.);
#709=ORIENTED_EDGE('',*,*,#1088,.T.);
#710=ORIENTED_EDGE('',*,*,#1097,.T.);
#711=ORIENTED_EDGE('',*,*,#1113,.F.);
#712=ORIENTED_EDGE('',*,*,#1116,.F.);
#713=ORIENTED_EDGE('',*,*,#1118,.T.);
#714=ORIENTED_EDGE('',*,*,#1113,.T.);
#715=ORIENTED_EDGE('',*,*,#1117,.T.);
#716=ORIENTED_EDGE('',*,*,#1127,.F.);
#717=ORIENTED_EDGE('',*,*,#1119,.T.);
#718=ORIENTED_EDGE('',*,*,#1128,.T.);
#719=ORIENTED_EDGE('',*,*,#1141,.F.);
#720=ORIENTED_EDGE('',*,*,#1129,.F.);
#721=ORIENTED_EDGE('',*,*,#1120,.T.);
#722=ORIENTED_EDGE('',*,*,#1127,.T.);
#723=ORIENTED_EDGE('',*,*,#1142,.F.);
#724=ORIENTED_EDGE('',*,*,#1130,.F.);
#725=ORIENTED_EDGE('',*,*,#1121,.T.);
#726=ORIENTED_EDGE('',*,*,#1129,.T.);
#727=ORIENTED_EDGE('',*,*,#1143,.F.);
#728=ORIENTED_EDGE('',*,*,#1131,.F.);
#729=ORIENTED_EDGE('',*,*,#1122,.T.);
#730=ORIENTED_EDGE('',*,*,#1130,.T.);
#731=ORIENTED_EDGE('',*,*,#1144,.F.);
#732=ORIENTED_EDGE('',*,*,#1132,.F.);
#733=ORIENTED_EDGE('',*,*,#1123,.T.);
#734=ORIENTED_EDGE('',*,*,#1131,.T.);
#735=ORIENTED_EDGE('',*,*,#1145,.F.);
#736=ORIENTED_EDGE('',*,*,#1133,.F.);
#737=ORIENTED_EDGE('',*,*,#1124,.T.);
#738=ORIENTED_EDGE('',*,*,#1132,.T.);
#739=ORIENTED_EDGE('',*,*,#1146,.F.);
#740=ORIENTED_EDGE('',*,*,#1134,.F.);
#741=ORIENTED_EDGE('',*,*,#1125,.T.);
#742=ORIENTED_EDGE('',*,*,#1133,.T.);
#743=ORIENTED_EDGE('',*,*,#1147,.F.);
#744=ORIENTED_EDGE('',*,*,#1128,.F.);
#745=ORIENTED_EDGE('',*,*,#1126,.T.);
#746=ORIENTED_EDGE('',*,*,#1134,.T.);
#747=ORIENTED_EDGE('',*,*,#1148,.F.);
#748=ORIENTED_EDGE('',*,*,#1140,.F.);
#749=ORIENTED_EDGE('',*,*,#1139,.F.);
#750=ORIENTED_EDGE('',*,*,#1152,.F.);
#751=ORIENTED_EDGE('',*,*,#1153,.F.);
#752=ORIENTED_EDGE('',*,*,#1144,.T.);
#753=ORIENTED_EDGE('',*,*,#1143,.T.);
#754=ORIENTED_EDGE('',*,*,#1142,.T.);
#755=ORIENTED_EDGE('',*,*,#1141,.T.);
#756=ORIENTED_EDGE('',*,*,#1148,.T.);
#757=ORIENTED_EDGE('',*,*,#1147,.T.);
#758=ORIENTED_EDGE('',*,*,#1146,.T.);
#759=ORIENTED_EDGE('',*,*,#1145,.T.);
#760=ORIENTED_EDGE('',*,*,#918,.T.);
#761=ORIENTED_EDGE('',*,*,#1037,.F.);
#762=ORIENTED_EDGE('',*,*,#1039,.F.);
#763=ORIENTED_EDGE('',*,*,#1009,.F.);
#764=ORIENTED_EDGE('',*,*,#984,.F.);
#765=ORIENTED_EDGE('',*,*,#988,.F.);
#766=ORIENTED_EDGE('',*,*,#990,.F.);
#767=ORIENTED_EDGE('',*,*,#921,.T.);
#768=ORIENTED_EDGE('',*,*,#922,.T.);
#769=ORIENTED_EDGE('',*,*,#1055,.T.);
#770=ORIENTED_EDGE('',*,*,#929,.T.);
#771=ORIENTED_EDGE('',*,*,#932,.T.);
#772=ORIENTED_EDGE('',*,*,#941,.F.);
#773=ORIENTED_EDGE('',*,*,#944,.F.);
#774=ORIENTED_EDGE('',*,*,#939,.T.);
#775=ORIENTED_EDGE('',*,*,#1021,.F.);
#776=ORIENTED_EDGE('',*,*,#1022,.F.);
#777=ORIENTED_EDGE('',*,*,#1007,.F.);
#778=ORIENTED_EDGE('',*,*,#1069,.T.);
#779=ORIENTED_EDGE('',*,*,#1054,.F.);
#780=ORIENTED_EDGE('',*,*,#977,.F.);
#781=ORIENTED_EDGE('',*,*,#980,.F.);
#782=ORIENTED_EDGE('',*,*,#982,.F.);
#783=ORIENTED_EDGE('',*,*,#1059,.F.);
#784=ORIENTED_EDGE('',*,*,#1115,.F.);
#785=ORIENTED_EDGE('',*,*,#1116,.T.);
#786=ORIENTED_EDGE('',*,*,#1058,.F.);
#787=ORIENTED_EDGE('',*,*,#997,.F.);
#788=ORIENTED_EDGE('',*,*,#998,.T.);
#789=ORIENTED_EDGE('',*,*,#995,.T.);
#790=ORIENTED_EDGE('',*,*,#992,.T.);
#791=ORIENTED_EDGE('',*,*,#925,.F.);
#792=ORIENTED_EDGE('',*,*,#1110,.F.);
#793=ORIENTED_EDGE('',*,*,#1109,.T.);
#794=ORIENTED_EDGE('',*,*,#1111,.T.);
#795=ORIENTED_EDGE('',*,*,#919,.F.);
#796=ORIENTED_EDGE('',*,*,#989,.T.);
#797=ORIENTED_EDGE('',*,*,#986,.T.);
#798=ORIENTED_EDGE('',*,*,#983,.T.);
#799=ORIENTED_EDGE('',*,*,#1063,.F.);
#800=ORIENTED_EDGE('',*,*,#1064,.F.);
#801=ORIENTED_EDGE('',*,*,#1065,.F.);
#802=ORIENTED_EDGE('',*,*,#1066,.F.);
#803=ORIENTED_EDGE('',*,*,#1061,.F.);
#804=ORIENTED_EDGE('',*,*,#1062,.F.);
#805=ORIENTED_EDGE('',*,*,#975,.F.);
#806=ORIENTED_EDGE('',*,*,#938,.F.);
#807=ORIENTED_EDGE('',*,*,#945,.T.);
#808=ORIENTED_EDGE('',*,*,#943,.T.);
#809=ORIENTED_EDGE('',*,*,#930,.F.);
#810=ORIENTED_EDGE('',*,*,#1105,.T.);
#811=ORIENTED_EDGE('',*,*,#1104,.F.);
#812=ORIENTED_EDGE('',*,*,#1103,.F.);
#813=ORIENTED_EDGE('',*,*,#934,.F.);
#814=ORIENTED_EDGE('',*,*,#1046,.F.);
#815=ORIENTED_EDGE('',*,*,#1048,.F.);
#816=ORIENTED_EDGE('',*,*,#1050,.F.);
#817=ORIENTED_EDGE('',*,*,#1052,.F.);
#818=ORIENTED_EDGE('',*,*,#1119,.F.);
#819=ORIENTED_EDGE('',*,*,#1120,.F.);
#820=ORIENTED_EDGE('',*,*,#1121,.F.);
#821=ORIENTED_EDGE('',*,*,#1122,.F.);
#822=ORIENTED_EDGE('',*,*,#1123,.F.);
#823=ORIENTED_EDGE('',*,*,#1124,.F.);
#824=ORIENTED_EDGE('',*,*,#1125,.F.);
#825=ORIENTED_EDGE('',*,*,#1126,.F.);
#826=ORIENTED_EDGE('',*,*,#971,.T.);
#827=ORIENTED_EDGE('',*,*,#1150,.F.);
#828=ORIENTED_EDGE('',*,*,#1139,.T.);
#829=ORIENTED_EDGE('',*,*,#1151,.T.);
#830=ORIENTED_EDGE('',*,*,#1152,.T.);
#831=ORIENTED_EDGE('',*,*,#1150,.T.);
#832=ORIENTED_EDGE('',*,*,#972,.T.);
#833=ORIENTED_EDGE('',*,*,#1166,.F.);
#834=ORIENTED_EDGE('',*,*,#1010,.F.);
#835=ORIENTED_EDGE('',*,*,#1137,.F.);
#836=ORIENTED_EDGE('',*,*,#1138,.T.);
#837=ORIENTED_EDGE('',*,*,#924,.T.);
#838=ORIENTED_EDGE('',*,*,#927,.T.);
#839=ORIENTED_EDGE('',*,*,#994,.F.);
#840=ORIENTED_EDGE('',*,*,#996,.F.);
#841=ORIENTED_EDGE('',*,*,#1008,.F.);
#842=ORIENTED_EDGE('',*,*,#1043,.F.);
#843=ORIENTED_EDGE('',*,*,#1045,.F.);
#844=ORIENTED_EDGE('',*,*,#1056,.T.);
#845=ORIENTED_EDGE('',*,*,#1000,.F.);
#846=ORIENTED_EDGE('',*,*,#999,.T.);
#847=ORIENTED_EDGE('',*,*,#981,.T.);
#848=ORIENTED_EDGE('',*,*,#979,.T.);
#849=ORIENTED_EDGE('',*,*,#936,.T.);
#850=ORIENTED_EDGE('',*,*,#937,.T.);
#851=ORIENTED_EDGE('',*,*,#1135,.T.);
#852=ORIENTED_EDGE('',*,*,#1136,.T.);
#853=ORIENTED_EDGE('',*,*,#1031,.F.);
#854=ORIENTED_EDGE('',*,*,#1033,.F.);
#855=ORIENTED_EDGE('',*,*,#1057,.T.);
#856=ORIENTED_EDGE('',*,*,#1154,.T.);
#857=ORIENTED_EDGE('',*,*,#1153,.T.);
#858=ORIENTED_EDGE('',*,*,#1155,.T.);
#859=ORIENTED_EDGE('',*,*,#1066,.T.);
#860=ORIENTED_EDGE('',*,*,#1186,.T.);
#861=ORIENTED_EDGE('',*,*,#1158,.F.);
#862=ORIENTED_EDGE('',*,*,#1159,.F.);
#863=ORIENTED_EDGE('',*,*,#1163,.T.);
#864=ORIENTED_EDGE('',*,*,#1065,.T.);
#865=ORIENTED_EDGE('',*,*,#1193,.F.);
#866=ORIENTED_EDGE('',*,*,#1201,.T.);
#867=ORIENTED_EDGE('',*,*,#960,.F.);
#868=ORIENTED_EDGE('',*,*,#1200,.F.);
#869=ORIENTED_EDGE('',*,*,#1187,.F.);
#870=ORIENTED_EDGE('',*,*,#1161,.T.);
#871=ORIENTED_EDGE('',*,*,#1154,.F.);
#872=ORIENTED_EDGE('',*,*,#1163,.F.);
#873=ORIENTED_EDGE('',*,*,#1160,.T.);
#874=ORIENTED_EDGE('',*,*,#1162,.T.);
#875=ORIENTED_EDGE('',*,*,#1151,.F.);
#876=ORIENTED_EDGE('',*,*,#1140,.T.);
#877=ORIENTED_EDGE('',*,*,#1157,.F.);
#878=ORIENTED_EDGE('',*,*,#1160,.F.);
#879=ORIENTED_EDGE('',*,*,#1156,.F.);
#880=ORIENTED_EDGE('',*,*,#1158,.T.);
#881=ORIENTED_EDGE('',*,*,#1188,.F.);
#882=ORIENTED_EDGE('',*,*,#1159,.T.);
#883=ORIENTED_EDGE('',*,*,#1156,.T.);
#884=ORIENTED_EDGE('',*,*,#1161,.F.);
#885=ORIENTED_EDGE('',*,*,#1165,.F.);
#886=ORIENTED_EDGE('',*,*,#1164,.F.);
#887=ORIENTED_EDGE('',*,*,#1166,.T.);
#888=ORIENTED_EDGE('',*,*,#1202,.F.);
#889=ORIENTED_EDGE('',*,*,#1189,.F.);
#890=ORIENTED_EDGE('',*,*,#1167,.T.);
#891=ORIENTED_EDGE('',*,*,#1168,.F.);
#892=ORIENTED_EDGE('',*,*,#1164,.T.);
#893=ORIENTED_EDGE('',*,*,#1168,.T.);
#894=ORIENTED_EDGE('',*,*,#1149,.F.);
#895=ORIENTED_EDGE('',*,*,#1155,.F.);
#896=ORIENTED_EDGE('',*,*,#1188,.T.);
#897=ORIENTED_EDGE('',*,*,#1186,.F.);
#898=ORIENTED_EDGE('',*,*,#1180,.T.);
#899=ORIENTED_EDGE('',*,*,#1178,.T.);
#900=ORIENTED_EDGE('',*,*,#1182,.T.);
#901=ORIENTED_EDGE('',*,*,#1185,.F.);
#902=ORIENTED_EDGE('',*,*,#1181,.T.);
#903=ORIENTED_EDGE('',*,*,#1187,.T.);
#904=ORIENTED_EDGE('',*,*,#1171,.F.);
#905=ORIENTED_EDGE('',*,*,#1175,.F.);
#906=ORIENTED_EDGE('',*,*,#1173,.F.);
#907=ORIENTED_EDGE('',*,*,#1169,.T.);
#908=ORIENTED_EDGE('',*,*,#1183,.F.);
#909=ORIENTED_EDGE('',*,*,#1184,.T.);
#910=ORIENTED_EDGE('',*,*,#1176,.T.);
#911=ORIENTED_EDGE('',*,*,#1177,.T.);
#912=ORIENTED_EDGE('',*,*,#1179,.F.);
#913=ORIENTED_EDGE('',*,*,#1189,.T.);
#914=ORIENTED_EDGE('',*,*,#1172,.F.);
#915=ORIENTED_EDGE('',*,*,#1174,.T.);
#916=ORIENTED_EDGE('',*,*,#1170,.T.);
#917=EDGE_CURVE('',#1491,#1492,#1264,.T.);
#918=EDGE_CURVE('',#1493,#1601,#1265,.T.);
#919=EDGE_CURVE('',#1491,#1494,#1266,.T.);
#920=EDGE_CURVE('',#1494,#1495,#1267,.T.);
#921=EDGE_CURVE('',#1492,#1495,#1268,.T.);
#922=EDGE_CURVE('',#1495,#1493,#1269,.T.);
#923=EDGE_CURVE('',#1496,#1497,#1270,.T.);
#924=EDGE_CURVE('',#1498,#1497,#1271,.T.);
#925=EDGE_CURVE('',#1496,#1499,#1272,.T.);
#926=EDGE_CURVE('',#1499,#1500,#1273,.T.);
#927=EDGE_CURVE('',#1497,#1500,#1274,.T.);
#928=EDGE_CURVE('',#1501,#1502,#1275,.T.);
#929=EDGE_CURVE('',#1503,#1502,#1276,.T.);
#930=EDGE_CURVE('',#1501,#1504,#1277,.T.);
#931=EDGE_CURVE('',#1504,#1505,#1278,.T.);
#932=EDGE_CURVE('',#1502,#1505,#1279,.T.);
#933=EDGE_CURVE('',#1506,#1507,#1280,.T.);
#934=EDGE_CURVE('',#1506,#1509,#1281,.T.);
#935=EDGE_CURVE('',#1509,#1510,#1282,.T.);
#936=EDGE_CURVE('',#1507,#1510,#1283,.T.);
#937=EDGE_CURVE('',#1510,#1508,#1284,.T.);
#938=EDGE_CURVE('',#1511,#1549,#1285,.T.);
#939=EDGE_CURVE('',#1512,#1553,#1286,.T.);
#940=EDGE_CURVE('',#1511,#1512,#1287,.T.);
#941=EDGE_CURVE('',#1513,#1505,#1204,.T.);
#942=EDGE_CURVE('',#1513,#1514,#1205,.T.);
#943=EDGE_CURVE('',#1514,#1504,#1206,.T.);
#944=EDGE_CURVE('',#1512,#1513,#1207,.T.);
#945=EDGE_CURVE('',#1511,#1514,#1208,.T.);
#946=EDGE_CURVE('',#1515,#1528,#1288,.T.);
#947=EDGE_CURVE('',#1516,#1520,#1289,.T.);
#948=EDGE_CURVE('',#1517,#1515,#1290,.T.);
#949=EDGE_CURVE('',#1518,#1658,#1291,.T.);
#950=EDGE_CURVE('',#1516,#1518,#1292,.T.);
#951=EDGE_CURVE('',#1519,#1520,#1293,.T.);
#952=EDGE_CURVE('',#1521,#1656,#1294,.T.);
#953=EDGE_CURVE('',#1521,#1520,#1295,.T.);
#954=EDGE_CURVE('',#1522,#1519,#1296,.T.);
#955=EDGE_CURVE('',#1519,#1594,#1297,.T.);
#956=EDGE_CURVE('',#1522,#1515,#1298,.T.);
#957=EDGE_CURVE('',#1521,#1518,#1299,.T.);
#958=EDGE_CURVE('',#1523,#1529,#1300,.T.);
#959=EDGE_CURVE('',#1524,#1523,#1301,.T.);
#960=EDGE_CURVE('',#1525,#1595,#1302,.T.);
#961=EDGE_CURVE('',#1525,#1523,#1303,.T.);
#962=EDGE_CURVE('',#1529,#1528,#1304,.T.);
#963=EDGE_CURVE('',#1527,#1526,#1305,.T.);
#964=EDGE_CURVE('',#1527,#1528,#1306,.T.);
#965=EDGE_CURVE('',#1526,#1529,#1307,.T.);
#966=EDGE_CURVE('',#1526,#1525,#1308,.T.);
#967=EDGE_CURVE('',#1527,#1522,#1309,.T.);
#968=EDGE_CURVE('',#1516,#1517,#1310,.T.);
#969=EDGE_CURVE('',#1530,#1531,#1311,.T.);
#970=EDGE_CURVE('',#1531,#1661,#1312,.T.);
#971=EDGE_CURVE('',#1532,#1533,#1313,.T.);
#972=EDGE_CURVE('',#1533,#1653,#1314,.T.);
#973=EDGE_CURVE('',#1530,#1524,#1315,.T.);
#974=EDGE_CURVE('',#1531,#1517,#1316,.T.);
#975=EDGE_CURVE('',#1549,#1589,#1317,.T.);
#976=EDGE_CURVE('',#1534,#1535,#1318,.T.);
#977=EDGE_CURVE('',#1536,#1506,#1209,.T.);
#978=EDGE_CURVE('',#1536,#1537,#1210,.T.);
#979=EDGE_CURVE('',#1537,#1507,#1211,.T.);
#980=EDGE_CURVE('',#1534,#1536,#1212,.T.);
#981=EDGE_CURVE('',#1535,#1537,#1213,.T.);
#982=EDGE_CURVE('',#1538,#1534,#1319,.T.);
#983=EDGE_CURVE('',#1539,#1543,#1320,.T.);
#984=EDGE_CURVE('',#1540,#1556,#1321,.T.);
#985=EDGE_CURVE('',#1539,#1540,#1322,.T.);
#986=EDGE_CURVE('',#1541,#1539,#1214,.T.);
#987=EDGE_CURVE('',#1541,#1542,#1215,.T.);
#988=EDGE_CURVE('',#1542,#1540,#1216,.T.);
#989=EDGE_CURVE('',#1491,#1541,#1217,.T.);
#990=EDGE_CURVE('',#1492,#1542,#1218,.T.);
#991=EDGE_CURVE('',#1544,#1545,#1323,.T.);
#992=EDGE_CURVE('',#1546,#1499,#1219,.T.);
#993=EDGE_CURVE('',#1546,#1547,#1220,.T.);
#994=EDGE_CURVE('',#1547,#1500,#1221,.T.);
#995=EDGE_CURVE('',#1544,#1546,#1222,.T.);
#996=EDGE_CURVE('',#1545,#1547,#1223,.T.);
#997=EDGE_CURVE('',#1548,#1586,#1324,.T.);
#998=EDGE_CURVE('',#1548,#1544,#1325,.T.);
#999=EDGE_CURVE('',#1550,#1535,#1326,.T.);
#1000=EDGE_CURVE('',#1550,#1566,#1327,.T.);
#1001=EDGE_CURVE('',#1552,#1568,#1328,.T.);
#1002=EDGE_CURVE('',#1551,#1597,#1329,.T.);
#1003=EDGE_CURVE('',#1550,#1552,#1330,.T.);
#1004=EDGE_CURVE('',#1554,#1564,#1331,.T.);
#1005=EDGE_CURVE('',#1598,#1554,#1332,.T.);
#1006=EDGE_CURVE('',#1555,#1553,#1333,.T.);
#1007=EDGE_CURVE('',#1598,#1562,#1334,.T.);
#1008=EDGE_CURVE('',#1557,#1545,#1335,.T.);
#1009=EDGE_CURVE('',#1556,#1572,#1336,.T.);
#1010=EDGE_CURVE('',#1599,#1574,#1337,.T.);
#1011=EDGE_CURVE('',#1561,#1576,#1338,.T.);
#1012=EDGE_CURVE('',#1558,#1570,#1339,.T.);
#1013=EDGE_CURVE('',#1558,#1556,#1340,.T.);
#1014=EDGE_CURVE('',#1601,#1559,#1341,.T.);
#1015=EDGE_CURVE('',#1557,#1560,#1342,.T.);
#1016=EDGE_CURVE('',#1561,#1600,#1343,.T.);
#1017=EDGE_CURVE('',#1565,#1607,#1224,.T.);
#1018=EDGE_CURVE('',#1564,#1562,#1344,.T.);
#1019=EDGE_CURVE('',#1563,#1565,#1345,.T.);
#1020=EDGE_CURVE('',#1565,#1555,#1346,.T.);
#1021=EDGE_CURVE('',#1563,#1553,#1347,.T.);
#1022=EDGE_CURVE('',#1562,#1563,#1225,.T.);
#1023=EDGE_CURVE('',#1552,#1538,#1348,.T.);
#1024=EDGE_CURVE('',#1559,#1493,#1349,.T.);
#1025=EDGE_CURVE('',#1543,#1558,#1350,.T.);
#1026=EDGE_CURVE('',#1560,#1548,#1351,.T.);
#1027=EDGE_CURVE('',#1555,#1549,#1352,.T.);
#1028=EDGE_CURVE('',#1566,#1568,#1353,.T.);
#1029=EDGE_CURVE('',#1569,#1567,#1354,.T.);
#1030=EDGE_CURVE('',#1569,#1611,#1355,.T.);
#1031=EDGE_CURVE('',#1567,#1596,#1356,.T.);
#1032=EDGE_CURVE('',#1569,#1551,#1357,.T.);
#1033=EDGE_CURVE('',#1566,#1567,#1226,.T.);
#1034=EDGE_CURVE('',#1571,#1603,#1358,.T.);
#1035=EDGE_CURVE('',#1572,#1570,#1359,.T.);
#1036=EDGE_CURVE('',#1571,#1573,#1360,.T.);
#1037=EDGE_CURVE('',#1573,#1601,#1361,.T.);
#1038=EDGE_CURVE('',#1571,#1559,#1362,.T.);
#1039=EDGE_CURVE('',#1572,#1573,#1227,.T.);
#1040=EDGE_CURVE('',#1574,#1576,#1363,.T.);
#1041=EDGE_CURVE('',#1577,#1575,#1364,.T.);
#1042=EDGE_CURVE('',#1577,#1604,#1228,.T.);
#1043=EDGE_CURVE('',#1575,#1557,#1365,.T.);
#1044=EDGE_CURVE('',#1577,#1560,#1366,.T.);
#1045=EDGE_CURVE('',#1574,#1575,#1229,.T.);
#1046=EDGE_CURVE('',#1578,#1578,#1230,.T.);
#1047=EDGE_CURVE('',#1578,#1579,#1231,.T.);
#1048=EDGE_CURVE('',#1580,#1580,#1232,.T.);
#1049=EDGE_CURVE('',#1580,#1581,#1233,.T.);
#1050=EDGE_CURVE('',#1583,#1583,#1234,.T.);
#1051=EDGE_CURVE('',#1583,#1582,#1235,.T.);
#1052=EDGE_CURVE('',#1584,#1584,#1236,.T.);
#1053=EDGE_CURVE('',#1584,#1585,#1237,.T.);
#1054=EDGE_CURVE('',#1582,#1582,#1238,.T.);
#1055=EDGE_CURVE('',#1579,#1579,#1239,.T.);
#1056=EDGE_CURVE('',#1581,#1581,#1240,.T.);
#1057=EDGE_CURVE('',#1585,#1585,#1241,.T.);
#1058=EDGE_CURVE('',#1586,#1629,#1367,.T.);
#1059=EDGE_CURVE('',#1587,#1538,#1368,.T.);
#1060=EDGE_CURVE('',#1587,#1609,#1369,.T.);
#1061=EDGE_CURVE('',#1588,#1593,#1370,.T.);
#1062=EDGE_CURVE('',#1589,#1588,#1371,.T.);
#1063=EDGE_CURVE('',#1590,#1543,#1372,.T.);
#1064=EDGE_CURVE('',#1591,#1590,#1373,.T.);
#1065=EDGE_CURVE('',#1592,#1591,#1374,.T.);
#1066=EDGE_CURVE('',#1593,#1592,#1375,.T.);
#1067=EDGE_CURVE('',#1595,#1594,#1376,.T.);
#1068=EDGE_CURVE('',#1508,#1551,#1377,.T.);
#1069=EDGE_CURVE('',#1598,#1503,#1378,.T.);
#1070=EDGE_CURVE('',#1503,#1554,#1379,.T.);
#1071=EDGE_CURVE('',#1498,#1561,#1380,.T.);
#1072=EDGE_CURVE('',#1602,#1603,#1381,.T.);
#1073=EDGE_CURVE('',#1604,#1605,#1382,.T.);
#1074=EDGE_CURVE('',#1606,#1604,#1383,.T.);
#1075=EDGE_CURVE('',#1605,#1616,#1384,.T.);
#1076=EDGE_CURVE('',#1603,#1606,#1385,.T.);
#1077=EDGE_CURVE('',#1602,#1570,#1386,.T.);
#1078=EDGE_CURVE('',#1606,#1576,#1242,.T.);
#1079=EDGE_CURVE('',#1605,#1586,#1387,.T.);
#1080=EDGE_CURVE('',#1607,#1665,#1388,.T.);
#1081=EDGE_CURVE('',#1608,#1607,#1389,.T.);
#1082=EDGE_CURVE('',#1609,#1610,#1390,.T.);
#1083=EDGE_CURVE('',#1610,#1611,#1391,.T.);
#1084=EDGE_CURVE('',#1611,#1608,#1392,.T.);
#1085=EDGE_CURVE('',#1608,#1564,#1243,.T.);
#1086=EDGE_CURVE('',#1610,#1568,#1393,.T.);
#1087=EDGE_CURVE('',#1612,#1613,#1394,.T.);
#1088=EDGE_CURVE('',#1614,#1615,#1395,.T.);
#1089=EDGE_CURVE('',#1616,#1615,#1396,.T.);
#1090=EDGE_CURVE('',#1614,#1617,#1397,.T.);
#1091=EDGE_CURVE('',#1618,#1619,#1398,.T.);
#1092=EDGE_CURVE('',#1613,#1618,#1399,.T.);
#1093=EDGE_CURVE('',#1620,#1616,#1400,.T.);
#1094=EDGE_CURVE('',#1620,#1619,#1401,.T.);
#1095=EDGE_CURVE('',#1612,#1621,#1402,.T.);
#1096=EDGE_CURVE('',#1617,#1621,#1403,.T.);
#1097=EDGE_CURVE('',#1615,#1627,#1404,.T.);
#1098=EDGE_CURVE('',#1618,#1595,#1405,.T.);
#1099=EDGE_CURVE('',#1613,#1594,#1406,.T.);
#1100=EDGE_CURVE('',#1617,#1609,#1407,.T.);
#1101=EDGE_CURVE('',#1622,#1510,#1408,.T.);
#1102=EDGE_CURVE('',#1623,#1502,#1409,.T.);
#1103=EDGE_CURVE('',#1509,#1622,#1410,.T.);
#1104=EDGE_CURVE('',#1622,#1623,#1411,.T.);
#1105=EDGE_CURVE('',#1501,#1623,#1412,.T.);
#1106=EDGE_CURVE('',#1510,#1502,#1413,.T.);
#1107=EDGE_CURVE('',#1497,#1624,#1414,.T.);
#1108=EDGE_CURVE('',#1495,#1625,#1415,.T.);
#1109=EDGE_CURVE('',#1624,#1625,#1416,.T.);
#1110=EDGE_CURVE('',#1624,#1496,#1417,.T.);
#1111=EDGE_CURVE('',#1625,#1494,#1418,.T.);
#1112=EDGE_CURVE('',#1497,#1495,#1419,.T.);
#1113=EDGE_CURVE('',#1626,#1627,#1420,.T.);
#1114=EDGE_CURVE('',#1626,#1614,#1421,.T.);
#1115=EDGE_CURVE('',#1628,#1587,#1422,.T.);
#1116=EDGE_CURVE('',#1628,#1629,#1423,.T.);
#1117=EDGE_CURVE('',#1627,#1629,#1424,.T.);
#1118=EDGE_CURVE('',#1628,#1626,#1425,.T.);
#1119=EDGE_CURVE('',#1630,#1631,#1244,.T.);
#1120=EDGE_CURVE('',#1632,#1630,#1245,.T.);
#1121=EDGE_CURVE('',#1633,#1632,#1246,.T.);
#1122=EDGE_CURVE('',#1634,#1633,#1247,.T.);
#1123=EDGE_CURVE('',#1635,#1634,#1426,.T.);
#1124=EDGE_CURVE('',#1636,#1635,#1248,.T.);
#1125=EDGE_CURVE('',#1637,#1636,#1427,.T.);
#1126=EDGE_CURVE('',#1631,#1637,#1249,.T.);
#1127=EDGE_CURVE('',#1630,#1640,#1250,.T.);
#1128=EDGE_CURVE('',#1631,#1641,#1251,.T.);
#1129=EDGE_CURVE('',#1632,#1642,#1252,.T.);
#1130=EDGE_CURVE('',#1633,#1643,#1253,.T.);
#1131=EDGE_CURVE('',#1634,#1644,#1254,.T.);
#1132=EDGE_CURVE('',#1635,#1645,#1255,.T.);
#1133=EDGE_CURVE('',#1636,#1646,#1256,.T.);
#1134=EDGE_CURVE('',#1637,#1647,#1257,.T.);
#1135=EDGE_CURVE('',#1508,#1597,#1428,.T.);
#1136=EDGE_CURVE('',#1597,#1596,#1429,.T.);
#1137=EDGE_CURVE('',#1600,#1599,#1430,.T.);
#1138=EDGE_CURVE('',#1600,#1498,#1431,.T.);
#1139=EDGE_CURVE('',#1638,#1639,#1432,.T.);
#1140=EDGE_CURVE('',#1639,#1648,#1433,.T.);
#1141=EDGE_CURVE('',#1640,#1641,#1434,.T.);
#1142=EDGE_CURVE('',#1642,#1640,#1258,.T.);
#1143=EDGE_CURVE('',#1643,#1642,#1259,.T.);
#1144=EDGE_CURVE('',#1644,#1643,#1260,.T.);
#1145=EDGE_CURVE('',#1645,#1644,#1261,.T.);
#1146=EDGE_CURVE('',#1646,#1645,#1262,.T.);
#1147=EDGE_CURVE('',#1647,#1646,#1435,.T.);
#1148=EDGE_CURVE('',#1641,#1647,#1263,.T.);
#1149=EDGE_CURVE('',#1593,#1655,#1436,.T.);
#1150=EDGE_CURVE('',#1638,#1533,#1437,.T.);
#1151=EDGE_CURVE('',#1639,#1532,#1438,.T.);
#1152=EDGE_CURVE('',#1649,#1638,#1439,.T.);
#1153=EDGE_CURVE('',#1648,#1649,#1440,.T.);
#1154=EDGE_CURVE('',#1592,#1648,#1441,.T.);
#1155=EDGE_CURVE('',#1649,#1593,#1442,.T.);
#1156=EDGE_CURVE('',#1651,#1648,#1443,.T.);
#1157=EDGE_CURVE('',#1650,#1663,#1444,.T.);
#1158=EDGE_CURVE('',#1651,#1676,#1445,.T.);
#1159=EDGE_CURVE('',#1652,#1651,#1446,.T.);
#1160=EDGE_CURVE('',#1648,#1650,#1447,.T.);
#1161=EDGE_CURVE('',#1652,#1648,#1448,.T.);
#1162=EDGE_CURVE('',#1650,#1532,#1449,.T.);
#1163=EDGE_CURVE('',#1652,#1592,#1450,.T.);
#1164=EDGE_CURVE('',#1649,#1654,#1451,.T.);
#1165=EDGE_CURVE('',#1654,#1670,#1452,.T.);
#1166=EDGE_CURVE('',#1649,#1653,#1453,.T.);
#1167=EDGE_CURVE('',#1654,#1655,#1454,.T.);
#1168=EDGE_CURVE('',#1649,#1655,#1455,.T.);
#1169=EDGE_CURVE('',#1656,#1657,#1456,.T.);
#1170=EDGE_CURVE('',#1658,#1656,#1457,.T.);
#1171=EDGE_CURVE('',#1659,#1660,#1458,.T.);
#1172=EDGE_CURVE('',#1661,#1662,#1459,.T.);
#1173=EDGE_CURVE('',#1663,#1664,#1460,.T.);
#1174=EDGE_CURVE('',#1661,#1658,#1461,.T.);
#1175=EDGE_CURVE('',#1664,#1659,#1462,.T.);
#1176=EDGE_CURVE('',#1665,#1666,#1463,.T.);
#1177=EDGE_CURVE('',#1666,#1667,#1464,.T.);
#1178=EDGE_CURVE('',#1668,#1669,#1465,.T.);
#1179=EDGE_CURVE('',#1670,#1667,#1466,.T.);
#1180=EDGE_CURVE('',#1671,#1668,#1467,.T.);
#1181=EDGE_CURVE('',#1672,#1673,#1468,.T.);
#1182=EDGE_CURVE('',#1669,#1674,#1469,.T.);
#1183=EDGE_CURVE('',#1675,#1657,#1470,.T.);
#1184=EDGE_CURVE('',#1675,#1665,#1471,.T.);
#1185=EDGE_CURVE('',#1672,#1674,#1472,.T.);
#1186=EDGE_CURVE('',#1671,#1676,#1473,.T.);
#1187=EDGE_CURVE('',#1673,#1660,#1474,.T.);
#1188=EDGE_CURVE('',#1663,#1676,#1475,.T.);
#1189=EDGE_CURVE('',#1670,#1662,#1476,.T.);
#1190=EDGE_CURVE('',#1659,#1524,#1477,.T.);
#1191=EDGE_CURVE('',#1664,#1530,#1478,.T.);
#1192=EDGE_CURVE('',#1667,#1588,#1479,.T.);
#1193=EDGE_CURVE('',#1671,#1591,#1480,.T.);
#1194=EDGE_CURVE('',#1672,#1619,#1481,.T.);
#1195=EDGE_CURVE('',#1669,#1602,#1482,.T.);
#1196=EDGE_CURVE('',#1668,#1590,#1483,.T.);
#1197=EDGE_CURVE('',#1674,#1620,#1484,.T.);
#1198=EDGE_CURVE('',#1666,#1589,#1485,.T.);
#1199=EDGE_CURVE('',#1675,#1621,#1486,.T.);
#1200=EDGE_CURVE('',#1660,#1525,#1487,.T.);
#1201=EDGE_CURVE('',#1673,#1595,#1488,.T.);
#1202=EDGE_CURVE('',#1662,#1653,#1489,.T.);
#1203=EDGE_CURVE('',#1657,#1612,#1490,.T.);
#1204=(
BOUNDED_CURVE()
B_SPLINE_CURVE(2,(#2501,#2502,#2503),.UNSPECIFIED.,.F.,.F.)
B_SPLINE_CURVE_WITH_KNOTS((3,3),(0.,5.42904069009262),.UNSPECIFIED.)
CURVE()
GEOMETRIC_REPRESENTATION_ITEM()
RATIONAL_B_SPLINE_CURVE((1.,0.785785986734605,1.))
REPRESENTATION_ITEM('')
);
#1205=(
BOUNDED_CURVE()
B_SPLINE_CURVE(1,(#2504,#2505),.UNSPECIFIED.,.F.,.F.)
B_SPLINE_CURVE_WITH_KNOTS((2,2),(0.,9.),.UNSPECIFIED.)
CURVE()
GEOMETRIC_REPRESENTATION_ITEM()
RATIONAL_B_SPLINE_CURVE((1.,1.))
REPRESENTATION_ITEM('')
);
#1206=(
BOUNDED_CURVE()
B_SPLINE_CURVE(2,(#2506,#2507,#2508),.UNSPECIFIED.,.F.,.F.)
B_SPLINE_CURVE_WITH_KNOTS((3,3),(0.,5.42904069009262),.UNSPECIFIED.)
CURVE()
GEOMETRIC_REPRESENTATION_ITEM()
RATIONAL_B_SPLINE_CURVE((1.,0.785785986734605,1.))
REPRESENTATION_ITEM('')
);
#1207=(
BOUNDED_CURVE()
B_SPLINE_CURVE(2,(#2509,#2510,#2511,#2512,#2513),.UNSPECIFIED.,.F.,.F.)
B_SPLINE_CURVE_WITH_KNOTS((3,2,3),(18.363770274454,19.4020943765422,25.869459168723),
 .UNSPECIFIED.)
CURVE()
GEOMETRIC_REPRESENTATION_ITEM()
RATIONAL_B_SPLINE_CURVE((1.,0.992979076739508,1.,0.707106781186548,1.))
REPRESENTATION_ITEM('')
);
#1208=(
BOUNDED_CURVE()
B_SPLINE_CURVE(2,(#2514,#2515,#2516,#2517,#2518),.UNSPECIFIED.,.F.,.F.)
B_SPLINE_CURVE_WITH_KNOTS((3,2,3),(18.3637702744539,19.4020943765422,25.869459168723),
 .UNSPECIFIED.)
CURVE()
GEOMETRIC_REPRESENTATION_ITEM()
RATIONAL_B_SPLINE_CURVE((1.,0.992979076739507,1.,0.707106781186548,1.))
REPRESENTATION_ITEM('')
);
#1209=(
BOUNDED_CURVE()
B_SPLINE_CURVE(2,(#2588,#2589,#2590,#2591,#2592),.UNSPECIFIED.,.F.,.F.)
B_SPLINE_CURVE_WITH_KNOTS((3,2,3),(0.,6.46736479218254,8.86956424407324),
 .UNSPECIFIED.)
CURVE()
GEOMETRIC_REPRESENTATION_ITEM()
RATIONAL_B_SPLINE_CURVE((1.,0.707106781186548,1.,0.959212955153782,1.))
REPRESENTATION_ITEM('')
);
#1210=(
BOUNDED_CURVE()
B_SPLINE_CURVE(1,(#2593,#2594),.UNSPECIFIED.,.F.,.F.)
B_SPLINE_CURVE_WITH_KNOTS((2,2),(0.,51.),.UNSPECIFIED.)
CURVE()
GEOMETRIC_REPRESENTATION_ITEM()
RATIONAL_B_SPLINE_CURVE((1.,1.))
REPRESENTATION_ITEM('')
);
#1211=(
BOUNDED_CURVE()
B_SPLINE_CURVE(2,(#2595,#2596,#2597,#2598,#2599),.UNSPECIFIED.,.F.,.F.)
B_SPLINE_CURVE_WITH_KNOTS((3,2,3),(0.,6.46736479218254,8.86956424407325),
 .UNSPECIFIED.)
CURVE()
GEOMETRIC_REPRESENTATION_ITEM()
RATIONAL_B_SPLINE_CURVE((1.,0.707106781186548,1.,0.959212955153782,1.))
REPRESENTATION_ITEM('')
);
#1212=(
BOUNDED_CURVE()
B_SPLINE_CURVE(2,(#2600,#2601,#2602),.UNSPECIFIED.,.F.,.F.)
B_SPLINE_CURVE_WITH_KNOTS((3,3),(21.8043389090189,25.8694591687302),
 .UNSPECIFIED.)
CURVE()
GEOMETRIC_REPRESENTATION_ITEM()
RATIONAL_B_SPLINE_CURVE((1.,0.87815681862851,1.))
REPRESENTATION_ITEM('')
);
#1213=(
BOUNDED_CURVE()
B_SPLINE_CURVE(2,(#2603,#2604,#2605),.UNSPECIFIED.,.F.,.F.)
B_SPLINE_CURVE_WITH_KNOTS((3,3),(21.804338909019,25.8694591687302),
 .UNSPECIFIED.)
CURVE()
GEOMETRIC_REPRESENTATION_ITEM()
RATIONAL_B_SPLINE_CURVE((1.,0.878156818628514,1.))
REPRESENTATION_ITEM('')
);
#1214=(
BOUNDED_CURVE()
B_SPLINE_CURVE(2,(#2614,#2615,#2616,#2617,#2618),.UNSPECIFIED.,.F.,.F.)
B_SPLINE_CURVE_WITH_KNOTS((3,2,3),(0.,6.46736479218254,8.86956424407324),
 .UNSPECIFIED.)
CURVE()
GEOMETRIC_REPRESENTATION_ITEM()
RATIONAL_B_SPLINE_CURVE((1.,0.707106781186548,1.,0.959212955153782,1.))
REPRESENTATION_ITEM('')
);
#1215=(
BOUNDED_CURVE()
B_SPLINE_CURVE(1,(#2619,#2620),.UNSPECIFIED.,.F.,.F.)
B_SPLINE_CURVE_WITH_KNOTS((2,2),(0.,51.),.UNSPECIFIED.)
CURVE()
GEOMETRIC_REPRESENTATION_ITEM()
RATIONAL_B_SPLINE_CURVE((1.,1.))
REPRESENTATION_ITEM('')
);
#1216=(
BOUNDED_CURVE()
B_SPLINE_CURVE(2,(#2621,#2622,#2623,#2624,#2625),.UNSPECIFIED.,.F.,.F.)
B_SPLINE_CURVE_WITH_KNOTS((3,2,3),(0.,6.46736479218254,8.86956424407325),
 .UNSPECIFIED.)
CURVE()
GEOMETRIC_REPRESENTATION_ITEM()
RATIONAL_B_SPLINE_CURVE((1.,0.707106781186548,1.,0.959212955153782,1.))
REPRESENTATION_ITEM('')
);
#1217=(
BOUNDED_CURVE()
B_SPLINE_CURVE(2,(#2626,#2627,#2628),.UNSPECIFIED.,.F.,.F.)
B_SPLINE_CURVE_WITH_KNOTS((3,3),(21.8043389090189,25.8694591687302),
 .UNSPECIFIED.)
CURVE()
GEOMETRIC_REPRESENTATION_ITEM()
RATIONAL_B_SPLINE_CURVE((1.,0.87815681862851,1.))
REPRESENTATION_ITEM('')
);
#1218=(
BOUNDED_CURVE()
B_SPLINE_CURVE(2,(#2629,#2630,#2631),.UNSPECIFIED.,.F.,.F.)
B_SPLINE_CURVE_WITH_KNOTS((3,3),(21.804338909019,25.8694591687302),
 .UNSPECIFIED.)
CURVE()
GEOMETRIC_REPRESENTATION_ITEM()
RATIONAL_B_SPLINE_CURVE((1.,0.878156818628514,1.))
REPRESENTATION_ITEM('')
);
#1219=(
BOUNDED_CURVE()
B_SPLINE_CURVE(2,(#2634,#2635,#2636,#2637,#2638),.UNSPECIFIED.,.F.,.F.)
B_SPLINE_CURVE_WITH_KNOTS((3,2,3),(0.,6.46736479218254,8.86956424407324),
 .UNSPECIFIED.)
CURVE()
GEOMETRIC_REPRESENTATION_ITEM()
RATIONAL_B_SPLINE_CURVE((1.,0.707106781186548,1.,0.959212955153782,1.))
REPRESENTATION_ITEM('')
);
#1220=(
BOUNDED_CURVE()
B_SPLINE_CURVE(1,(#2639,#2640),.UNSPECIFIED.,.F.,.F.)
B_SPLINE_CURVE_WITH_KNOTS((2,2),(0.,51.),.UNSPECIFIED.)
CURVE()
GEOMETRIC_REPRESENTATION_ITEM()
RATIONAL_B_SPLINE_CURVE((1.,1.))
REPRESENTATION_ITEM('')
);
#1221=(
BOUNDED_CURVE()
B_SPLINE_CURVE(2,(#2641,#2642,#2643,#2644,#2645),.UNSPECIFIED.,.F.,.F.)
B_SPLINE_CURVE_WITH_KNOTS((3,2,3),(0.,6.46736479218254,8.86956424407325),
 .UNSPECIFIED.)
CURVE()
GEOMETRIC_REPRESENTATION_ITEM()
RATIONAL_B_SPLINE_CURVE((1.,0.707106781186548,1.,0.959212955153782,1.))
REPRESENTATION_ITEM('')
);
#1222=(
BOUNDED_CURVE()
B_SPLINE_CURVE(2,(#2646,#2647,#2648),.UNSPECIFIED.,.F.,.F.)
B_SPLINE_CURVE_WITH_KNOTS((3,3),(21.8043389090189,25.8694591687302),
 .UNSPECIFIED.)
CURVE()
GEOMETRIC_REPRESENTATION_ITEM()
RATIONAL_B_SPLINE_CURVE((1.,0.87815681862851,1.))
REPRESENTATION_ITEM('')
);
#1223=(
BOUNDED_CURVE()
B_SPLINE_CURVE(2,(#2649,#2650,#2651),.UNSPECIFIED.,.F.,.F.)
B_SPLINE_CURVE_WITH_KNOTS((3,3),(21.804338909019,25.8694591687302),
 .UNSPECIFIED.)
CURVE()
GEOMETRIC_REPRESENTATION_ITEM()
RATIONAL_B_SPLINE_CURVE((1.,0.878156818628514,1.))
REPRESENTATION_ITEM('')
);
#1224=(
BOUNDED_CURVE()
B_SPLINE_CURVE(1,(#2724,#2725),.UNSPECIFIED.,.F.,.F.)
B_SPLINE_CURVE_WITH_KNOTS((2,2),(-35.9999999999999,-34.9978605435367),
 .UNSPECIFIED.)
CURVE()
GEOMETRIC_REPRESENTATION_ITEM()
RATIONAL_B_SPLINE_CURVE((1.,1.))
REPRESENTATION_ITEM('')
);
#1225=(
BOUNDED_CURVE()
B_SPLINE_CURVE(2,(#2762,#2763,#2764,#2765,#2766),.UNSPECIFIED.,.F.,.F.)
B_SPLINE_CURVE_WITH_KNOTS((3,2,3),(1.06971660967526,5.49778714378214,9.92585767788915),
 .UNSPECIFIED.)
CURVE()
GEOMETRIC_REPRESENTATION_ITEM()
RATIONAL_B_SPLINE_CURVE((1.,0.801783640777216,1.,0.801783640777204,1.))
REPRESENTATION_ITEM('')
);
#1226=(
BOUNDED_CURVE()
B_SPLINE_CURVE(2,(#2817,#2818,#2819,#2820,#2821),.UNSPECIFIED.,.F.,.F.)
B_SPLINE_CURVE_WITH_KNOTS((3,2,3),(1.0697166096752,5.49778714378214,9.92585767789032),
 .UNSPECIFIED.)
CURVE()
GEOMETRIC_REPRESENTATION_ITEM()
RATIONAL_B_SPLINE_CURVE((1.,0.801783640777211,1.,0.801783640777105,1.))
REPRESENTATION_ITEM('')
);
#1227=(
BOUNDED_CURVE()
B_SPLINE_CURVE(2,(#2858,#2859,#2860,#2861,#2862),.UNSPECIFIED.,.F.,.F.)
B_SPLINE_CURVE_WITH_KNOTS((3,2,3),(12.0652929049807,16.4933614313464,20.9214299577125),
 .UNSPECIFIED.)
CURVE()
GEOMETRIC_REPRESENTATION_ITEM()
RATIONAL_B_SPLINE_CURVE((1.,0.801783810697303,1.,0.801783810697279,1.))
REPRESENTATION_ITEM('')
);
#1228=(
BOUNDED_CURVE()
B_SPLINE_CURVE(1,(#2893,#2894),.UNSPECIFIED.,.F.,.F.)
B_SPLINE_CURVE_WITH_KNOTS((2,2),(-35.9999999999999,-34.9978617430264),
 .UNSPECIFIED.)
CURVE()
GEOMETRIC_REPRESENTATION_ITEM()
RATIONAL_B_SPLINE_CURVE((1.,1.))
REPRESENTATION_ITEM('')
);
#1229=(
BOUNDED_CURVE()
B_SPLINE_CURVE(2,(#2899,#2900,#2901,#2902,#2903),.UNSPECIFIED.,.F.,.F.)
B_SPLINE_CURVE_WITH_KNOTS((3,2,3),(12.0652929049807,16.4933614313464,20.9214299577125),
 .UNSPECIFIED.)
CURVE()
GEOMETRIC_REPRESENTATION_ITEM()
RATIONAL_B_SPLINE_CURVE((1.,0.801783810697303,1.,0.801783810697274,1.))
REPRESENTATION_ITEM('')
);
#1230=(
BOUNDED_CURVE()
B_SPLINE_CURVE(2,(#2904,#2905,#2906,#2907,#2908,#2909,#2910,#2911,#2912),
 .UNSPECIFIED.,.T.,.F.)
B_SPLINE_CURVE_WITH_KNOTS((3,2,2,2,3),(-10.2101761241668,-7.65763209312512,
-5.10508806208341,-2.55254403104171,0.),.UNSPECIFIED.)
CURVE()
GEOMETRIC_REPRESENTATION_ITEM()
RATIONAL_B_SPLINE_CURVE((1.,0.707106781186548,1.,0.707106781186548,1.,0.707106781186548,
1.,0.707106781186548,1.))
REPRESENTATION_ITEM('')
);
#1231=(
BOUNDED_CURVE()
B_SPLINE_CURVE(1,(#2913,#2914),.UNSPECIFIED.,.F.,.F.)
B_SPLINE_CURVE_WITH_KNOTS((2,2),(13.0085501607565,19.),.UNSPECIFIED.)
CURVE()
GEOMETRIC_REPRESENTATION_ITEM()
RATIONAL_B_SPLINE_CURVE((1.,1.))
REPRESENTATION_ITEM('')
);
#1232=(
BOUNDED_CURVE()
B_SPLINE_CURVE(2,(#2915,#2916,#2917,#2918,#2919,#2920,#2921,#2922,#2923),
 .UNSPECIFIED.,.T.,.F.)
B_SPLINE_CURVE_WITH_KNOTS((3,2,2,2,3),(-10.2101761241668,-7.65763209312512,
-5.10508806208341,-2.55254403104171,0.),.UNSPECIFIED.)
CURVE()
GEOMETRIC_REPRESENTATION_ITEM()
RATIONAL_B_SPLINE_CURVE((1.,0.707106781186548,1.,0.707106781186548,1.,0.707106781186548,
1.,0.707106781186548,1.))
REPRESENTATION_ITEM('')
);
#1233=(
BOUNDED_CURVE()
B_SPLINE_CURVE(1,(#2924,#2925),.UNSPECIFIED.,.F.,.F.)
B_SPLINE_CURVE_WITH_KNOTS((2,2),(13.0085501607566,19.),.UNSPECIFIED.)
CURVE()
GEOMETRIC_REPRESENTATION_ITEM()
RATIONAL_B_SPLINE_CURVE((1.,1.))
REPRESENTATION_ITEM('')
);
#1234=(
BOUNDED_CURVE()
B_SPLINE_CURVE(2,(#2926,#2927,#2928,#2929,#2930,#2931,#2932,#2933,#2934),
 .UNSPECIFIED.,.T.,.F.)
B_SPLINE_CURVE_WITH_KNOTS((3,2,2,2,3),(-10.2101761241668,-7.65763209312512,
-5.10508806208341,-2.55254403104171,0.),.UNSPECIFIED.)
CURVE()
GEOMETRIC_REPRESENTATION_ITEM()
RATIONAL_B_SPLINE_CURVE((1.,0.707106781186548,1.,0.707106781186548,1.,0.707106781186548,
1.,0.707106781186548,1.))
REPRESENTATION_ITEM('')
);
#1235=(
BOUNDED_CURVE()
B_SPLINE_CURVE(1,(#2935,#2936),.UNSPECIFIED.,.F.,.F.)
B_SPLINE_CURVE_WITH_KNOTS((2,2),(13.0085501607566,19.0000000000001),
 .UNSPECIFIED.)
CURVE()
GEOMETRIC_REPRESENTATION_ITEM()
RATIONAL_B_SPLINE_CURVE((1.,1.))
REPRESENTATION_ITEM('')
);
#1236=(
BOUNDED_CURVE()
B_SPLINE_CURVE(2,(#2937,#2938,#2939,#2940,#2941,#2942,#2943,#2944,#2945),
 .UNSPECIFIED.,.T.,.F.)
B_SPLINE_CURVE_WITH_KNOTS((3,2,2,2,3),(-10.2101761241668,-7.65763209312512,
-5.10508806208341,-2.55254403104171,0.),.UNSPECIFIED.)
CURVE()
GEOMETRIC_REPRESENTATION_ITEM()
RATIONAL_B_SPLINE_CURVE((1.,0.707106781186548,1.,0.707106781186548,1.,0.707106781186548,
1.,0.707106781186548,1.))
REPRESENTATION_ITEM('')
);
#1237=(
BOUNDED_CURVE()
B_SPLINE_CURVE(1,(#2946,#2947),.UNSPECIFIED.,.F.,.F.)
B_SPLINE_CURVE_WITH_KNOTS((2,2),(13.0085501607566,19.),.UNSPECIFIED.)
CURVE()
GEOMETRIC_REPRESENTATION_ITEM()
RATIONAL_B_SPLINE_CURVE((1.,1.))
REPRESENTATION_ITEM('')
);
#1238=(
BOUNDED_CURVE()
B_SPLINE_CURVE(2,(#2948,#2949,#2950,#2951,#2952,#2953,#2954,#2955,#2956,
#2957,#2958,#2959,#2960,#2961,#2962),.UNSPECIFIED.,.T.,.F.)
B_SPLINE_CURVE_WITH_KNOTS((3,2,2,2,2,2,2,3),(0.,1.54809046163289,3.09618092326578,
4.64427138489867,6.19236184653156,7.65763209312414,9.12290233971671,10.2101761241648),
 .UNSPECIFIED.)
CURVE()
GEOMETRIC_REPRESENTATION_ITEM()
RATIONAL_B_SPLINE_CURVE((1.,0.889037289175464,1.,0.889037289175464,1.,0.889037289175464,
1.,0.889037289175464,1.,0.898716871018972,1.,0.898716871018972,1.,0.94557586691468,
1.))
REPRESENTATION_ITEM('')
);
#1239=(
BOUNDED_CURVE()
B_SPLINE_CURVE(2,(#2963,#2964,#2965,#2966,#2967,#2968,#2969,#2970,#2971,
#2972,#2973,#2974,#2975,#2976,#2977),.UNSPECIFIED.,.T.,.F.)
B_SPLINE_CURVE_WITH_KNOTS((3,2,2,2,2,2,2,3),(-10.2101761241668,-8.66208566255605,
-7.11399520094528,-5.5659047393345,-4.01781427772372,-2.55254403105064,
-1.08727378437755,-1.7892354264859E-11),.UNSPECIFIED.)
CURVE()
GEOMETRIC_REPRESENTATION_ITEM()
RATIONAL_B_SPLINE_CURVE((1.,0.88903728917896,1.,0.88903728917896,1.,0.88903728917896,
1.,0.88903728917896,1.,0.898716871005461,1.,0.898716871005461,1.,0.945575866924635,
1.))
REPRESENTATION_ITEM('')
);
#1240=(
BOUNDED_CURVE()
B_SPLINE_CURVE(2,(#2978,#2979,#2980,#2981,#2982,#2983,#2984,#2985,#2986,
#2987,#2988,#2989,#2990,#2991,#2992),.UNSPECIFIED.,.T.,.F.)
B_SPLINE_CURVE_WITH_KNOTS((3,2,2,2,2,2,2,3),(-10.2101761241668,-8.66208508684701,
-7.11399404952718,-5.56590301220736,-4.01781197488754,-2.55254403103636,
-1.08727608718518,1.07354125589154E-11),.UNSPECIFIED.)
CURVE()
GEOMETRIC_REPRESENTATION_ITEM()
RATIONAL_B_SPLINE_CURVE((1.,0.889037203954941,1.,0.889037203954941,1.,0.889037203954941,
1.,0.889037203954941,1.,0.898717197526837,1.,0.898717197526837,1.,0.945575624635884,
1.))
REPRESENTATION_ITEM('')
);
#1241=(
BOUNDED_CURVE()
B_SPLINE_CURVE(2,(#2993,#2994,#2995,#2996,#2997,#2998,#2999,#3000,#3001,
#3002,#3003,#3004,#3005,#3006,#3007),.UNSPECIFIED.,.T.,.F.)
B_SPLINE_CURVE_WITH_KNOTS((3,2,2,2,2,2,2,3),(-10.2101761241668,-9.12290233971259,
-7.65763209313409,-6.19236184655559,-4.64427138492119,-3.09618092328679,
-1.54809046165239,-1.79856129989275E-11),.UNSPECIFIED.)
CURVE()
GEOMETRIC_REPRESENTATION_ITEM()
RATIONAL_B_SPLINE_CURVE((1.,0.945575866914379,1.,0.898716871018937,1.,0.898716871018937,
1.,0.889037289175463,1.,0.889037289175463,1.,0.889037289175463,1.,0.889037289175463,
1.))
REPRESENTATION_ITEM('')
);
#1242=(
BOUNDED_CURVE()
B_SPLINE_CURVE(1,(#3116,#3117),.UNSPECIFIED.,.F.,.F.)
B_SPLINE_CURVE_WITH_KNOTS((2,2),(34.9978617430266,35.9999999999999),
 .UNSPECIFIED.)
CURVE()
GEOMETRIC_REPRESENTATION_ITEM()
RATIONAL_B_SPLINE_CURVE((1.,1.))
REPRESENTATION_ITEM('')
);
#1243=(
BOUNDED_CURVE()
B_SPLINE_CURVE(1,(#3172,#3173),.UNSPECIFIED.,.F.,.F.)
B_SPLINE_CURVE_WITH_KNOTS((2,2),(34.9978605435369,35.9999999999999),
 .UNSPECIFIED.)
CURVE()
GEOMETRIC_REPRESENTATION_ITEM()
RATIONAL_B_SPLINE_CURVE((1.,1.))
REPRESENTATION_ITEM('')
);
#1244=(
BOUNDED_CURVE()
B_SPLINE_CURVE(2,(#3363,#3364,#3365),.UNSPECIFIED.,.F.,.F.)
B_SPLINE_CURVE_WITH_KNOTS((3,3),(-52.7894072449889,0.),.UNSPECIFIED.)
CURVE()
GEOMETRIC_REPRESENTATION_ITEM()
RATIONAL_B_SPLINE_CURVE((1.,1.,1.))
REPRESENTATION_ITEM('')
);
#1245=(
BOUNDED_CURVE()
B_SPLINE_CURVE(2,(#3366,#3367,#3368),.UNSPECIFIED.,.F.,.F.)
B_SPLINE_CURVE_WITH_KNOTS((3,3),(-60.0233898785765,-52.7894072449889),
 .UNSPECIFIED.)
CURVE()
GEOMETRIC_REPRESENTATION_ITEM()
RATIONAL_B_SPLINE_CURVE((1.,0.707106781186556,1.))
REPRESENTATION_ITEM('')
);
#1246=(
BOUNDED_CURVE()
B_SPLINE_CURVE(2,(#3369,#3370,#3371),.UNSPECIFIED.,.F.,.F.)
B_SPLINE_CURVE_WITH_KNOTS((3,3),(-96.8127971235654,-60.0233898785765),
 .UNSPECIFIED.)
CURVE()
GEOMETRIC_REPRESENTATION_ITEM()
RATIONAL_B_SPLINE_CURVE((1.,1.,1.))
REPRESENTATION_ITEM('')
);
#1247=(
BOUNDED_CURVE()
B_SPLINE_CURVE(2,(#3372,#3373,#3374),.UNSPECIFIED.,.F.,.F.)
B_SPLINE_CURVE_WITH_KNOTS((3,3),(-104.046779757153,-96.8127971235654),
 .UNSPECIFIED.)
CURVE()
GEOMETRIC_REPRESENTATION_ITEM()
RATIONAL_B_SPLINE_CURVE((1.,0.707106781186596,1.))
REPRESENTATION_ITEM('')
);
#1248=(
BOUNDED_CURVE()
B_SPLINE_CURVE(2,(#3377,#3378,#3379),.UNSPECIFIED.,.F.,.F.)
B_SPLINE_CURVE_WITH_KNOTS((3,3),(-164.070169635729,-156.836187002142),
 .UNSPECIFIED.)
CURVE()
GEOMETRIC_REPRESENTATION_ITEM()
RATIONAL_B_SPLINE_CURVE((1.,0.707106781186548,1.))
REPRESENTATION_ITEM('')
);
#1249=(
BOUNDED_CURVE()
B_SPLINE_CURVE(2,(#3382,#3383,#3384),.UNSPECIFIED.,.F.,.F.)
B_SPLINE_CURVE_WITH_KNOTS((3,3),(-208.093559514306,-200.859576880718),
 .UNSPECIFIED.)
CURVE()
GEOMETRIC_REPRESENTATION_ITEM()
RATIONAL_B_SPLINE_CURVE((1.,0.707106781186617,1.))
REPRESENTATION_ITEM('')
);
#1250=(
BOUNDED_CURVE()
B_SPLINE_CURVE(1,(#3385,#3386),.UNSPECIFIED.,.F.,.F.)
B_SPLINE_CURVE_WITH_KNOTS((2,2),(18.0085501607565,20.0085501607559),
 .UNSPECIFIED.)
CURVE()
GEOMETRIC_REPRESENTATION_ITEM()
RATIONAL_B_SPLINE_CURVE((1.,1.))
REPRESENTATION_ITEM('')
);
#1251=(
BOUNDED_CURVE()
B_SPLINE_CURVE(1,(#3387,#3388),.UNSPECIFIED.,.F.,.F.)
B_SPLINE_CURVE_WITH_KNOTS((2,2),(18.0085501607565,20.0085501607559),
 .UNSPECIFIED.)
CURVE()
GEOMETRIC_REPRESENTATION_ITEM()
RATIONAL_B_SPLINE_CURVE((1.,1.))
REPRESENTATION_ITEM('')
);
#1252=(
BOUNDED_CURVE()
B_SPLINE_CURVE(1,(#3389,#3390),.UNSPECIFIED.,.F.,.F.)
B_SPLINE_CURVE_WITH_KNOTS((2,2),(18.0085501607565,20.008550160756),
 .UNSPECIFIED.)
CURVE()
GEOMETRIC_REPRESENTATION_ITEM()
RATIONAL_B_SPLINE_CURVE((1.,1.))
REPRESENTATION_ITEM('')
);
#1253=(
BOUNDED_CURVE()
B_SPLINE_CURVE(1,(#3391,#3392),.UNSPECIFIED.,.F.,.F.)
B_SPLINE_CURVE_WITH_KNOTS((2,2),(18.0085501607565,20.0085501607565),
 .UNSPECIFIED.)
CURVE()
GEOMETRIC_REPRESENTATION_ITEM()
RATIONAL_B_SPLINE_CURVE((1.,1.))
REPRESENTATION_ITEM('')
);
#1254=(
BOUNDED_CURVE()
B_SPLINE_CURVE(1,(#3393,#3394),.UNSPECIFIED.,.F.,.F.)
B_SPLINE_CURVE_WITH_KNOTS((2,2),(18.0085501607565,20.0085501607565),
 .UNSPECIFIED.)
CURVE()
GEOMETRIC_REPRESENTATION_ITEM()
RATIONAL_B_SPLINE_CURVE((1.,1.))
REPRESENTATION_ITEM('')
);
#1255=(
BOUNDED_CURVE()
B_SPLINE_CURVE(1,(#3395,#3396),.UNSPECIFIED.,.F.,.F.)
B_SPLINE_CURVE_WITH_KNOTS((2,2),(18.0085501607565,20.0085501607565),
 .UNSPECIFIED.)
CURVE()
GEOMETRIC_REPRESENTATION_ITEM()
RATIONAL_B_SPLINE_CURVE((1.,1.))
REPRESENTATION_ITEM('')
);
#1256=(
BOUNDED_CURVE()
B_SPLINE_CURVE(1,(#3397,#3398),.UNSPECIFIED.,.F.,.F.)
B_SPLINE_CURVE_WITH_KNOTS((2,2),(18.0085501607565,20.0085501607564),
 .UNSPECIFIED.)
CURVE()
GEOMETRIC_REPRESENTATION_ITEM()
RATIONAL_B_SPLINE_CURVE((1.,1.))
REPRESENTATION_ITEM('')
);
#1257=(
BOUNDED_CURVE()
B_SPLINE_CURVE(1,(#3399,#3400),.UNSPECIFIED.,.F.,.F.)
B_SPLINE_CURVE_WITH_KNOTS((2,2),(18.0085501607565,20.008550160756),
 .UNSPECIFIED.)
CURVE()
GEOMETRIC_REPRESENTATION_ITEM()
RATIONAL_B_SPLINE_CURVE((1.,1.))
REPRESENTATION_ITEM('')
);
#1258=(
BOUNDED_CURVE()
B_SPLINE_CURVE(2,(#3431,#3432,#3433),.UNSPECIFIED.,.F.,.F.)
B_SPLINE_CURVE_WITH_KNOTS((3,3),(-60.0233898785765,-52.7894072449889),
 .UNSPECIFIED.)
CURVE()
GEOMETRIC_REPRESENTATION_ITEM()
RATIONAL_B_SPLINE_CURVE((1.,0.707106781186548,1.))
REPRESENTATION_ITEM('')
);
#1259=(
BOUNDED_CURVE()
B_SPLINE_CURVE(2,(#3434,#3435,#3436),.UNSPECIFIED.,.F.,.F.)
B_SPLINE_CURVE_WITH_KNOTS((3,3),(-96.8127971235654,-60.0233898785765),
 .UNSPECIFIED.)
CURVE()
GEOMETRIC_REPRESENTATION_ITEM()
RATIONAL_B_SPLINE_CURVE((1.,1.,1.))
REPRESENTATION_ITEM('')
);
#1260=(
BOUNDED_CURVE()
B_SPLINE_CURVE(2,(#3437,#3438,#3439),.UNSPECIFIED.,.F.,.F.)
B_SPLINE_CURVE_WITH_KNOTS((3,3),(-104.046779757153,-96.8127971235654),
 .UNSPECIFIED.)
CURVE()
GEOMETRIC_REPRESENTATION_ITEM()
RATIONAL_B_SPLINE_CURVE((1.,0.707106781186582,1.))
REPRESENTATION_ITEM('')
);
#1261=(
BOUNDED_CURVE()
B_SPLINE_CURVE(2,(#3440,#3441,#3442),.UNSPECIFIED.,.F.,.F.)
B_SPLINE_CURVE_WITH_KNOTS((3,3),(-156.836187002142,-104.046779757153),
 .UNSPECIFIED.)
CURVE()
GEOMETRIC_REPRESENTATION_ITEM()
RATIONAL_B_SPLINE_CURVE((1.,1.,1.))
REPRESENTATION_ITEM('')
);
#1262=(
BOUNDED_CURVE()
B_SPLINE_CURVE(2,(#3443,#3444,#3445),.UNSPECIFIED.,.F.,.F.)
B_SPLINE_CURVE_WITH_KNOTS((3,3),(-164.070169635729,-156.836187002142),
 .UNSPECIFIED.)
CURVE()
GEOMETRIC_REPRESENTATION_ITEM()
RATIONAL_B_SPLINE_CURVE((1.,0.707106781186486,1.))
REPRESENTATION_ITEM('')
);
#1263=(
BOUNDED_CURVE()
B_SPLINE_CURVE(2,(#3448,#3449,#3450),.UNSPECIFIED.,.F.,.F.)
B_SPLINE_CURVE_WITH_KNOTS((3,3),(-208.093559514306,-200.859576880718),
 .UNSPECIFIED.)
CURVE()
GEOMETRIC_REPRESENTATION_ITEM()
RATIONAL_B_SPLINE_CURVE((1.,0.707106781186491,1.))
REPRESENTATION_ITEM('')
);
#1264=B_SPLINE_CURVE_WITH_KNOTS('',1,(#2453,#2454),.UNSPECIFIED.,.F.,.F.,
(2,2),(0.,5.99144983924356),.UNSPECIFIED.);
#1265=B_SPLINE_CURVE_WITH_KNOTS('',1,(#2455,#2456),.UNSPECIFIED.,.F.,.F.,
(2,2),(0.,2.00000000000011),.UNSPECIFIED.);
#1266=B_SPLINE_CURVE_WITH_KNOTS('',1,(#2457,#2458),.UNSPECIFIED.,.F.,.F.,
(2,2),(3.00002255484947,7.10932690264803),.UNSPECIFIED.);
#1267=B_SPLINE_CURVE_WITH_KNOTS('',1,(#2459,#2460),.UNSPECIFIED.,.F.,.F.,
(2,2),(0.,5.99144983924356),.UNSPECIFIED.);
#1268=B_SPLINE_CURVE_WITH_KNOTS('',1,(#2461,#2462),.UNSPECIFIED.,.F.,.F.,
(2,2),(3.00002255484947,7.10932690264803),.UNSPECIFIED.);
#1269=B_SPLINE_CURVE_WITH_KNOTS('',1,(#2463,#2464),.UNSPECIFIED.,.F.,.F.,
(2,2),(7.10932690264803,9.91757313352422),.UNSPECIFIED.);
#1270=B_SPLINE_CURVE_WITH_KNOTS('',1,(#2465,#2466),.UNSPECIFIED.,.F.,.F.,
(2,2),(0.,5.99144983924356),.UNSPECIFIED.);
#1271=B_SPLINE_CURVE_WITH_KNOTS('',1,(#2467,#2468),.UNSPECIFIED.,.F.,.F.,
(2,2),(0.,2.80824623087619),.UNSPECIFIED.);
#1272=B_SPLINE_CURVE_WITH_KNOTS('',1,(#2469,#2470),.UNSPECIFIED.,.F.,.F.,
(2,2),(2.80824623087619,6.91755057867475),.UNSPECIFIED.);
#1273=B_SPLINE_CURVE_WITH_KNOTS('',1,(#2471,#2472),.UNSPECIFIED.,.F.,.F.,
(2,2),(0.,5.99144983924356),.UNSPECIFIED.);
#1274=B_SPLINE_CURVE_WITH_KNOTS('',1,(#2473,#2474),.UNSPECIFIED.,.F.,.F.,
(2,2),(2.80824623087619,6.91755057867475),.UNSPECIFIED.);
#1275=B_SPLINE_CURVE_WITH_KNOTS('',1,(#2475,#2476),.UNSPECIFIED.,.F.,.F.,
(2,2),(0.,5.99144983924356),.UNSPECIFIED.);
#1276=B_SPLINE_CURVE_WITH_KNOTS('',1,(#2477,#2478),.UNSPECIFIED.,.F.,.F.,
(2,2),(0.,2.80824623087619),.UNSPECIFIED.);
#1277=B_SPLINE_CURVE_WITH_KNOTS('',1,(#2479,#2480),.UNSPECIFIED.,.F.,.F.,
(2,2),(2.80824623087619,6.91755057867475),.UNSPECIFIED.);
#1278=B_SPLINE_CURVE_WITH_KNOTS('',1,(#2481,#2482),.UNSPECIFIED.,.F.,.F.,
(2,2),(0.,5.99144983924356),.UNSPECIFIED.);
#1279=B_SPLINE_CURVE_WITH_KNOTS('',1,(#2483,#2484),.UNSPECIFIED.,.F.,.F.,
(2,2),(2.80824623087619,6.91755057867475),.UNSPECIFIED.);
#1280=B_SPLINE_CURVE_WITH_KNOTS('',1,(#2485,#2486),.UNSPECIFIED.,.F.,.F.,
(2,2),(0.,5.99144983924356),.UNSPECIFIED.);
#1281=B_SPLINE_CURVE_WITH_KNOTS('',1,(#2487,#2488),.UNSPECIFIED.,.F.,.F.,
(2,2),(3.00002255484947,7.10932690264803),.UNSPECIFIED.);
#1282=B_SPLINE_CURVE_WITH_KNOTS('',1,(#2489,#2490),.UNSPECIFIED.,.F.,.F.,
(2,2),(0.,5.99144983924356),.UNSPECIFIED.);
#1283=B_SPLINE_CURVE_WITH_KNOTS('',1,(#2491,#2492),.UNSPECIFIED.,.F.,.F.,
(2,2),(3.00002255484947,7.10932690264803),.UNSPECIFIED.);
#1284=B_SPLINE_CURVE_WITH_KNOTS('',1,(#2493,#2494),.UNSPECIFIED.,.F.,.F.,
(2,2),(7.10932690264803,9.91757313352422),.UNSPECIFIED.);
#1285=B_SPLINE_CURVE_WITH_KNOTS('',1,(#2495,#2496),.UNSPECIFIED.,.F.,.F.,
(2,2),(0.,6.17587648946492),.UNSPECIFIED.);
#1286=B_SPLINE_CURVE_WITH_KNOTS('',1,(#2497,#2498),.UNSPECIFIED.,.F.,.F.,
(2,2),(0.,2.05862418764882),.UNSPECIFIED.);
#1287=B_SPLINE_CURVE_WITH_KNOTS('',1,(#2499,#2500),.UNSPECIFIED.,.F.,.F.,
(2,2),(0.,5.99144983924345),.UNSPECIFIED.);
#1288=B_SPLINE_CURVE_WITH_KNOTS('',1,(#2519,#2520),.UNSPECIFIED.,.F.,.F.,
(2,2),(0.,0.69946146011354),.UNSPECIFIED.);
#1289=B_SPLINE_CURVE_WITH_KNOTS('',1,(#2521,#2522),.UNSPECIFIED.,.F.,.F.,
(2,2),(6.19946146011399,7.70798183170204),.UNSPECIFIED.);
#1290=B_SPLINE_CURVE_WITH_KNOTS('',1,(#2523,#2524,#2525),.UNSPECIFIED.,
 .F.,.F.,(2,1,2),(6.19946146011399,7.71449744568327,7.85452832709691),
 .UNSPECIFIED.);
#1291=B_SPLINE_CURVE_WITH_KNOTS('',1,(#2526,#2527),.UNSPECIFIED.,.F.,.F.,
(2,2),(0.,14.09835535396),.UNSPECIFIED.);
#1292=B_SPLINE_CURVE_WITH_KNOTS('',1,(#2528,#2529),.UNSPECIFIED.,.F.,.F.,
(2,2),(2.,5.13919913768769),.UNSPECIFIED.);
#1293=B_SPLINE_CURVE_WITH_KNOTS('',1,(#2530,#2531),.UNSPECIFIED.,.F.,.F.,
(2,2),(119.773349761963,163.199920208329),.UNSPECIFIED.);
#1294=B_SPLINE_CURVE_WITH_KNOTS('',1,(#2532,#2533),.UNSPECIFIED.,.F.,.F.,
(2,2),(0.,13.7224231648616),.UNSPECIFIED.);
#1295=B_SPLINE_CURVE_WITH_KNOTS('',1,(#2534,#2535),.UNSPECIFIED.,.F.,.F.,
(2,2),(0.155400064665852,3.40830250451995),.UNSPECIFIED.);
#1296=B_SPLINE_CURVE_WITH_KNOTS('',1,(#2536,#2537,#2538),.UNSPECIFIED.,
 .F.,.F.,(2,1,2),(-7.85452832709691,-7.71449744568327,-7.70798183169785),
 .UNSPECIFIED.);
#1297=B_SPLINE_CURVE_WITH_KNOTS('',1,(#2539,#2540),.UNSPECIFIED.,.F.,.F.,
(2,2),(1.98493296029618,2.7142580688563),.UNSPECIFIED.);
#1298=B_SPLINE_CURVE_WITH_KNOTS('',1,(#2541,#2542),.UNSPECIFIED.,.F.,.F.,
(2,2),(50.6133251190182,51.6133251190179),.UNSPECIFIED.);
#1299=B_SPLINE_CURVE_WITH_KNOTS('',1,(#2543,#2544,#2545,#2546),
 .UNSPECIFIED.,.F.,.F.,(2,1,1,2),(0.151545725549329,0.1901703161141,0.950847234775827,
1.71152659877658),.UNSPECIFIED.);
#1300=B_SPLINE_CURVE_WITH_KNOTS('',1,(#2547,#2548),.UNSPECIFIED.,.F.,.F.,
(2,2),(0.,0.699461460113537),.UNSPECIFIED.);
#1301=B_SPLINE_CURVE_WITH_KNOTS('',1,(#2549,#2550,#2551),.UNSPECIFIED.,
 .F.,.F.,(2,1,2),(6.19946146011399,7.71449744568327,7.85452832709691),
 .UNSPECIFIED.);
#1302=B_SPLINE_CURVE_WITH_KNOTS('',1,(#2552,#2553),.UNSPECIFIED.,.F.,.F.,
(2,2),(2.02470094715484,2.7142580688563),.UNSPECIFIED.);
#1303=B_SPLINE_CURVE_WITH_KNOTS('',1,(#2554,#2555),.UNSPECIFIED.,.F.,.F.,
(2,2),(68.7733497619632,69.7733497619629),.UNSPECIFIED.);
#1304=B_SPLINE_CURVE_WITH_KNOTS('',1,(#2556,#2557),.UNSPECIFIED.,.F.,.F.,
(2,2),(0.999999999999034,51.9999999999954),.UNSPECIFIED.);
#1305=B_SPLINE_CURVE_WITH_KNOTS('',1,(#2558,#2559),.UNSPECIFIED.,.F.,.F.,
(2,2),(56.0000000000027,106.999999999999),.UNSPECIFIED.);
#1306=B_SPLINE_CURVE_WITH_KNOTS('',1,(#2560,#2561),.UNSPECIFIED.,.F.,.F.,
(2,2),(50.6133251190181,51.6133251190179),.UNSPECIFIED.);
#1307=B_SPLINE_CURVE_WITH_KNOTS('',1,(#2562,#2563),.UNSPECIFIED.,.F.,.F.,
(2,2),(0.,0.999999999999034),.UNSPECIFIED.);
#1308=B_SPLINE_CURVE_WITH_KNOTS('',1,(#2564,#2565),.UNSPECIFIED.,.F.,.F.,
(2,2),(1.57556793780253,2.02470094715484),.UNSPECIFIED.);
#1309=B_SPLINE_CURVE_WITH_KNOTS('',1,(#2566,#2567),.UNSPECIFIED.,.F.,.F.,
(2,2),(-0.699461460113535,0.),.UNSPECIFIED.);
#1310=B_SPLINE_CURVE_WITH_KNOTS('',1,(#2568,#2569,#2570),.UNSPECIFIED.,
 .F.,.F.,(2,1,2),(0.,50.613325119018,51.6133251190179),.UNSPECIFIED.);
#1311=B_SPLINE_CURVE_WITH_KNOTS('',1,(#2571,#2572),.UNSPECIFIED.,.F.,.F.,
(2,2),(57.0107773117521,111.010778265427),.UNSPECIFIED.);
#1312=B_SPLINE_CURVE_WITH_KNOTS('',1,(#2573,#2574),.UNSPECIFIED.,.F.,.F.,
(2,2),(111.010778265427,113.957263990037),.UNSPECIFIED.);
#1313=B_SPLINE_CURVE_WITH_KNOTS('',1,(#2575,#2576),.UNSPECIFIED.,.F.,.F.,
(2,2),(66.0688037872318,117.068803787231),.UNSPECIFIED.);
#1314=B_SPLINE_CURVE_WITH_KNOTS('',1,(#2577,#2578),.UNSPECIFIED.,.F.,.F.,
(2,2),(-68.7733497619636,-1.99999927963473),.UNSPECIFIED.);
#1315=B_SPLINE_CURVE_WITH_KNOTS('',1,(#2579,#2580,#2581),.UNSPECIFIED.,
 .F.,.F.,(2,1,2),(0.,0.773349642753605,2.00000000000001),.UNSPECIFIED.);
#1316=B_SPLINE_CURVE_WITH_KNOTS('',1,(#2582,#2583),.UNSPECIFIED.,.F.,.F.,
(2,2),(0.,2.),.UNSPECIFIED.);
#1317=B_SPLINE_CURVE_WITH_KNOTS('',1,(#2584,#2585),.UNSPECIFIED.,.F.,.F.,
(2,2),(65.1064759437396,69.9999999999995),.UNSPECIFIED.);
#1318=B_SPLINE_CURVE_WITH_KNOTS('',1,(#2586,#2587),.UNSPECIFIED.,.F.,.F.,
(2,2),(0.,5.99144983924352),.UNSPECIFIED.);
#1319=B_SPLINE_CURVE_WITH_KNOTS('',1,(#2606,#2607),.UNSPECIFIED.,.F.,.F.,
(2,2),(2.23449375255969,8.23450460363478),.UNSPECIFIED.);
#1320=B_SPLINE_CURVE_WITH_KNOTS('',1,(#2608,#2609),.UNSPECIFIED.,.F.,.F.,
(2,2),(0.,6.00001085107518),.UNSPECIFIED.);
#1321=B_SPLINE_CURVE_WITH_KNOTS('',1,(#2610,#2611),.UNSPECIFIED.,.F.,.F.,
(2,2),(0.,2.00003368998517),.UNSPECIFIED.);
#1322=B_SPLINE_CURVE_WITH_KNOTS('',1,(#2612,#2613),.UNSPECIFIED.,.F.,.F.,
(2,2),(0.,5.99144983924352),.UNSPECIFIED.);
#1323=B_SPLINE_CURVE_WITH_KNOTS('',1,(#2632,#2633),.UNSPECIFIED.,.F.,.F.,
(2,2),(0.,5.99144983924352),.UNSPECIFIED.);
#1324=B_SPLINE_CURVE_WITH_KNOTS('',1,(#2652,#2653),.UNSPECIFIED.,.F.,.F.,
(2,2),(66.1280286598951,68.0000000000006),.UNSPECIFIED.);
#1325=B_SPLINE_CURVE_WITH_KNOTS('',1,(#2654,#2655),.UNSPECIFIED.,.F.,.F.,
(2,2),(2.23449375256039,8.23450460363478),.UNSPECIFIED.);
#1326=B_SPLINE_CURVE_WITH_KNOTS('',1,(#2656,#2657),.UNSPECIFIED.,.F.,.F.,
(2,2),(6.23447091364941,8.23450460363478),.UNSPECIFIED.);
#1327=B_SPLINE_CURVE_WITH_KNOTS('',1,(#2658,#2659),.UNSPECIFIED.,.F.,.F.,
(2,2),(9.41469124882133E-14,0.7631500512404),.UNSPECIFIED.);
#1328=B_SPLINE_CURVE_WITH_KNOTS('',1,(#2660,#2661),.UNSPECIFIED.,.F.,.F.,
(2,2),(2.31814567541733E-13,2.31447507707962),.UNSPECIFIED.);
#1329=B_SPLINE_CURVE_WITH_KNOTS('',5,(#2662,#2663,#2664,#2665,#2666,#2667),
 .UNSPECIFIED.,.F.,.F.,(6,6),(-3.76568542494975,-0.0050515073286334),
 .UNSPECIFIED.);
#1330=B_SPLINE_CURVE_WITH_KNOTS('',5,(#2668,#2669,#2670,#2671,#2672,#2673),
 .UNSPECIFIED.,.F.,.F.,(6,6),(0.,3.76568542494975),.UNSPECIFIED.);
#1331=B_SPLINE_CURVE_WITH_KNOTS('',1,(#2674,#2675),.UNSPECIFIED.,.F.,.F.,
(2,2),(2.01394456667003E-13,2.31447507707521),.UNSPECIFIED.);
#1332=B_SPLINE_CURVE_WITH_KNOTS('',5,(#2676,#2677,#2678,#2679,#2680,#2681),
 .UNSPECIFIED.,.F.,.F.,(6,6),(-3.7656854249497,0.),.UNSPECIFIED.);
#1333=B_SPLINE_CURVE_WITH_KNOTS('',5,(#2682,#2683,#2684,#2685,#2686,#2687),
 .UNSPECIFIED.,.F.,.F.,(6,6),(0.,3.7656854249497),.UNSPECIFIED.);
#1334=B_SPLINE_CURVE_WITH_KNOTS('',1,(#2688,#2689),.UNSPECIFIED.,.F.,.F.,
(2,2),(3.5527136788005E-14,0.763150051235866),.UNSPECIFIED.);
#1335=B_SPLINE_CURVE_WITH_KNOTS('',1,(#2690,#2691),.UNSPECIFIED.,.F.,.F.,
(2,2),(6.23447091364952,8.23450460363478),.UNSPECIFIED.);
#1336=B_SPLINE_CURVE_WITH_KNOTS('',1,(#2692,#2693),.UNSPECIFIED.,.F.,.F.,
(2,2),(-1.08357767203415E-13,0.763150619894951),.UNSPECIFIED.);
#1337=B_SPLINE_CURVE_WITH_KNOTS('',1,(#2694,#2695),.UNSPECIFIED.,.F.,.F.,
(2,2),(-1.75526260193237E-13,0.763150619894802),.UNSPECIFIED.);
#1338=B_SPLINE_CURVE_WITH_KNOTS('',1,(#2696,#2697),.UNSPECIFIED.,.F.,.F.,
(2,2),(-1.98729921407903E-14,2.31447825109198),.UNSPECIFIED.);
#1339=B_SPLINE_CURVE_WITH_KNOTS('',1,(#2698,#2699),.UNSPECIFIED.,.F.,.F.,
(2,2),(1.83852932877926E-13,2.31447825109219),.UNSPECIFIED.);
#1340=B_SPLINE_CURVE_WITH_KNOTS('',5,(#2700,#2701,#2702,#2703,#2704,#2705),
 .UNSPECIFIED.,.F.,.F.,(6,6),(-3.76568542494962,0.),.UNSPECIFIED.);
#1341=B_SPLINE_CURVE_WITH_KNOTS('',5,(#2706,#2707,#2708,#2709,#2710,#2711),
 .UNSPECIFIED.,.F.,.F.,(6,6),(0.,3.76568542494962),.UNSPECIFIED.);
#1342=B_SPLINE_CURVE_WITH_KNOTS('',5,(#2712,#2713,#2714,#2715,#2716,#2717),
 .UNSPECIFIED.,.F.,.F.,(6,6),(0.,3.7656854249494),.UNSPECIFIED.);
#1343=B_SPLINE_CURVE_WITH_KNOTS('',5,(#2718,#2719,#2720,#2721,#2722,#2723),
 .UNSPECIFIED.,.F.,.F.,(6,6),(-3.7656854249494,-0.00505151165474333),
 .UNSPECIFIED.);
#1344=B_SPLINE_CURVE_WITH_KNOTS('',3,(#2726,#2727,#2728,#2729,#2730,#2731,
#2732,#2733,#2734,#2735,#2736,#2737,#2738,#2739,#2740,#2741),
 .UNSPECIFIED.,.F.,.F.,(4,2,2,2,2,2,2,4),(0.,0.485362483592722,0.974021011564434,
1.47533761831936,1.97194322008381,2.44572670541211,2.91934966569829,3.86754347283937),
 .UNSPECIFIED.);
#1345=B_SPLINE_CURVE_WITH_KNOTS('',3,(#2742,#2743,#2744,#2745,#2746,#2747,
#2748,#2749,#2750,#2751,#2752,#2753,#2754,#2755,#2756,#2757),
 .UNSPECIFIED.,.F.,.F.,(4,2,2,2,2,2,2,4),(0.,0.948516011286167,1.41303092324101,
1.89635844468509,2.42219514590423,2.89392510473216,3.36950227468513,3.86750856071229),
 .UNSPECIFIED.);
#1346=B_SPLINE_CURVE_WITH_KNOTS('',1,(#2758,#2759),.UNSPECIFIED.,.F.,.F.,
(2,2),(5.9200295265571,8.23450460363243),.UNSPECIFIED.);
#1347=B_SPLINE_CURVE_WITH_KNOTS('',1,(#2760,#2761),.UNSPECIFIED.,.F.,.F.,
(2,2),(7.47135455239634,8.23450460363236),.UNSPECIFIED.);
#1348=B_SPLINE_CURVE_WITH_KNOTS('',1,(#2767,#2768,#2769),.UNSPECIFIED.,
 .F.,.F.,(2,1,2),(-7.99144983924358,-5.99144983924353,-7.105427357601E-15),
 .UNSPECIFIED.);
#1349=B_SPLINE_CURVE_WITH_KNOTS('',1,(#2770,#2771),.UNSPECIFIED.,.F.,.F.,
(2,2),(4.00855016075642,6.00855016075639),.UNSPECIFIED.);
#1350=B_SPLINE_CURVE_WITH_KNOTS('',1,(#2772,#2773,#2774),.UNSPECIFIED.,
 .F.,.F.,(2,1,2),(0.,5.99144983924352,7.99144983924348),.UNSPECIFIED.);
#1351=B_SPLINE_CURVE_WITH_KNOTS('',1,(#2775,#2776,#2777),.UNSPECIFIED.,
 .F.,.F.,(2,1,2),(4.0085501607564,6.00855016075636,11.9999999999999),
 .UNSPECIFIED.);
#1352=B_SPLINE_CURVE_WITH_KNOTS('',1,(#2778,#2779,#2780),.UNSPECIFIED.,
 .F.,.F.,(2,1,2),(-7.99144983924357,-5.99144983924351,-6.12843109593086E-14),
 .UNSPECIFIED.);
#1353=B_SPLINE_CURVE_WITH_KNOTS('',3,(#2781,#2782,#2783,#2784,#2785,#2786,
#2787,#2788,#2789,#2790,#2791,#2792,#2793,#2794),.UNSPECIFIED.,.F.,.F.,
(4,2,2,2,2,2,4),(0.,1.27413349765226,1.90948924094995,2.67307419238695,
2.9769381087015,3.27978496772323,3.87943855526294),.UNSPECIFIED.);
#1354=B_SPLINE_CURVE_WITH_KNOTS('',3,(#2795,#2796,#2797,#2798,#2799,#2800,
#2801,#2802,#2803,#2804,#2805,#2806,#2807,#2808,#2809,#2810),
 .UNSPECIFIED.,.F.,.F.,(4,2,2,2,2,2,2,4),(0.,0.485362483560107,0.974021011536735,
1.47533761829953,1.97194322006823,2.44572670539835,2.91934966569061,3.86754347283937),
 .UNSPECIFIED.);
#1355=B_SPLINE_CURVE_WITH_KNOTS('',1,(#2811,#2812),.UNSPECIFIED.,.F.,.F.,
(2,2),(7.99144983924357,8.99358929570652),.UNSPECIFIED.);
#1356=B_SPLINE_CURVE_WITH_KNOTS('',1,(#2813,#2814),.UNSPECIFIED.,.F.,.F.,
(2,2),(7.47135455240084,8.23450460363426),.UNSPECIFIED.);
#1357=B_SPLINE_CURVE_WITH_KNOTS('',1,(#2815,#2816),.UNSPECIFIED.,.F.,.F.,
(2,2),(5.92002952656136,8.23450460363437),.UNSPECIFIED.);
#1358=B_SPLINE_CURVE_WITH_KNOTS('',1,(#2822,#2823),.UNSPECIFIED.,.F.,.F.,
(2,2),(-4.00855016075643,-3.00641190378309),.UNSPECIFIED.);
#1359=B_SPLINE_CURVE_WITH_KNOTS('',3,(#2824,#2825,#2826,#2827,#2828,#2829,
#2830,#2831,#2832,#2833,#2834,#2835,#2836,#2837),.UNSPECIFIED.,.F.,.F.,
(4,2,2,2,2,2,4),(0.,1.27413320077403,1.9094898114731,2.67307602255959,2.97693980075095,
3.27978652540515,3.87943985920976),.UNSPECIFIED.);
#1360=B_SPLINE_CURVE_WITH_KNOTS('',3,(#2838,#2839,#2840,#2841,#2842,#2843,
#2844,#2845,#2846,#2847,#2848,#2849,#2850,#2851,#2852,#2853),
 .UNSPECIFIED.,.F.,.F.,(4,2,2,2,2,2,2,4),(0.,0.485362676696826,0.974021427334792,
1.47533821689013,1.97194397204593,2.44572758573743,2.9193506789094,3.86754476449854),
 .UNSPECIFIED.);
#1361=B_SPLINE_CURVE_WITH_KNOTS('',1,(#2854,#2855),.UNSPECIFIED.,.F.,.F.,
(2,2),(7.47135398373268,8.23450460363413),.UNSPECIFIED.);
#1362=B_SPLINE_CURVE_WITH_KNOTS('',1,(#2856,#2857),.UNSPECIFIED.,.F.,.F.,
(2,2),(5.92002635253539,8.23450460363432),.UNSPECIFIED.);
#1363=B_SPLINE_CURVE_WITH_KNOTS('',3,(#2863,#2864,#2865,#2866,#2867,#2868,
#2869,#2870,#2871,#2872,#2873,#2874,#2875,#2876),.UNSPECIFIED.,.F.,.F.,
(4,2,2,2,2,2,4),(0.,1.27413320076966,1.90948981146775,2.67307602255384,
2.9769398007346,3.27978652540259,3.87943985920982),.UNSPECIFIED.);
#1364=B_SPLINE_CURVE_WITH_KNOTS('',3,(#2877,#2878,#2879,#2880,#2881,#2882,
#2883,#2884,#2885,#2886,#2887,#2888,#2889,#2890,#2891,#2892),
 .UNSPECIFIED.,.F.,.F.,(4,2,2,2,2,2,2,4),(0.,0.485362676713805,0.974021427342048,
1.47533821689536,1.97194397205157,2.44572758574357,2.91935067891652,3.86754476449842),
 .UNSPECIFIED.);
#1365=B_SPLINE_CURVE_WITH_KNOTS('',1,(#2895,#2896),.UNSPECIFIED.,.F.,.F.,
(2,2),(7.47135398373272,8.2345046036341),.UNSPECIFIED.);
#1366=B_SPLINE_CURVE_WITH_KNOTS('',1,(#2897,#2898),.UNSPECIFIED.,.F.,.F.,
(2,2),(5.92002635253573,8.2345046036342),.UNSPECIFIED.);
#1367=B_SPLINE_CURVE_WITH_KNOTS('',5,(#3008,#3009,#3010,#3011,#3012,#3013),
 .UNSPECIFIED.,.F.,.F.,(6,6),(-9.4142135623752,-6.3074296606587),
 .UNSPECIFIED.);
#1368=B_SPLINE_CURVE_WITH_KNOTS('',1,(#3014,#3015),.UNSPECIFIED.,.F.,.F.,
(2,2),(5.,6.87197134010535),.UNSPECIFIED.);
#1369=B_SPLINE_CURVE_WITH_KNOTS('',1,(#3016,#3017),.UNSPECIFIED.,.F.,.F.,
(2,2),(5.45925140615165E-14,8.99358929570672),.UNSPECIFIED.);
#1370=B_SPLINE_CURVE_WITH_KNOTS('',1,(#3018,#3019,#3020),.UNSPECIFIED.,
 .F.,.F.,(2,1,2),(-12.5897186291014,-12.,-11.9754421096466),
 .UNSPECIFIED.);
#1371=B_SPLINE_CURVE_WITH_KNOTS('',5,(#3021,#3022,#3023,#3024,#3025,#3026),
 .UNSPECIFIED.,.F.,.F.,(6,6),(-5.64852813742445,0.),.UNSPECIFIED.);
#1372=B_SPLINE_CURVE_WITH_KNOTS('',1,(#3027,#3028),.UNSPECIFIED.,.F.,.F.,
(2,2),(3.00000000000025,7.89352405626085),.UNSPECIFIED.);
#1373=B_SPLINE_CURVE_WITH_KNOTS('',5,(#3029,#3030,#3031,#3032,#3033,#3034),
 .UNSPECIFIED.,.F.,.F.,(6,6),(-5.64852813742449,0.),.UNSPECIFIED.);
#1374=B_SPLINE_CURVE_WITH_KNOTS('',1,(#3035,#3036,#3037),.UNSPECIFIED.,
 .F.,.F.,(2,1,2),(-3.02455756382003,-3.,-2.41028123355512),
 .UNSPECIFIED.);
#1375=B_SPLINE_CURVE_WITH_KNOTS('',1,(#3038,#3039),.UNSPECIFIED.,.F.,.F.,
(2,2),(-50.9999999999995,-9.2370555648813E-14),.UNSPECIFIED.);
#1376=B_SPLINE_CURVE_WITH_KNOTS('',1,(#3040,#3041),.UNSPECIFIED.,.F.,.F.,
(2,2),(0.,51.1328163146977),.UNSPECIFIED.);
#1377=B_SPLINE_CURVE_WITH_KNOTS('',1,(#3042,#3043),.UNSPECIFIED.,.F.,.F.,
(2,2),(5.99144983924354,7.99144983924358),.UNSPECIFIED.);
#1378=B_SPLINE_CURVE_WITH_KNOTS('',1,(#3044,#3045),.UNSPECIFIED.,.F.,.F.,
(2,2),(7.91757313352388,9.91757313352422),.UNSPECIFIED.);
#1379=B_SPLINE_CURVE_WITH_KNOTS('',1,(#3046,#3047),.UNSPECIFIED.,.F.,.F.,
(2,2),(5.9914498392435,7.99144983924351),.UNSPECIFIED.);
#1380=B_SPLINE_CURVE_WITH_KNOTS('',1,(#3048,#3049),.UNSPECIFIED.,.F.,.F.,
(2,2),(5.99144983924352,7.9914498392435),.UNSPECIFIED.);
#1381=B_SPLINE_CURVE_WITH_KNOTS('',3,(#3050,#3051,#3052,#3053,#3054,#3055,
#3056,#3057,#3058,#3059,#3060,#3061,#3062,#3063,#3064,#3065,#3066,#3067,
#3068,#3069,#3070,#3071,#3072),.UNSPECIFIED.,.F.,.F.,(4,2,2,2,2,3,2,2,2,
2,4),(1.79379168657945,2.59042913907197,3.18455459261864,3.48128717622714,
3.62958244926437,3.77787843269077,3.92617441614335,4.07446968916642,4.37120227277583,
4.96532772632703,5.76196517880762),.UNSPECIFIED.);
#1382=B_SPLINE_CURVE_WITH_KNOTS('',1,(#3073,#3074),.UNSPECIFIED.,.F.,.F.,
(2,2),(64.6029028144227,68.7893524056267),.UNSPECIFIED.);
#1383=B_SPLINE_CURVE_WITH_KNOTS('',3,(#3075,#3076,#3077,#3078,#3079,#3080,
#3081,#3082,#3083,#3084,#3085,#3086,#3087,#3088,#3089,#3090,#3091,#3092,
#3093,#3094,#3095,#3096,#3097),.UNSPECIFIED.,.F.,.F.,(4,2,2,2,2,3,2,2,2,
2,4),(1.79379168656787,2.59042913903429,3.18455459256641,3.48128717618241,
3.62958244921548,3.77787843269141,3.9261744161518,4.0744696891909,4.37120227280006,
4.96532772633773,5.76196517881208),.UNSPECIFIED.);
#1384=B_SPLINE_CURVE_WITH_KNOTS('',3,(#3098,#3099,#3100,#3101,#3102,#3103,
#3104,#3105,#3106,#3107,#3108,#3109,#3110,#3111),.UNSPECIFIED.,.F.,.F.,
(4,2,2,2,2,2,4),(0.,0.551460507656311,1.10207594834968,1.65301024448464,
2.2042346783246,3.33513858407771,4.36895622897823),.UNSPECIFIED.);
#1385=B_SPLINE_CURVE_WITH_KNOTS('',1,(#3112,#3113),.UNSPECIFIED.,.F.,.F.,
(2,2),(14.6029028144223,60.997354712979),.UNSPECIFIED.);
#1386=B_SPLINE_CURVE_WITH_KNOTS('',1,(#3114,#3115),.UNSPECIFIED.,.F.,.F.,
(2,2),(3.00641190378291,4.00855016075643),.UNSPECIFIED.);
#1387=B_SPLINE_CURVE_WITH_KNOTS('',1,(#3118,#3119),.UNSPECIFIED.,.F.,.F.,
(2,2),(3.00641190378298,11.9999999999999),.UNSPECIFIED.);
#1388=B_SPLINE_CURVE_WITH_KNOTS('',1,(#3120,#3121),.UNSPECIFIED.,.F.,.F.,
(2,2),(55.9200295265614,62.7530673036709),.UNSPECIFIED.);
#1389=B_SPLINE_CURVE_WITH_KNOTS('',3,(#3122,#3123,#3124,#3125,#3126,#3127,
#3128,#3129,#3130,#3131,#3132,#3133,#3134,#3135,#3136,#3137,#3138,#3139,
#3140,#3141,#3142,#3143,#3144),.UNSPECIFIED.,.F.,.F.,(4,2,2,2,2,3,2,2,2,
2,4),(1.79378917965069,2.59043018626707,3.18455595736963,3.48128869953737,
3.62958405174729,3.77788011438127,3.92617617699107,4.07447152919904,4.37120427137046,
4.96533004247967,5.76197104910605),.UNSPECIFIED.);
#1390=B_SPLINE_CURVE_WITH_KNOTS('',1,(#3145,#3146),.UNSPECIFIED.,.F.,.F.,
(2,2),(-1.8719713401054,2.31447507707955),.UNSPECIFIED.);
#1391=B_SPLINE_CURVE_WITH_KNOTS('',3,(#3147,#3148,#3149,#3150,#3151,#3152,
#3153,#3154,#3155,#3156,#3157,#3158,#3159,#3160,#3161,#3162,#3163,#3164,
#3165,#3166,#3167,#3168,#3169),.UNSPECIFIED.,.F.,.F.,(4,2,2,2,2,3,2,2,2,
2,4),(1.79378917964149,2.59043018623821,3.18455595732198,3.48128869947066,
3.6295840517211,3.77788011438155,3.92617617699889,4.07447152926159,4.37120427142243,
4.96533004251861,5.76197104911933),.UNSPECIFIED.);
#1392=B_SPLINE_CURVE_WITH_KNOTS('',1,(#3170,#3171),.UNSPECIFIED.,.F.,.F.,
(2,2),(5.92002952656137,52.3144750770795),.UNSPECIFIED.);
#1393=B_SPLINE_CURVE_WITH_KNOTS('',1,(#3174,#3175),.UNSPECIFIED.,.F.,.F.,
(2,2),(-8.99358929570647,-7.99144983924358),.UNSPECIFIED.);
#1394=B_SPLINE_CURVE_WITH_KNOTS('',1,(#3176,#3177),.UNSPECIFIED.,.F.,.F.,
(2,2),(-30.5132782150782,-30.4702714512259),.UNSPECIFIED.);
#1395=B_SPLINE_CURVE_WITH_KNOTS('',1,(#3178,#3179),.UNSPECIFIED.,.F.,.F.,
(2,2),(-59.0000000000002,-5.00000000000005),.UNSPECIFIED.);
#1396=B_SPLINE_CURVE_WITH_KNOTS('',3,(#3180,#3181,#3182,#3183,#3184,#3185,
#3186,#3187,#3188,#3189,#3190,#3191,#3192,#3193,#3194),.UNSPECIFIED.,.F.,
 .F.,(4,3,2,2,2,2,4),(2.78454469306084,2.92668420324188,4.12139177922483,
5.32921964887394,5.9113240890504,6.49242964479842,7.64965000272756),
 .UNSPECIFIED.);
#1397=B_SPLINE_CURVE_WITH_KNOTS('',3,(#3195,#3196,#3197,#3198,#3199,#3200,
#3201,#3202,#3203,#3204,#3205,#3206,#3207,#3208,#3209),.UNSPECIFIED.,.F.,
 .F.,(4,2,2,2,2,3,4),(0.,1.15722035797322,1.73832591371351,2.32043035387079,
3.52825822351011,4.72296579948347,4.86510634051219),.UNSPECIFIED.);
#1398=B_SPLINE_CURVE_WITH_KNOTS('',3,(#3210,#3211,#3212,#3213,#3214,#3215),
 .UNSPECIFIED.,.F.,.F.,(4,2,4),(4.51760989252181,4.92225514105168,5.63101907550247),
 .UNSPECIFIED.);
#1399=B_SPLINE_CURVE_WITH_KNOTS('',1,(#3216,#3217),.UNSPECIFIED.,.F.,.F.,
(2,2),(-51.1328163146976,1.89240720983841),.UNSPECIFIED.);
#1400=B_SPLINE_CURVE_WITH_KNOTS('',3,(#3218,#3219,#3220,#3221),
 .UNSPECIFIED.,.F.,.F.,(4,4),(0.,3.30018760858799),.UNSPECIFIED.);
#1401=B_SPLINE_CURVE_WITH_KNOTS('',1,(#3222,#3223),.UNSPECIFIED.,.F.,.F.,
(2,2),(-103.999999046326,-103.499999046326),.UNSPECIFIED.);
#1402=B_SPLINE_CURVE_WITH_KNOTS('',1,(#3224,#3225),.UNSPECIFIED.,.F.,.F.,
(2,2),(-49.3671827316281,-45.9999998678186),.UNSPECIFIED.);
#1403=B_SPLINE_CURVE_WITH_KNOTS('',3,(#3226,#3227,#3228,#3229),
 .UNSPECIFIED.,.F.,.F.,(4,4),(1.40458389034358,4.70477308517712),
 .UNSPECIFIED.);
#1404=B_SPLINE_CURVE_WITH_KNOTS('',1,(#3230,#3231),.UNSPECIFIED.,.F.,.F.,
(2,2),(3.70590159807289,6.00855016075633),.UNSPECIFIED.);
#1405=B_SPLINE_CURVE_WITH_KNOTS('',3,(#3232,#3233,#3234,#3235,#3236,#3237,
#3238,#3239,#3240,#3241,#3242),.UNSPECIFIED.,.F.,.F.,(4,1,1,1,1,1,1,1,4),
(-4.64574343471283,-4.40821103080259,-3.63409096191065,-2.96970266484633,
-2.39235239565685,-1.84800693831095,-1.27906570035842,-0.658985158306151,
0.),.UNSPECIFIED.);
#1406=B_SPLINE_CURVE_WITH_KNOTS('',5,(#3243,#3244,#3245,#3246,#3247,#3248),
 .UNSPECIFIED.,.F.,.F.,(6,6),(-4.57024291138685,0.),.UNSPECIFIED.);
#1407=B_SPLINE_CURVE_WITH_KNOTS('',3,(#3249,#3250,#3251,#3252,#3253,#3254,
#3255,#3256,#3257,#3258,#3259,#3260,#3261,#3262),.UNSPECIFIED.,.F.,.F.,
(4,2,2,2,2,2,4),(3.19055609568368,4.22437249345276,5.35527590426543,5.90650009686431,
6.45743415190783,7.00804935165888,7.55951157840376),.UNSPECIFIED.);
#1408=B_SPLINE_CURVE_WITH_KNOTS('',1,(#3263,#3264),.UNSPECIFIED.,.F.,.F.,
(2,2),(-25.1954388339363,-17.9914488855694),.UNSPECIFIED.);
#1409=B_SPLINE_CURVE_WITH_KNOTS('',1,(#3265,#3266),.UNSPECIFIED.,.F.,.F.,
(2,2),(-25.1954388339363,-17.9914488855694),.UNSPECIFIED.);
#1410=B_SPLINE_CURVE_WITH_KNOTS('',1,(#3267,#3268),.UNSPECIFIED.,.F.,.F.,
(2,2),(-27.1434485773796,-25.1954388339363),.UNSPECIFIED.);
#1411=B_SPLINE_CURVE_WITH_KNOTS('',1,(#3269,#3270),.UNSPECIFIED.,.F.,.F.,
(2,2),(0.,36.1490029346188),.UNSPECIFIED.);
#1412=B_SPLINE_CURVE_WITH_KNOTS('',1,(#3271,#3272),.UNSPECIFIED.,.F.,.F.,
(2,2),(-27.1434485773801,-25.1954388339363),.UNSPECIFIED.);
#1413=B_SPLINE_CURVE_WITH_KNOTS('',1,(#3273,#3274),.UNSPECIFIED.,.F.,.F.,
(2,2),(0.,36.1490029346188),.UNSPECIFIED.);
#1414=B_SPLINE_CURVE_WITH_KNOTS('',1,(#3275,#3276),.UNSPECIFIED.,.F.,.F.,
(2,2),(-20.840057223586,-13.636067275219),.UNSPECIFIED.);
#1415=B_SPLINE_CURVE_WITH_KNOTS('',1,(#3277,#3278),.UNSPECIFIED.,.F.,.F.,
(2,2),(-20.840057223586,-13.636067275219),.UNSPECIFIED.);
#1416=B_SPLINE_CURVE_WITH_KNOTS('',1,(#3279,#3280),.UNSPECIFIED.,.F.,.F.,
(2,2),(0.,36.1490029346188),.UNSPECIFIED.);
#1417=B_SPLINE_CURVE_WITH_KNOTS('',1,(#3281,#3282),.UNSPECIFIED.,.F.,.F.,
(2,2),(-13.636067275219,-11.6880575317742),.UNSPECIFIED.);
#1418=B_SPLINE_CURVE_WITH_KNOTS('',1,(#3283,#3284),.UNSPECIFIED.,.F.,.F.,
(2,2),(-13.636067275219,-11.6880575317747),.UNSPECIFIED.);
#1419=B_SPLINE_CURVE_WITH_KNOTS('',1,(#3285,#3286),.UNSPECIFIED.,.F.,.F.,
(2,2),(0.,36.1490029346188),.UNSPECIFIED.);
#1420=B_SPLINE_CURVE_WITH_KNOTS('',1,(#3287,#3288),.UNSPECIFIED.,.F.,.F.,
(2,2),(8.30769276477876,45.692307235221),.UNSPECIFIED.);
#1421=B_SPLINE_CURVE_WITH_KNOTS('',1,(#3289,#3290),.UNSPECIFIED.,.F.,.F.,
(2,2),(5.99144983924358,8.29409840192756),.UNSPECIFIED.);
#1422=B_SPLINE_CURVE_WITH_KNOTS('',5,(#3291,#3292,#3293,#3294,#3295,#3296),
 .UNSPECIFIED.,.F.,.F.,(6,6),(6.30742966065928,9.4142135623721),
 .UNSPECIFIED.);
#1423=B_SPLINE_CURVE_WITH_KNOTS('',1,(#3297,#3298),.UNSPECIFIED.,.F.,.F.,
(2,2),(5.05391539472788,48.9460846052718),.UNSPECIFIED.);
#1424=B_SPLINE_CURVE_WITH_KNOTS('',3,(#3299,#3300,#3301,#3302,#3303,#3304,
#3305,#3306,#3307,#3308,#3309,#3310,#3311,#3312,#3313,#3314,#3315,#3316,
#3317,#3318,#3319,#3320,#3321,#3322,#3323,#3324,#3325,#3326,#3327,#3328,
#3329,#3330),.UNSPECIFIED.,.F.,.F.,(4,3,2,2,2,2,2,2,2,2,3,2,2,2,4),(45.692307235221,
45.6926763633265,46.3871714807899,46.7342207683679,47.0814141060792,47.4315219795767,
47.7818849021338,48.4876266144209,49.1851262321371,49.8793645254321,51.2501977283405,
52.1048692433224,52.9601832622481,53.8157061858809,54.67160251953),
 .UNSPECIFIED.);
#1425=B_SPLINE_CURVE_WITH_KNOTS('',3,(#3331,#3332,#3333,#3334,#3335,#3336,
#3337,#3338,#3339,#3340,#3341,#3342,#3343,#3344,#3345,#3346,#3347,#3348,
#3349,#3350,#3351,#3352,#3353,#3354,#3355,#3356,#3357,#3358,#3359,#3360,
#3361,#3362),.UNSPECIFIED.,.F.,.F.,(4,2,2,2,3,2,2,2,2,2,2,2,2,3,4),(0.,
0.855896333637678,1.7114192572614,2.56673327621576,3.42140479119558,4.79223448972411,
5.48647093682618,6.18396865695075,6.88970866499313,7.24007076652201,7.59017782259176,
7.93737036128935,8.28441884742224,8.97891222288656,8.97929095344552),
 .UNSPECIFIED.);
#1426=B_SPLINE_CURVE_WITH_KNOTS('',1,(#3375,#3376),.UNSPECIFIED.,.F.,.F.,
(2,2),(16.9160727355836,69.7054799805725),.UNSPECIFIED.);
#1427=B_SPLINE_CURVE_WITH_KNOTS('',1,(#3380,#3381),.UNSPECIFIED.,.F.,.F.,
(2,2),(-59.3489118641107,-22.5595046191217),.UNSPECIFIED.);
#1428=B_SPLINE_CURVE_WITH_KNOTS('',5,(#3401,#3402,#3403,#3404,#3405,#3406),
 .UNSPECIFIED.,.F.,.F.,(6,6),(9.91757313352422,11.912207311025),
 .UNSPECIFIED.);
#1429=B_SPLINE_CURVE_WITH_KNOTS('',5,(#3407,#3408,#3409,#3410,#3411,#3412),
 .UNSPECIFIED.,.F.,.F.,(6,6),(11.912207311025,11.9172588183537),
 .UNSPECIFIED.);
#1430=B_SPLINE_CURVE_WITH_KNOTS('',5,(#3413,#3414,#3415,#3416,#3417,#3418),
 .UNSPECIFIED.,.F.,.F.,(6,6),(-0.00505151165474333,0.),.UNSPECIFIED.);
#1431=B_SPLINE_CURVE_WITH_KNOTS('',5,(#3419,#3420,#3421,#3422,#3423,#3424),
 .UNSPECIFIED.,.F.,.F.,(6,6),(0.00505151165474333,1.99968568456005),
 .UNSPECIFIED.);
#1432=B_SPLINE_CURVE_WITH_KNOTS('',1,(#3425,#3426),.UNSPECIFIED.,.F.,.F.,
(2,2),(119.773349761963,170.773349761962),.UNSPECIFIED.);
#1433=B_SPLINE_CURVE_WITH_KNOTS('',1,(#3427,#3428),.UNSPECIFIED.,.F.,.F.,
(2,2),(170.773349761962,237.546699523926),.UNSPECIFIED.);
#1434=B_SPLINE_CURVE_WITH_KNOTS('',1,(#3429,#3430),.UNSPECIFIED.,.F.,.F.,
(2,2),(-62.4054799805724,-9.61607273558343),.UNSPECIFIED.);
#1435=B_SPLINE_CURVE_WITH_KNOTS('',1,(#3446,#3447),.UNSPECIFIED.,.F.,.F.,
(2,2),(7.10529542383091,43.8947026688198),.UNSPECIFIED.);
#1436=B_SPLINE_CURVE_WITH_KNOTS('',1,(#3451,#3452),.UNSPECIFIED.,.F.,.F.,
(2,2),(2.60952627542381E-28,2.),.UNSPECIFIED.);
#1437=B_SPLINE_CURVE_WITH_KNOTS('',1,(#3453,#3454),.UNSPECIFIED.,.F.,.F.,
(2,2),(0.,3.2266503572464),.UNSPECIFIED.);
#1438=B_SPLINE_CURVE_WITH_KNOTS('',1,(#3455,#3456),.UNSPECIFIED.,.F.,.F.,
(2,2),(0.,3.22665035724697),.UNSPECIFIED.);
#1439=B_SPLINE_CURVE_WITH_KNOTS('',1,(#3457,#3458),.UNSPECIFIED.,.F.,.F.,
(2,2),(52.9999999999994,119.773349761963),.UNSPECIFIED.);
#1440=B_SPLINE_CURVE_WITH_KNOTS('',1,(#3459,#3460),.UNSPECIFIED.,.F.,.F.,
(2,2),(0.,50.9999999999994),.UNSPECIFIED.);
#1441=B_SPLINE_CURVE_WITH_KNOTS('',5,(#3461,#3462,#3463,#3464,#3465,#3466),
 .UNSPECIFIED.,.F.,.F.,(6,6),(0.,3.76568542494943),.UNSPECIFIED.);
#1442=B_SPLINE_CURVE_WITH_KNOTS('',5,(#3467,#3468,#3469,#3470,#3471,#3472),
 .UNSPECIFIED.,.F.,.F.,(6,6),(-3.76568542494943,0.),.UNSPECIFIED.);
#1443=B_SPLINE_CURVE_WITH_KNOTS('',1,(#3473,#3474),.UNSPECIFIED.,.F.,.F.,
(2,2),(-2.49999999591306,0.),.UNSPECIFIED.);
#1444=B_SPLINE_CURVE_WITH_KNOTS('',1,(#3475,#3476),.UNSPECIFIED.,.F.,.F.,
(2,2),(9.27620614091539E-14,0.637617203980755),.UNSPECIFIED.);
#1445=B_SPLINE_CURVE_WITH_KNOTS('',1,(#3477,#3478),.UNSPECIFIED.,.F.,.F.,
(2,2),(0.,0.249346332825321),.UNSPECIFIED.);
#1446=B_SPLINE_CURVE_WITH_KNOTS('',1,(#3479,#3480),.UNSPECIFIED.,.F.,.F.,
(2,2),(57.5000000000002,59.0000009536744),.UNSPECIFIED.);
#1447=B_SPLINE_CURVE_WITH_KNOTS('',1,(#3481,#3482),.UNSPECIFIED.,.F.,.F.,
(2,2),(0.,3.22665035724698),.UNSPECIFIED.);
#1448=B_SPLINE_CURVE_WITH_KNOTS('',1,(#3483,#3484),.UNSPECIFIED.,.F.,.F.,
(2,2),(4.98922364192225,6.98922328173948),.UNSPECIFIED.);
#1449=B_SPLINE_CURVE_WITH_KNOTS('',1,(#3485,#3486),.UNSPECIFIED.,.F.,.F.,
(2,2),(6.26021539814171,66.0688037872318),.UNSPECIFIED.);
#1450=B_SPLINE_CURVE_WITH_KNOTS('',1,(#3487,#3488),.UNSPECIFIED.,.F.,.F.,
(2,2),(-1.99999999999955,7.105427357601E-15),.UNSPECIFIED.);
#1451=B_SPLINE_CURVE_WITH_KNOTS('',1,(#3489,#3490),.UNSPECIFIED.,.F.,.F.,
(2,2),(0.,2.49999999591306),.UNSPECIFIED.);
#1452=B_SPLINE_CURVE_WITH_KNOTS('',1,(#3491,#3492),.UNSPECIFIED.,.F.,.F.,
(2,2),(0.,0.249346332825438),.UNSPECIFIED.);
#1453=B_SPLINE_CURVE_WITH_KNOTS('',1,(#3493,#3494),.UNSPECIFIED.,.F.,.F.,
(2,2),(0.,3.22665035724641),.UNSPECIFIED.);
#1454=B_SPLINE_CURVE_WITH_KNOTS('',1,(#3495,#3496),.UNSPECIFIED.,.F.,.F.,
(2,2),(5.00000095367447,6.50000000000042),.UNSPECIFIED.);
#1455=B_SPLINE_CURVE_WITH_KNOTS('',1,(#3497,#3498),.UNSPECIFIED.,.F.,.F.,
(2,2),(66.7733513937104,68.7733497619629),.UNSPECIFIED.);
#1456=B_SPLINE_CURVE_WITH_KNOTS('',1,(#3499,#3500),.UNSPECIFIED.,.F.,.F.,
(2,2),(-0.650956188123978,-0.345716550764529),.UNSPECIFIED.);
#1457=B_SPLINE_CURVE_WITH_KNOTS('',3,(#3501,#3502,#3503,#3504,#3505,#3506,
#3507,#3508,#3509,#3510),.UNSPECIFIED.,.F.,.F.,(4,3,3,4),(0.,0.782455406816048,
1.56490839266562,1.60463869317553),.UNSPECIFIED.);
#1458=B_SPLINE_CURVE_WITH_KNOTS('',3,(#3511,#3512,#3513,#3514),
 .UNSPECIFIED.,.F.,.F.,(4,4),(2.99777860064753E-12,1.69167493511747),
 .UNSPECIFIED.);
#1459=B_SPLINE_CURVE_WITH_KNOTS('',1,(#3515,#3516),.UNSPECIFIED.,.F.,.F.,
(2,2),(0.,1.11743038742877),.UNSPECIFIED.);
#1460=B_SPLINE_CURVE_WITH_KNOTS('',1,(#3517,#3518),.UNSPECIFIED.,.F.,.F.,
(2,2),(52.8825705662459,54.0000009536746),.UNSPECIFIED.);
#1461=B_SPLINE_CURVE_WITH_KNOTS('',1,(#3519,#3520),.UNSPECIFIED.,.F.,.F.,
(2,2),(-2.68737562637806,-0.910669426805698),.UNSPECIFIED.);
#1462=B_SPLINE_CURVE_WITH_KNOTS('',1,(#3521,#3522),.UNSPECIFIED.,.F.,.F.,
(2,2),(-2.68737562637784,-1.99594252484883),.UNSPECIFIED.);
#1463=B_SPLINE_CURVE_WITH_KNOTS('',1,(#3523,#3524),.UNSPECIFIED.,.F.,.F.,
(2,2),(1.38508248963378,1.64412502716963),.UNSPECIFIED.);
#1464=B_SPLINE_CURVE_WITH_KNOTS('',3,(#3525,#3526,#3527,#3528,#3529,#3530,
#3531,#3532,#3533,#3534,#3535,#3536,#3537,#3538,#3539,#3540),
 .UNSPECIFIED.,.F.,.F.,(4,2,2,2,2,2,2,4),(0.,3.81837731912639,4.96225133775448,
6.10991748952541,6.71187602765983,7.31335433434857,7.90097399568012,8.48842679679825),
 .UNSPECIFIED.);
#1465=B_SPLINE_CURVE_WITH_KNOTS('',1,(#3541,#3542),.UNSPECIFIED.,.F.,.F.,
(2,2),(-1.64412502716952,-1.38508290431698),.UNSPECIFIED.);
#1466=B_SPLINE_CURVE_WITH_KNOTS('',1,(#3543,#3544),.UNSPECIFIED.,.F.,.F.,
(2,2),(-5.00000087997696,-3.00000000000021),.UNSPECIFIED.);
#1467=B_SPLINE_CURVE_WITH_KNOTS('',3,(#3545,#3546,#3547,#3548,#3549,#3550,
#3551,#3552,#3553,#3554,#3555,#3556,#3557,#3558,#3559,#3560),
 .UNSPECIFIED.,.F.,.F.,(4,2,2,2,2,2,2,4),(0.,0.656590755616876,1.31510508098695,
1.84700041929615,2.37822419373385,3.45591144699505,4.66909335872901,8.48703782817751),
 .UNSPECIFIED.);
#1468=B_SPLINE_CURVE_WITH_KNOTS('',3,(#3561,#3562,#3563,#3564,#3565,#3566,
#3567,#3568,#3569,#3570,#3571,#3572,#3573,#3574),.UNSPECIFIED.,.F.,.F.,
(4,2,2,2,2,2,4),(0.,1.34071997750197,2.01256972375317,2.7665845396037,3.46550343341297,
4.13273582837201,5.45796971446478),.UNSPECIFIED.);
#1469=B_SPLINE_CURVE_WITH_KNOTS('',3,(#3575,#3576,#3577,#3578),
 .UNSPECIFIED.,.F.,.F.,(4,4),(0.0450576832744043,4.55082601070589),
 .UNSPECIFIED.);
#1470=B_SPLINE_CURVE_WITH_KNOTS('',1,(#3579,#3580),.UNSPECIFIED.,.F.,.F.,
(2,2),(10.9999996445445,14.3671832731042),.UNSPECIFIED.);
#1471=B_SPLINE_CURVE_WITH_KNOTS('',3,(#3581,#3582,#3583,#3584),
 .UNSPECIFIED.,.F.,.F.,(4,4),(1.0401793077423E-6,4.50576960103171),
 .UNSPECIFIED.);
#1472=B_SPLINE_CURVE_WITH_KNOTS('',1,(#3585,#3586),.UNSPECIFIED.,.F.,.F.,
(2,2),(68.4999995878021,68.9999995992104),.UNSPECIFIED.);
#1473=B_SPLINE_CURVE_WITH_KNOTS('',1,(#3587,#3588),.UNSPECIFIED.,.F.,.F.,
(2,2),(-61.0000000000005,-59.0000009536746),.UNSPECIFIED.);
#1474=B_SPLINE_CURVE_WITH_KNOTS('',1,(#3589,#3590),.UNSPECIFIED.,.F.,.F.,
(2,2),(1.38286620305728,1.75412712146615),.UNSPECIFIED.);
#1475=B_SPLINE_CURVE_WITH_KNOTS('',3,(#3591,#3592,#3593,#3594),
 .UNSPECIFIED.,.F.,.F.,(4,4),(0.0380592060517349,3.5498691265236),
 .UNSPECIFIED.);
#1476=B_SPLINE_CURVE_WITH_KNOTS('',3,(#3595,#3596,#3597,#3598),
 .UNSPECIFIED.,.F.,.F.,(4,4),(0.,3.51180992047091),.UNSPECIFIED.);
#1477=B_SPLINE_CURVE_WITH_KNOTS('',1,(#3599,#3600),.UNSPECIFIED.,.F.,.F.,
(2,2),(2.49074786199959,69.773349761963),.UNSPECIFIED.);
#1478=B_SPLINE_CURVE_WITH_KNOTS('',1,(#3601,#3602),.UNSPECIFIED.,.F.,.F.,
(2,2),(54.0642915871421,57.0107773117521),.UNSPECIFIED.);
#1479=B_SPLINE_CURVE_WITH_KNOTS('',1,(#3603,#3604),.UNSPECIFIED.,.F.,.F.,
(2,2),(9.75065366717378,12.),.UNSPECIFIED.);
#1480=B_SPLINE_CURVE_WITH_KNOTS('',1,(#3605,#3606),.UNSPECIFIED.,.F.,.F.,
(2,2),(9.7506536671748,12.),.UNSPECIFIED.);
#1481=B_SPLINE_CURVE_WITH_KNOTS('',1,(#3607,#3608),.UNSPECIFIED.,.F.,.F.,
(2,2),(4.87943265178268,70.6416989830445),.UNSPECIFIED.);
#1482=B_SPLINE_CURVE_WITH_KNOTS('',1,(#3609,#3610),.UNSPECIFIED.,.F.,.F.,
(2,2),(4.16431316160028,10.9973547129792),.UNSPECIFIED.);
#1483=B_SPLINE_CURVE_WITH_KNOTS('',1,(#3611,#3612),.UNSPECIFIED.,.F.,.F.,
(2,2),(3.75570239126422,12.),.UNSPECIFIED.);
#1484=B_SPLINE_CURVE_WITH_KNOTS('',1,(#3613,#3614),.UNSPECIFIED.,.F.,.F.,
(2,2),(45.8686562937051,111.630922624967),.UNSPECIFIED.);
#1485=B_SPLINE_CURVE_WITH_KNOTS('',1,(#3615,#3616),.UNSPECIFIED.,.F.,.F.,
(2,2),(3.75570239126441,11.9999999999999),.UNSPECIFIED.);
#1486=B_SPLINE_CURVE_WITH_KNOTS('',1,(#3617,#3618),.UNSPECIFIED.,.F.,.F.,
(2,2),(45.8686563280159,111.630921993289),.UNSPECIFIED.);
#1487=B_SPLINE_CURVE_WITH_KNOTS('',1,(#3619,#3620),.UNSPECIFIED.,.F.,.F.,
(2,2),(2.8407731222172,68.7733497619632),.UNSPECIFIED.);
#1488=B_SPLINE_CURVE_WITH_KNOTS('',1,(#3621,#3622),.UNSPECIFIED.,.F.,.F.,
(2,2),(3.37816940779885,68.7733497619627),.UNSPECIFIED.);
#1489=B_SPLINE_CURVE_WITH_KNOTS('',1,(#3623,#3624),.UNSPECIFIED.,.F.,.F.,
(2,2),(-0.637618388051317,-1.58945610336754E-6),.UNSPECIFIED.);
#1490=B_SPLINE_CURVE_WITH_KNOTS('',1,(#3625,#3626,#3627),.UNSPECIFIED.,
 .F.,.F.,(2,1,2),(-174.59475669294,-119.773349761963,-117.905000540881),
 .UNSPECIFIED.);
#1491=VERTEX_POINT('',#2267);
#1492=VERTEX_POINT('',#2268);
#1493=VERTEX_POINT('',#2269);
#1494=VERTEX_POINT('',#2270);
#1495=VERTEX_POINT('',#2271);
#1496=VERTEX_POINT('',#2272);
#1497=VERTEX_POINT('',#2273);
#1498=VERTEX_POINT('',#2274);
#1499=VERTEX_POINT('',#2275);
#1500=VERTEX_POINT('',#2276);
#1501=VERTEX_POINT('',#2277);
#1502=VERTEX_POINT('',#2278);
#1503=VERTEX_POINT('',#2279);
#1504=VERTEX_POINT('',#2280);
#1505=VERTEX_POINT('',#2281);
#1506=VERTEX_POINT('',#2282);
#1507=VERTEX_POINT('',#2283);
#1508=VERTEX_POINT('',#2284);
#1509=VERTEX_POINT('',#2285);
#1510=VERTEX_POINT('',#2286);
#1511=VERTEX_POINT('',#2287);
#1512=VERTEX_POINT('',#2288);
#1513=VERTEX_POINT('',#2289);
#1514=VERTEX_POINT('',#2290);
#1515=VERTEX_POINT('',#2291);
#1516=VERTEX_POINT('',#2292);
#1517=VERTEX_POINT('',#2293);
#1518=VERTEX_POINT('',#2294);
#1519=VERTEX_POINT('',#2295);
#1520=VERTEX_POINT('',#2296);
#1521=VERTEX_POINT('',#2297);
#1522=VERTEX_POINT('',#2298);
#1523=VERTEX_POINT('',#2299);
#1524=VERTEX_POINT('',#2300);
#1525=VERTEX_POINT('',#2301);
#1526=VERTEX_POINT('',#2302);
#1527=VERTEX_POINT('',#2303);
#1528=VERTEX_POINT('',#2304);
#1529=VERTEX_POINT('',#2305);
#1530=VERTEX_POINT('',#2306);
#1531=VERTEX_POINT('',#2307);
#1532=VERTEX_POINT('',#2308);
#1533=VERTEX_POINT('',#2309);
#1534=VERTEX_POINT('',#2310);
#1535=VERTEX_POINT('',#2311);
#1536=VERTEX_POINT('',#2312);
#1537=VERTEX_POINT('',#2313);
#1538=VERTEX_POINT('',#2314);
#1539=VERTEX_POINT('',#2315);
#1540=VERTEX_POINT('',#2316);
#1541=VERTEX_POINT('',#2317);
#1542=VERTEX_POINT('',#2318);
#1543=VERTEX_POINT('',#2319);
#1544=VERTEX_POINT('',#2320);
#1545=VERTEX_POINT('',#2321);
#1546=VERTEX_POINT('',#2322);
#1547=VERTEX_POINT('',#2323);
#1548=VERTEX_POINT('',#2324);
#1549=VERTEX_POINT('',#2325);
#1550=VERTEX_POINT('',#2326);
#1551=VERTEX_POINT('',#2327);
#1552=VERTEX_POINT('',#2328);
#1553=VERTEX_POINT('',#2329);
#1554=VERTEX_POINT('',#2330);
#1555=VERTEX_POINT('',#2331);
#1556=VERTEX_POINT('',#2332);
#1557=VERTEX_POINT('',#2333);
#1558=VERTEX_POINT('',#2334);
#1559=VERTEX_POINT('',#2335);
#1560=VERTEX_POINT('',#2336);
#1561=VERTEX_POINT('',#2337);
#1562=VERTEX_POINT('',#2338);
#1563=VERTEX_POINT('',#2339);
#1564=VERTEX_POINT('',#2340);
#1565=VERTEX_POINT('',#2341);
#1566=VERTEX_POINT('',#2342);
#1567=VERTEX_POINT('',#2343);
#1568=VERTEX_POINT('',#2344);
#1569=VERTEX_POINT('',#2345);
#1570=VERTEX_POINT('',#2346);
#1571=VERTEX_POINT('',#2347);
#1572=VERTEX_POINT('',#2348);
#1573=VERTEX_POINT('',#2349);
#1574=VERTEX_POINT('',#2350);
#1575=VERTEX_POINT('',#2351);
#1576=VERTEX_POINT('',#2352);
#1577=VERTEX_POINT('',#2353);
#1578=VERTEX_POINT('',#2354);
#1579=VERTEX_POINT('',#2355);
#1580=VERTEX_POINT('',#2356);
#1581=VERTEX_POINT('',#2357);
#1582=VERTEX_POINT('',#2358);
#1583=VERTEX_POINT('',#2359);
#1584=VERTEX_POINT('',#2360);
#1585=VERTEX_POINT('',#2361);
#1586=VERTEX_POINT('',#2362);
#1587=VERTEX_POINT('',#2363);
#1588=VERTEX_POINT('',#2364);
#1589=VERTEX_POINT('',#2365);
#1590=VERTEX_POINT('',#2366);
#1591=VERTEX_POINT('',#2367);
#1592=VERTEX_POINT('',#2368);
#1593=VERTEX_POINT('',#2369);
#1594=VERTEX_POINT('',#2370);
#1595=VERTEX_POINT('',#2371);
#1596=VERTEX_POINT('',#2372);
#1597=VERTEX_POINT('',#2373);
#1598=VERTEX_POINT('',#2374);
#1599=VERTEX_POINT('',#2375);
#1600=VERTEX_POINT('',#2376);
#1601=VERTEX_POINT('',#2377);
#1602=VERTEX_POINT('',#2378);
#1603=VERTEX_POINT('',#2379);
#1604=VERTEX_POINT('',#2380);
#1605=VERTEX_POINT('',#2381);
#1606=VERTEX_POINT('',#2382);
#1607=VERTEX_POINT('',#2383);
#1608=VERTEX_POINT('',#2384);
#1609=VERTEX_POINT('',#2385);
#1610=VERTEX_POINT('',#2386);
#1611=VERTEX_POINT('',#2387);
#1612=VERTEX_POINT('',#2388);
#1613=VERTEX_POINT('',#2389);
#1614=VERTEX_POINT('',#2390);
#1615=VERTEX_POINT('',#2391);
#1616=VERTEX_POINT('',#2392);
#1617=VERTEX_POINT('',#2393);
#1618=VERTEX_POINT('',#2394);
#1619=VERTEX_POINT('',#2395);
#1620=VERTEX_POINT('',#2396);
#1621=VERTEX_POINT('',#2397);
#1622=VERTEX_POINT('',#2398);
#1623=VERTEX_POINT('',#2399);
#1624=VERTEX_POINT('',#2400);
#1625=VERTEX_POINT('',#2401);
#1626=VERTEX_POINT('',#2402);
#1627=VERTEX_POINT('',#2403);
#1628=VERTEX_POINT('',#2404);
#1629=VERTEX_POINT('',#2405);
#1630=VERTEX_POINT('',#2406);
#1631=VERTEX_POINT('',#2407);
#1632=VERTEX_POINT('',#2408);
#1633=VERTEX_POINT('',#2409);
#1634=VERTEX_POINT('',#2410);
#1635=VERTEX_POINT('',#2411);
#1636=VERTEX_POINT('',#2412);
#1637=VERTEX_POINT('',#2413);
#1638=VERTEX_POINT('',#2414);
#1639=VERTEX_POINT('',#2415);
#1640=VERTEX_POINT('',#2416);
#1641=VERTEX_POINT('',#2417);
#1642=VERTEX_POINT('',#2418);
#1643=VERTEX_POINT('',#2419);
#1644=VERTEX_POINT('',#2420);
#1645=VERTEX_POINT('',#2421);
#1646=VERTEX_POINT('',#2422);
#1647=VERTEX_POINT('',#2423);
#1648=VERTEX_POINT('',#2424);
#1649=VERTEX_POINT('',#2425);
#1650=VERTEX_POINT('',#2426);
#1651=VERTEX_POINT('',#2427);
#1652=VERTEX_POINT('',#2428);
#1653=VERTEX_POINT('',#2429);
#1654=VERTEX_POINT('',#2430);
#1655=VERTEX_POINT('',#2431);
#1656=VERTEX_POINT('',#2432);
#1657=VERTEX_POINT('',#2433);
#1658=VERTEX_POINT('',#2434);
#1659=VERTEX_POINT('',#2435);
#1660=VERTEX_POINT('',#2436);
#1661=VERTEX_POINT('',#2437);
#1662=VERTEX_POINT('',#2438);
#1663=VERTEX_POINT('',#2439);
#1664=VERTEX_POINT('',#2440);
#1665=VERTEX_POINT('',#2441);
#1666=VERTEX_POINT('',#2442);
#1667=VERTEX_POINT('',#2443);
#1668=VERTEX_POINT('',#2444);
#1669=VERTEX_POINT('',#2445);
#1670=VERTEX_POINT('',#2446);
#1671=VERTEX_POINT('',#2447);
#1672=VERTEX_POINT('',#2448);
#1673=VERTEX_POINT('',#2449);
#1674=VERTEX_POINT('',#2450);
#1675=VERTEX_POINT('',#2451);
#1676=VERTEX_POINT('',#2452);
#1677=B_SPLINE_SURFACE_WITH_KNOTS('',1,5,((#2062,#2063,#2064,#2065,#2066,
#2067),(#2068,#2069,#2070,#2071,#2072,#2073)),.UNSPECIFIED.,.F.,.F.,.F.,
(2,2),(6,6),(-1.99999999999984,10.2345046036344),(0.,3.76568542494975),
 .UNSPECIFIED.);
#1678=B_SPLINE_SURFACE_WITH_KNOTS('',5,1,((#2076,#2077),(#2078,#2079),(#2080,
#2081),(#2082,#2083),(#2084,#2085),(#2086,#2087)),.UNSPECIFIED.,.F.,.F.,
 .F.,(6,6),(2,2),(0.,3.7656854249497),(-1.99999999999997,10.2345046036324),
 .UNSPECIFIED.);
#1679=B_SPLINE_SURFACE_WITH_KNOTS('',1,5,((#2092,#2093,#2094,#2095,#2096,
#2097),(#2098,#2099,#2100,#2101,#2102,#2103)),.UNSPECIFIED.,.F.,.F.,.F.,
(2,2),(6,6),(-1.99999999999999,10.2345046036343),(0.,3.76568542494962),
 .UNSPECIFIED.);
#1680=B_SPLINE_SURFACE_WITH_KNOTS('',1,5,((#2104,#2105,#2106,#2107,#2108,
#2109),(#2110,#2111,#2112,#2113,#2114,#2115)),.UNSPECIFIED.,.F.,.F.,.F.,
(2,2),(6,6),(-2.00000000000006,10.2345046036342),(0.,3.7656854249494),
 .UNSPECIFIED.);
#1681=B_SPLINE_SURFACE_WITH_KNOTS('',5,1,((#2125,#2126),(#2127,#2128),(#2129,
#2130),(#2131,#2132),(#2133,#2134),(#2135,#2136)),.UNSPECIFIED.,.F.,.F.,
 .F.,(6,6),(2,2),(0.,9.4142135623752),(-5.00000000000004,17.),
 .UNSPECIFIED.);
#1682=B_SPLINE_SURFACE_WITH_KNOTS('',5,1,((#2137,#2138),(#2139,#2140),(#2141,
#2142),(#2143,#2144),(#2145,#2146),(#2147,#2148)),.UNSPECIFIED.,.F.,.F.,
 .F.,(6,6),(2,2),(0.,9.4142135623721),(-5.00000000000015,17.0000000000001),
 .UNSPECIFIED.);
#1683=B_SPLINE_SURFACE_WITH_KNOTS('',5,1,((#2149,#2150),(#2151,#2152),(#2153,
#2154),(#2155,#2156),(#2157,#2158),(#2159,#2160)),.UNSPECIFIED.,.F.,.F.,
 .F.,(6,6),(2,2),(0.,5.64852813742445),(-3.00000000000005,15.),
 .UNSPECIFIED.);
#1684=B_SPLINE_SURFACE_WITH_KNOTS('',5,1,((#2161,#2162),(#2163,#2164),(#2165,
#2166),(#2167,#2168),(#2169,#2170),(#2171,#2172)),.UNSPECIFIED.,.F.,.F.,
 .F.,(6,6),(2,2),(0.,5.64852813742449),(-3.00000000000005,15.),
 .UNSPECIFIED.);
#1685=B_SPLINE_SURFACE_WITH_KNOTS('',5,1,((#2175,#2176),(#2177,#2178),(#2179,
#2180),(#2181,#2182),(#2183,#2184),(#2185,#2186)),.UNSPECIFIED.,.F.,.F.,
 .F.,(6,6),(2,2),(0.,5.64852813742374),(-3.00000000000028,74.7733497619626),
 .UNSPECIFIED.);
#1686=B_SPLINE_SURFACE_WITH_KNOTS('',5,1,((#2187,#2188),(#2189,#2190),(#2191,
#2192),(#2193,#2194),(#2195,#2196),(#2197,#2198)),.UNSPECIFIED.,.F.,.F.,
 .F.,(6,6),(2,2),(0.,5.64852813742367),(-6.00000000000007,54.1328163146976),
 .UNSPECIFIED.);
#1687=B_SPLINE_SURFACE_WITH_KNOTS('',5,1,((#2221,#2222),(#2223,#2224),(#2225,
#2226),(#2227,#2228),(#2229,#2230),(#2231,#2232)),.UNSPECIFIED.,.F.,.F.,
 .F.,(6,6),(2,2),(0.,3.76568542494943),(-2.00000000000023,52.9999999999994),
 .UNSPECIFIED.);
#1688=B_SPLINE_SURFACE_WITH_KNOTS('',5,1,((#2250,#2251),(#2252,#2253),(#2254,
#2255),(#2256,#2257),(#2258,#2259),(#2260,#2261)),.UNSPECIFIED.,.F.,.F.,
 .F.,(6,6),(2,2),(0.,3.7656854249497),(-1.99999999999997,10.2345046036324),
 .UNSPECIFIED.);
#1689=CYLINDRICAL_SURFACE('',#1866,4.11725230181616);
#1690=CYLINDRICAL_SURFACE('',#1878,4.11725230181737);
#1691=CYLINDRICAL_SURFACE('',#1879,4.11725230181741);
#1692=CYLINDRICAL_SURFACE('',#1880,4.11725230181731);
#1693=CYLINDRICAL_SURFACE('',#1892,3.5);
#1694=CYLINDRICAL_SURFACE('',#1893,3.5);
#1695=CYLINDRICAL_SURFACE('',#1894,3.5);
#1696=CYLINDRICAL_SURFACE('',#1895,3.5);
#1697=CYLINDRICAL_SURFACE('',#1896,1.62499999999994);
#1698=CYLINDRICAL_SURFACE('',#1897,1.625);
#1699=CYLINDRICAL_SURFACE('',#1898,1.62499999999994);
#1700=CYLINDRICAL_SURFACE('',#1899,1.62499999999994);
#1701=CYLINDRICAL_SURFACE('',#1910,4.60529637750551);
#1702=CYLINDRICAL_SURFACE('',#1912,4.60529637750562);
#1703=CYLINDRICAL_SURFACE('',#1914,4.6052963775054);
#1704=CYLINDRICAL_SURFACE('',#1916,4.60529637750545);
#1705=CYLINDRICAL_SURFACE('',#1940,4.11725230181741);
#1706=CYLINDRICAL_SURFACE('',#1941,4.11725230181731);
#1707=PLANE('',#1862);
#1708=PLANE('',#1863);
#1709=PLANE('',#1864);
#1710=PLANE('',#1865);
#1711=PLANE('',#1867);
#1712=PLANE('',#1868);
#1713=PLANE('',#1869);
#1714=PLANE('',#1870);
#1715=PLANE('',#1871);
#1716=PLANE('',#1872);
#1717=PLANE('',#1873);
#1718=PLANE('',#1874);
#1719=PLANE('',#1875);
#1720=PLANE('',#1876);
#1721=PLANE('',#1877);
#1722=PLANE('',#1881);
#1723=PLANE('',#1882);
#1724=PLANE('',#1883);
#1725=PLANE('',#1884);
#1726=PLANE('',#1885);
#1727=PLANE('',#1886);
#1728=PLANE('',#1887);
#1729=PLANE('',#1888);
#1730=PLANE('',#1889);
#1731=PLANE('',#1890);
#1732=PLANE('',#1891);
#1733=PLANE('',#1900);
#1734=PLANE('',#1901);
#1735=PLANE('',#1902);
#1736=PLANE('',#1903);
#1737=PLANE('',#1904);
#1738=PLANE('',#1905);
#1739=PLANE('',#1906);
#1740=PLANE('',#1907);
#1741=PLANE('',#1908);
#1742=PLANE('',#1909);
#1743=PLANE('',#1911);
#1744=PLANE('',#1913);
#1745=PLANE('',#1915);
#1746=PLANE('',#1917);
#1747=PLANE('',#1918);
#1748=PLANE('',#1919);
#1749=PLANE('',#1920);
#1750=PLANE('',#1921);
#1751=PLANE('',#1922);
#1752=PLANE('',#1923);
#1753=PLANE('',#1924);
#1754=PLANE('',#1925);
#1755=PLANE('',#1926);
#1756=PLANE('',#1927);
#1757=PLANE('',#1928);
#1758=PLANE('',#1929);
#1759=PLANE('',#1930);
#1760=PLANE('',#1931);
#1761=PLANE('',#1932);
#1762=PLANE('',#1933);
#1763=PLANE('',#1934);
#1764=PLANE('',#1935);
#1765=PLANE('',#1936);
#1766=PLANE('',#1937);
#1767=PLANE('',#1938);
#1768=PLANE('',#1939);
#1769=PLANE('',#1942);
#1770=PLANE('',#1943);
#1771=PLANE('',#1944);
#1772=PLANE('',#1945);
#1773=PLANE('',#1946);
#1774=SHAPE_DEFINITION_REPRESENTATION(#1775,#1860);
#1775=PRODUCT_DEFINITION_SHAPE('Document','',#1777);
#1776=PRODUCT_DEFINITION_CONTEXT('3D Mechanical Parts',#1849,'design');
#1777=PRODUCT_DEFINITION('A','First version',#1819,#1776);
#1778=DATE_TIME_ROLE('classification_date');
#1779=DATE_TIME_ROLE('creation_date');
#1780=APPLIED_DATE_AND_TIME_ASSIGNMENT(#1804,#1778,(#1783));
#1781=APPLIED_DATE_AND_TIME_ASSIGNMENT(#1806,#1779,(#1777));
#1782=SECURITY_CLASSIFICATION_LEVEL('unclassified');
#1783=SECURITY_CLASSIFICATION('A','Security for version',#1782);
#1784=APPLIED_SECURITY_CLASSIFICATION_ASSIGNMENT(#1783,(#1819));
#1785=APPROVAL_ROLE('Version approval');
#1786=APPROVAL_ROLE('Version Security approval');
#1787=APPROVAL_ROLE('Definition approval');
#1788=APPROVAL_PERSON_ORGANIZATION(#1837,#1813,#1785);
#1789=APPROVAL_PERSON_ORGANIZATION(#1838,#1814,#1786);
#1790=APPROVAL_PERSON_ORGANIZATION(#1841,#1815,#1787);
#1791=COORDINATED_UNIVERSAL_TIME_OFFSET(5,0,.BEHIND.);
#1792=LOCAL_TIME(0,0,0.,#1791);
#1793=LOCAL_TIME(0,0,0.,#1791);
#1794=LOCAL_TIME(0,0,0.,#1791);
#1795=LOCAL_TIME(0,0,0.,#1791);
#1796=LOCAL_TIME(0,0,0.,#1791);
#1797=CALENDAR_DATE(1999,1,1);
#1798=CALENDAR_DATE(1999,1,1);
#1799=CALENDAR_DATE(1999,1,1);
#1800=CALENDAR_DATE(1999,1,1);
#1801=CALENDAR_DATE(1999,1,1);
#1802=DATE_AND_TIME(#1797,#1792);
#1803=DATE_AND_TIME(#1798,#1793);
#1804=DATE_AND_TIME(#1799,#1794);
#1805=DATE_AND_TIME(#1800,#1795);
#1806=DATE_AND_TIME(#1801,#1796);
#1807=APPROVAL_DATE_TIME(#1802,#1813);
#1808=APPROVAL_DATE_TIME(#1803,#1814);
#1809=APPROVAL_DATE_TIME(#1805,#1815);
#1810=APPROVAL_STATUS('not_yet_approved');
#1811=APPROVAL_STATUS('not_yet_approved');
#1812=APPROVAL_STATUS('approved');
#1813=APPROVAL(#1810,'Version approval');
#1814=APPROVAL(#1811,'Version Security approval');
#1815=APPROVAL(#1812,'Definition approval');
#1816=APPLIED_APPROVAL_ASSIGNMENT(#1813,(#1819));
#1817=APPLIED_APPROVAL_ASSIGNMENT(#1814,(#1783));
#1818=APPLIED_APPROVAL_ASSIGNMENT(#1815,(#1777));
#1819=PRODUCT_DEFINITION_FORMATION_WITH_SPECIFIED_SOURCE('A',
'First version',#1851,.MADE.);
#1820=PERSON_AND_ORGANIZATION_ROLE('design_owner');
#1821=PERSON_AND_ORGANIZATION_ROLE('creator');
#1822=PERSON_AND_ORGANIZATION_ROLE('design_supplier');
#1823=PERSON_AND_ORGANIZATION_ROLE('classification_officer');
#1824=PERSON_AND_ORGANIZATION_ROLE('creator');
#1825=ORGANIZATION('STI','lab','lab');
#1826=ORGANIZATION('STI','unknown','unknown');
#1827=ORGANIZATION('STI','unknown','unknown');
#1828=ORGANIZATION('STI','unknown','unknown');
#1829=ORGANIZATION('STI','unknown','unknown');
#1830=ORGANIZATION('STI','unknown','unknown');
#1831=ORGANIZATION('STI','unknown','unknown');
#1832=PERSON('1','Box','vc60',$,$,$);
#1833=PERSON('2','last','first',$,$,$);
#1834=PERSON('3','President','Mr.',$,$,$);
#1835=PERSON_AND_ORGANIZATION(#1832,#1825);
#1836=PERSON_AND_ORGANIZATION(#1833,#1826);
#1837=PERSON_AND_ORGANIZATION(#1834,#1827);
#1838=PERSON_AND_ORGANIZATION(#1834,#1828);
#1839=PERSON_AND_ORGANIZATION(#1834,#1829);
#1840=PERSON_AND_ORGANIZATION(#1833,#1830);
#1841=PERSON_AND_ORGANIZATION(#1834,#1831);
#1842=APPLIED_PERSON_AND_ORGANIZATION_ASSIGNMENT(#1835,#1820,(#1851));
#1843=APPLIED_PERSON_AND_ORGANIZATION_ASSIGNMENT(#1836,#1821,(#1819));
#1844=APPLIED_PERSON_AND_ORGANIZATION_ASSIGNMENT(#1836,#1822,(#1819));
#1845=APPLIED_PERSON_AND_ORGANIZATION_ASSIGNMENT(#1839,#1823,(#1783));
#1846=APPLIED_PERSON_AND_ORGANIZATION_ASSIGNMENT(#1840,#1824,(#1777));
#1847=PRODUCT_RELATED_PRODUCT_CATEGORY('detail','detail',(#1851));
#1848=APPLICATION_PROTOCOL_DEFINITION('International Standard',
'config_control_design',1994,#1849);
#1849=APPLICATION_CONTEXT(
'configuration controlled 3d designs of mechanical parts and assemblie
s');
#1850=PRODUCT_CONTEXT('3D Mechanical Parts',#1849,'mechanical');
#1851=PRODUCT('Document','Document','',(#1850));
#1852=(
LENGTH_UNIT()
NAMED_UNIT(*)
SI_UNIT(.MILLI.,.METRE.)
);
#1853=(
NAMED_UNIT(*)
PLANE_ANGLE_UNIT()
SI_UNIT($,.RADIAN.)
);
#1854=DIMENSIONAL_EXPONENTS(0.,0.,0.,0.,0.,0.,0.);
#1855=PLANE_ANGLE_MEASURE_WITH_UNIT(PLANE_ANGLE_MEASURE(0.01745329252),
#1853);
#1856=(
CONVERSION_BASED_UNIT('DEGREES',#1855)
NAMED_UNIT(#1854)
PLANE_ANGLE_UNIT()
);
#1857=(
NAMED_UNIT(*)
SI_UNIT($,.STERADIAN.)
SOLID_ANGLE_UNIT()
);
#1858=UNCERTAINTY_MEASURE_WITH_UNIT(LENGTH_MEASURE(0.001),#1852,
'DISTANCE_ACCURACY_VALUE',
'Maximum model space distance between geometric entities at asserted c
onnectivities');
#1859=(
GEOMETRIC_REPRESENTATION_CONTEXT(3)
GLOBAL_UNCERTAINTY_ASSIGNED_CONTEXT((#1858))
GLOBAL_UNIT_ASSIGNED_CONTEXT((#1857,#1856,#1852))
REPRESENTATION_CONTEXT('ID1','3D')
);
#1860=SHAPE_REPRESENTATION('Document',(#1861,#1947),#1859);
#1861=AXIS2_PLACEMENT_3D('',#2037,#1948,#1949);
#1862=AXIS2_PLACEMENT_3D('',#2038,#1950,$);
#1863=AXIS2_PLACEMENT_3D('',#2039,#1951,$);
#1864=AXIS2_PLACEMENT_3D('',#2040,#1952,$);
#1865=AXIS2_PLACEMENT_3D('',#2041,#1953,$);
#1866=AXIS2_PLACEMENT_3D('',#2042,#1954,$);
#1867=AXIS2_PLACEMENT_3D('',#2043,#1955,$);
#1868=AXIS2_PLACEMENT_3D('',#2044,#1956,$);
#1869=AXIS2_PLACEMENT_3D('',#2045,#1957,$);
#1870=AXIS2_PLACEMENT_3D('',#2046,#1958,$);
#1871=AXIS2_PLACEMENT_3D('',#2047,#1959,$);
#1872=AXIS2_PLACEMENT_3D('',#2048,#1960,$);
#1873=AXIS2_PLACEMENT_3D('',#2049,#1961,$);
#1874=AXIS2_PLACEMENT_3D('',#2050,#1962,$);
#1875=AXIS2_PLACEMENT_3D('',#2051,#1963,$);
#1876=AXIS2_PLACEMENT_3D('',#2052,#1964,$);
#1877=AXIS2_PLACEMENT_3D('',#2053,#1965,$);
#1878=AXIS2_PLACEMENT_3D('',#2054,#1966,$);
#1879=AXIS2_PLACEMENT_3D('',#2055,#1967,$);
#1880=AXIS2_PLACEMENT_3D('',#2056,#1968,$);
#1881=AXIS2_PLACEMENT_3D('',#2057,#1969,$);
#1882=AXIS2_PLACEMENT_3D('',#2058,#1970,$);
#1883=AXIS2_PLACEMENT_3D('',#2059,#1971,$);
#1884=AXIS2_PLACEMENT_3D('',#2060,#1972,$);
#1885=AXIS2_PLACEMENT_3D('',#2061,#1973,$);
#1886=AXIS2_PLACEMENT_3D('',#2074,#1974,$);
#1887=AXIS2_PLACEMENT_3D('',#2075,#1975,$);
#1888=AXIS2_PLACEMENT_3D('',#2088,#1976,$);
#1889=AXIS2_PLACEMENT_3D('',#2089,#1977,$);
#1890=AXIS2_PLACEMENT_3D('',#2090,#1978,$);
#1891=AXIS2_PLACEMENT_3D('',#2091,#1979,$);
#1892=AXIS2_PLACEMENT_3D('',#2116,#1980,$);
#1893=AXIS2_PLACEMENT_3D('',#2117,#1981,$);
#1894=AXIS2_PLACEMENT_3D('',#2118,#1982,$);
#1895=AXIS2_PLACEMENT_3D('',#2119,#1983,$);
#1896=AXIS2_PLACEMENT_3D('',#2120,#1984,$);
#1897=AXIS2_PLACEMENT_3D('',#2121,#1985,$);
#1898=AXIS2_PLACEMENT_3D('',#2122,#1986,$);
#1899=AXIS2_PLACEMENT_3D('',#2123,#1987,$);
#1900=AXIS2_PLACEMENT_3D('',#2124,#1988,$);
#1901=AXIS2_PLACEMENT_3D('',#2173,#1989,$);
#1902=AXIS2_PLACEMENT_3D('',#2174,#1990,$);
#1903=AXIS2_PLACEMENT_3D('',#2199,#1991,$);
#1904=AXIS2_PLACEMENT_3D('',#2200,#1992,$);
#1905=AXIS2_PLACEMENT_3D('',#2201,#1993,$);
#1906=AXIS2_PLACEMENT_3D('',#2202,#1994,$);
#1907=AXIS2_PLACEMENT_3D('',#2203,#1995,$);
#1908=AXIS2_PLACEMENT_3D('',#2204,#1996,$);
#1909=AXIS2_PLACEMENT_3D('',#2205,#1997,$);
#1910=AXIS2_PLACEMENT_3D('',#2206,#1998,$);
#1911=AXIS2_PLACEMENT_3D('',#2207,#1999,$);
#1912=AXIS2_PLACEMENT_3D('',#2208,#2000,$);
#1913=AXIS2_PLACEMENT_3D('',#2209,#2001,$);
#1914=AXIS2_PLACEMENT_3D('',#2210,#2002,$);
#1915=AXIS2_PLACEMENT_3D('',#2211,#2003,$);
#1916=AXIS2_PLACEMENT_3D('',#2212,#2004,$);
#1917=AXIS2_PLACEMENT_3D('',#2213,#2005,$);
#1918=AXIS2_PLACEMENT_3D('',#2214,#2006,$);
#1919=AXIS2_PLACEMENT_3D('',#2215,#2007,$);
#1920=AXIS2_PLACEMENT_3D('',#2216,#2008,$);
#1921=AXIS2_PLACEMENT_3D('',#2217,#2009,$);
#1922=AXIS2_PLACEMENT_3D('',#2218,#2010,$);
#1923=AXIS2_PLACEMENT_3D('',#2219,#2011,$);
#1924=AXIS2_PLACEMENT_3D('',#2220,#2012,$);
#1925=AXIS2_PLACEMENT_3D('',#2233,#2013,$);
#1926=AXIS2_PLACEMENT_3D('',#2234,#2014,$);
#1927=AXIS2_PLACEMENT_3D('',#2235,#2015,$);
#1928=AXIS2_PLACEMENT_3D('',#2236,#2016,$);
#1929=AXIS2_PLACEMENT_3D('',#2237,#2017,$);
#1930=AXIS2_PLACEMENT_3D('',#2238,#2018,$);
#1931=AXIS2_PLACEMENT_3D('',#2239,#2019,$);
#1932=AXIS2_PLACEMENT_3D('',#2240,#2020,$);
#1933=AXIS2_PLACEMENT_3D('',#2241,#2021,$);
#1934=AXIS2_PLACEMENT_3D('',#2242,#2022,$);
#1935=AXIS2_PLACEMENT_3D('',#2243,#2023,$);
#1936=AXIS2_PLACEMENT_3D('',#2244,#2024,$);
#1937=AXIS2_PLACEMENT_3D('',#2245,#2025,$);
#1938=AXIS2_PLACEMENT_3D('',#2246,#2026,$);
#1939=AXIS2_PLACEMENT_3D('',#2247,#2027,$);
#1940=AXIS2_PLACEMENT_3D('',#2248,#2028,$);
#1941=AXIS2_PLACEMENT_3D('',#2249,#2029,$);
#1942=AXIS2_PLACEMENT_3D('',#2262,#2030,$);
#1943=AXIS2_PLACEMENT_3D('',#2263,#2031,$);
#1944=AXIS2_PLACEMENT_3D('',#2264,#2032,$);
#1945=AXIS2_PLACEMENT_3D('',#2265,#2033,$);
#1946=AXIS2_PLACEMENT_3D('',#2266,#2034,$);
#1947=AXIS2_PLACEMENT_3D('',#3628,#2035,#2036);
#1948=DIRECTION('',(0.,0.,1.));
#1949=DIRECTION('',(1.,0.,0.));
#1950=DIRECTION('',(0.730056063249872,-0.683387258084389,1.94230340777148E-14));
#1951=DIRECTION('',(-0.730056063249858,-0.683387258084404,1.94230340777153E-14));
#1952=DIRECTION('',(0.730056063249885,0.683387258084375,-9.71151703885721E-15));
#1953=DIRECTION('',(-0.730056063249871,0.68338725808439,-1.45672755582861E-14));
#1954=DIRECTION('',(1.01764561067403E-14,-1.66631182940326E-14,-1.));
#1955=DIRECTION('',(0.,1.,0.));
#1956=DIRECTION('',(-1.,0.,0.));
#1957=DIRECTION('',(0.,1.,0.));
#1958=DIRECTION('',(-3.30317252102226E-14,-0.422618367466373,-0.906307737735951));
#1959=DIRECTION('',(0.,-0.481565240740549,-0.876410245781333));
#1960=DIRECTION('',(-1.,0.,0.));
#1961=DIRECTION('',(0.,-1.,0.));
#1962=DIRECTION('',(-3.1245312258375E-14,0.422618367466328,-0.906307737735972));
#1963=DIRECTION('',(0.,-1.,0.));
#1964=DIRECTION('',(0.,1.,0.));
#1965=DIRECTION('',(-1.,0.,0.));
#1966=DIRECTION('',(-4.11232710610113E-15,1.90868681544545E-14,1.));
#1967=DIRECTION('',(-4.11232710610129E-15,-1.90868681544553E-14,-1.));
#1968=DIRECTION('',(-4.11232710610129E-15,-1.90868681544553E-14,-1.));
#1969=DIRECTION('',(1.,0.,0.));
#1970=DIRECTION('',(0.,-1.,0.));
#1971=DIRECTION('',(-1.,0.,0.));
#1972=DIRECTION('',(-1.,0.,0.));
#1973=DIRECTION('',(1.,0.,0.));
#1974=DIRECTION('',(1.,0.,0.));
#1975=DIRECTION('',(-1.,0.,0.));
#1976=DIRECTION('',(-1.,0.,0.));
#1977=DIRECTION('',(1.,0.,0.));
#1978=DIRECTION('',(1.,0.,0.));
#1979=DIRECTION('',(-1.,0.,0.));
#1980=DIRECTION('',(0.,0.,-1.));
#1981=DIRECTION('',(0.,0.,-1.));
#1982=DIRECTION('',(0.,0.,-1.));
#1983=DIRECTION('',(0.,0.,-1.));
#1984=DIRECTION('',(0.,0.,1.));
#1985=DIRECTION('',(0.,0.,1.));
#1986=DIRECTION('',(0.,6.99611309056099E-14,1.));
#1987=DIRECTION('',(0.,6.99611309056099E-14,1.));
#1988=DIRECTION('',(0.,0.,1.));
#1989=DIRECTION('',(-1.,0.,0.));
#1990=DIRECTION('',(0.,-1.,0.));
#1991=DIRECTION('',(0.,-0.707861221299,0.706351535271984));
#1992=DIRECTION('',(0.,0.707861221299058,0.706351535271925));
#1993=DIRECTION('',(0.84366148773211,6.1547642649233E-15,0.536875492193156));
#1994=DIRECTION('',(-1.68583829204892E-14,0.948547847629232,-0.316633827564193));
#1995=DIRECTION('',(1.51734234638548E-14,-0.948547847629244,-0.316633827564157));
#1996=DIRECTION('',(0.948547847629237,1.29265938403818E-14,-0.316633827564179));
#1997=DIRECTION('',(0.,1.,0.));
#1998=DIRECTION('',(3.28297055129324E-14,-8.14359882131635E-15,1.));
#1999=DIRECTION('',(-1.,0.,0.));
#2000=DIRECTION('',(2.60739209399772E-14,2.60739209399775E-14,1.));
#2001=DIRECTION('',(0.,-1.,0.));
#2002=DIRECTION('',(-1.11745375457044E-14,1.11745375457044E-14,1.));
#2003=DIRECTION('',(1.,0.,0.));
#2004=DIRECTION('',(-3.28297055129331E-14,-8.14359882131664E-15,1.));
#2005=DIRECTION('',(0.,0.,1.));
#2006=DIRECTION('',(0.,0.,1.));
#2007=DIRECTION('',(0.,0.,-1.));
#2008=DIRECTION('',(-1.,0.,0.));
#2009=DIRECTION('',(0.,-1.,0.));
#2010=DIRECTION('',(0.,0.,1.));
#2011=DIRECTION('',(0.,0.,1.));
#2012=DIRECTION('',(0.,1.,0.));
#2013=DIRECTION('',(-0.60000038245068,0.799999713161847,1.06581478300903E-15));
#2014=DIRECTION('',(-0.600000382450694,-0.799999713161837,-2.84216992398654E-15));
#2015=DIRECTION('',(-0.894276515011036,0.,0.447514820648117));
#2016=DIRECTION('',(0.,0.,-1.));
#2017=DIRECTION('',(0.,0.,1.));
#2018=DIRECTION('',(0.,1.,0.));
#2019=DIRECTION('',(0.,1.,0.));
#2020=DIRECTION('',(0.,1.,0.));
#2021=DIRECTION('',(-1.,0.,0.));
#2022=DIRECTION('',(1.,0.,0.));
#2023=DIRECTION('',(-1.,0.,0.));
#2024=DIRECTION('',(1.,0.,0.));
#2025=DIRECTION('',(0.,0.,1.));
#2026=DIRECTION('',(0.,0.,1.));
#2027=DIRECTION('',(0.,0.,1.));
#2028=DIRECTION('',(-4.11232710610129E-15,-1.90868681544553E-14,-1.));
#2029=DIRECTION('',(-4.11232710610129E-15,-1.90868681544553E-14,-1.));
#2030=DIRECTION('',(0.,-1.,0.));
#2031=DIRECTION('',(0.,-1.,0.));
#2032=DIRECTION('',(0.,-1.,0.));
#2033=DIRECTION('',(0.,1.,0.));
#2034=DIRECTION('',(-0.894276515011036,0.,0.447514820648117));
#2035=DIRECTION('',(0.,0.,1.));
#2036=DIRECTION('',(1.,0.,0.));
#2037=CARTESIAN_POINT('',(0.,0.,0.));
#2038=CARTESIAN_POINT('',(-330.882747698189,-748.000022142652,12.0085496192808));
#2039=CARTESIAN_POINT('',(-291.925498532693,-744.999999587802,12.0085496192806));
#2040=CARTESIAN_POINT('',(-328.074501467313,-680.999999587802,12.00854961928));
#2041=CARTESIAN_POINT('',(-289.117252301817,-677.999977032953,12.00854961928));
#2042=CARTESIAN_POINT('',(-335.000000000003,-678.000000541476,15.0042745389018));
#2043=CARTESIAN_POINT('',(-358.237426596115,-738.499999587802,16.7814746271641));
#2044=CARTESIAN_POINT('',(-278.237426596115,-738.499999587802,16.7814746271641));
#2045=CARTESIAN_POINT('',(-328.850751715133,-687.499999587802,19.93466143664));
#2046=CARTESIAN_POINT('',(-328.850751715133,-685.999999587802,19.2351999765264));
#2047=CARTESIAN_POINT('',(-328.850751715133,-687.499999587802,23.1986098265436));
#2048=CARTESIAN_POINT('',(-328.850751715133,-687.649999587802,23.2810308977766));
#2049=CARTESIAN_POINT('',(-347.010776358078,-738.4999995878,19.9346614366416));
#2050=CARTESIAN_POINT('',(-347.010776358078,-739.999999587807,19.235199976525));
#2051=CARTESIAN_POINT('',(-277.237426596115,-685.999999587802,17.2351999765264));
#2052=CARTESIAN_POINT('',(-347.010776358078,-739.9999995878,17.235199976527));
#2053=CARTESIAN_POINT('',(-277.237426596116,-740.149999587799,17.235199976527));
#2054=CARTESIAN_POINT('',(-285.,-678.000000541476,15.0042745389017));
#2055=CARTESIAN_POINT('',(-335.,-747.999998634127,15.0042745389025));
#2056=CARTESIAN_POINT('',(-285.,-747.999998634127,15.0042745389025));
#2057=CARTESIAN_POINT('',(-274.010776358077,-744.999999587802,12.0085496192806));
#2058=CARTESIAN_POINT('',(-347.800128763704,-744.999999587802,24.0085496192806));
#2059=CARTESIAN_POINT('',(-347.010776358078,-680.999999587802,12.00854961928));
#2060=CARTESIAN_POINT('',(-289.117252301817,-677.999977032953,12.00854961928));
#2061=CARTESIAN_POINT('',(-280.882747698183,-682.117252843294,12.00854961928));
#2062=CARTESIAN_POINT('',(-278.882747698183,-678.999999587802,17.9999994585236));
#2063=CARTESIAN_POINT('',(-278.882747698183,-679.799999587801,17.9999994585236));
#2064=CARTESIAN_POINT('',(-278.882747698183,-680.599999587801,17.9999994585236));
#2065=CARTESIAN_POINT('',(-278.882747698183,-680.999999587802,18.3999994585234));
#2066=CARTESIAN_POINT('',(-278.882747698183,-680.999999587802,19.1999994585235));
#2067=CARTESIAN_POINT('',(-278.882747698183,-680.999999587802,19.9999994585236));
#2068=CARTESIAN_POINT('',(-291.117252301817,-678.999999587801,17.9999994585236));
#2069=CARTESIAN_POINT('',(-291.117252301817,-679.799999587801,17.9999994585236));
#2070=CARTESIAN_POINT('',(-291.117252301817,-680.599999587801,17.9999994585236));
#2071=CARTESIAN_POINT('',(-291.117252301817,-680.999999587802,18.3999994585233));
#2072=CARTESIAN_POINT('',(-291.117252301817,-680.999999587802,19.1999994585235));
#2073=CARTESIAN_POINT('',(-291.117252301817,-680.999999587802,19.9999994585236));
#2074=CARTESIAN_POINT('',(-330.882747698187,-682.000000541476,12.0085496192801));
#2075=CARTESIAN_POINT('',(-339.117252301819,-678.000000541476,12.0085496192801));
#2076=CARTESIAN_POINT('',(-328.882747698187,-680.999999587802,19.9999994585236));
#2077=CARTESIAN_POINT('',(-341.11725230182,-680.999999587802,19.9999994585236));
#2078=CARTESIAN_POINT('',(-328.882747698187,-680.999999587802,19.1999994585235));
#2079=CARTESIAN_POINT('',(-341.11725230182,-680.999999587802,19.1999994585236));
#2080=CARTESIAN_POINT('',(-328.882747698187,-680.999999587802,18.3999994585234));
#2081=CARTESIAN_POINT('',(-341.11725230182,-680.999999587802,18.3999994585234));
#2082=CARTESIAN_POINT('',(-328.882747698187,-680.599999587802,17.9999994585235));
#2083=CARTESIAN_POINT('',(-341.117252301819,-680.599999587802,17.9999994585235));
#2084=CARTESIAN_POINT('',(-328.882747698187,-679.799999587801,17.9999994585235));
#2085=CARTESIAN_POINT('',(-341.117252301819,-679.799999587802,17.9999994585235));
#2086=CARTESIAN_POINT('',(-328.882747698187,-678.999999587802,17.9999994585235));
#2087=CARTESIAN_POINT('',(-341.117252301819,-678.999999587802,17.9999994585235));
#2088=CARTESIAN_POINT('',(-339.117252301817,-748.000022142651,12.0085496192808));
#2089=CARTESIAN_POINT('',(-330.882747698183,-743.88274633231,12.0085496192806));
#2090=CARTESIAN_POINT('',(-280.882747698183,-743.88274633231,12.0085496192806));
#2091=CARTESIAN_POINT('',(-289.117252301817,-748.000022142651,12.0085496192808));
#2092=CARTESIAN_POINT('',(-341.117252301817,-746.999999587802,17.9999994585244));
#2093=CARTESIAN_POINT('',(-341.117252301817,-746.199999587802,17.9999994585244));
#2094=CARTESIAN_POINT('',(-341.117252301817,-745.399999587802,17.9999994585243));
#2095=CARTESIAN_POINT('',(-341.117252301817,-744.999999587802,18.399999458524));
#2096=CARTESIAN_POINT('',(-341.117252301817,-744.999999587802,19.1999994585241));
#2097=CARTESIAN_POINT('',(-341.117252301817,-744.999999587802,19.9999994585243));
#2098=CARTESIAN_POINT('',(-328.882747698183,-746.999999587802,17.9999994585244));
#2099=CARTESIAN_POINT('',(-328.882747698183,-746.199999587802,17.9999994585244));
#2100=CARTESIAN_POINT('',(-328.882747698183,-745.399999587802,17.9999994585243));
#2101=CARTESIAN_POINT('',(-328.882747698183,-744.999999587802,18.399999458524));
#2102=CARTESIAN_POINT('',(-328.882747698183,-744.999999587802,19.1999994585241));
#2103=CARTESIAN_POINT('',(-328.882747698183,-744.999999587802,19.9999994585243));
#2104=CARTESIAN_POINT('',(-291.117252301817,-746.999999587802,17.9999994585244));
#2105=CARTESIAN_POINT('',(-291.117252301817,-746.199999587802,17.9999994585244));
#2106=CARTESIAN_POINT('',(-291.117252301817,-745.399999587802,17.9999994585243));
#2107=CARTESIAN_POINT('',(-291.117252301817,-744.999999587802,18.3999994585241));
#2108=CARTESIAN_POINT('',(-291.117252301817,-744.999999587802,19.1999994585242));
#2109=CARTESIAN_POINT('',(-291.117252301817,-744.999999587802,19.9999994585243));
#2110=CARTESIAN_POINT('',(-278.882747698183,-746.999999587802,17.9999994585244));
#2111=CARTESIAN_POINT('',(-278.882747698183,-746.199999587802,17.9999994585244));
#2112=CARTESIAN_POINT('',(-278.882747698183,-745.399999587802,17.9999994585243));
#2113=CARTESIAN_POINT('',(-278.882747698183,-744.999999587802,18.3999994585241));
#2114=CARTESIAN_POINT('',(-278.882747698183,-744.999999587802,19.1999994585242));
#2115=CARTESIAN_POINT('',(-278.882747698183,-744.999999587802,19.9999994585243));
#2116=CARTESIAN_POINT('',(-335.000000000003,-678.000000541476,36.9999994585235));
#2117=CARTESIAN_POINT('',(-285.000000000003,-678.000000541476,36.9999994585235));
#2118=CARTESIAN_POINT('',(-335.000000000003,-748.000000541476,36.9999994585243));
#2119=CARTESIAN_POINT('',(-285.000000000003,-748.000000541476,36.9999994585243));
#2120=CARTESIAN_POINT('',(-334.999999999997,-747.999998634049,17.9999994585243));
#2121=CARTESIAN_POINT('',(-285.000000000003,-748.000000541476,17.9999994585242));
#2122=CARTESIAN_POINT('',(-335.000000000003,-678.000000541476,17.9999994585234));
#2123=CARTESIAN_POINT('',(-285.000000000003,-678.000000541476,17.9999994585234));
#2124=CARTESIAN_POINT('',(-347.100908902459,-745.064000886985,24.0085496192806));
#2125=CARTESIAN_POINT('',(-274.010776358078,-739.999999587802,29.0085496192806));
#2126=CARTESIAN_POINT('',(-274.010776358078,-739.999999587802,7.00854961928064));
#2127=CARTESIAN_POINT('',(-274.010776358078,-741.999999587802,29.0085496192806));
#2128=CARTESIAN_POINT('',(-274.010776358078,-741.999999587803,7.00854961928064));
#2129=CARTESIAN_POINT('',(-274.010776358078,-743.999999587803,29.0085496192806));
#2130=CARTESIAN_POINT('',(-274.010776358078,-743.999999587803,7.00854961928064));
#2131=CARTESIAN_POINT('',(-275.010776358079,-744.999999587802,29.0085496192806));
#2132=CARTESIAN_POINT('',(-275.010776358079,-744.999999587802,7.00854961928053));
#2133=CARTESIAN_POINT('',(-277.010776358078,-744.999999587802,29.0085496192806));
#2134=CARTESIAN_POINT('',(-277.010776358079,-744.999999587802,7.00854961928053));
#2135=CARTESIAN_POINT('',(-279.010776358078,-744.999999587802,29.0085496192806));
#2136=CARTESIAN_POINT('',(-279.010776358079,-744.999999587802,7.00854961928053));
#2137=CARTESIAN_POINT('',(-274.010776358078,-685.999999587803,7.00854961927996));
#2138=CARTESIAN_POINT('',(-274.010776358079,-685.999999587802,29.0085496192802));
#2139=CARTESIAN_POINT('',(-274.010776358078,-683.999999587804,7.00854961927985));
#2140=CARTESIAN_POINT('',(-274.010776358079,-683.999999587803,29.0085496192802));
#2141=CARTESIAN_POINT('',(-274.010776358078,-681.999999587804,7.00854961927973));
#2142=CARTESIAN_POINT('',(-274.010776358079,-681.999999587803,29.0085496192801));
#2143=CARTESIAN_POINT('',(-275.010776358076,-680.999999587802,7.00854961927962));
#2144=CARTESIAN_POINT('',(-275.010776358076,-680.999999587801,29.00854961928));
#2145=CARTESIAN_POINT('',(-277.010776358076,-680.999999587802,7.00854961927962));
#2146=CARTESIAN_POINT('',(-277.010776358076,-680.999999587801,29.00854961928));
#2147=CARTESIAN_POINT('',(-279.010776358077,-680.999999587802,7.00854961927962));
#2148=CARTESIAN_POINT('',(-279.010776358077,-680.999999587801,29.00854961928));
#2149=CARTESIAN_POINT('',(-347.010776358078,-683.999999587802,27.00854961928));
#2150=CARTESIAN_POINT('',(-347.010776358078,-683.999999587802,9.00854961927996));
#2151=CARTESIAN_POINT('',(-347.010776358078,-682.799999587802,27.00854961928));
#2152=CARTESIAN_POINT('',(-347.010776358078,-682.799999587802,9.00854961927996));
#2153=CARTESIAN_POINT('',(-347.010776358078,-681.599999587802,27.00854961928));
#2154=CARTESIAN_POINT('',(-347.010776358078,-681.599999587802,9.00854961927996));
#2155=CARTESIAN_POINT('',(-346.410776358078,-680.999999587801,27.00854961928));
#2156=CARTESIAN_POINT('',(-346.410776358078,-680.999999587802,9.00854961927985));
#2157=CARTESIAN_POINT('',(-345.210776358078,-680.999999587801,27.00854961928));
#2158=CARTESIAN_POINT('',(-345.210776358078,-680.999999587802,9.00854961927985));
#2159=CARTESIAN_POINT('',(-344.010776358078,-680.999999587801,27.00854961928));
#2160=CARTESIAN_POINT('',(-344.010776358078,-680.999999587802,9.00854961927985));
#2161=CARTESIAN_POINT('',(-344.010776358077,-744.999999587802,27.0085496192806));
#2162=CARTESIAN_POINT('',(-344.010776358077,-744.999999587802,9.00854961928064));
#2163=CARTESIAN_POINT('',(-345.210776358078,-744.999999587802,27.0085496192806));
#2164=CARTESIAN_POINT('',(-345.210776358078,-744.999999587802,9.00854961928064));
#2165=CARTESIAN_POINT('',(-346.410776358077,-744.999999587802,27.0085496192806));
#2166=CARTESIAN_POINT('',(-346.410776358077,-744.999999587802,9.00854961928064));
#2167=CARTESIAN_POINT('',(-347.010776358078,-744.399999587802,27.0085496192806));
#2168=CARTESIAN_POINT('',(-347.010776358078,-744.399999587802,9.00854961928064));
#2169=CARTESIAN_POINT('',(-347.010776358078,-743.199999587802,27.0085496192806));
#2170=CARTESIAN_POINT('',(-347.010776358078,-743.199999587802,9.00854961928064));
#2171=CARTESIAN_POINT('',(-347.010776358078,-741.999999587802,27.0085496192806));
#2172=CARTESIAN_POINT('',(-347.010776358078,-741.999999587802,9.00854961928064));
#2173=CARTESIAN_POINT('',(-347.010776358078,-680.999999587802,12.00854961928));
#2174=CARTESIAN_POINT('',(-275.237426596115,-687.367183273104,16.7814746271636));
#2175=CARTESIAN_POINT('',(-350.010776358078,-738.499999587802,21.0085496192806));
#2176=CARTESIAN_POINT('',(-272.237426596115,-738.499999587802,21.0085496192806));
#2177=CARTESIAN_POINT('',(-350.010776358078,-738.499999587802,22.2085496192805));
#2178=CARTESIAN_POINT('',(-272.237426596115,-738.499999587802,22.2085496192806));
#2179=CARTESIAN_POINT('',(-350.010776358078,-738.499999587802,23.4085496192805));
#2180=CARTESIAN_POINT('',(-272.237426596115,-738.499999587802,23.4085496192805));
#2181=CARTESIAN_POINT('',(-350.010776358078,-739.099999587802,24.0085496192806));
#2182=CARTESIAN_POINT('',(-272.237426596115,-739.099999587802,24.0085496192806));
#2183=CARTESIAN_POINT('',(-350.010776358078,-740.299999587802,24.0085496192806));
#2184=CARTESIAN_POINT('',(-272.237426596115,-740.299999587802,24.0085496192806));
#2185=CARTESIAN_POINT('',(-350.010776358078,-741.499999587802,24.0085496192806));
#2186=CARTESIAN_POINT('',(-272.237426596115,-741.499999587802,24.0085496192806));
#2187=CARTESIAN_POINT('',(-278.237426596115,-744.499999587802,21.0085496192806));
#2188=CARTESIAN_POINT('',(-278.237426596115,-684.367183273104,21.00854961928));
#2189=CARTESIAN_POINT('',(-278.237426596115,-744.499999587802,22.2085496192805));
#2190=CARTESIAN_POINT('',(-278.237426596115,-684.367183273104,22.2085496192798));
#2191=CARTESIAN_POINT('',(-278.237426596115,-744.499999587802,23.4085496192804));
#2192=CARTESIAN_POINT('',(-278.237426596115,-684.367183273104,23.4085496192796));
#2193=CARTESIAN_POINT('',(-277.637426596115,-744.499999587802,24.0085496192806));
#2194=CARTESIAN_POINT('',(-277.637426596115,-684.367183273104,24.00854961928));
#2195=CARTESIAN_POINT('',(-276.437426596115,-744.499999587802,24.0085496192806));
#2196=CARTESIAN_POINT('',(-276.437426596115,-684.367183273104,24.00854961928));
#2197=CARTESIAN_POINT('',(-275.237426596115,-744.499999587802,24.0085496192806));
#2198=CARTESIAN_POINT('',(-275.237426596115,-684.367183273104,24.00854961928));
#2199=CARTESIAN_POINT('',(-388.,-746.000000541476,19.9999994585244));
#2200=CARTESIAN_POINT('',(-388.,-684.000000435781,24.0085516685618));
#2201=CARTESIAN_POINT('',(-277.000000000006,-638.000000541476,24.9999994585231));
#2202=CARTESIAN_POINT('',(-291.925498532693,-682.999999587802,12.00854961928));
#2203=CARTESIAN_POINT('',(-291.925498532694,-744.9999995878,17.9999994585243));
#2204=CARTESIAN_POINT('',(-274.010776358078,-673.999998634128,17.9999994585235));
#2205=CARTESIAN_POINT('',(-337.394703622494,-736.000000541476,-6.00000054147574));
#2206=CARTESIAN_POINT('',(-284.605296377506,-731.394704163971,17.9999994585243));
#2207=CARTESIAN_POINT('',(-280.,-731.394704163971,-6.00000054147586));
#2208=CARTESIAN_POINT('',(-284.605296377506,-694.605296918982,17.9999994585238));
#2209=CARTESIAN_POINT('',(-284.605296377506,-690.000000541476,-6.00000054147631));
#2210=CARTESIAN_POINT('',(-337.394703622494,-694.605296918981,17.9999994585237));
#2211=CARTESIAN_POINT('',(-342.,-694.605296918982,-6.00000054147631));
#2212=CARTESIAN_POINT('',(-337.394703622495,-731.394704163971,17.9999994585243));
#2213=CARTESIAN_POINT('',(-327.793676844225,-744.250000636843,17.9999994585243));
#2214=CARTESIAN_POINT('',(-340.81523264884,-683.334058154961,17.9999994585236));
#2215=CARTESIAN_POINT('',(-354.110776358078,-752.828976070761,12.0085496192808));
#2216=CARTESIAN_POINT('',(-278.237426596115,-738.499999587802,14.0085496192801));
#2217=CARTESIAN_POINT('',(-278.237426596115,-687.499999587802,12.0085496192801));
#2218=CARTESIAN_POINT('',(-291.953580995002,-752.628976070759,17.9999994585243));
#2219=CARTESIAN_POINT('',(-291.953580995002,-681.750000636843,17.9999994585235));
#2220=CARTESIAN_POINT('',(-352.,-738.499999587802,12.0085496192806));
#2221=CARTESIAN_POINT('',(-347.010776358078,-740.499999587802,12.0085496192801));
#2222=CARTESIAN_POINT('',(-347.010776358078,-685.499999587802,12.0085496192801));
#2223=CARTESIAN_POINT('',(-347.010776358078,-740.499999587802,12.8085496192801));
#2224=CARTESIAN_POINT('',(-347.010776358078,-685.499999587802,12.8085496192801));
#2225=CARTESIAN_POINT('',(-347.010776358078,-740.499999587802,13.6085496192802));
#2226=CARTESIAN_POINT('',(-347.010776358078,-685.499999587802,13.60854961928));
#2227=CARTESIAN_POINT('',(-346.610776358078,-740.499999587802,14.0085496192801));
#2228=CARTESIAN_POINT('',(-346.610776358078,-685.499999587802,14.0085496192801));
#2229=CARTESIAN_POINT('',(-345.810776358078,-740.499999587802,14.0085496192801));
#2230=CARTESIAN_POINT('',(-345.810776358078,-685.499999587802,14.0085496192801));
#2231=CARTESIAN_POINT('',(-345.010776358078,-740.499999587802,14.0085496192801));
#2232=CARTESIAN_POINT('',(-345.010776358078,-685.499999587802,14.0085496192801));
#2233=CARTESIAN_POINT('',(-347.010776358078,-740.000000541476,14.0085496192801));
#2234=CARTESIAN_POINT('',(-345.010777078443,-687.500001495151,14.0085496192801));
#2235=CARTESIAN_POINT('',(-347.989223641922,-673.,12.3026480212077));
#2236=CARTESIAN_POINT('',(-278.237426596115,-738.499999587802,19.235199976527));
#2237=CARTESIAN_POINT('',(-347.010776358078,-685.999999587802,17.2351999765264));
#2238=CARTESIAN_POINT('',(-347.740776358078,-680.999999587802,11.8885496192799));
#2239=CARTESIAN_POINT('',(-347.740776358078,-680.999999587802,11.8885496192799));
#2240=CARTESIAN_POINT('',(-347.740776358078,-680.999999587802,11.8885496192799));
#2241=CARTESIAN_POINT('',(-291.925498532693,-667.250000660686,11.2596183893744));
#2242=CARTESIAN_POINT('',(-328.074501467312,-667.250000660686,11.2596183893744));
#2243=CARTESIAN_POINT('',(-291.925498532694,-741.24999970701,11.2596183893752));
#2244=CARTESIAN_POINT('',(-328.074501467312,-741.24999970701,11.2596183893752));
#2245=CARTESIAN_POINT('',(-347.010776358078,-738.499999587802,14.0085496192801));
#2246=CARTESIAN_POINT('',(-344.314701557323,-738.446610918646,14.0085496192801));
#2247=CARTESIAN_POINT('',(-350.551230283914,-689.42838940078,14.0085496192801));
#2248=CARTESIAN_POINT('',(-335.,-747.999998634127,15.0042745389025));
#2249=CARTESIAN_POINT('',(-285.,-747.999998634127,15.0042745389025));
#2250=CARTESIAN_POINT('',(-328.882747698187,-680.999999587802,19.9999994585236));
#2251=CARTESIAN_POINT('',(-341.11725230182,-680.999999587802,19.9999994585236));
#2252=CARTESIAN_POINT('',(-328.882747698187,-680.999999587802,19.1999994585235));
#2253=CARTESIAN_POINT('',(-341.11725230182,-680.999999587802,19.1999994585236));
#2254=CARTESIAN_POINT('',(-328.882747698187,-680.999999587802,18.3999994585234));
#2255=CARTESIAN_POINT('',(-341.11725230182,-680.999999587802,18.3999994585234));
#2256=CARTESIAN_POINT('',(-328.882747698187,-680.599999587802,17.9999994585235));
#2257=CARTESIAN_POINT('',(-341.117252301819,-680.599999587802,17.9999994585235));
#2258=CARTESIAN_POINT('',(-328.882747698187,-679.799999587801,17.9999994585235));
#2259=CARTESIAN_POINT('',(-341.117252301819,-679.799999587802,17.9999994585235));
#2260=CARTESIAN_POINT('',(-328.882747698187,-678.999999587802,17.9999994585235));
#2261=CARTESIAN_POINT('',(-341.117252301819,-678.999999587802,17.9999994585235));
#2262=CARTESIAN_POINT('',(-347.800128763704,-744.999999587802,24.0085496192806));
#2263=CARTESIAN_POINT('',(-347.800128763704,-744.999999587802,24.0085496192806));
#2264=CARTESIAN_POINT('',(-278.237426596115,-687.499999587802,12.0085496192801));
#2265=CARTESIAN_POINT('',(-352.,-738.499999587802,12.0085496192806));
#2266=CARTESIAN_POINT('',(-347.989223641922,-673.,12.3026480212077));
#2267=CARTESIAN_POINT('',(-330.882747698189,-748.000022142652,12.0085496192808));
#2268=CARTESIAN_POINT('',(-330.882747698189,-748.000022142651,17.9999994585244));
#2269=CARTESIAN_POINT('',(-330.882747698189,-744.999999587802,17.9999994585243));
#2270=CARTESIAN_POINT('',(-328.074501467313,-744.999999587802,12.0085496192806));
#2271=CARTESIAN_POINT('',(-328.074501467313,-744.999999587802,17.9999994585243));
#2272=CARTESIAN_POINT('',(-291.925498532693,-744.999999587802,12.0085496192806));
#2273=CARTESIAN_POINT('',(-291.925498532693,-744.999999587802,17.9999994585243));
#2274=CARTESIAN_POINT('',(-289.117252301817,-744.999999587802,17.9999994585243));
#2275=CARTESIAN_POINT('',(-289.117252301817,-748.000022142652,12.0085496192808));
#2276=CARTESIAN_POINT('',(-289.117252301817,-748.000022142651,17.9999994585244));
#2277=CARTESIAN_POINT('',(-328.074501467313,-680.999999587802,12.00854961928));
#2278=CARTESIAN_POINT('',(-328.074501467313,-680.999999587802,17.9999994585236));
#2279=CARTESIAN_POINT('',(-330.882747698189,-680.999999587802,17.9999994585236));
#2280=CARTESIAN_POINT('',(-330.882747698189,-677.999977032953,12.00854961928));
#2281=CARTESIAN_POINT('',(-330.882747698189,-677.999977032953,17.9999994585236));
#2282=CARTESIAN_POINT('',(-289.117252301817,-677.999977032953,12.00854961928));
#2283=CARTESIAN_POINT('',(-289.117252301817,-677.999977032953,17.9999994585236));
#2284=CARTESIAN_POINT('',(-289.117252301817,-680.999999587802,17.9999994585236));
#2285=CARTESIAN_POINT('',(-291.925498532693,-680.999999587802,12.00854961928));
#2286=CARTESIAN_POINT('',(-291.925498532693,-680.999999587802,17.9999994585236));
#2287=CARTESIAN_POINT('',(-339.117252301819,-678.000000541476,12.0085496192801));
#2288=CARTESIAN_POINT('',(-339.117252301819,-678.000000541476,17.9999994585236));
#2289=CARTESIAN_POINT('',(-334.0327782435,-673.997969983052,17.9999994585235));
#2290=CARTESIAN_POINT('',(-334.0327782435,-673.997969983052,12.00854961928));
#2291=CARTESIAN_POINT('',(-277.237426596115,-687.499999587806,19.93466143664));
#2292=CARTESIAN_POINT('',(-328.850751715133,-685.999999587802,19.2351999765264));
#2293=CARTESIAN_POINT('',(-277.237426596115,-685.999999587806,19.2351999765264));
#2294=CARTESIAN_POINT('',(-328.850751715133,-685.999999587802,22.374399114214));
#2295=CARTESIAN_POINT('',(-278.237426596115,-687.367183273104,19.8727283932549));
#2296=CARTESIAN_POINT('',(-328.850751715133,-687.367183273104,19.8727283932567));
#2297=CARTESIAN_POINT('',(-328.850751715133,-687.367183273104,23.1256308331108));
#2298=CARTESIAN_POINT('',(-278.237426596115,-687.499999587805,19.93466143664));
#2299=CARTESIAN_POINT('',(-277.237426596115,-738.499999587798,19.9346614366406));
#2300=CARTESIAN_POINT('',(-277.237426596115,-739.999999587798,19.235199976527));
#2301=CARTESIAN_POINT('',(-278.237426596115,-738.499999587802,19.9346614366406));
#2302=CARTESIAN_POINT('',(-278.237426596115,-738.499999587802,19.235199976527));
#2303=CARTESIAN_POINT('',(-278.237426596115,-687.499999587806,19.2351999765265));
#2304=CARTESIAN_POINT('',(-277.237426596115,-687.499999587806,19.2351999765265));
#2305=CARTESIAN_POINT('',(-277.237426596115,-738.499999587798,19.235199976527));
#2306=CARTESIAN_POINT('',(-277.237426596116,-740.000000541476,17.235199976527));
#2307=CARTESIAN_POINT('',(-277.237426596116,-685.999999587802,17.2351999765264));
#2308=CARTESIAN_POINT('',(-278.237426596115,-738.499999587802,17.235199976527));
#2309=CARTESIAN_POINT('',(-278.237426596115,-687.499999587802,17.2351999765265));
#2310=CARTESIAN_POINT('',(-280.882747698183,-677.999977032953,12.00854961928));
#2311=CARTESIAN_POINT('',(-280.882747698183,-677.999977032953,17.9999994585236));
#2312=CARTESIAN_POINT('',(-282.767156439254,-674.540784423617,12.0085496192798));
#2313=CARTESIAN_POINT('',(-282.767156439254,-674.540784423617,17.9999994585235));
#2314=CARTESIAN_POINT('',(-280.882747698183,-680.999999587802,12.00854961928));
#2315=CARTESIAN_POINT('',(-339.117252301817,-748.000022142651,12.0085496192808));
#2316=CARTESIAN_POINT('',(-339.117252301817,-748.000022142651,17.9999994585244));
#2317=CARTESIAN_POINT('',(-332.767156439254,-751.459214751987,12.0085496192808));
#2318=CARTESIAN_POINT('',(-332.767156439254,-751.459214751987,17.9999994585244));
#2319=CARTESIAN_POINT('',(-339.117252301817,-744.999999587802,12.0085496192806));
#2320=CARTESIAN_POINT('',(-280.882747698183,-748.000022142651,12.0085496192808));
#2321=CARTESIAN_POINT('',(-280.882747698183,-748.000022142651,17.9999994585244));
#2322=CARTESIAN_POINT('',(-282.767156439254,-751.459214751987,12.0085496192808));
#2323=CARTESIAN_POINT('',(-282.767156439254,-751.459214751987,17.9999994585244));
#2324=CARTESIAN_POINT('',(-280.882747698183,-744.999999587802,12.0085496192806));
#2325=CARTESIAN_POINT('',(-339.117252301819,-680.999999587802,12.0085496192801));
#2326=CARTESIAN_POINT('',(-280.882747698183,-678.999999587802,17.9999994585236));
#2327=CARTESIAN_POINT('',(-289.117252301817,-680.999999587802,19.9999994585236));
#2328=CARTESIAN_POINT('',(-280.882747698183,-680.999999587802,19.9999994585236));
#2329=CARTESIAN_POINT('',(-339.117252301819,-678.999999587802,17.9999994585236));
#2330=CARTESIAN_POINT('',(-330.882747698187,-680.999999587802,19.9999994585236));
#2331=CARTESIAN_POINT('',(-339.11725230182,-680.999999587802,19.9999994585236));
#2332=CARTESIAN_POINT('',(-339.117252301817,-746.999999587802,17.9999994585244));
#2333=CARTESIAN_POINT('',(-280.882747698183,-746.999999587802,17.9999994585244));
#2334=CARTESIAN_POINT('',(-339.117252301817,-744.999999587802,19.9999994585243));
#2335=CARTESIAN_POINT('',(-330.882747698183,-744.999999587802,19.9999994585243));
#2336=CARTESIAN_POINT('',(-280.882747698183,-744.999999587802,19.9999994585243));
#2337=CARTESIAN_POINT('',(-289.117252301817,-744.999999587802,19.9999994585243));
#2338=CARTESIAN_POINT('',(-331.645897749423,-678.999999587802,17.9999994585236));
#2339=CARTESIAN_POINT('',(-338.354102250584,-678.999999587802,17.9999994585236));
#2340=CARTESIAN_POINT('',(-333.197222775262,-680.999999587802,19.9999994585236));
#2341=CARTESIAN_POINT('',(-336.802777224744,-680.999999587802,19.9999994585236));
#2342=CARTESIAN_POINT('',(-281.645897749423,-678.999999587802,17.9999994585236));
#2343=CARTESIAN_POINT('',(-288.354102250584,-678.999999587802,17.9999994585236));
#2344=CARTESIAN_POINT('',(-283.197222775262,-680.999999587802,19.9999994585236));
#2345=CARTESIAN_POINT('',(-286.802777224744,-680.999999587802,19.9999994585236));
#2346=CARTESIAN_POINT('',(-336.802774050725,-744.999999587802,19.9999994585243));
#2347=CARTESIAN_POINT('',(-333.197225949282,-744.999999587802,19.9999994585243));
#2348=CARTESIAN_POINT('',(-338.354101681922,-746.999999587802,17.9999994585243));
#2349=CARTESIAN_POINT('',(-331.645898318084,-746.999999587802,17.9999994585244));
#2350=CARTESIAN_POINT('',(-288.354101681922,-746.999999587802,17.9999994585244));
#2351=CARTESIAN_POINT('',(-281.645898318084,-746.999999587802,17.9999994585244));
#2352=CARTESIAN_POINT('',(-286.802774050725,-744.999999587802,19.9999994585243));
#2353=CARTESIAN_POINT('',(-283.197225949281,-744.999999587802,19.9999994585243));
#2354=CARTESIAN_POINT('',(-333.374999999997,-747.99999863405,12.0085496192808));
#2355=CARTESIAN_POINT('',(-333.374999999997,-747.999998634049,17.9999994585244));
#2356=CARTESIAN_POINT('',(-283.375000000003,-748.000000541476,12.0085496192808));
#2357=CARTESIAN_POINT('',(-283.375000000003,-748.000000541476,17.9999994585244));
#2358=CARTESIAN_POINT('',(-333.375000000003,-678.000000541476,17.9999994585236));
#2359=CARTESIAN_POINT('',(-333.375000000003,-678.000000541476,12.00854961928));
#2360=CARTESIAN_POINT('',(-283.375000000003,-678.000000541476,12.00854961928));
#2361=CARTESIAN_POINT('',(-283.375000000003,-678.000000541476,17.9999994585236));
#2362=CARTESIAN_POINT('',(-279.010776358078,-744.999999587802,12.0085496192806));
#2363=CARTESIAN_POINT('',(-279.010776358077,-680.999999587802,12.00854961928));
#2364=CARTESIAN_POINT('',(-347.010776358078,-683.999999587802,12.00854961928));
#2365=CARTESIAN_POINT('',(-344.010776358078,-680.999999587802,12.00854961928));
#2366=CARTESIAN_POINT('',(-344.010776358078,-744.999999587802,12.0085496192806));
#2367=CARTESIAN_POINT('',(-347.010776358078,-741.999999587802,12.0085496192806));
#2368=CARTESIAN_POINT('',(-347.010776358078,-738.499999587802,12.0085496192805));
#2369=CARTESIAN_POINT('',(-347.010776358078,-687.499999587802,12.0085496192801));
#2370=CARTESIAN_POINT('',(-278.237426596115,-687.367183273104,21.0085496192801));
#2371=CARTESIAN_POINT('',(-278.237426596115,-738.499999587802,21.0085496192806));
#2372=CARTESIAN_POINT('',(-289.117252301817,-678.999999587802,17.9999994585236));
#2373=CARTESIAN_POINT('',(-289.117252301817,-679.005365410301,17.9999994585236));
#2374=CARTESIAN_POINT('',(-330.882747698189,-678.999999587802,17.9999994585236));
#2375=CARTESIAN_POINT('',(-289.117252301817,-746.999999587802,17.9999994585244));
#2376=CARTESIAN_POINT('',(-289.117252301817,-746.994633760707,17.9999994585244));
#2377=CARTESIAN_POINT('',(-330.882747698189,-746.999999587802,17.9999994585244));
#2378=CARTESIAN_POINT('',(-336.802774050725,-744.999999587802,21.0021377154977));
#2379=CARTESIAN_POINT('',(-333.197225949281,-744.999999587802,21.0021377154975));
#2380=CARTESIAN_POINT('',(-283.197225949281,-744.999999587802,21.0021377154977));
#2381=CARTESIAN_POINT('',(-279.010776358078,-744.999999587802,21.0021377154976));
#2382=CARTESIAN_POINT('',(-286.802774050725,-744.999999587802,21.0021377154975));
#2383=CARTESIAN_POINT('',(-336.802777224744,-680.999999587802,21.0021389149867));
#2384=CARTESIAN_POINT('',(-333.197222775262,-680.999999587802,21.0021389149866));
#2385=CARTESIAN_POINT('',(-279.010776358077,-680.999999587802,21.0021389149866));
#2386=CARTESIAN_POINT('',(-283.197222775263,-680.999999587802,21.0021389149865));
#2387=CARTESIAN_POINT('',(-286.802777224744,-680.999999587802,21.0021389149865));
#2388=CARTESIAN_POINT('',(-276.369077375033,-687.367183273104,24.0085496192801));
#2389=CARTESIAN_POINT('',(-276.345051176741,-687.367183273104,23.970794164821));
#2390=CARTESIAN_POINT('',(-274.010776358078,-685.999999587802,20.3026480212076));
#2391=CARTESIAN_POINT('',(-274.010776358078,-739.999999587802,20.3026480212077));
#2392=CARTESIAN_POINT('',(-275.013653153387,-744.125409295254,21.8785972709787));
#2393=CARTESIAN_POINT('',(-275.013653633311,-681.874589435977,21.878598025145));
#2394=CARTESIAN_POINT('',(-276.344866081048,-740.392560102869,23.9705033001615));
#2395=CARTESIAN_POINT('',(-276.369077375033,-741.499999587802,24.0085496192806));
#2396=CARTESIAN_POINT('',(-276.369077375033,-741.999999587802,24.0085496192806));
#2397=CARTESIAN_POINT('',(-276.369078006711,-684.000000409295,24.0085506119168));
#2398=CARTESIAN_POINT('',(-291.925498532693,-682.999999587802,12.00854961928));
#2399=CARTESIAN_POINT('',(-328.074501467312,-682.999999587803,12.00854961928));
#2400=CARTESIAN_POINT('',(-291.925498532694,-742.999999587801,12.0085496192806));
#2401=CARTESIAN_POINT('',(-328.074501467312,-742.999999587801,12.0085496192806));
#2402=CARTESIAN_POINT('',(-274.010776358078,-685.999999587802,17.9999994585236));
#2403=CARTESIAN_POINT('',(-274.010776358077,-739.999999587802,17.9999994585243));
#2404=CARTESIAN_POINT('',(-276.010776358078,-681.300098827246,12.00854961928));
#2405=CARTESIAN_POINT('',(-276.010776358077,-744.699900348358,12.0085496192806));
#2406=CARTESIAN_POINT('',(-284.605296377506,-736.000000541476,12.0085496192806));
#2407=CARTESIAN_POINT('',(-337.394703622494,-736.000000541476,12.0085496192806));
#2408=CARTESIAN_POINT('',(-280.,-731.394704163971,12.0085496192805));
#2409=CARTESIAN_POINT('',(-280.,-694.605296918982,12.0085496192801));
#2410=CARTESIAN_POINT('',(-284.605296377506,-690.000000541476,12.0085496192801));
#2411=CARTESIAN_POINT('',(-337.394703622494,-690.000000541476,12.0085496192801));
#2412=CARTESIAN_POINT('',(-342.,-694.605296918982,12.0085496192801));
#2413=CARTESIAN_POINT('',(-342.,-731.394704163971,12.0085496192805));
#2414=CARTESIAN_POINT('',(-278.237426596115,-687.499999587802,14.0085496192801));
#2415=CARTESIAN_POINT('',(-278.237426596115,-738.499999587802,14.0085496192801));
#2416=CARTESIAN_POINT('',(-284.605296377506,-736.000000541476,14.0085496192801));
#2417=CARTESIAN_POINT('',(-337.394703622494,-736.000000541476,14.0085496192801));
#2418=CARTESIAN_POINT('',(-280.,-731.394704163971,14.0085496192801));
#2419=CARTESIAN_POINT('',(-280.,-694.605296918982,14.0085496192801));
#2420=CARTESIAN_POINT('',(-284.605296377506,-690.000000541476,14.0085496192801));
#2421=CARTESIAN_POINT('',(-337.394703622494,-690.000000541476,14.0085496192801));
#2422=CARTESIAN_POINT('',(-342.,-694.605296918982,14.0085496192801));
#2423=CARTESIAN_POINT('',(-342.,-731.39470416397,14.0085496192801));
#2424=CARTESIAN_POINT('',(-345.010776358078,-738.499999587802,14.0085496192801));
#2425=CARTESIAN_POINT('',(-345.010776358078,-687.499999587802,14.0085496192801));
#2426=CARTESIAN_POINT('',(-345.010777078443,-738.499999587802,17.235199976527));
#2427=CARTESIAN_POINT('',(-347.010776358078,-740.000000541476,14.0085496192801));
#2428=CARTESIAN_POINT('',(-347.010776358078,-738.499999587802,14.0085496192801));
#2429=CARTESIAN_POINT('',(-345.010777078443,-687.500000541476,17.2351999765265));
#2430=CARTESIAN_POINT('',(-347.010776358078,-686.000000541476,14.0085496192801));
#2431=CARTESIAN_POINT('',(-347.010776358078,-687.499999587802,14.0085496192801));
#2432=CARTESIAN_POINT('',(-342.573174879995,-687.367183273104,23.1256308331108));
#2433=CARTESIAN_POINT('',(-342.131343706295,-687.367183273104,24.0085496192801));
#2434=CARTESIAN_POINT('',(-342.949107069093,-685.999999587802,22.374399114214));
#2435=CARTESIAN_POINT('',(-344.520028496078,-739.999999587802,19.2351999765271));
#2436=CARTESIAN_POINT('',(-344.170003235861,-738.499999587802,19.9346614366415));
#2437=CARTESIAN_POINT('',(-345.520870658735,-685.999999587802,17.2351999765264));
#2438=CARTESIAN_POINT('',(-345.520870658735,-687.11742997523,17.2351999765264));
#2439=CARTESIAN_POINT('',(-345.520870658735,-738.882570154047,17.235199976527));
#2440=CARTESIAN_POINT('',(-345.520870658735,-740.000000541476,17.2351999765271));
#2441=CARTESIAN_POINT('',(-343.635815001854,-680.999999587802,21.0021389149866));
#2442=CARTESIAN_POINT('',(-344.010776358078,-680.999999587802,20.2528472280155));
#2443=CARTESIAN_POINT('',(-347.010776358078,-683.999999587802,14.2578959521062));
#2444=CARTESIAN_POINT('',(-344.010776358078,-744.999999587802,20.2528472280164));
#2445=CARTESIAN_POINT('',(-343.635815602104,-744.999999587802,21.0021377154976));
#2446=CARTESIAN_POINT('',(-347.010776358078,-686.000000467779,14.2578959521055));
#2447=CARTESIAN_POINT('',(-347.010776358078,-741.999999587802,14.2578959521058));
#2448=CARTESIAN_POINT('',(-342.131343706295,-741.499999587802,24.0085496192806));
#2449=CARTESIAN_POINT('',(-343.632606950279,-738.499999587802,21.0085496192807));
#2450=CARTESIAN_POINT('',(-342.131343706295,-741.999999587802,24.0085496192807));
#2451=CARTESIAN_POINT('',(-342.131343671984,-683.999999644544,24.0085496878444));
#2452=CARTESIAN_POINT('',(-347.010776358078,-740.000000541476,14.2578959521054));
#2453=CARTESIAN_POINT('',(-330.882747698189,-748.000022142652,12.0085496192808));
#2454=CARTESIAN_POINT('',(-330.882747698189,-748.000022142651,17.9999994585244));
#2455=CARTESIAN_POINT('',(-330.882747698189,-744.999999587802,17.9999994585243));
#2456=CARTESIAN_POINT('',(-330.882747698189,-746.999999587802,17.9999994585244));
#2457=CARTESIAN_POINT('',(-330.882747698189,-748.000022142652,12.0085496192808));
#2458=CARTESIAN_POINT('',(-328.074501467313,-744.999999587802,12.0085496192806));
#2459=CARTESIAN_POINT('',(-328.074501467313,-744.999999587802,12.0085496192806));
#2460=CARTESIAN_POINT('',(-328.074501467313,-744.999999587802,17.9999994585243));
#2461=CARTESIAN_POINT('',(-330.882747698189,-748.000022142651,17.9999994585244));
#2462=CARTESIAN_POINT('',(-328.074501467313,-744.999999587802,17.9999994585243));
#2463=CARTESIAN_POINT('',(-328.074501467313,-744.999999587802,17.9999994585243));
#2464=CARTESIAN_POINT('',(-330.882747698189,-744.999999587802,17.9999994585243));
#2465=CARTESIAN_POINT('',(-291.925498532693,-744.999999587802,12.0085496192806));
#2466=CARTESIAN_POINT('',(-291.925498532693,-744.999999587802,17.9999994585243));
#2467=CARTESIAN_POINT('',(-289.117252301817,-744.999999587802,17.9999994585243));
#2468=CARTESIAN_POINT('',(-291.925498532693,-744.999999587802,17.9999994585243));
#2469=CARTESIAN_POINT('',(-291.925498532693,-744.999999587802,12.0085496192806));
#2470=CARTESIAN_POINT('',(-289.117252301817,-748.000022142652,12.0085496192808));
#2471=CARTESIAN_POINT('',(-289.117252301817,-748.000022142652,12.0085496192808));
#2472=CARTESIAN_POINT('',(-289.117252301817,-748.000022142651,17.9999994585244));
#2473=CARTESIAN_POINT('',(-291.925498532693,-744.999999587802,17.9999994585243));
#2474=CARTESIAN_POINT('',(-289.117252301817,-748.000022142651,17.9999994585244));
#2475=CARTESIAN_POINT('',(-328.074501467313,-680.999999587802,12.00854961928));
#2476=CARTESIAN_POINT('',(-328.074501467313,-680.999999587802,17.9999994585236));
#2477=CARTESIAN_POINT('',(-330.882747698189,-680.999999587802,17.9999994585236));
#2478=CARTESIAN_POINT('',(-328.074501467313,-680.999999587802,17.9999994585236));
#2479=CARTESIAN_POINT('',(-328.074501467313,-680.999999587802,12.00854961928));
#2480=CARTESIAN_POINT('',(-330.882747698189,-677.999977032953,12.00854961928));
#2481=CARTESIAN_POINT('',(-330.882747698189,-677.999977032953,12.00854961928));
#2482=CARTESIAN_POINT('',(-330.882747698189,-677.999977032953,17.9999994585236));
#2483=CARTESIAN_POINT('',(-328.074501467313,-680.999999587802,17.9999994585236));
#2484=CARTESIAN_POINT('',(-330.882747698189,-677.999977032953,17.9999994585236));
#2485=CARTESIAN_POINT('',(-289.117252301817,-677.999977032953,12.00854961928));
#2486=CARTESIAN_POINT('',(-289.117252301817,-677.999977032953,17.9999994585236));
#2487=CARTESIAN_POINT('',(-289.117252301817,-677.999977032953,12.00854961928));
#2488=CARTESIAN_POINT('',(-291.925498532693,-680.999999587802,12.00854961928));
#2489=CARTESIAN_POINT('',(-291.925498532693,-680.999999587802,12.00854961928));
#2490=CARTESIAN_POINT('',(-291.925498532693,-680.999999587802,17.9999994585236));
#2491=CARTESIAN_POINT('',(-289.117252301817,-677.999977032953,17.9999994585236));
#2492=CARTESIAN_POINT('',(-291.925498532693,-680.999999587802,17.9999994585236));
#2493=CARTESIAN_POINT('',(-291.925498532693,-680.999999587802,17.9999994585236));
#2494=CARTESIAN_POINT('',(-289.117252301817,-680.999999587802,17.9999994585236));
#2495=CARTESIAN_POINT('',(-339.117252301819,-678.000000541476,12.0085496192801));
#2496=CARTESIAN_POINT('',(-339.117252301819,-680.999999587802,12.0085496192801));
#2497=CARTESIAN_POINT('',(-339.117252301819,-678.000000541476,17.9999994585236));
#2498=CARTESIAN_POINT('',(-339.117252301819,-678.999999587802,17.9999994585236));
#2499=CARTESIAN_POINT('',(-339.117252301819,-678.000000541476,12.0085496192801));
#2500=CARTESIAN_POINT('',(-339.117252301819,-678.000000541476,17.9999994585236));
#2501=CARTESIAN_POINT('',(-334.0327782435,-673.997969983052,17.9999994585235));
#2502=CARTESIAN_POINT('',(-330.88274769819,-674.759266277942,17.9999994585237));
#2503=CARTESIAN_POINT('',(-330.882747698189,-677.999977032953,17.9999994585236));
#2504=CARTESIAN_POINT('',(-334.0327782435,-673.997969983052,17.9999994585235));
#2505=CARTESIAN_POINT('',(-334.0327782435,-673.997969983052,12.00854961928));
#2506=CARTESIAN_POINT('',(-334.0327782435,-673.997969983052,12.00854961928));
#2507=CARTESIAN_POINT('',(-330.882747698189,-674.759266277943,12.0085496192801));
#2508=CARTESIAN_POINT('',(-330.882747698189,-677.999977032953,12.00854961928));
#2509=CARTESIAN_POINT('',(-339.117252301819,-678.000000541476,17.9999994585236));
#2510=CARTESIAN_POINT('',(-339.117252301819,-677.509526681668,17.9999994585235));
#2511=CARTESIAN_POINT('',(-339.002030558427,-677.032778784972,17.9999994585235));
#2512=CARTESIAN_POINT('',(-338.034808801924,-673.030748226549,17.9999994585234));
#2513=CARTESIAN_POINT('',(-334.0327782435,-673.997969983052,17.9999994585235));
#2514=CARTESIAN_POINT('',(-339.117252301819,-678.000000541476,12.0085496192801));
#2515=CARTESIAN_POINT('',(-339.117252301819,-677.509526681669,12.0085496192799));
#2516=CARTESIAN_POINT('',(-339.002030558427,-677.032778784973,12.0085496192799));
#2517=CARTESIAN_POINT('',(-338.034808801924,-673.030748226549,12.00854961928));
#2518=CARTESIAN_POINT('',(-334.0327782435,-673.997969983052,12.00854961928));
#2519=CARTESIAN_POINT('',(-277.237426596115,-687.499999587806,19.93466143664));
#2520=CARTESIAN_POINT('',(-277.237426596115,-687.499999587806,19.2351999765265));
#2521=CARTESIAN_POINT('',(-328.850751715133,-685.999999587802,19.2351999765264));
#2522=CARTESIAN_POINT('',(-328.850751715133,-687.367183273104,19.8727283932567));
#2523=CARTESIAN_POINT('',(-277.237426596115,-685.999999587806,19.2351999765264));
#2524=CARTESIAN_POINT('',(-277.237426596115,-687.373088424475,19.8754820114004));
#2525=CARTESIAN_POINT('',(-277.237426596115,-687.499999587806,19.93466143664));
#2526=CARTESIAN_POINT('',(-328.850751715133,-685.999999587802,22.374399114214));
#2527=CARTESIAN_POINT('',(-342.949107069093,-685.999999587802,22.374399114214));
#2528=CARTESIAN_POINT('',(-328.850751715133,-685.999999587802,19.2351999765264));
#2529=CARTESIAN_POINT('',(-328.850751715133,-685.999999587802,22.374399114214));
#2530=CARTESIAN_POINT('',(-278.237426596115,-687.367183273104,19.8727283932549));
#2531=CARTESIAN_POINT('',(-328.850751715133,-687.367183273104,19.8727283932567));
#2532=CARTESIAN_POINT('',(-328.850751715133,-687.367183273104,23.1256308331108));
#2533=CARTESIAN_POINT('',(-342.573174879995,-687.367183273104,23.1256308331108));
#2534=CARTESIAN_POINT('',(-328.850751715133,-687.367183273104,23.1256308331108));
#2535=CARTESIAN_POINT('',(-328.850751715133,-687.367183273104,19.8727283932567));
#2536=CARTESIAN_POINT('',(-278.237426596115,-687.499999587805,19.93466143664));
#2537=CARTESIAN_POINT('',(-278.237426596115,-687.373088424475,19.8754820114004));
#2538=CARTESIAN_POINT('',(-278.237426596115,-687.367183273104,19.8727283932549));
#2539=CARTESIAN_POINT('',(-278.237426596115,-687.367183273104,19.8727283932549));
#2540=CARTESIAN_POINT('',(-278.237426596115,-687.367183273104,21.0085496192801));
#2541=CARTESIAN_POINT('',(-278.237426596115,-687.499999587805,19.93466143664));
#2542=CARTESIAN_POINT('',(-277.237426596115,-687.499999587806,19.93466143664));
#2543=CARTESIAN_POINT('',(-328.850751715133,-687.367183273104,23.1256308331108));
#2544=CARTESIAN_POINT('',(-328.850751715133,-687.333332263735,23.1070306137317));
#2545=CARTESIAN_POINT('',(-328.850751715133,-686.66666721849,22.7407150502705));
#2546=CARTESIAN_POINT('',(-328.850751715133,-685.999999587802,22.374399114214));
#2547=CARTESIAN_POINT('',(-277.237426596115,-738.499999587798,19.9346614366406));
#2548=CARTESIAN_POINT('',(-277.237426596115,-738.499999587798,19.235199976527));
#2549=CARTESIAN_POINT('',(-277.237426596115,-739.999999587798,19.235199976527));
#2550=CARTESIAN_POINT('',(-277.237426596115,-738.626910751128,19.875482011401));
#2551=CARTESIAN_POINT('',(-277.237426596115,-738.499999587798,19.9346614366406));
#2552=CARTESIAN_POINT('',(-278.237426596115,-738.499999587802,19.9346614366406));
#2553=CARTESIAN_POINT('',(-278.237426596115,-738.499999587802,21.0085496192806));
#2554=CARTESIAN_POINT('',(-278.237426596115,-738.499999587802,19.9346614366406));
#2555=CARTESIAN_POINT('',(-277.237426596115,-738.499999587798,19.9346614366406));
#2556=CARTESIAN_POINT('',(-277.237426596115,-738.499999587798,19.235199976527));
#2557=CARTESIAN_POINT('',(-277.237426596115,-687.499999587806,19.2351999765265));
#2558=CARTESIAN_POINT('',(-278.237426596115,-687.499999587806,19.2351999765265));
#2559=CARTESIAN_POINT('',(-278.237426596115,-738.499999587802,19.235199976527));
#2560=CARTESIAN_POINT('',(-278.237426596115,-687.499999587806,19.2351999765265));
#2561=CARTESIAN_POINT('',(-277.237426596115,-687.499999587806,19.2351999765265));
#2562=CARTESIAN_POINT('',(-278.237426596115,-738.499999587802,19.235199976527));
#2563=CARTESIAN_POINT('',(-277.237426596115,-738.499999587798,19.235199976527));
#2564=CARTESIAN_POINT('',(-278.237426596115,-738.499999587802,19.235199976527));
#2565=CARTESIAN_POINT('',(-278.237426596115,-738.499999587802,19.9346614366406));
#2566=CARTESIAN_POINT('',(-278.237426596115,-687.499999587806,19.2351999765265));
#2567=CARTESIAN_POINT('',(-278.237426596115,-687.499999587805,19.93466143664));
#2568=CARTESIAN_POINT('',(-328.850751715133,-685.999999587802,19.2351999765264));
#2569=CARTESIAN_POINT('',(-278.237426596115,-685.999999587805,19.2351999765264));
#2570=CARTESIAN_POINT('',(-277.237426596115,-685.999999587806,19.2351999765264));
#2571=CARTESIAN_POINT('',(-277.237426596116,-740.000000541476,17.235199976527));
#2572=CARTESIAN_POINT('',(-277.237426596116,-685.999999587802,17.2351999765264));
#2573=CARTESIAN_POINT('',(-277.237426596116,-685.999999587802,17.2351999765264));
#2574=CARTESIAN_POINT('',(-345.520870658735,-685.999999587802,17.2351999765264));
#2575=CARTESIAN_POINT('',(-278.237426596115,-738.499999587802,17.235199976527));
#2576=CARTESIAN_POINT('',(-278.237426596115,-687.499999587802,17.2351999765265));
#2577=CARTESIAN_POINT('',(-278.237426596115,-687.499999587802,17.2351999765265));
#2578=CARTESIAN_POINT('',(-345.010777078443,-687.500000541476,17.2351999765265));
#2579=CARTESIAN_POINT('',(-277.237426596116,-740.000000541476,17.235199976527));
#2580=CARTESIAN_POINT('',(-277.237426596115,-739.999999587798,18.0085496192806));
#2581=CARTESIAN_POINT('',(-277.237426596115,-739.999999587798,19.235199976527));
#2582=CARTESIAN_POINT('',(-277.237426596116,-685.999999587802,17.2351999765264));
#2583=CARTESIAN_POINT('',(-277.237426596115,-685.999999587806,19.2351999765264));
#2584=CARTESIAN_POINT('',(-339.117252301819,-680.999999587802,12.0085496192801));
#2585=CARTESIAN_POINT('',(-344.010776358078,-680.999999587802,12.00854961928));
#2586=CARTESIAN_POINT('',(-280.882747698183,-677.999977032953,12.00854961928));
#2587=CARTESIAN_POINT('',(-280.882747698183,-677.999977032953,17.9999994585236));
#2588=CARTESIAN_POINT('',(-282.767156439254,-674.540784423617,12.0085496192798));
#2589=CARTESIAN_POINT('',(-286.226372557132,-672.307940862871,12.0085496192799));
#2590=CARTESIAN_POINT('',(-288.459216117911,-675.767156980732,12.0085496192799));
#2591=CARTESIAN_POINT('',(-289.117245373742,-676.786603863521,12.00854961928));
#2592=CARTESIAN_POINT('',(-289.117252301817,-677.999977032952,12.00854961928));
#2593=CARTESIAN_POINT('',(-282.767156439254,-674.540784423617,12.0085496192798));
#2594=CARTESIAN_POINT('',(-282.767156439254,-674.540784423617,17.9999994585235));
#2595=CARTESIAN_POINT('',(-282.767156439254,-674.540784423617,17.9999994585235));
#2596=CARTESIAN_POINT('',(-286.226372557132,-672.307940862871,17.9999994585234));
#2597=CARTESIAN_POINT('',(-288.459216117911,-675.767156980732,17.9999994585239));
#2598=CARTESIAN_POINT('',(-289.117245373742,-676.786603863522,17.9999994585239));
#2599=CARTESIAN_POINT('',(-289.117252301817,-677.999977032952,17.9999994585236));
#2600=CARTESIAN_POINT('',(-280.882747698183,-677.999977032953,12.00854961928));
#2601=CARTESIAN_POINT('',(-280.882760504403,-675.757118178316,12.0085496192798));
#2602=CARTESIAN_POINT('',(-282.767156439254,-674.540784423617,12.0085496192798));
#2603=CARTESIAN_POINT('',(-280.882747698183,-677.999977032953,17.9999994585236));
#2604=CARTESIAN_POINT('',(-280.882760504402,-675.757118178317,17.9999994585234));
#2605=CARTESIAN_POINT('',(-282.767156439254,-674.540784423617,17.9999994585235));
#2606=CARTESIAN_POINT('',(-280.882747698183,-680.999999587802,12.00854961928));
#2607=CARTESIAN_POINT('',(-280.882747698183,-677.999977032953,12.00854961928));
#2608=CARTESIAN_POINT('',(-339.117252301817,-748.000022142651,12.0085496192808));
#2609=CARTESIAN_POINT('',(-339.117252301817,-744.999999587802,12.0085496192806));
#2610=CARTESIAN_POINT('',(-339.117252301817,-748.000022142651,17.9999994585244));
#2611=CARTESIAN_POINT('',(-339.117252301817,-746.999999587802,17.9999994585244));
#2612=CARTESIAN_POINT('',(-339.117252301817,-748.000022142651,12.0085496192808));
#2613=CARTESIAN_POINT('',(-339.117252301817,-748.000022142651,17.9999994585244));
#2614=CARTESIAN_POINT('',(-332.767156439254,-751.459214751987,12.0085496192808));
#2615=CARTESIAN_POINT('',(-336.226372557132,-753.692058312732,12.0085496192808));
#2616=CARTESIAN_POINT('',(-338.459216117916,-750.232842194875,12.0085496192808));
#2617=CARTESIAN_POINT('',(-339.117245373742,-749.213395312083,12.0085496192809));
#2618=CARTESIAN_POINT('',(-339.117252301817,-748.000022142651,12.0085496192808));
#2619=CARTESIAN_POINT('',(-332.767156439254,-751.459214751987,12.0085496192808));
#2620=CARTESIAN_POINT('',(-332.767156439254,-751.459214751987,17.9999994585244));
#2621=CARTESIAN_POINT('',(-332.767156439254,-751.459214751987,17.9999994585244));
#2622=CARTESIAN_POINT('',(-336.226372557132,-753.692058312732,17.9999994585242));
#2623=CARTESIAN_POINT('',(-338.459216117916,-750.232842194873,17.9999994585247));
#2624=CARTESIAN_POINT('',(-339.117245373748,-749.213395312084,17.9999994585247));
#2625=CARTESIAN_POINT('',(-339.117252301817,-748.000022142651,17.9999994585244));
#2626=CARTESIAN_POINT('',(-330.882747698189,-748.000022142652,12.0085496192808));
#2627=CARTESIAN_POINT('',(-330.8827605044,-750.242880997284,12.0085496192808));
#2628=CARTESIAN_POINT('',(-332.767156439254,-751.459214751987,12.0085496192808));
#2629=CARTESIAN_POINT('',(-330.882747698189,-748.000022142651,17.9999994585244));
#2630=CARTESIAN_POINT('',(-330.882760504405,-750.242880997287,17.9999994585244));
#2631=CARTESIAN_POINT('',(-332.767156439254,-751.459214751987,17.9999994585244));
#2632=CARTESIAN_POINT('',(-280.882747698183,-748.000022142651,12.0085496192808));
#2633=CARTESIAN_POINT('',(-280.882747698183,-748.000022142651,17.9999994585244));
#2634=CARTESIAN_POINT('',(-282.767156439254,-751.459214751987,12.0085496192808));
#2635=CARTESIAN_POINT('',(-286.226372557132,-753.692058312732,12.0085496192808));
#2636=CARTESIAN_POINT('',(-288.459216117911,-750.232842194875,12.0085496192808));
#2637=CARTESIAN_POINT('',(-289.117245373742,-749.213395312083,12.0085496192809));
#2638=CARTESIAN_POINT('',(-289.117252301817,-748.000022142651,12.0085496192808));
#2639=CARTESIAN_POINT('',(-282.767156439254,-751.459214751987,12.0085496192808));
#2640=CARTESIAN_POINT('',(-282.767156439254,-751.459214751987,17.9999994585244));
#2641=CARTESIAN_POINT('',(-282.767156439254,-751.459214751987,17.9999994585244));
#2642=CARTESIAN_POINT('',(-286.226372557132,-753.692058312732,17.9999994585242));
#2643=CARTESIAN_POINT('',(-288.459216117911,-750.232842194874,17.9999994585248));
#2644=CARTESIAN_POINT('',(-289.117245373742,-749.213395312084,17.9999994585247));
#2645=CARTESIAN_POINT('',(-289.117252301817,-748.000022142651,17.9999994585244));
#2646=CARTESIAN_POINT('',(-280.882747698183,-748.000022142651,12.0085496192808));
#2647=CARTESIAN_POINT('',(-280.882760504402,-750.242880997283,12.0085496192808));
#2648=CARTESIAN_POINT('',(-282.767156439254,-751.459214751987,12.0085496192808));
#2649=CARTESIAN_POINT('',(-280.882747698183,-748.000022142651,17.9999994585244));
#2650=CARTESIAN_POINT('',(-280.882760504403,-750.242880997287,17.9999994585244));
#2651=CARTESIAN_POINT('',(-282.767156439254,-751.459214751987,17.9999994585244));
#2652=CARTESIAN_POINT('',(-280.882747698183,-744.999999587802,12.0085496192806));
#2653=CARTESIAN_POINT('',(-279.010776358078,-744.999999587802,12.0085496192806));
#2654=CARTESIAN_POINT('',(-280.882747698183,-744.999999587802,12.0085496192806));
#2655=CARTESIAN_POINT('',(-280.882747698183,-748.000022142651,12.0085496192808));
#2656=CARTESIAN_POINT('',(-280.882747698183,-678.999999587802,17.9999994585236));
#2657=CARTESIAN_POINT('',(-280.882747698183,-677.999977032953,17.9999994585236));
#2658=CARTESIAN_POINT('',(-280.882747698183,-678.999999587802,17.9999994585236));
#2659=CARTESIAN_POINT('',(-281.645897749423,-678.999999587802,17.9999994585236));
#2660=CARTESIAN_POINT('',(-280.882747698183,-680.999999587802,19.9999994585236));
#2661=CARTESIAN_POINT('',(-283.197222775262,-680.999999587802,19.9999994585236));
#2662=CARTESIAN_POINT('',(-289.117252301817,-680.999999587802,19.9999994585236));
#2663=CARTESIAN_POINT('',(-289.117252301817,-680.999999588153,19.2010726226702));
#2664=CARTESIAN_POINT('',(-289.117252301817,-680.999999588504,18.4021457868167));
#2665=CARTESIAN_POINT('',(-289.117252301817,-680.601607179528,18.0016113602921));
#2666=CARTESIAN_POINT('',(-289.117252301817,-679.804287934702,18.0000037696205));
#2667=CARTESIAN_POINT('',(-289.117252301817,-679.005365410301,17.9999994585236));
#2668=CARTESIAN_POINT('',(-280.882747698183,-678.999999587802,17.9999994585236));
#2669=CARTESIAN_POINT('',(-280.882747698183,-679.799999587802,17.9999994585236));
#2670=CARTESIAN_POINT('',(-280.882747698183,-680.599999587801,17.9999994585236));
#2671=CARTESIAN_POINT('',(-280.882747698183,-680.999999587802,18.3999994585234));
#2672=CARTESIAN_POINT('',(-280.882747698183,-680.999999587802,19.1999994585235));
#2673=CARTESIAN_POINT('',(-280.882747698183,-680.999999587802,19.9999994585236));
#2674=CARTESIAN_POINT('',(-330.882747698187,-680.999999587802,19.9999994585236));
#2675=CARTESIAN_POINT('',(-333.197222775262,-680.999999587802,19.9999994585236));
#2676=CARTESIAN_POINT('',(-330.882747698189,-678.999999587802,17.9999994585236));
#2677=CARTESIAN_POINT('',(-330.882747698189,-679.799999587802,17.9999994585236));
#2678=CARTESIAN_POINT('',(-330.882747698188,-680.599999587802,17.9999994585236));
#2679=CARTESIAN_POINT('',(-330.882747698188,-680.999999587802,18.3999994585234));
#2680=CARTESIAN_POINT('',(-330.882747698188,-680.999999587802,19.1999994585235));
#2681=CARTESIAN_POINT('',(-330.882747698187,-680.999999587802,19.9999994585236));
#2682=CARTESIAN_POINT('',(-339.11725230182,-680.999999587802,19.9999994585236));
#2683=CARTESIAN_POINT('',(-339.11725230182,-680.999999587802,19.1999994585236));
#2684=CARTESIAN_POINT('',(-339.11725230182,-680.999999587802,18.3999994585234));
#2685=CARTESIAN_POINT('',(-339.117252301819,-680.599999587802,17.9999994585236));
#2686=CARTESIAN_POINT('',(-339.117252301819,-679.799999587802,17.9999994585236));
#2687=CARTESIAN_POINT('',(-339.117252301819,-678.999999587802,17.9999994585236));
#2688=CARTESIAN_POINT('',(-330.882747698189,-678.999999587802,17.9999994585236));
#2689=CARTESIAN_POINT('',(-331.645897749423,-678.999999587802,17.9999994585236));
#2690=CARTESIAN_POINT('',(-280.882747698183,-746.999999587802,17.9999994585244));
#2691=CARTESIAN_POINT('',(-280.882747698183,-748.000022142651,17.9999994585244));
#2692=CARTESIAN_POINT('',(-339.117252301817,-746.999999587802,17.9999994585244));
#2693=CARTESIAN_POINT('',(-338.354101681922,-746.999999587802,17.9999994585243));
#2694=CARTESIAN_POINT('',(-289.117252301817,-746.999999587802,17.9999994585244));
#2695=CARTESIAN_POINT('',(-288.354101681922,-746.999999587802,17.9999994585244));
#2696=CARTESIAN_POINT('',(-289.117252301817,-744.999999587802,19.9999994585243));
#2697=CARTESIAN_POINT('',(-286.802774050725,-744.999999587802,19.9999994585243));
#2698=CARTESIAN_POINT('',(-339.117252301817,-744.999999587802,19.9999994585243));
#2699=CARTESIAN_POINT('',(-336.802774050725,-744.999999587802,19.9999994585243));
#2700=CARTESIAN_POINT('',(-339.117252301817,-744.999999587802,19.9999994585243));
#2701=CARTESIAN_POINT('',(-339.117252301817,-744.999999587802,19.1999994585241));
#2702=CARTESIAN_POINT('',(-339.117252301817,-744.999999587802,18.399999458524));
#2703=CARTESIAN_POINT('',(-339.117252301817,-745.399999587802,17.9999994585243));
#2704=CARTESIAN_POINT('',(-339.117252301817,-746.199999587802,17.9999994585244));
#2705=CARTESIAN_POINT('',(-339.117252301817,-746.999999587802,17.9999994585244));
#2706=CARTESIAN_POINT('',(-330.882747698189,-746.999999587802,17.9999994585244));
#2707=CARTESIAN_POINT('',(-330.882747698188,-746.199999587802,17.9999994585244));
#2708=CARTESIAN_POINT('',(-330.882747698187,-745.399999587802,17.9999994585243));
#2709=CARTESIAN_POINT('',(-330.882747698185,-744.999999587802,18.399999458524));
#2710=CARTESIAN_POINT('',(-330.882747698184,-744.999999587802,19.1999994585241));
#2711=CARTESIAN_POINT('',(-330.882747698183,-744.999999587802,19.9999994585243));
#2712=CARTESIAN_POINT('',(-280.882747698183,-746.999999587802,17.9999994585244));
#2713=CARTESIAN_POINT('',(-280.882747698183,-746.199999587802,17.9999994585244));
#2714=CARTESIAN_POINT('',(-280.882747698183,-745.399999587802,17.9999994585243));
#2715=CARTESIAN_POINT('',(-280.882747698183,-744.999999587802,18.3999994585241));
#2716=CARTESIAN_POINT('',(-280.882747698183,-744.999999587802,19.1999994585242));
#2717=CARTESIAN_POINT('',(-280.882747698183,-744.999999587802,19.9999994585243));
#2718=CARTESIAN_POINT('',(-289.117252301817,-744.999999587802,19.9999994585243));
#2719=CARTESIAN_POINT('',(-289.117252301817,-744.999999587451,19.20107262359));
#2720=CARTESIAN_POINT('',(-289.117252301817,-744.9999995871,18.4021457886557));
#2721=CARTESIAN_POINT('',(-289.117252301817,-745.3983919947,18.001611361675));
#2722=CARTESIAN_POINT('',(-289.117252301817,-746.195711237233,18.0000037696287));
#2723=CARTESIAN_POINT('',(-289.117252301817,-746.994633760707,17.9999994585244));
#2724=CARTESIAN_POINT('',(-336.802777224744,-680.999999587802,19.9999994585236));
#2725=CARTESIAN_POINT('',(-336.802777224744,-680.999999587802,21.0021389149867));
#2726=CARTESIAN_POINT('',(-333.197222775262,-680.999999587802,19.9999994585236));
#2727=CARTESIAN_POINT('',(-333.197222775262,-680.999999587802,19.8385145785074));
#2728=CARTESIAN_POINT('',(-333.197189814915,-681.00001035511,19.6755213861658));
#2729=CARTESIAN_POINT('',(-333.173946798369,-680.985920106724,19.3522143975041));
#2730=CARTESIAN_POINT('',(-333.150456720242,-680.971902058638,19.1920942554832));
#2731=CARTESIAN_POINT('',(-333.057038684984,-680.911712787893,18.8802941957739));
#2732=CARTESIAN_POINT('',(-332.988727276236,-680.866563818483,18.7388071044533));
#2733=CARTESIAN_POINT('',(-332.811391646171,-680.733526552128,18.4888279668571));
#2734=CARTESIAN_POINT('',(-332.709137100812,-680.650094257666,18.3885689466606));
#2735=CARTESIAN_POINT('',(-332.502525356078,-680.455968715749,18.2315299826424));
#2736=CARTESIAN_POINT('',(-332.400357702639,-680.348397244503,18.1742381870388));
#2737=CARTESIAN_POINT('',(-332.20657460247,-680.114206312444,18.0880551214469));
#2738=CARTESIAN_POINT('',(-332.115159936822,-679.988021834951,18.0592534201459));
#2739=CARTESIAN_POINT('',(-331.865934432605,-679.589325212777,18.000838989529));
#2740=CARTESIAN_POINT('',(-331.735961952554,-679.302084422311,17.9999994585236));
#2741=CARTESIAN_POINT('',(-331.645897749423,-678.999999587802,17.9999994585236));
#2742=CARTESIAN_POINT('',(-338.354102250584,-678.999999587802,17.9999994585236));
#2743=CARTESIAN_POINT('',(-338.264029855932,-679.302111897535,17.9999994585236));
#2744=CARTESIAN_POINT('',(-338.134047579082,-679.589353989453,18.0008432057028));
#2745=CARTESIAN_POINT('',(-337.88647305079,-679.985409475333,18.0588706742435));
#2746=CARTESIAN_POINT('',(-337.797026270538,-680.109237336801,18.0869281156222));
#2747=CARTESIAN_POINT('',(-337.603650872168,-680.344158279726,18.171990078057));
#2748=CARTESIAN_POINT('',(-337.499463693165,-680.454099871065,18.2300181700797));
#2749=CARTESIAN_POINT('',(-337.28468593619,-680.655897927211,18.3932638582312));
#2750=CARTESIAN_POINT('',(-337.176832158455,-680.743058403714,18.5004813531881));
#2751=CARTESIAN_POINT('',(-337.003352198146,-680.871762000538,18.7552342353562));
#2752=CARTESIAN_POINT('',(-336.94017272542,-680.913509477045,18.8896016315779));
#2753=CARTESIAN_POINT('',(-336.85077433647,-680.971108888351,19.187985374407));
#2754=CARTESIAN_POINT('',(-336.827308673923,-680.985153617436,19.3436930145251));
#2755=CARTESIAN_POINT('',(-336.802812574332,-681.000014143119,19.6668382452993));
#2756=CARTESIAN_POINT('',(-336.802777224744,-680.999999587802,19.83427300798));
#2757=CARTESIAN_POINT('',(-336.802777224744,-680.999999587802,19.9999994585236));
#2758=CARTESIAN_POINT('',(-336.802777224744,-680.999999587802,19.9999994585236));
#2759=CARTESIAN_POINT('',(-339.11725230182,-680.999999587802,19.9999994585236));
#2760=CARTESIAN_POINT('',(-338.354102250584,-678.999999587802,17.9999994585236));
#2761=CARTESIAN_POINT('',(-339.117252301819,-678.999999587802,17.9999994585236));
#2762=CARTESIAN_POINT('',(-331.645897749423,-678.999999587802,17.9999994585236));
#2763=CARTESIAN_POINT('',(-332.391253252242,-681.500000541476,17.9999994585236));
#2764=CARTESIAN_POINT('',(-335.000000000003,-681.500000541474,17.9999994585237));
#2765=CARTESIAN_POINT('',(-337.608746747764,-681.500000541476,17.9999994585235));
#2766=CARTESIAN_POINT('',(-338.354102250584,-678.999999587802,17.9999994585236));
#2767=CARTESIAN_POINT('',(-280.882747698183,-680.999999587802,19.9999994585236));
#2768=CARTESIAN_POINT('',(-280.882747698183,-680.999999587802,17.9999994585236));
#2769=CARTESIAN_POINT('',(-280.882747698183,-680.999999587802,12.00854961928));
#2770=CARTESIAN_POINT('',(-330.882747698183,-744.999999587802,19.9999994585243));
#2771=CARTESIAN_POINT('',(-330.882747698189,-744.999999587802,17.9999994585243));
#2772=CARTESIAN_POINT('',(-339.117252301817,-744.999999587802,12.0085496192806));
#2773=CARTESIAN_POINT('',(-339.117252301817,-744.999999587802,17.9999994585243));
#2774=CARTESIAN_POINT('',(-339.117252301817,-744.999999587802,19.9999994585243));
#2775=CARTESIAN_POINT('',(-280.882747698183,-744.999999587802,19.9999994585243));
#2776=CARTESIAN_POINT('',(-280.882747698183,-744.999999587802,17.9999994585243));
#2777=CARTESIAN_POINT('',(-280.882747698183,-744.999999587802,12.0085496192806));
#2778=CARTESIAN_POINT('',(-339.11725230182,-680.999999587802,19.9999994585236));
#2779=CARTESIAN_POINT('',(-339.117252301819,-680.999999587802,17.9999994585236));
#2780=CARTESIAN_POINT('',(-339.117252301819,-680.999999587802,12.0085496192801));
#2781=CARTESIAN_POINT('',(-281.645897749423,-678.999999587802,17.9999994585236));
#2782=CARTESIAN_POINT('',(-281.765983472345,-679.402779765437,17.9999994585236));
#2783=CARTESIAN_POINT('',(-281.958255646642,-679.780081761765,18.00102936669));
#2784=CARTESIAN_POINT('',(-282.331736274432,-680.274393640647,18.1377737086956));
#2785=CARTESIAN_POINT('',(-282.468393594766,-680.423899644992,18.205587524999));
#2786=CARTESIAN_POINT('',(-282.765657344273,-680.703198803611,18.4315281719001));
#2787=CARTESIAN_POINT('',(-282.915444234494,-680.81442980773,18.5984481201665));
#2788=CARTESIAN_POINT('',(-283.063035337344,-680.915607268436,18.9088668670087));
#2789=CARTESIAN_POINT('',(-283.096113877399,-680.937025642832,19.0018676856606));
#2790=CARTESIAN_POINT('',(-283.146620696383,-680.969154960501,19.1963587820877));
#2791=CARTESIAN_POINT('',(-283.16356571195,-680.979544748084,19.2956879786411));
#2792=CARTESIAN_POINT('',(-283.197162548837,-681.000077467303,19.5955283321487));
#2793=CARTESIAN_POINT('',(-283.197222775262,-680.999999587802,19.7996405777559));
#2794=CARTESIAN_POINT('',(-283.197222775262,-680.999999587802,19.9999994585236));
#2795=CARTESIAN_POINT('',(-286.802777224744,-680.999999587802,19.9999994585236));
#2796=CARTESIAN_POINT('',(-286.802777224744,-680.999999587802,19.8385145785196));
#2797=CARTESIAN_POINT('',(-286.802810185092,-681.000010355109,19.6755213861535));
#2798=CARTESIAN_POINT('',(-286.826053201638,-680.985920106724,19.3522143975038));
#2799=CARTESIAN_POINT('',(-286.849543279764,-680.971902058638,19.1920942554834));
#2800=CARTESIAN_POINT('',(-286.942961315023,-680.911712787893,18.8802941957729));
#2801=CARTESIAN_POINT('',(-287.01127272377,-680.866563818484,18.7388071044542));
#2802=CARTESIAN_POINT('',(-287.188608353836,-680.733526552128,18.4888279668571));
#2803=CARTESIAN_POINT('',(-287.290862899195,-680.650094257666,18.3885689466607));
#2804=CARTESIAN_POINT('',(-287.497474643929,-680.455968715749,18.2315299826429));
#2805=CARTESIAN_POINT('',(-287.599642297369,-680.348397244502,18.1742381870387));
#2806=CARTESIAN_POINT('',(-287.793425397537,-680.114206312444,18.0880551214468));
#2807=CARTESIAN_POINT('',(-287.884840063184,-679.988021834952,18.0592534201459));
#2808=CARTESIAN_POINT('',(-288.134065567401,-679.589325212778,18.0008389895291));
#2809=CARTESIAN_POINT('',(-288.264038047453,-679.302084422311,17.9999994585236));
#2810=CARTESIAN_POINT('',(-288.354102250584,-678.999999587802,17.9999994585236));
#2811=CARTESIAN_POINT('',(-286.802777224744,-680.999999587802,19.9999994585236));
#2812=CARTESIAN_POINT('',(-286.802777224744,-680.999999587802,21.0021389149865));
#2813=CARTESIAN_POINT('',(-288.354102250584,-678.999999587802,17.9999994585236));
#2814=CARTESIAN_POINT('',(-289.117252301817,-678.999999587802,17.9999994585236));
#2815=CARTESIAN_POINT('',(-286.802777224744,-680.999999587802,19.9999994585236));
#2816=CARTESIAN_POINT('',(-289.117252301817,-680.999999587802,19.9999994585236));
#2817=CARTESIAN_POINT('',(-281.645897749423,-678.999999587802,17.9999994585236));
#2818=CARTESIAN_POINT('',(-282.391253252242,-681.500000541476,17.9999994585236));
#2819=CARTESIAN_POINT('',(-285.000000000003,-681.500000541477,17.9999994585239));
#2820=CARTESIAN_POINT('',(-287.608746747762,-681.500000541476,17.9999994585235));
#2821=CARTESIAN_POINT('',(-288.354102250584,-678.999999587802,17.9999994585236));
#2822=CARTESIAN_POINT('',(-333.197225949282,-744.999999587802,19.9999994585243));
#2823=CARTESIAN_POINT('',(-333.197225949281,-744.999999587802,21.0021377154975));
#2824=CARTESIAN_POINT('',(-338.354101681922,-746.999999587802,17.9999994585243));
#2825=CARTESIAN_POINT('',(-338.234015756474,-746.597219567404,17.9999994585243));
#2826=CARTESIAN_POINT('',(-338.041743450374,-746.219917794378,18.0010293818906));
#2827=CARTESIAN_POINT('',(-337.668262447873,-745.725605916627,18.1377735430392));
#2828=CARTESIAN_POINT('',(-337.531604833055,-745.57609977298,18.2055873672172));
#2829=CARTESIAN_POINT('',(-337.234340349504,-745.296800338197,18.4315281532304));
#2830=CARTESIAN_POINT('',(-337.084553004622,-745.185569219322,18.5984482973616));
#2831=CARTESIAN_POINT('',(-336.936961604888,-745.084391783296,18.9088673579088));
#2832=CARTESIAN_POINT('',(-336.903883042123,-745.062973443195,19.0018681277779));
#2833=CARTESIAN_POINT('',(-336.853376181668,-745.030844173646,19.1963591328283));
#2834=CARTESIAN_POINT('',(-336.836431149783,-745.02045440058,19.2956882809442));
#2835=CARTESIAN_POINT('',(-336.802834277457,-744.999921708376,19.5955285114296));
#2836=CARTESIAN_POINT('',(-336.802774050725,-744.999999587802,19.7996406566721));
#2837=CARTESIAN_POINT('',(-336.802774050725,-744.999999587802,19.9999994585243));
#2838=CARTESIAN_POINT('',(-333.197225949282,-744.999999587802,19.9999994585243));
#2839=CARTESIAN_POINT('',(-333.197225949282,-744.999999587802,19.8385145131668));
#2840=CARTESIAN_POINT('',(-333.19719298876,-744.999988820392,19.6755212587142));
#2841=CARTESIAN_POINT('',(-333.173949888807,-745.014079086072,19.3522141336963));
#2842=CARTESIAN_POINT('',(-333.150459727468,-745.028097150198,19.1920939545545));
#2843=CARTESIAN_POINT('',(-333.057041398879,-745.088286481416,18.8802938424657));
#2844=CARTESIAN_POINT('',(-332.988729804429,-745.133435484743,18.7388067825348));
#2845=CARTESIAN_POINT('',(-332.811393827133,-745.266472778841,18.4888277562673));
#2846=CARTESIAN_POINT('',(-332.709139120061,-745.349905075155,18.3885687894975));
#2847=CARTESIAN_POINT('',(-332.502527116054,-745.544030573261,18.231529919507));
#2848=CARTESIAN_POINT('',(-332.400359348343,-745.651602013465,18.1742381512742));
#2849=CARTESIAN_POINT('',(-332.206576022999,-745.885792889943,18.0880551170444));
#2850=CARTESIAN_POINT('',(-332.115161247875,-746.01197734191,18.0592534206735));
#2851=CARTESIAN_POINT('',(-331.865935410531,-746.410673922855,18.0008389939627));
#2852=CARTESIAN_POINT('',(-331.73596272022,-746.697914713208,17.9999994585244));
#2853=CARTESIAN_POINT('',(-331.645898318084,-746.999999587802,17.9999994585244));
#2854=CARTESIAN_POINT('',(-331.645898318084,-746.999999587802,17.9999994585244));
#2855=CARTESIAN_POINT('',(-330.882747698189,-746.999999587802,17.9999994585244));
#2856=CARTESIAN_POINT('',(-333.197225949282,-744.999999587802,19.9999994585243));
#2857=CARTESIAN_POINT('',(-330.882747698183,-744.999999587802,19.9999994585243));
#2858=CARTESIAN_POINT('',(-338.354101681922,-746.999999587802,17.9999994585243));
#2859=CARTESIAN_POINT('',(-337.608745199746,-744.50000054148,17.9999994585245));
#2860=CARTESIAN_POINT('',(-335.000000000006,-744.500000541478,17.9999994585244));
#2861=CARTESIAN_POINT('',(-332.391254800264,-744.500000541475,17.9999994585243));
#2862=CARTESIAN_POINT('',(-331.645898318084,-746.999999587802,17.9999994585244));
#2863=CARTESIAN_POINT('',(-288.354101681922,-746.999999587802,17.9999994585244));
#2864=CARTESIAN_POINT('',(-288.234015756475,-746.597219567404,17.9999994585244));
#2865=CARTESIAN_POINT('',(-288.041743450374,-746.219917794378,18.0010293818907));
#2866=CARTESIAN_POINT('',(-287.668262447873,-745.725605916627,18.1377735430393));
#2867=CARTESIAN_POINT('',(-287.531604833055,-745.57609977298,18.205587367217));
#2868=CARTESIAN_POINT('',(-287.234340349504,-745.296800338197,18.4315281532306));
#2869=CARTESIAN_POINT('',(-287.084553004622,-745.185569219322,18.5984482973614));
#2870=CARTESIAN_POINT('',(-286.936961604889,-745.084391783297,18.9088673579062));
#2871=CARTESIAN_POINT('',(-286.903883042122,-745.062973443195,19.0018681277812));
#2872=CARTESIAN_POINT('',(-286.853376181667,-745.030844173645,19.1963591328331));
#2873=CARTESIAN_POINT('',(-286.836431149784,-745.02045440058,19.2956882809395));
#2874=CARTESIAN_POINT('',(-286.802834277457,-744.999921708376,19.5955285114311));
#2875=CARTESIAN_POINT('',(-286.802774050725,-744.999999587802,19.7996406566707));
#2876=CARTESIAN_POINT('',(-286.802774050725,-744.999999587802,19.9999994585243));
#2877=CARTESIAN_POINT('',(-283.197225949281,-744.999999587802,19.9999994585243));
#2878=CARTESIAN_POINT('',(-283.197225949281,-744.999999587802,19.8385145131602));
#2879=CARTESIAN_POINT('',(-283.19719298876,-744.999988820392,19.6755212587207));
#2880=CARTESIAN_POINT('',(-283.173949888807,-745.014079086072,19.3522141336986));
#2881=CARTESIAN_POINT('',(-283.150459727467,-745.028097150198,19.1920939545522));
#2882=CARTESIAN_POINT('',(-283.057041398879,-745.088286481416,18.8802938424654));
#2883=CARTESIAN_POINT('',(-282.988729804429,-745.133435484743,18.7388067825348));
#2884=CARTESIAN_POINT('',(-282.811393827133,-745.266472778842,18.4888277562663));
#2885=CARTESIAN_POINT('',(-282.709139120062,-745.349905075155,18.388568789498));
#2886=CARTESIAN_POINT('',(-282.502527116054,-745.544030573262,18.2315299195068));
#2887=CARTESIAN_POINT('',(-282.400359348344,-745.651602013465,18.1742381512744));
#2888=CARTESIAN_POINT('',(-282.206576022998,-745.885792889943,18.0880551170442));
#2889=CARTESIAN_POINT('',(-282.115161247875,-746.01197734191,18.0592534206735));
#2890=CARTESIAN_POINT('',(-281.865935410532,-746.410673922854,18.0008389939628));
#2891=CARTESIAN_POINT('',(-281.73596272022,-746.697914713209,17.9999994585244));
#2892=CARTESIAN_POINT('',(-281.645898318084,-746.999999587802,17.9999994585244));
#2893=CARTESIAN_POINT('',(-283.197225949281,-744.999999587802,19.9999994585243));
#2894=CARTESIAN_POINT('',(-283.197225949281,-744.999999587802,21.0021377154977));
#2895=CARTESIAN_POINT('',(-281.645898318084,-746.999999587802,17.9999994585244));
#2896=CARTESIAN_POINT('',(-280.882747698183,-746.999999587802,17.9999994585244));
#2897=CARTESIAN_POINT('',(-283.197225949281,-744.999999587802,19.9999994585243));
#2898=CARTESIAN_POINT('',(-280.882747698183,-744.999999587802,19.9999994585243));
#2899=CARTESIAN_POINT('',(-288.354101681922,-746.999999587802,17.9999994585244));
#2900=CARTESIAN_POINT('',(-287.608745199742,-744.500000541475,17.9999994585245));
#2901=CARTESIAN_POINT('',(-285.000000000003,-744.500000541475,17.9999994585245));
#2902=CARTESIAN_POINT('',(-282.391254800265,-744.500000541476,17.9999994585243));
#2903=CARTESIAN_POINT('',(-281.645898318085,-746.999999587802,17.9999994585244));
#2904=CARTESIAN_POINT('',(-333.374999999997,-747.99999863405,12.0085496192808));
#2905=CARTESIAN_POINT('',(-333.374999999997,-749.62499863405,12.0085496192808));
#2906=CARTESIAN_POINT('',(-334.999999999997,-749.62499863405,12.0085496192808));
#2907=CARTESIAN_POINT('',(-336.624999999997,-749.62499863405,12.0085496192808));
#2908=CARTESIAN_POINT('',(-336.624999999997,-747.99999863405,12.0085496192808));
#2909=CARTESIAN_POINT('',(-336.624999999997,-746.374998634049,12.0085496192807));
#2910=CARTESIAN_POINT('',(-334.999999999997,-746.37499863405,12.0085496192808));
#2911=CARTESIAN_POINT('',(-333.374999999997,-746.374998634049,12.0085496192807));
#2912=CARTESIAN_POINT('',(-333.374999999997,-747.99999863405,12.0085496192808));
#2913=CARTESIAN_POINT('',(-333.374999999997,-747.99999863405,12.0085496192808));
#2914=CARTESIAN_POINT('',(-333.374999999997,-747.999998634049,17.9999994585244));
#2915=CARTESIAN_POINT('',(-283.375000000003,-748.000000541476,12.0085496192808));
#2916=CARTESIAN_POINT('',(-283.375000000003,-749.625000541476,12.0085496192808));
#2917=CARTESIAN_POINT('',(-285.000000000003,-749.625000541476,12.0085496192808));
#2918=CARTESIAN_POINT('',(-286.625000000003,-749.625000541476,12.0085496192808));
#2919=CARTESIAN_POINT('',(-286.625000000003,-748.000000541476,12.0085496192808));
#2920=CARTESIAN_POINT('',(-286.625000000003,-746.375000541476,12.0085496192807));
#2921=CARTESIAN_POINT('',(-285.000000000003,-746.375000541476,12.0085496192808));
#2922=CARTESIAN_POINT('',(-283.375000000003,-746.375000541476,12.0085496192807));
#2923=CARTESIAN_POINT('',(-283.375000000003,-748.000000541476,12.0085496192808));
#2924=CARTESIAN_POINT('',(-283.375000000003,-748.000000541476,12.0085496192808));
#2925=CARTESIAN_POINT('',(-283.375000000003,-748.000000541476,17.9999994585244));
#2926=CARTESIAN_POINT('',(-333.375000000003,-678.000000541476,12.00854961928));
#2927=CARTESIAN_POINT('',(-333.375000000003,-679.625000541476,12.00854961928));
#2928=CARTESIAN_POINT('',(-335.000000000003,-679.625000541476,12.00854961928));
#2929=CARTESIAN_POINT('',(-336.625000000003,-679.625000541476,12.00854961928));
#2930=CARTESIAN_POINT('',(-336.625000000003,-678.000000541476,12.00854961928));
#2931=CARTESIAN_POINT('',(-336.625000000003,-676.375000541476,12.0085496192799));
#2932=CARTESIAN_POINT('',(-335.000000000003,-676.375000541476,12.0085496192798));
#2933=CARTESIAN_POINT('',(-333.375000000003,-676.375000541476,12.0085496192799));
#2934=CARTESIAN_POINT('',(-333.375000000003,-678.000000541476,12.00854961928));
#2935=CARTESIAN_POINT('',(-333.375000000003,-678.000000541476,12.00854961928));
#2936=CARTESIAN_POINT('',(-333.375000000003,-678.000000541476,17.9999994585236));
#2937=CARTESIAN_POINT('',(-283.375000000003,-678.000000541476,12.00854961928));
#2938=CARTESIAN_POINT('',(-283.375000000003,-679.625000541476,12.00854961928));
#2939=CARTESIAN_POINT('',(-285.000000000003,-679.625000541476,12.00854961928));
#2940=CARTESIAN_POINT('',(-286.625000000003,-679.625000541476,12.00854961928));
#2941=CARTESIAN_POINT('',(-286.625000000003,-678.000000541476,12.00854961928));
#2942=CARTESIAN_POINT('',(-286.625000000003,-676.375000541476,12.0085496192799));
#2943=CARTESIAN_POINT('',(-285.000000000003,-676.375000541476,12.0085496192798));
#2944=CARTESIAN_POINT('',(-283.375000000003,-676.375000541476,12.0085496192799));
#2945=CARTESIAN_POINT('',(-283.375000000003,-678.000000541476,12.00854961928));
#2946=CARTESIAN_POINT('',(-283.375000000003,-678.000000541476,12.00854961928));
#2947=CARTESIAN_POINT('',(-283.375000000003,-678.000000541476,17.9999994585236));
#2948=CARTESIAN_POINT('',(-333.375000000003,-678.000000541476,17.9999994585236));
#2949=CARTESIAN_POINT('',(-333.375000000003,-677.163161019605,17.9999994585235));
#2950=CARTESIAN_POINT('',(-334.056241269984,-676.677145878441,17.9999994585235));
#2951=CARTESIAN_POINT('',(-334.737482539965,-676.191130737278,17.9999994585235));
#2952=CARTESIAN_POINT('',(-335.528777796326,-676.463439757739,17.9999994585235));
#2953=CARTESIAN_POINT('',(-336.320073052687,-676.735748778201,17.9999994585235));
#2954=CARTESIAN_POINT('',(-336.557960159586,-677.538064245917,17.9999994585236));
#2955=CARTESIAN_POINT('',(-336.795847266484,-678.340379713634,17.9999994585235));
#2956=CARTESIAN_POINT('',(-336.2808695903,-678.999999587802,17.9999994585236));
#2957=CARTESIAN_POINT('',(-335.792919558258,-679.625000541476,17.9999994585235));
#2958=CARTESIAN_POINT('',(-335.000000000003,-679.625000541476,17.9999994585236));
#2959=CARTESIAN_POINT('',(-334.207080441748,-679.625000541476,17.9999994585235));
#2960=CARTESIAN_POINT('',(-333.719130409706,-678.999999587802,17.9999994585236));
#2961=CARTESIAN_POINT('',(-333.375000000003,-678.55921299055,17.9999994585234));
#2962=CARTESIAN_POINT('',(-333.375000000003,-678.000000541476,17.9999994585236));
#2963=CARTESIAN_POINT('',(-333.374999999997,-747.999998634049,17.9999994585244));
#2964=CARTESIAN_POINT('',(-333.374999999997,-748.836838155905,17.9999994585244));
#2965=CARTESIAN_POINT('',(-334.056241269957,-749.322853297069,17.9999994585244));
#2966=CARTESIAN_POINT('',(-334.737482539918,-749.808868438234,17.9999994585244));
#2967=CARTESIAN_POINT('',(-335.528777796272,-749.536559417802,17.9999994585244));
#2968=CARTESIAN_POINT('',(-336.320073052627,-749.264250397369,17.9999994585244));
#2969=CARTESIAN_POINT('',(-336.557960159558,-748.461934929679,17.9999994585244));
#2970=CARTESIAN_POINT('',(-336.795847266489,-747.659619461989,17.9999994585244));
#2971=CARTESIAN_POINT('',(-336.280869590355,-746.999999587802,17.9999994585244));
#2972=CARTESIAN_POINT('',(-335.792919558313,-746.374998634049,17.9999994585243));
#2973=CARTESIAN_POINT('',(-334.999999999997,-746.374998634049,17.9999994585244));
#2974=CARTESIAN_POINT('',(-334.20708044168,-746.374998634049,17.9999994585243));
#2975=CARTESIAN_POINT('',(-333.719130409639,-746.999999587802,17.9999994585244));
#2976=CARTESIAN_POINT('',(-333.374999999997,-747.440786185031,17.9999994585242));
#2977=CARTESIAN_POINT('',(-333.374999999997,-747.999998634049,17.9999994585244));
#2978=CARTESIAN_POINT('',(-283.375000000003,-748.000000541476,17.9999994585244));
#2979=CARTESIAN_POINT('',(-283.375000000003,-748.836840446038,17.9999994585242));
#2980=CARTESIAN_POINT('',(-284.056241762451,-749.322855555849,17.9999994585244));
#2981=CARTESIAN_POINT('',(-284.737483524899,-749.80887066566,17.9999994585242));
#2982=CARTESIAN_POINT('',(-285.528778940376,-749.536560931509,17.9999994585244));
#2983=CARTESIAN_POINT('',(-286.320074355852,-749.264251197358,17.9999994585242));
#2984=CARTESIAN_POINT('',(-286.557960675488,-748.461935097059,17.9999994585244));
#2985=CARTESIAN_POINT('',(-286.795846995124,-747.659618996761,17.9999994585242));
#2986=CARTESIAN_POINT('',(-286.280868101195,-746.999999587802,17.9999994585244));
#2987=CARTESIAN_POINT('',(-285.79291806029,-746.375000541476,17.9999994585242));
#2988=CARTESIAN_POINT('',(-285.000000000003,-746.375000541476,17.9999994585244));
#2989=CARTESIAN_POINT('',(-284.207081939717,-746.375000541476,17.9999994585242));
#2990=CARTESIAN_POINT('',(-283.719131898811,-746.999999587802,17.9999994585244));
#2991=CARTESIAN_POINT('',(-283.375000000004,-747.440786739221,17.9999994585243));
#2992=CARTESIAN_POINT('',(-283.375000000003,-748.000000541476,17.9999994585244));
#2993=CARTESIAN_POINT('',(-283.375000000003,-678.000000541476,17.9999994585236));
#2994=CARTESIAN_POINT('',(-283.375000000003,-678.55921299055,17.9999994585234));
#2995=CARTESIAN_POINT('',(-283.719130409706,-678.999999587802,17.9999994585236));
#2996=CARTESIAN_POINT('',(-284.207080441748,-679.625000541476,17.9999994585234));
#2997=CARTESIAN_POINT('',(-285.000000000003,-679.625000541476,17.9999994585236));
#2998=CARTESIAN_POINT('',(-285.792919558259,-679.625000541476,17.9999994585234));
#2999=CARTESIAN_POINT('',(-286.2808695903,-678.999999587802,17.9999994585236));
#3000=CARTESIAN_POINT('',(-286.795847266484,-678.340379713634,17.9999994585235));
#3001=CARTESIAN_POINT('',(-286.557960159586,-677.538064245918,17.9999994585236));
#3002=CARTESIAN_POINT('',(-286.320073052687,-676.735748778201,17.9999994585233));
#3003=CARTESIAN_POINT('',(-285.528777796326,-676.46343975774,17.9999994585235));
#3004=CARTESIAN_POINT('',(-284.737482539964,-676.191130737278,17.9999994585235));
#3005=CARTESIAN_POINT('',(-284.056241269984,-676.677145878441,17.9999994585235));
#3006=CARTESIAN_POINT('',(-283.375000000003,-677.163161019605,17.9999994585233));
#3007=CARTESIAN_POINT('',(-283.375000000003,-678.000000541476,17.9999994585236));
#3008=CARTESIAN_POINT('',(-279.010776358078,-744.999999587802,12.0085496192806));
#3009=CARTESIAN_POINT('',(-278.350756510189,-744.999999587802,12.0085496192806));
#3010=CARTESIAN_POINT('',(-277.6907366623,-744.999999587802,12.0085496192806));
#3011=CARTESIAN_POINT('',(-277.066657056661,-744.964059345552,12.0085496192806));
#3012=CARTESIAN_POINT('',(-276.502597298911,-744.868099255413,12.0085496192806));
#3013=CARTESIAN_POINT('',(-276.010776358077,-744.699900348358,12.0085496192806));
#3014=CARTESIAN_POINT('',(-279.010776358077,-680.999999587802,12.00854961928));
#3015=CARTESIAN_POINT('',(-280.882747698183,-680.999999587802,12.00854961928));
#3016=CARTESIAN_POINT('',(-279.010776358077,-680.999999587802,12.00854961928));
#3017=CARTESIAN_POINT('',(-279.010776358077,-680.999999587802,21.0021389149866));
#3018=CARTESIAN_POINT('',(-347.010776358078,-683.999999587802,12.00854961928));
#3019=CARTESIAN_POINT('',(-347.010776358078,-687.36007458475,12.0085496192801));
#3020=CARTESIAN_POINT('',(-347.010776358078,-687.499999587802,12.0085496192801));
#3021=CARTESIAN_POINT('',(-344.010776358078,-680.999999587802,12.00854961928));
#3022=CARTESIAN_POINT('',(-345.210776358078,-680.999999587802,12.00854961928));
#3023=CARTESIAN_POINT('',(-346.410776358078,-680.999999587802,12.00854961928));
#3024=CARTESIAN_POINT('',(-347.010776358078,-681.599999587802,12.00854961928));
#3025=CARTESIAN_POINT('',(-347.010776358078,-682.799999587802,12.00854961928));
#3026=CARTESIAN_POINT('',(-347.010776358078,-683.999999587802,12.00854961928));
#3027=CARTESIAN_POINT('',(-344.010776358078,-744.999999587802,12.0085496192806));
#3028=CARTESIAN_POINT('',(-339.117252301817,-744.999999587802,12.0085496192806));
#3029=CARTESIAN_POINT('',(-347.010776358078,-741.999999587802,12.0085496192806));
#3030=CARTESIAN_POINT('',(-347.010776358078,-743.199999587802,12.0085496192806));
#3031=CARTESIAN_POINT('',(-347.010776358078,-744.399999587802,12.0085496192806));
#3032=CARTESIAN_POINT('',(-346.410776358078,-744.999999587802,12.0085496192806));
#3033=CARTESIAN_POINT('',(-345.210776358078,-744.999999587802,12.0085496192806));
#3034=CARTESIAN_POINT('',(-344.010776358078,-744.999999587802,12.0085496192806));
#3035=CARTESIAN_POINT('',(-347.010776358078,-738.499999587802,12.0085496192805));
#3036=CARTESIAN_POINT('',(-347.010776358078,-738.639922683505,12.0085496192805));
#3037=CARTESIAN_POINT('',(-347.010776358078,-741.999999587802,12.0085496192806));
#3038=CARTESIAN_POINT('',(-347.010776358078,-687.499999587802,12.0085496192801));
#3039=CARTESIAN_POINT('',(-347.010776358078,-738.499999587802,12.0085496192805));
#3040=CARTESIAN_POINT('',(-278.237426596115,-738.499999587802,21.0085496192806));
#3041=CARTESIAN_POINT('',(-278.237426596115,-687.367183273104,21.0085496192801));
#3042=CARTESIAN_POINT('',(-289.117252301817,-680.999999587802,17.9999994585236));
#3043=CARTESIAN_POINT('',(-289.117252301817,-680.999999587802,19.9999994585236));
#3044=CARTESIAN_POINT('',(-330.882747698189,-678.999999587802,17.9999994585236));
#3045=CARTESIAN_POINT('',(-330.882747698189,-680.999999587802,17.9999994585236));
#3046=CARTESIAN_POINT('',(-330.882747698189,-680.999999587802,17.9999994585236));
#3047=CARTESIAN_POINT('',(-330.882747698187,-680.999999587802,19.9999994585236));
#3048=CARTESIAN_POINT('',(-289.117252301817,-744.999999587802,17.9999994585243));
#3049=CARTESIAN_POINT('',(-289.117252301817,-744.999999587802,19.9999994585243));
#3050=CARTESIAN_POINT('',(-336.802774050725,-744.999999587802,21.0021377154977));
#3051=CARTESIAN_POINT('',(-336.601436083515,-744.879013097631,21.1233827902466));
#3052=CARTESIAN_POINT('',(-336.381002363287,-744.774112464189,21.2285076279446));
#3053=CARTESIAN_POINT('',(-335.965117139226,-744.630448666959,21.3724784779895));
#3054=CARTESIAN_POINT('',(-335.779339154343,-744.582296132157,21.4207339292651));
#3055=CARTESIAN_POINT('',(-335.490907089635,-744.533228653754,21.469906279652));
#3056=CARTESIAN_POINT('',(-335.3936886421,-744.520818762552,21.4823426945468));
#3057=CARTESIAN_POINT('',(-335.2465328003,-744.508347149785,21.4948409629081));
#3058=CARTESIAN_POINT('',(-335.197348582522,-744.505220384183,21.4979744113319));
#3059=CARTESIAN_POINT('',(-335.098749070397,-744.50104591827,21.5021577993363));
#3060=CARTESIAN_POINT('',(-335.0493883922,-744.500000541476,21.5032054104159));
#3061=CARTESIAN_POINT('',(-335.000000000003,-744.500000541476,21.5032054104159));
#3062=CARTESIAN_POINT('',(-334.950611607797,-744.500000541476,21.5032054104159));
#3063=CARTESIAN_POINT('',(-334.901250929619,-744.50104591827,21.5021577993365));
#3064=CARTESIAN_POINT('',(-334.802651417488,-744.505220384184,21.4979744113319));
#3065=CARTESIAN_POINT('',(-334.753467199702,-744.508347149785,21.4948409629077));
#3066=CARTESIAN_POINT('',(-334.606311357904,-744.520818762553,21.4823426945467));
#3067=CARTESIAN_POINT('',(-334.509092910373,-744.533228653753,21.469906279652));
#3068=CARTESIAN_POINT('',(-334.22066084566,-744.582296132158,21.4207339292643));
#3069=CARTESIAN_POINT('',(-334.034882860784,-744.630448666958,21.3724784779906));
#3070=CARTESIAN_POINT('',(-333.61899763672,-744.774112464189,21.2285076279445));
#3071=CARTESIAN_POINT('',(-333.398563916491,-744.879013097631,21.1233827902465));
#3072=CARTESIAN_POINT('',(-333.197225949281,-744.999999587802,21.0021377154975));
#3073=CARTESIAN_POINT('',(-283.197225949281,-744.999999587802,21.0021377154977));
#3074=CARTESIAN_POINT('',(-279.010776358078,-744.999999587802,21.0021377154976));
#3075=CARTESIAN_POINT('',(-286.802774050725,-744.999999587802,21.0021377154975));
#3076=CARTESIAN_POINT('',(-286.601436083515,-744.879013097631,21.1233827902466));
#3077=CARTESIAN_POINT('',(-286.381002363287,-744.774112464189,21.2285076279445));
#3078=CARTESIAN_POINT('',(-285.965117139225,-744.630448666959,21.3724784779897));
#3079=CARTESIAN_POINT('',(-285.779339154343,-744.582296132157,21.4207339292648));
#3080=CARTESIAN_POINT('',(-285.49090708963,-744.533228653753,21.4699062796527));
#3081=CARTESIAN_POINT('',(-285.393688642106,-744.520818762553,21.4823426945462));
#3082=CARTESIAN_POINT('',(-285.2465328003,-744.508347149785,21.4948409629081));
#3083=CARTESIAN_POINT('',(-285.197348582523,-744.505220384184,21.4979744113318));
#3084=CARTESIAN_POINT('',(-285.098749070378,-744.50104591827,21.5021577993369));
#3085=CARTESIAN_POINT('',(-285.049388392218,-744.500000541476,21.5032054104159));
#3086=CARTESIAN_POINT('',(-285.000000000003,-744.500000541476,21.5032054104159));
#3087=CARTESIAN_POINT('',(-284.950611607794,-744.500000541476,21.5032054104159));
#3088=CARTESIAN_POINT('',(-284.901250929622,-744.50104591827,21.5021577993365));
#3089=CARTESIAN_POINT('',(-284.802651417483,-744.505220384184,21.4979744113316));
#3090=CARTESIAN_POINT('',(-284.753467199708,-744.508347149785,21.4948409629081));
#3091=CARTESIAN_POINT('',(-284.606311357904,-744.520818762553,21.4823426945464));
#3092=CARTESIAN_POINT('',(-284.509092910374,-744.533228653753,21.4699062796523));
#3093=CARTESIAN_POINT('',(-284.220660845662,-744.582296132157,21.4207339292647));
#3094=CARTESIAN_POINT('',(-284.034882860783,-744.630448666958,21.3724784779903));
#3095=CARTESIAN_POINT('',(-283.618997636718,-744.77411246419,21.2285076279439));
#3096=CARTESIAN_POINT('',(-283.398563916491,-744.879013097631,21.1233827902466));
#3097=CARTESIAN_POINT('',(-283.197225949281,-744.999999587802,21.0021377154977));
#3098=CARTESIAN_POINT('',(-279.010776358078,-744.999999587802,21.0021377154976));
#3099=CARTESIAN_POINT('',(-278.82690199133,-744.999999587802,21.0021377154976));
#3100=CARTESIAN_POINT('',(-278.643014797134,-744.999993480714,21.0021438356374));
#3101=CARTESIAN_POINT('',(-278.275584518736,-744.996714808132,21.0054295157303));
#3102=CARTESIAN_POINT('',(-278.091144247748,-744.993441687765,21.0087096317432));
#3103=CARTESIAN_POINT('',(-277.724301217167,-744.980297363488,21.0218820494007));
#3104=CARTESIAN_POINT('',(-277.540031590401,-744.970357619735,21.0318430373646));
#3105=CARTESIAN_POINT('',(-277.17496773354,-744.940028007898,21.0622374727197));
#3106=CARTESIAN_POINT('',(-276.992481740609,-744.919495280446,21.0828140848108));
#3107=CARTESIAN_POINT('',(-276.444526290219,-744.833942292833,21.1685499249321));
#3108=CARTESIAN_POINT('',(-276.089523478666,-744.745055650548,21.2576265446511));
#3109=CARTESIAN_POINT('',(-275.469996599838,-744.478385281727,21.5248668683873));
#3110=CARTESIAN_POINT('',(-275.22176896408,-744.318108877892,21.6854858312632));
#3111=CARTESIAN_POINT('',(-275.013653153387,-744.125409295254,21.8785972709787));
#3112=CARTESIAN_POINT('',(-333.197225949281,-744.999999587802,21.0021377154975));
#3113=CARTESIAN_POINT('',(-286.802774050725,-744.999999587802,21.0021377154975));
#3114=CARTESIAN_POINT('',(-336.802774050725,-744.999999587802,21.0021377154977));
#3115=CARTESIAN_POINT('',(-336.802774050725,-744.999999587802,19.9999994585243));
#3116=CARTESIAN_POINT('',(-286.802774050725,-744.999999587802,21.0021377154975));
#3117=CARTESIAN_POINT('',(-286.802774050725,-744.999999587802,19.9999994585243));
#3118=CARTESIAN_POINT('',(-279.010776358078,-744.999999587802,21.0021377154976));
#3119=CARTESIAN_POINT('',(-279.010776358078,-744.999999587802,12.0085496192806));
#3120=CARTESIAN_POINT('',(-336.802777224744,-680.999999587802,21.0021389149867));
#3121=CARTESIAN_POINT('',(-343.635815001854,-680.999999587802,21.0021389149866));
#3122=CARTESIAN_POINT('',(-333.197222775262,-680.999999587802,21.0021389149866));
#3123=CARTESIAN_POINT('',(-333.398561439527,-681.120986786595,21.1233846998722));
#3124=CARTESIAN_POINT('',(-333.6189960343,-681.225888019621,21.228510138436));
#3125=CARTESIAN_POINT('',(-334.034882370529,-681.369552280647,21.3724814532687));
#3126=CARTESIAN_POINT('',(-334.220660442505,-681.417704864636,21.4207369538356));
#3127=CARTESIAN_POINT('',(-334.509092652327,-681.466772394077,21.46990935537));
#3128=CARTESIAN_POINT('',(-334.606311149943,-681.479182298341,21.4823457833548));
#3129=CARTESIAN_POINT('',(-334.753467068973,-681.491653924303,21.4948440649387));
#3130=CARTESIAN_POINT('',(-334.8026513127,-681.494780693221,21.4979775166865));
#3131=CARTESIAN_POINT('',(-334.901250877112,-681.498955163569,21.5021609091356));
#3132=CARTESIAN_POINT('',(-334.950611581517,-681.500000541476,21.5032085213296));
#3133=CARTESIAN_POINT('',(-335.000000000003,-681.500000541476,21.5032085213296));
#3134=CARTESIAN_POINT('',(-335.049388418482,-681.500000541476,21.5032085213296));
#3135=CARTESIAN_POINT('',(-335.098749122903,-681.498955163569,21.5021609091355));
#3136=CARTESIAN_POINT('',(-335.197348687305,-681.494780693221,21.4979775166869));
#3137=CARTESIAN_POINT('',(-335.246532931034,-681.491653924302,21.4948440649385));
#3138=CARTESIAN_POINT('',(-335.393688850063,-681.479182298341,21.4823457833548));
#3139=CARTESIAN_POINT('',(-335.490907347679,-681.466772394077,21.46990935537));
#3140=CARTESIAN_POINT('',(-335.779339557502,-681.417704864636,21.4207369538357));
#3141=CARTESIAN_POINT('',(-335.965117629478,-681.369552280647,21.3724814532685));
#3142=CARTESIAN_POINT('',(-336.381003965706,-681.225888019621,21.2285101384361));
#3143=CARTESIAN_POINT('',(-336.60143856048,-681.120986786595,21.1233846998722));
#3144=CARTESIAN_POINT('',(-336.802777224744,-680.999999587802,21.0021389149867));
#3145=CARTESIAN_POINT('',(-279.010776358077,-680.999999587802,21.0021389149866));
#3146=CARTESIAN_POINT('',(-283.197222775263,-680.999999587802,21.0021389149865));
#3147=CARTESIAN_POINT('',(-283.197222775263,-680.999999587802,21.0021389149865));
#3148=CARTESIAN_POINT('',(-283.398561439527,-681.120986786595,21.1233846998722));
#3149=CARTESIAN_POINT('',(-283.6189960343,-681.225888019621,21.2285101384361));
#3150=CARTESIAN_POINT('',(-284.034882370528,-681.369552280647,21.3724814532683));
#3151=CARTESIAN_POINT('',(-284.220660442507,-681.417704864636,21.4207369538361));
#3152=CARTESIAN_POINT('',(-284.509092652323,-681.466772394077,21.4699093553694));
#3153=CARTESIAN_POINT('',(-284.606311149947,-681.479182298341,21.4823457833551));
#3154=CARTESIAN_POINT('',(-284.753467068988,-681.491653924304,21.4948440649398));
#3155=CARTESIAN_POINT('',(-284.802651312686,-681.49478069322,21.497977516686));
#3156=CARTESIAN_POINT('',(-284.901250877122,-681.49895516357,21.502160909136));
#3157=CARTESIAN_POINT('',(-284.950611581507,-681.500000541476,21.5032085213296));
#3158=CARTESIAN_POINT('',(-285.000000000003,-681.500000541476,21.5032085213296));
#3159=CARTESIAN_POINT('',(-285.049388418486,-681.500000541476,21.5032085213296));
#3160=CARTESIAN_POINT('',(-285.098749122899,-681.498955163569,21.5021609091353));
#3161=CARTESIAN_POINT('',(-285.197348687325,-681.49478069322,21.4979775166858));
#3162=CARTESIAN_POINT('',(-285.246532931015,-681.491653924304,21.49484406494));
#3163=CARTESIAN_POINT('',(-285.393688850063,-681.479182298341,21.4823457833547));
#3164=CARTESIAN_POINT('',(-285.49090734768,-681.466772394077,21.4699093553697));
#3165=CARTESIAN_POINT('',(-285.779339557504,-681.417704864635,21.4207369538352));
#3166=CARTESIAN_POINT('',(-285.965117629476,-681.369552280648,21.3724814532691));
#3167=CARTESIAN_POINT('',(-286.381003965707,-681.225888019621,21.228510138436));
#3168=CARTESIAN_POINT('',(-286.60143856048,-681.120986786595,21.1233846998722));
#3169=CARTESIAN_POINT('',(-286.802777224744,-680.999999587802,21.0021389149865));
#3170=CARTESIAN_POINT('',(-286.802777224744,-680.999999587802,21.0021389149865));
#3171=CARTESIAN_POINT('',(-333.197222775262,-680.999999587802,21.0021389149866));
#3172=CARTESIAN_POINT('',(-333.197222775262,-680.999999587802,21.0021389149866));
#3173=CARTESIAN_POINT('',(-333.197222775262,-680.999999587802,19.9999994585236));
#3174=CARTESIAN_POINT('',(-283.197222775263,-680.999999587802,21.0021389149865));
#3175=CARTESIAN_POINT('',(-283.197222775262,-680.999999587802,19.9999994585236));
#3176=CARTESIAN_POINT('',(-276.369077375033,-687.367183273104,24.0085496192801));
#3177=CARTESIAN_POINT('',(-276.345051176741,-687.367183273104,23.970794164821));
#3178=CARTESIAN_POINT('',(-274.010776358078,-685.999999587802,20.3026480212076));
#3179=CARTESIAN_POINT('',(-274.010776358078,-739.999999587802,20.3026480212077));
#3180=CARTESIAN_POINT('',(-275.013653153387,-744.125409295254,21.8785972709787));
#3181=CARTESIAN_POINT('',(-274.991596750396,-744.10497683128,21.8439372091372));
#3182=CARTESIAN_POINT('',(-274.969795758326,-744.08401898805,21.8096785073117));
#3183=CARTESIAN_POINT('',(-274.948276358078,-744.062499587802,21.7758623069227));
#3184=CARTESIAN_POINT('',(-274.759859160001,-743.874082389725,21.4797781385154));
#3185=CARTESIAN_POINT('',(-274.58823997838,-743.638670345785,21.2100908529245));
#3186=CARTESIAN_POINT('',(-274.303698041178,-743.033261079162,20.7629535230363));
#3187=CARTESIAN_POINT('',(-274.204051893852,-742.688961707096,20.6063667201563));
#3188=CARTESIAN_POINT('',(-274.104815352544,-742.120567605416,20.4504235838157));
#3189=CARTESIAN_POINT('',(-274.080932793796,-741.931238245117,20.4128938487494));
#3190=CARTESIAN_POINT('',(-274.045466324556,-741.548703247359,20.3571608256582));
#3191=CARTESIAN_POINT('',(-274.033828837308,-741.355125564502,20.3388733457125));
#3192=CARTESIAN_POINT('',(-274.010791588283,-740.776792229262,20.3026719543872));
#3193=CARTESIAN_POINT('',(-274.010776358078,-740.38570472623,20.3026480212077));
#3194=CARTESIAN_POINT('',(-274.010776358078,-739.999999587802,20.3026480212077));
#3195=CARTESIAN_POINT('',(-274.010776358078,-685.999999587802,20.3026480212076));
#3196=CARTESIAN_POINT('',(-274.010776358079,-685.614294449356,20.3026480212085));
#3197=CARTESIAN_POINT('',(-274.010791588283,-685.223206946362,20.3026719543872));
#3198=CARTESIAN_POINT('',(-274.033828837309,-684.644873611104,20.3388733457135));
#3199=CARTESIAN_POINT('',(-274.045466324557,-684.451295928245,20.3571608256581));
#3200=CARTESIAN_POINT('',(-274.080932793796,-684.068760930492,20.4128938487485));
#3201=CARTESIAN_POINT('',(-274.104815352546,-683.879431570185,20.4504235838176));
#3202=CARTESIAN_POINT('',(-274.204051893852,-683.311037468509,20.6063667201569));
#3203=CARTESIAN_POINT('',(-274.303698041178,-682.966738096444,20.7629535230354));
#3204=CARTESIAN_POINT('',(-274.588239978379,-682.36132882982,21.2100908529236));
#3205=CARTESIAN_POINT('',(-274.75985916,-682.12591678588,21.4797781385134));
#3206=CARTESIAN_POINT('',(-274.948276358077,-681.937499587802,21.7758623069209));
#3207=CARTESIAN_POINT('',(-274.969795914391,-681.915980031488,21.8096787525573));
#3208=CARTESIAN_POINT('',(-274.991597066613,-681.895022040337,21.8439377060486));
#3209=CARTESIAN_POINT('',(-275.013653633311,-681.874589435977,21.878598025145));
#3210=CARTESIAN_POINT('',(-276.344866081048,-740.392560102869,23.9705033001615));
#3211=CARTESIAN_POINT('',(-276.354071500699,-740.526782838215,23.9849689596134));
#3212=CARTESIAN_POINT('',(-276.359572831999,-740.662203496605,23.9936139087982));
#3213=CARTESIAN_POINT('',(-276.369073502653,-741.028968872111,24.0085435341119));
#3214=CARTESIAN_POINT('',(-276.369077375033,-741.26634716697,24.0085496192806));
#3215=CARTESIAN_POINT('',(-276.369077375033,-741.499999587802,24.0085496192806));
#3216=CARTESIAN_POINT('',(-276.345051176741,-687.367183273104,23.970794164821));
#3217=CARTESIAN_POINT('',(-276.344866081048,-740.392560102869,23.9705033001615));
#3218=CARTESIAN_POINT('',(-276.369077375033,-741.999999587802,24.0085496192806));
#3219=CARTESIAN_POINT('',(-275.917269301137,-742.708469490309,23.298565503158));
#3220=CARTESIAN_POINT('',(-275.465461227241,-743.416939392815,22.5885813870353));
#3221=CARTESIAN_POINT('',(-275.013653153387,-744.125409295254,21.8785972709787));
#3222=CARTESIAN_POINT('',(-276.369077375033,-741.999999587802,24.0085496192806));
#3223=CARTESIAN_POINT('',(-276.369077375033,-741.499999587802,24.0085496192806));
#3224=CARTESIAN_POINT('',(-276.369077375033,-687.367183273104,24.0085496192801));
#3225=CARTESIAN_POINT('',(-276.369078006711,-684.000000409295,24.0085506119168));
#3226=CARTESIAN_POINT('',(-275.013653633311,-681.874589435977,21.878598025145));
#3227=CARTESIAN_POINT('',(-275.465461816608,-682.583059510031,22.588582313184));
#3228=CARTESIAN_POINT('',(-275.917269999948,-683.291529584154,23.2985666012893));
#3229=CARTESIAN_POINT('',(-276.369078006711,-684.000000409295,24.0085506119168));
#3230=CARTESIAN_POINT('',(-274.010776358078,-739.999999587802,20.3026480212077));
#3231=CARTESIAN_POINT('',(-274.010776358077,-739.999999587802,17.9999994585243));
#3232=CARTESIAN_POINT('',(-276.344866081048,-740.392560102869,23.9705033001615));
#3233=CARTESIAN_POINT('',(-276.400708110358,-740.336718073559,23.9647178090987));
#3234=CARTESIAN_POINT('',(-276.638336065595,-740.099090118323,23.9359767229898));
#3235=CARTESIAN_POINT('',(-277.030092181751,-739.707334002167,23.8523209345349));
#3236=CARTESIAN_POINT('',(-277.484343546583,-739.253082637333,23.6380866179584));
#3237=CARTESIAN_POINT('',(-277.8387992248,-738.898626959117,23.2976349833704));
#3238=CARTESIAN_POINT('',(-278.074091929173,-738.663334254745,22.8284765099297));
#3239=CARTESIAN_POINT('',(-278.195322787772,-738.542103396145,22.2697171117985));
#3240=CARTESIAN_POINT('',(-278.237361353971,-738.500064829945,21.6546780377784));
#3241=CARTESIAN_POINT('',(-278.237426596115,-738.499999587802,21.2282113387159));
#3242=CARTESIAN_POINT('',(-278.237426596115,-738.499999587802,21.0085496192806));
#3243=CARTESIAN_POINT('',(-276.345051176741,-687.367183273104,23.970794164821));
#3244=CARTESIAN_POINT('',(-277.22333787319,-687.367183273104,23.8781568682869));
#3245=CARTESIAN_POINT('',(-277.91961977659,-687.367183273104,23.6035147787038));
#3246=CARTESIAN_POINT('',(-278.237426596115,-687.367183273104,22.9503976052458));
#3247=CARTESIAN_POINT('',(-278.237426596115,-687.367183273104,21.979473612263));
#3248=CARTESIAN_POINT('',(-278.237426596115,-687.367183273104,21.0085496192801));
#3249=CARTESIAN_POINT('',(-275.013653633311,-681.874589435977,21.878598025145));
#3250=CARTESIAN_POINT('',(-275.221769345695,-681.68189005131,21.6854867838239));
#3251=CARTESIAN_POINT('',(-275.469996827268,-681.521613795982,21.5248679697719));
#3252=CARTESIAN_POINT('',(-276.089523478665,-681.254943525056,21.2576277441404));
#3253=CARTESIAN_POINT('',(-276.444526290218,-681.16605688277,21.1685511244214));
#3254=CARTESIAN_POINT('',(-276.992481740609,-681.080503895157,21.0828152842998));
#3255=CARTESIAN_POINT('',(-277.174967733538,-681.059971167706,21.062238672209));
#3256=CARTESIAN_POINT('',(-277.540031590407,-681.029641555868,21.0318442368532));
#3257=CARTESIAN_POINT('',(-277.724301217158,-681.019701812116,21.0218832488899));
#3258=CARTESIAN_POINT('',(-278.091144247758,-681.006557487839,21.0087108312317));
#3259=CARTESIAN_POINT('',(-278.275584518723,-681.003284367472,21.0054307152194));
#3260=CARTESIAN_POINT('',(-278.643015450738,-681.000005689058,21.0021450292817));
#3261=CARTESIAN_POINT('',(-278.82691235336,-680.999999587802,21.0021389149866));
#3262=CARTESIAN_POINT('',(-279.010776358077,-680.999999587802,21.0021389149866));
#3263=CARTESIAN_POINT('',(-291.925498532693,-682.999999587802,12.00854961928));
#3264=CARTESIAN_POINT('',(-291.925498532693,-680.999999587802,17.9999994585236));
#3265=CARTESIAN_POINT('',(-328.074501467312,-682.999999587803,12.00854961928));
#3266=CARTESIAN_POINT('',(-328.074501467313,-680.999999587802,17.9999994585236));
#3267=CARTESIAN_POINT('',(-291.925498532693,-680.999999587802,12.00854961928));
#3268=CARTESIAN_POINT('',(-291.925498532693,-682.999999587802,12.00854961928));
#3269=CARTESIAN_POINT('',(-291.925498532693,-682.999999587802,12.00854961928));
#3270=CARTESIAN_POINT('',(-328.074501467312,-682.999999587803,12.00854961928));
#3271=CARTESIAN_POINT('',(-328.074501467313,-680.999999587802,12.00854961928));
#3272=CARTESIAN_POINT('',(-328.074501467312,-682.999999587803,12.00854961928));
#3273=CARTESIAN_POINT('',(-291.925498532693,-680.999999587802,17.9999994585236));
#3274=CARTESIAN_POINT('',(-328.074501467313,-680.999999587802,17.9999994585236));
#3275=CARTESIAN_POINT('',(-291.925498532693,-744.999999587802,17.9999994585243));
#3276=CARTESIAN_POINT('',(-291.925498532694,-742.999999587801,12.0085496192806));
#3277=CARTESIAN_POINT('',(-328.074501467313,-744.999999587802,17.9999994585243));
#3278=CARTESIAN_POINT('',(-328.074501467312,-742.999999587801,12.0085496192806));
#3279=CARTESIAN_POINT('',(-291.925498532694,-742.999999587801,12.0085496192806));
#3280=CARTESIAN_POINT('',(-328.074501467312,-742.999999587801,12.0085496192806));
#3281=CARTESIAN_POINT('',(-291.925498532694,-742.999999587801,12.0085496192806));
#3282=CARTESIAN_POINT('',(-291.925498532693,-744.999999587802,12.0085496192806));
#3283=CARTESIAN_POINT('',(-328.074501467312,-742.999999587801,12.0085496192806));
#3284=CARTESIAN_POINT('',(-328.074501467313,-744.999999587802,12.0085496192806));
#3285=CARTESIAN_POINT('',(-291.925498532693,-744.999999587802,17.9999994585243));
#3286=CARTESIAN_POINT('',(-328.074501467313,-744.999999587802,17.9999994585243));
#3287=CARTESIAN_POINT('',(-274.010776358078,-685.999999587802,17.9999994585236));
#3288=CARTESIAN_POINT('',(-274.010776358077,-739.999999587802,17.9999994585243));
#3289=CARTESIAN_POINT('',(-274.010776358078,-685.999999587802,17.9999994585236));
#3290=CARTESIAN_POINT('',(-274.010776358078,-685.999999587802,20.3026480212076));
#3291=CARTESIAN_POINT('',(-276.010776358078,-681.300098827246,12.00854961928));
#3292=CARTESIAN_POINT('',(-276.502597298912,-681.131899920191,12.00854961928));
#3293=CARTESIAN_POINT('',(-277.066657056662,-681.035939830052,12.00854961928));
#3294=CARTESIAN_POINT('',(-277.6907366623,-680.999999587802,12.00854961928));
#3295=CARTESIAN_POINT('',(-278.350756510189,-680.999999587802,12.00854961928));
#3296=CARTESIAN_POINT('',(-279.010776358077,-680.999999587802,12.00854961928));
#3297=CARTESIAN_POINT('',(-276.010776358078,-681.300098827246,12.00854961928));
#3298=CARTESIAN_POINT('',(-276.010776358077,-744.699900348358,12.0085496192806));
#3299=CARTESIAN_POINT('',(-274.010776358077,-739.999999587802,17.9999994585243));
#3300=CARTESIAN_POINT('',(-274.010776358077,-740.000177316153,17.9999994585243));
#3301=CARTESIAN_POINT('',(-274.010776358077,-740.000355044505,17.9999994585243));
#3302=CARTESIAN_POINT('',(-274.010776358077,-740.000532772856,17.9999994585243));
#3303=CARTESIAN_POINT('',(-274.010776360048,-740.231516424832,17.9999994526231));
#3304=CARTESIAN_POINT('',(-274.010787493218,-740.462080799738,17.9999661007161));
#3305=CARTESIAN_POINT('',(-274.015654690081,-740.808261996512,17.9853853177864));
#3306=CARTESIAN_POINT('',(-274.018084793636,-740.923578586203,17.9781053959985));
#3307=CARTESIAN_POINT('',(-274.025371442044,-741.153428280174,17.9562766017806));
#3308=CARTESIAN_POINT('',(-274.030228299493,-741.267939791668,17.9417267928892));
#3309=CARTESIAN_POINT('',(-274.04322984356,-741.49632879201,17.9027777433363));
#3310=CARTESIAN_POINT('',(-274.051378981886,-741.609791322679,17.8783651665773));
#3311=CARTESIAN_POINT('',(-274.071699127446,-741.83393229692,17.8174916001528));
#3312=CARTESIAN_POINT('',(-274.083793971584,-741.943733971102,17.781258774169));
#3313=CARTESIAN_POINT('',(-274.126995025516,-742.267752228937,17.6518403003513));
#3314=CARTESIAN_POINT('',(-274.163947537305,-742.467396948638,17.5411407399458));
#3315=CARTESIAN_POINT('',(-274.254754363701,-742.836171962111,17.2691084672388));
#3316=CARTESIAN_POINT('',(-274.306754906999,-742.998868350198,17.1133291438464));
#3317=CARTESIAN_POINT('',(-274.420723088649,-743.289834919603,16.7719118220335));
#3318=CARTESIAN_POINT('',(-274.482257019038,-743.417248901281,16.5875730933702));
#3319=CARTESIAN_POINT('',(-274.67186699979,-743.752292238432,16.0195537490223));
#3320=CARTESIAN_POINT('',(-274.811096449488,-743.925319679212,15.6024606170114));
#3321=CARTESIAN_POINT('',(-274.948276358078,-744.062499587803,15.1915073463764));
#3322=CARTESIAN_POINT('',(-275.034062013792,-744.148285243517,14.9345171198082));
#3323=CARTESIAN_POINT('',(-275.121934081061,-744.22290790391,14.6712765781534));
#3324=CARTESIAN_POINT('',(-275.297120314473,-744.353559179512,14.1464668131465));
#3325=CARTESIAN_POINT('',(-275.38610977061,-744.410819779801,13.8798788818115));
#3326=CARTESIAN_POINT('',(-275.563333355235,-744.51172646467,13.3489657730062));
#3327=CARTESIAN_POINT('',(-275.652897150854,-744.556124523241,13.0806572788296));
#3328=CARTESIAN_POINT('',(-275.831307552783,-744.634666047398,12.5461887918514));
#3329=CARTESIAN_POINT('',(-275.921214376644,-744.669270852661,12.2768526789117));
#3330=CARTESIAN_POINT('',(-276.010776358077,-744.699900348358,12.0085496192806));
#3331=CARTESIAN_POINT('',(-276.010776358078,-681.300098827246,12.00854961928));
#3332=CARTESIAN_POINT('',(-275.921214376647,-681.330728322942,12.2768526789058));
#3333=CARTESIAN_POINT('',(-275.831307552781,-681.365333128206,12.5461887918573));
#3334=CARTESIAN_POINT('',(-275.652897150855,-681.443874652362,13.0806572788259));
#3335=CARTESIAN_POINT('',(-275.563333355233,-681.488272710935,13.3489657730128));
#3336=CARTESIAN_POINT('',(-275.386109770608,-681.589179395805,13.8798788818209));
#3337=CARTESIAN_POINT('',(-275.297120314474,-681.646439996091,14.146466813143));
#3338=CARTESIAN_POINT('',(-275.121934081061,-681.777091271694,14.6712765781548));
#3339=CARTESIAN_POINT('',(-275.03406201379,-681.85171393209,14.9345171198153));
#3340=CARTESIAN_POINT('',(-274.948276358077,-681.937499587803,15.1915073463812));
#3341=CARTESIAN_POINT('',(-274.811096799528,-682.074679146352,15.6024595683903));
#3342=CARTESIAN_POINT('',(-274.671867726291,-682.247706038896,16.019551572628));
#3343=CARTESIAN_POINT('',(-274.482258162025,-682.582748059442,16.5875696692976));
#3344=CARTESIAN_POINT('',(-274.420724353721,-682.710161494377,16.7719080322285));
#3345=CARTESIAN_POINT('',(-274.306756336613,-683.001126705176,17.1133248611192));
#3346=CARTESIAN_POINT('',(-274.254755818962,-683.163822322201,17.2691041076781));
#3347=CARTESIAN_POINT('',(-274.163948914339,-683.532595604042,17.541136614732));
#3348=CARTESIAN_POINT('',(-274.126996283889,-683.732239484414,17.6518365306143));
#3349=CARTESIAN_POINT('',(-274.08379499896,-684.056256518108,17.7812556964377));
#3350=CARTESIAN_POINT('',(-274.071700070025,-684.166057806421,17.8174887764497));
#3351=CARTESIAN_POINT('',(-274.051379750276,-684.390198053477,17.8783628646962));
#3352=CARTESIAN_POINT('',(-274.043230524111,-684.503660236371,17.902775704593));
#3353=CARTESIAN_POINT('',(-274.030228811787,-684.732048592521,17.9417252582));
#3354=CARTESIAN_POINT('',(-274.025371874935,-684.846559796484,17.9562753049603));
#3355=CARTESIAN_POINT('',(-274.018085082974,-685.076408907748,17.9781045292228));
#3356=CARTESIAN_POINT('',(-274.015654915541,-685.191725213386,17.9853846423732));
#3357=CARTESIAN_POINT('',(-274.010787559219,-685.537905537306,17.9999659029996));
#3358=CARTESIAN_POINT('',(-274.010776360153,-685.768469464501,17.9999994523113));
#3359=CARTESIAN_POINT('',(-274.010776358078,-685.999452532537,17.9999994585236));
#3360=CARTESIAN_POINT('',(-274.010776358078,-685.999634884292,17.9999994585236));
#3361=CARTESIAN_POINT('',(-274.010776358078,-685.999817236047,17.9999994585236));
#3362=CARTESIAN_POINT('',(-274.010776358078,-685.999999587802,17.9999994585236));
#3363=CARTESIAN_POINT('',(-284.605296377506,-736.000000541476,12.0085496192806));
#3364=CARTESIAN_POINT('',(-311.,-736.000000541476,12.0085496192806));
#3365=CARTESIAN_POINT('',(-337.394703622494,-736.000000541476,12.0085496192806));
#3366=CARTESIAN_POINT('',(-280.,-731.394704163971,12.0085496192805));
#3367=CARTESIAN_POINT('',(-280.,-736.000000541476,12.0085496192807));
#3368=CARTESIAN_POINT('',(-284.605296377506,-736.000000541476,12.0085496192806));
#3369=CARTESIAN_POINT('',(-280.,-694.605296918982,12.0085496192801));
#3370=CARTESIAN_POINT('',(-280.,-713.000000541476,12.0085496192803));
#3371=CARTESIAN_POINT('',(-280.,-731.394704163971,12.0085496192805));
#3372=CARTESIAN_POINT('',(-284.605296377506,-690.000000541476,12.0085496192801));
#3373=CARTESIAN_POINT('',(-280.,-690.000000541476,12.00854961928));
#3374=CARTESIAN_POINT('',(-280.,-694.605296918982,12.0085496192801));
#3375=CARTESIAN_POINT('',(-337.394703622494,-690.000000541476,12.0085496192801));
#3376=CARTESIAN_POINT('',(-284.605296377506,-690.000000541476,12.0085496192801));
#3377=CARTESIAN_POINT('',(-342.,-694.605296918982,12.0085496192801));
#3378=CARTESIAN_POINT('',(-342.,-690.000000541476,12.0085496192801));
#3379=CARTESIAN_POINT('',(-337.394703622494,-690.000000541476,12.0085496192801));
#3380=CARTESIAN_POINT('',(-342.,-731.394704163971,12.0085496192805));
#3381=CARTESIAN_POINT('',(-342.,-694.605296918982,12.0085496192801));
#3382=CARTESIAN_POINT('',(-337.394703622494,-736.000000541476,12.0085496192806));
#3383=CARTESIAN_POINT('',(-342.,-736.000000541476,12.0085496192807));
#3384=CARTESIAN_POINT('',(-342.,-731.394704163971,12.0085496192805));
#3385=CARTESIAN_POINT('',(-284.605296377506,-736.000000541476,12.0085496192806));
#3386=CARTESIAN_POINT('',(-284.605296377506,-736.000000541476,14.0085496192801));
#3387=CARTESIAN_POINT('',(-337.394703622494,-736.000000541476,12.0085496192806));
#3388=CARTESIAN_POINT('',(-337.394703622494,-736.000000541476,14.0085496192801));
#3389=CARTESIAN_POINT('',(-280.,-731.394704163971,12.0085496192805));
#3390=CARTESIAN_POINT('',(-280.,-731.394704163971,14.0085496192801));
#3391=CARTESIAN_POINT('',(-280.,-694.605296918982,12.0085496192801));
#3392=CARTESIAN_POINT('',(-280.,-694.605296918982,14.0085496192801));
#3393=CARTESIAN_POINT('',(-284.605296377506,-690.000000541476,12.0085496192801));
#3394=CARTESIAN_POINT('',(-284.605296377506,-690.000000541476,14.0085496192801));
#3395=CARTESIAN_POINT('',(-337.394703622494,-690.000000541476,12.0085496192801));
#3396=CARTESIAN_POINT('',(-337.394703622494,-690.000000541476,14.0085496192801));
#3397=CARTESIAN_POINT('',(-342.,-694.605296918982,12.0085496192801));
#3398=CARTESIAN_POINT('',(-342.,-694.605296918982,14.0085496192801));
#3399=CARTESIAN_POINT('',(-342.,-731.394704163971,12.0085496192805));
#3400=CARTESIAN_POINT('',(-342.,-731.39470416397,14.0085496192801));
#3401=CARTESIAN_POINT('',(-289.117252301817,-680.999999587802,17.9999994585236));
#3402=CARTESIAN_POINT('',(-289.117252301817,-680.601072752302,17.9999994585236));
#3403=CARTESIAN_POINT('',(-289.117252301817,-680.202145916802,17.9999994585236));
#3404=CARTESIAN_POINT('',(-289.117252301817,-679.803219081302,17.9999994585236));
#3405=CARTESIAN_POINT('',(-289.117252301817,-679.404292245801,17.9999994585236));
#3406=CARTESIAN_POINT('',(-289.117252301817,-679.005365410301,17.9999994585236));
#3407=CARTESIAN_POINT('',(-289.117252301817,-679.005365410301,17.9999994585236));
#3408=CARTESIAN_POINT('',(-289.117252301817,-679.00429224966,17.999999454665));
#3409=CARTESIAN_POINT('',(-289.117252301817,-679.003219086125,17.9999994536995));
#3410=CARTESIAN_POINT('',(-289.117252301817,-679.002145920661,17.9999994546638));
#3411=CARTESIAN_POINT('',(-289.117252301817,-679.001072754231,17.9999994565936));
#3412=CARTESIAN_POINT('',(-289.117252301817,-678.999999587802,17.9999994585236));
#3413=CARTESIAN_POINT('',(-289.117252301817,-746.994633760707,17.9999994585244));
#3414=CARTESIAN_POINT('',(-289.117252301817,-746.995706922268,17.9999994546658));
#3415=CARTESIAN_POINT('',(-289.117252301817,-746.996780086721,17.9999994537003));
#3416=CARTESIAN_POINT('',(-289.117252301817,-746.997853253104,17.9999994546646));
#3417=CARTESIAN_POINT('',(-289.117252301817,-746.998926420453,17.9999994565944));
#3418=CARTESIAN_POINT('',(-289.117252301817,-746.999999587802,17.9999994585244));
#3419=CARTESIAN_POINT('',(-289.117252301817,-746.994633760707,17.9999994585244));
#3420=CARTESIAN_POINT('',(-289.117252301817,-746.595706926126,17.9999994585244));
#3421=CARTESIAN_POINT('',(-289.117252301817,-746.196780091545,17.9999994585244));
#3422=CARTESIAN_POINT('',(-289.117252301817,-745.797853256964,17.9999994585244));
#3423=CARTESIAN_POINT('',(-289.117252301817,-745.398926422383,17.9999994585243));
#3424=CARTESIAN_POINT('',(-289.117252301817,-744.999999587802,17.9999994585243));
#3425=CARTESIAN_POINT('',(-278.237426596115,-687.499999587802,14.0085496192801));
#3426=CARTESIAN_POINT('',(-278.237426596115,-738.499999587802,14.0085496192801));
#3427=CARTESIAN_POINT('',(-278.237426596115,-738.499999587802,14.0085496192801));
#3428=CARTESIAN_POINT('',(-345.010776358078,-738.499999587802,14.0085496192801));
#3429=CARTESIAN_POINT('',(-284.605296377506,-736.000000541476,14.0085496192801));
#3430=CARTESIAN_POINT('',(-337.394703622494,-736.000000541476,14.0085496192801));
#3431=CARTESIAN_POINT('',(-280.,-731.394704163971,14.0085496192801));
#3432=CARTESIAN_POINT('',(-280.,-736.000000541476,14.00854961928));
#3433=CARTESIAN_POINT('',(-284.605296377506,-736.000000541476,14.0085496192801));
#3434=CARTESIAN_POINT('',(-280.,-694.605296918982,14.0085496192801));
#3435=CARTESIAN_POINT('',(-280.,-713.000000541476,14.0085496192801));
#3436=CARTESIAN_POINT('',(-280.,-731.394704163971,14.0085496192801));
#3437=CARTESIAN_POINT('',(-284.605296377506,-690.000000541476,14.0085496192801));
#3438=CARTESIAN_POINT('',(-280.,-690.000000541476,14.00854961928));
#3439=CARTESIAN_POINT('',(-280.,-694.605296918982,14.0085496192801));
#3440=CARTESIAN_POINT('',(-337.394703622494,-690.000000541476,14.0085496192801));
#3441=CARTESIAN_POINT('',(-311.,-690.000000541476,14.0085496192801));
#3442=CARTESIAN_POINT('',(-284.605296377506,-690.000000541476,14.0085496192801));
#3443=CARTESIAN_POINT('',(-342.,-694.605296918982,14.0085496192801));
#3444=CARTESIAN_POINT('',(-342.,-690.000000541476,14.00854961928));
#3445=CARTESIAN_POINT('',(-337.394703622494,-690.000000541476,14.0085496192801));
#3446=CARTESIAN_POINT('',(-342.,-731.39470416397,14.0085496192801));
#3447=CARTESIAN_POINT('',(-342.,-694.605296918982,14.0085496192801));
#3448=CARTESIAN_POINT('',(-337.394703622494,-736.000000541476,14.0085496192801));
#3449=CARTESIAN_POINT('',(-342.,-736.000000541476,14.00854961928));
#3450=CARTESIAN_POINT('',(-342.,-731.39470416397,14.0085496192801));
#3451=CARTESIAN_POINT('',(-347.010776358078,-687.499999587802,12.0085496192801));
#3452=CARTESIAN_POINT('',(-347.010776358078,-687.499999587802,14.0085496192801));
#3453=CARTESIAN_POINT('',(-278.237426596115,-687.499999587802,14.0085496192801));
#3454=CARTESIAN_POINT('',(-278.237426596115,-687.499999587802,17.2351999765265));
#3455=CARTESIAN_POINT('',(-278.237426596115,-738.499999587802,14.0085496192801));
#3456=CARTESIAN_POINT('',(-278.237426596115,-738.499999587802,17.235199976527));
#3457=CARTESIAN_POINT('',(-345.010776358078,-687.499999587802,14.0085496192801));
#3458=CARTESIAN_POINT('',(-278.237426596115,-687.499999587802,14.0085496192801));
#3459=CARTESIAN_POINT('',(-345.010776358078,-738.499999587802,14.0085496192801));
#3460=CARTESIAN_POINT('',(-345.010776358078,-687.499999587802,14.0085496192801));
#3461=CARTESIAN_POINT('',(-347.010776358078,-738.499999587802,12.0085496192805));
#3462=CARTESIAN_POINT('',(-347.010776358078,-738.499999587802,12.8085496192804));
#3463=CARTESIAN_POINT('',(-347.010776358078,-738.499999587802,13.6085496192804));
#3464=CARTESIAN_POINT('',(-346.610776358078,-738.499999587801,14.0085496192802));
#3465=CARTESIAN_POINT('',(-345.810776358078,-738.499999587802,14.0085496192801));
#3466=CARTESIAN_POINT('',(-345.010776358078,-738.499999587802,14.0085496192801));
#3467=CARTESIAN_POINT('',(-345.010776358078,-687.499999587802,14.0085496192801));
#3468=CARTESIAN_POINT('',(-345.810776358078,-687.499999587802,14.0085496192801));
#3469=CARTESIAN_POINT('',(-346.610776358078,-687.499999587802,14.0085496192801));
#3470=CARTESIAN_POINT('',(-347.010776358078,-687.499999587802,13.60854961928));
#3471=CARTESIAN_POINT('',(-347.010776358078,-687.499999587802,12.8085496192801));
#3472=CARTESIAN_POINT('',(-347.010776358078,-687.499999587802,12.0085496192801));
#3473=CARTESIAN_POINT('',(-347.010776358078,-740.000000541476,14.0085496192801));
#3474=CARTESIAN_POINT('',(-345.010776358078,-738.499999587802,14.0085496192801));
#3475=CARTESIAN_POINT('',(-345.010777078443,-738.499999587802,17.235199976527));
#3476=CARTESIAN_POINT('',(-345.520870658735,-738.882570154047,17.235199976527));
#3477=CARTESIAN_POINT('',(-347.010776358078,-740.000000541476,14.0085496192801));
#3478=CARTESIAN_POINT('',(-347.010776358078,-740.000000541476,14.2578959521054));
#3479=CARTESIAN_POINT('',(-347.010776358078,-738.499999587802,14.0085496192801));
#3480=CARTESIAN_POINT('',(-347.010776358078,-740.000000541476,14.0085496192801));
#3481=CARTESIAN_POINT('',(-345.010776358078,-738.499999587802,14.0085496192801));
#3482=CARTESIAN_POINT('',(-345.010777078443,-738.499999587802,17.235199976527));
#3483=CARTESIAN_POINT('',(-347.010776358078,-738.499999587802,14.0085496192801));
#3484=CARTESIAN_POINT('',(-345.010776358078,-738.499999587802,14.0085496192801));
#3485=CARTESIAN_POINT('',(-345.010777078443,-738.499999587802,17.235199976527));
#3486=CARTESIAN_POINT('',(-278.237426596115,-738.499999587802,17.235199976527));
#3487=CARTESIAN_POINT('',(-347.010776358078,-738.499999587802,14.0085496192801));
#3488=CARTESIAN_POINT('',(-347.010776358078,-738.499999587802,12.0085496192805));
#3489=CARTESIAN_POINT('',(-345.010776358078,-687.499999587802,14.0085496192801));
#3490=CARTESIAN_POINT('',(-347.010776358078,-686.000000541476,14.0085496192801));
#3491=CARTESIAN_POINT('',(-347.010776358078,-686.000000541476,14.0085496192801));
#3492=CARTESIAN_POINT('',(-347.010776358078,-686.000000467779,14.2578959521055));
#3493=CARTESIAN_POINT('',(-345.010776358078,-687.499999587802,14.0085496192801));
#3494=CARTESIAN_POINT('',(-345.010777078443,-687.500000541476,17.2351999765265));
#3495=CARTESIAN_POINT('',(-347.010776358078,-686.000000541476,14.0085496192801));
#3496=CARTESIAN_POINT('',(-347.010776358078,-687.499999587802,14.0085496192801));
#3497=CARTESIAN_POINT('',(-345.010776358078,-687.499999587802,14.0085496192801));
#3498=CARTESIAN_POINT('',(-347.010776358078,-687.499999587802,14.0085496192801));
#3499=CARTESIAN_POINT('',(-342.573174879995,-687.367183273104,23.1256308331108));
#3500=CARTESIAN_POINT('',(-342.131343706295,-687.367183273104,24.0085496192801));
#3501=CARTESIAN_POINT('',(-342.949107069093,-685.999999587802,22.374399114214));
#3502=CARTESIAN_POINT('',(-342.888002996817,-686.222222131364,22.4965044262329));
#3503=CARTESIAN_POINT('',(-342.82689892454,-686.444444674927,22.6186097382517));
#3504=CARTESIAN_POINT('',(-342.765794852264,-686.66666721849,22.7407150502705));
#3505=CARTESIAN_POINT('',(-342.704690842139,-686.888888900238,22.8628202380909));
#3506=CARTESIAN_POINT('',(-342.643586832014,-687.111110581986,22.9849254259114));
#3507=CARTESIAN_POINT('',(-342.582482821889,-687.333332263735,23.1070306137317));
#3508=CARTESIAN_POINT('',(-342.579380174591,-687.344615933524,23.1132306868581));
#3509=CARTESIAN_POINT('',(-342.576277527293,-687.355899603314,23.1194307599844));
#3510=CARTESIAN_POINT('',(-342.573174879995,-687.367183273104,23.1256308331108));
#3511=CARTESIAN_POINT('',(-344.520028496078,-739.999999587802,19.2351999765271));
#3512=CARTESIAN_POINT('',(-344.403353376435,-739.499999618464,19.4683538623176));
#3513=CARTESIAN_POINT('',(-344.286678256792,-738.999999649124,19.7015077481089));
#3514=CARTESIAN_POINT('',(-344.170003235861,-738.499999587802,19.9346614366415));
#3515=CARTESIAN_POINT('',(-345.520870658735,-685.999999587802,17.2351999765264));
#3516=CARTESIAN_POINT('',(-345.520870658735,-687.11742997523,17.2351999765264));
#3517=CARTESIAN_POINT('',(-345.520870658735,-738.882570154047,17.235199976527));
#3518=CARTESIAN_POINT('',(-345.520870658735,-740.000000541476,17.2351999765271));
#3519=CARTESIAN_POINT('',(-345.520870658735,-685.999999587802,17.2351999765264));
#3520=CARTESIAN_POINT('',(-342.949107069093,-685.999999587802,22.374399114214));
#3521=CARTESIAN_POINT('',(-345.520870658735,-740.000000541476,17.2351999765271));
#3522=CARTESIAN_POINT('',(-344.520028496078,-739.999999587802,19.2351999765271));
#3523=CARTESIAN_POINT('',(-343.635815001854,-680.999999587802,21.0021389149866));
#3524=CARTESIAN_POINT('',(-344.010776358078,-680.999999587802,20.2528472280155));
#3525=CARTESIAN_POINT('',(-344.010776358078,-680.999999587802,20.2528472280155));
#3526=CARTESIAN_POINT('',(-344.552395558386,-680.999999587802,19.1705203227008));
#3527=CARTESIAN_POINT('',(-345.239077291677,-680.994209079604,17.7983124783211));
#3528=CARTESIAN_POINT('',(-345.93860172031,-681.221260003498,16.4004408563334));
#3529=CARTESIAN_POINT('',(-346.106656085028,-681.295543635884,16.0646149469067));
#3530=CARTESIAN_POINT('',(-346.418347387868,-681.516369706048,15.4417568890227));
#3531=CARTESIAN_POINT('',(-346.576939123142,-681.673385081887,15.1248403138124));
#3532=CARTESIAN_POINT('',(-346.771491320307,-682.032589155946,14.7360633329354));
#3533=CARTESIAN_POINT('',(-346.828387736065,-682.174780199311,14.6223662528541));
#3534=CARTESIAN_POINT('',(-346.919247055457,-682.506009831145,14.4408005219502));
#3535=CARTESIAN_POINT('',(-346.950142921408,-682.683665811378,14.3790607849479));
#3536=CARTESIAN_POINT('',(-346.990986989691,-683.055541417872,14.2974413851938));
#3537=CARTESIAN_POINT('',(-347.000897995001,-683.244702370957,14.2776360538832));
#3538=CARTESIAN_POINT('',(-347.010766060671,-683.621691741525,14.2579165295906));
#3539=CARTESIAN_POINT('',(-347.010776358078,-683.811316806477,14.2578959521058));
#3540=CARTESIAN_POINT('',(-347.010776358078,-683.999999587802,14.2578959521062));
#3541=CARTESIAN_POINT('',(-344.010776358078,-744.999999587802,20.2528472280164));
#3542=CARTESIAN_POINT('',(-343.635815602104,-744.999999587802,21.0021377154976));
#3543=CARTESIAN_POINT('',(-347.010776358078,-686.000000467779,14.2578959521055));
#3544=CARTESIAN_POINT('',(-347.010776358078,-683.999999587802,14.2578959521062));
#3545=CARTESIAN_POINT('',(-347.010776358078,-741.999999587802,14.2578959521058));
#3546=CARTESIAN_POINT('',(-347.010776358078,-742.210540770644,14.2578959521058));
#3547=CARTESIAN_POINT('',(-347.010764789119,-742.422931501228,14.2579190705511));
#3548=CARTESIAN_POINT('',(-346.996981432692,-742.84388132073,14.285462587283));
#3549=CARTESIAN_POINT('',(-346.983101552347,-743.054440070379,14.313198989414));
#3550=CARTESIAN_POINT('',(-346.931949516012,-743.420280624988,14.4154169779129));
#3551=CARTESIAN_POINT('',(-346.900394323902,-743.573365246037,14.4784742576463));
#3552=CARTESIAN_POINT('',(-346.815022536567,-743.858154893971,14.6490741594487));
#3553=CARTESIAN_POINT('',(-346.76357285727,-743.982029973774,14.7518869329241));
#3554=CARTESIAN_POINT('',(-346.584828059803,-744.312048654621,15.1090757168024));
#3555=CARTESIAN_POINT('',(-346.438109043646,-744.463499708976,15.4022668345479));
#3556=CARTESIAN_POINT('',(-346.127885640452,-744.695115711511,16.022191563479));
#3557=CARTESIAN_POINT('',(-345.948391385229,-744.775561652675,16.3808780016023));
#3558=CARTESIAN_POINT('',(-345.239077291709,-745.00579009599,17.7983124782578));
#3559=CARTESIAN_POINT('',(-344.552395558354,-744.999999587802,19.1705203227654));
#3560=CARTESIAN_POINT('',(-344.010776358078,-744.999999587802,20.2528472280164));
#3561=CARTESIAN_POINT('',(-342.131343706295,-741.499999587802,24.0085496192806));
#3562=CARTESIAN_POINT('',(-342.131343706295,-741.062947357575,24.0085496192807));
#3563=CARTESIAN_POINT('',(-342.130864604986,-740.577036595712,24.009507015614));
#3564=CARTESIAN_POINT('',(-342.18497162868,-739.927610362473,23.9013840253711));
#3565=CARTESIAN_POINT('',(-342.213024283259,-739.712429608861,23.845325926252));
#3566=CARTESIAN_POINT('',(-342.308735766436,-739.293857585776,23.654064033521));
#3567=CARTESIAN_POINT('',(-342.377269358994,-739.110499120567,23.5171121841385));
#3568=CARTESIAN_POINT('',(-342.550995506745,-738.828494926955,23.169952253766));
#3569=CARTESIAN_POINT('',(-342.646065236957,-738.736219939531,22.9799727869526));
#3570=CARTESIAN_POINT('',(-342.838728962416,-738.609705617082,22.5949695713651));
#3571=CARTESIAN_POINT('',(-342.93799598045,-738.571824925937,22.3966025925605));
#3572=CARTESIAN_POINT('',(-343.228566836749,-738.499559100641,21.8159498839901));
#3573=CARTESIAN_POINT('',(-343.438612929835,-738.499999587802,21.396211186074));
#3574=CARTESIAN_POINT('',(-343.632606950279,-738.499999587802,21.0085496192807));
#3575=CARTESIAN_POINT('',(-343.635815602104,-744.999999587802,21.0021377154976));
#3576=CARTESIAN_POINT('',(-343.134324970167,-743.999999587802,22.0042750167586));
#3577=CARTESIAN_POINT('',(-342.632834338231,-742.999999587802,23.0064123180197));
#3578=CARTESIAN_POINT('',(-342.131343706295,-741.999999587802,24.0085496192807));
#3579=CARTESIAN_POINT('',(-342.131343671984,-683.999999644544,24.0085496878444));
#3580=CARTESIAN_POINT('',(-342.131343706295,-687.367183273104,24.0085496192801));
#3581=CARTESIAN_POINT('',(-342.131343671984,-683.999999644544,24.0085496878444));
#3582=CARTESIAN_POINT('',(-342.632833939608,-682.999999185748,23.0064131145955));
#3583=CARTESIAN_POINT('',(-343.134324470731,-681.999999386775,22.0042760147911));
#3584=CARTESIAN_POINT('',(-343.635815001854,-680.999999587802,21.0021389149866));
#3585=CARTESIAN_POINT('',(-342.131343706295,-741.499999587802,24.0085496192806));
#3586=CARTESIAN_POINT('',(-342.131343706295,-741.999999587802,24.0085496192807));
#3587=CARTESIAN_POINT('',(-347.010776358078,-741.999999587802,14.2578959521058));
#3588=CARTESIAN_POINT('',(-347.010776358078,-740.000000541476,14.2578959521054));
#3589=CARTESIAN_POINT('',(-343.632606950279,-738.499999587802,21.0085496192807));
#3590=CARTESIAN_POINT('',(-344.170003235861,-738.499999587802,19.9346614366415));
#3591=CARTESIAN_POINT('',(-345.520870658735,-738.882570154047,17.235199976527));
#3592=CARTESIAN_POINT('',(-346.017505891849,-739.255046949857,16.2427653017198));
#3593=CARTESIAN_POINT('',(-346.514141124964,-739.627523745667,15.2503306269126));
#3594=CARTESIAN_POINT('',(-347.010776358078,-740.000000541476,14.2578959521054));
#3595=CARTESIAN_POINT('',(-347.010776358078,-686.000000467779,14.2578959521055));
#3596=CARTESIAN_POINT('',(-346.514141124964,-686.372477337286,15.2503306269125));
#3597=CARTESIAN_POINT('',(-346.017505891849,-686.744954133095,16.2427653017195));
#3598=CARTESIAN_POINT('',(-345.520870658735,-687.11742997523,17.2351999765264));
#3599=CARTESIAN_POINT('',(-344.520028496078,-739.999999587802,19.2351999765271));
#3600=CARTESIAN_POINT('',(-277.237426596115,-739.999999587798,19.235199976527));
#3601=CARTESIAN_POINT('',(-345.520870658735,-740.000000541476,17.2351999765271));
#3602=CARTESIAN_POINT('',(-277.237426596116,-740.000000541476,17.235199976527));
#3603=CARTESIAN_POINT('',(-347.010776358078,-683.999999587802,14.2578959521062));
#3604=CARTESIAN_POINT('',(-347.010776358078,-683.999999587802,12.00854961928));
#3605=CARTESIAN_POINT('',(-347.010776358078,-741.999999587802,14.2578959521058));
#3606=CARTESIAN_POINT('',(-347.010776358078,-741.999999587802,12.0085496192806));
#3607=CARTESIAN_POINT('',(-342.131343706295,-741.499999587802,24.0085496192806));
#3608=CARTESIAN_POINT('',(-276.369077375033,-741.499999587802,24.0085496192806));
#3609=CARTESIAN_POINT('',(-343.635815602104,-744.999999587802,21.0021377154976));
#3610=CARTESIAN_POINT('',(-336.802774050725,-744.999999587802,21.0021377154977));
#3611=CARTESIAN_POINT('',(-344.010776358078,-744.999999587802,20.2528472280164));
#3612=CARTESIAN_POINT('',(-344.010776358078,-744.999999587802,12.0085496192806));
#3613=CARTESIAN_POINT('',(-342.131343706295,-741.999999587802,24.0085496192807));
#3614=CARTESIAN_POINT('',(-276.369077375033,-741.999999587802,24.0085496192806));
#3615=CARTESIAN_POINT('',(-344.010776358078,-680.999999587802,20.2528472280155));
#3616=CARTESIAN_POINT('',(-344.010776358078,-680.999999587802,12.00854961928));
#3617=CARTESIAN_POINT('',(-342.131343671984,-683.999999644544,24.0085496878444));
#3618=CARTESIAN_POINT('',(-276.369078006711,-684.000000409295,24.0085506119168));
#3619=CARTESIAN_POINT('',(-344.170003235861,-738.499999587802,19.9346614366415));
#3620=CARTESIAN_POINT('',(-278.237426596115,-738.499999587802,19.9346614366406));
#3621=CARTESIAN_POINT('',(-343.632606950279,-738.499999587802,21.0085496192807));
#3622=CARTESIAN_POINT('',(-278.237426596115,-738.499999587802,21.0085496192806));
#3623=CARTESIAN_POINT('',(-345.520870658735,-687.11742997523,17.2351999765264));
#3624=CARTESIAN_POINT('',(-345.010777078443,-687.500000541476,17.2351999765265));
#3625=CARTESIAN_POINT('',(-342.131343706295,-687.367183273104,24.0085496192801));
#3626=CARTESIAN_POINT('',(-278.237426596115,-687.367183273104,24.0085496192801));
#3627=CARTESIAN_POINT('',(-276.369077375033,-687.367183273104,24.0085496192801));
#3628=CARTESIAN_POINT('',(0.,0.,0.));
ENDSEC;
END-ISO-10303-21;
